# Blender 4.0.2
# www.blender.org
mtllib import_kos_1_stolac.mtl
o Silla_MaterialSilla_0
v 1.985076 3.794462 1.528874
v 1.985191 3.285262 1.526658
v 1.984778 3.781287 1.534606
v -1.994351 3.763312 1.361377
v -1.985503 3.285262 1.530720
v -1.994351 3.285262 1.361377
v 1.879998 3.016733 4.039426
v 1.875891 3.026662 4.039179
v 1.969667 3.012619 1.532103
v -1.875666 3.026662 4.043253
v -1.879773 3.016733 4.043500
v -1.969977 3.012619 1.536168
v 1.889914 3.012619 4.040022
v 1.835825 3.012619 4.226884
v 1.873737 3.012619 4.049272
v -1.835670 3.012619 4.230961
v -1.873515 3.012619 4.053347
v 2.010939 3.012619 1.536627
v 1.983639 3.012619 1.541076
v 2.010038 3.012619 1.445925
v 2.034190 3.100523 1.351274
v 2.049074 3.285262 1.358197
v 2.033551 3.056571 1.363671
v 1.873737 3.012619 4.049272
v 1.875891 3.026662 4.039179
v 1.879998 3.016733 4.039426
v 1.873737 3.012619 4.049272
v 1.879998 3.016733 4.039426
v 1.889914 3.012619 4.040022
v -1.873515 3.012619 4.053347
v -1.889689 3.012619 4.044096
v -1.879773 3.016733 4.043500
v -1.873515 3.012619 4.053347
v -1.879773 3.016733 4.043500
v -1.875666 3.026662 4.043253
v 2.024191 3.014018 1.438917
v 2.031803 3.024396 1.397544
v 2.030413 3.017541 1.424476
v -2.010372 3.012619 1.449990
v -1.976692 3.024396 1.407651
v -1.974274 3.012619 1.453925
v 2.003780 3.763312 1.540620
v 1.998263 3.768531 1.538874
v 1.990243 3.768638 1.539574
v 1.835825 3.012619 4.226884
v 1.873737 3.012619 4.049272
v -1.835670 3.012619 4.230961
v -1.889689 3.012619 4.044096
v -1.873515 3.012619 4.053347
v 2.048730 3.794462 1.364856
v 2.048775 3.728042 1.363988
v 2.049431 3.763312 1.351274
v -2.049794 3.763312 1.355335
v -2.049134 3.728042 1.368049
v -2.049088 3.794462 1.368918
v -2.034553 3.100523 1.355335
v -2.049434 3.285262 1.362258
v -2.049794 3.285262 1.355335
v -2.044638 3.487701 1.454691
v -2.045964 3.285262 1.429129
v -2.040851 3.285262 1.527668
v -2.040511 3.779639 1.534223
v 2.044305 3.487701 1.450627
v 2.042222 3.807364 1.490993
v 2.040534 3.794462 1.523711
v 2.045624 3.285262 1.425066
v 2.040539 3.285262 1.523604
v -2.030754 3.017541 1.428540
v -2.032152 3.024396 1.401607
v -2.024527 3.014018 1.442982
v -2.042543 3.807364 1.495054
v -2.040845 3.794462 1.527774
v 2.040201 3.779641 1.530159
v -2.033909 3.056571 1.367734
v 2.049431 3.285262 1.351274
v -1.983946 3.012619 1.545140
v -2.011247 3.012619 1.540686
v 1.973939 3.012619 1.449858
v 1.976343 3.024396 1.403586
v -1.976692 3.024396 1.407651
v -1.984855 3.275579 1.535250
v -1.974274 3.012619 1.453925
v -1.978462 3.056571 1.373776
v 1.973939 3.012619 1.449858
v 1.984545 3.275579 1.531187
v 1.976343 3.024396 1.403586
v -1.979109 3.100523 1.361377
v 1.978103 3.056571 1.369713
v 1.978747 3.100523 1.357314
v -1.985387 3.794462 1.532938
v -1.985088 3.781289 1.538670
v 1.986776 3.807364 1.496155
v -1.987097 3.807364 1.500217
v 1.991579 3.807364 1.403693
v -1.991927 3.807364 1.407757
v 1.993283 3.794462 1.370898
v -1.993641 3.794462 1.374962
v 1.993989 3.763312 1.357314
v 1.993989 3.285262 1.357314
v -2.035143 3.768041 1.539745
v -2.027834 3.768139 1.540383
v -2.040511 3.779639 1.534223
v -2.022514 3.763312 1.542968
v 1.984778 3.781287 1.534606
v 2.022204 3.763312 1.538905
v 2.034834 3.768042 1.535681
v 2.027525 3.768139 1.536319
v 2.040201 3.779641 1.530159
v -2.004089 3.763312 1.544684
v -1.990552 3.768639 1.543638
v -1.998572 3.768532 1.542938
v -1.985088 3.781289 1.538670
v -1.404300 6.835366 0.304892
v -1.178861 5.968829 0.795135
v -1.182901 6.835396 0.304909
v 1.854305 6.439840 0.514358
v 1.178887 5.968133 0.795529
v 1.807825 5.839271 0.863535
v 1.403895 6.604501 -0.123136
v 1.179014 5.736554 0.367905
v 1.182901 6.604505 -0.123105
v -1.852610 5.773505 0.871495
v -1.894606 5.745276 0.838022
v -1.846997 5.716274 0.852417
v -0.000172 5.576305 0.974340
v -0.031074 5.530119 0.947336
v 0.030595 5.530045 0.946927
v 1.846808 5.716585 0.849884
v 1.894619 5.747404 0.831761
v 1.852451 5.775219 0.869261
v -1.894412 5.583029 0.528030
v -1.852005 5.570014 0.485959
v -1.846453 5.553262 0.544146
v -0.001076 5.367346 0.584454
v 0.029526 5.363466 0.634982
v -0.032037 5.363703 0.635260
v 1.852408 5.569364 0.486159
v 1.894684 5.582412 0.528085
v 1.847221 5.552639 0.543824
v -1.853880 6.439807 0.514386
v -1.807825 5.839271 0.863535
v 1.793512 6.640677 0.407876
v -1.793529 6.640686 0.407871
v 1.635542 6.780581 0.333927
v -1.635546 6.780589 0.333924
v 1.404300 6.835366 0.304892
v 1.182901 6.835396 0.304909
v -1.182901 6.604505 -0.123105
v -1.178994 5.737105 0.367593
v -1.403895 6.604501 -0.123136
v 1.633976 6.550046 -0.094279
v -1.633980 6.550051 -0.094282
v 1.791098 6.411296 -0.020962
v -1.791117 6.411306 -0.020968
v 2.224051 0.220025 4.355887
v 2.271262 0.249970 4.398127
v 2.118109 0.288020 4.450279
v 2.155896 0.203550 4.332345
v 2.080319 0.203807 4.332166
v 2.012156 0.220749 4.355391
v 1.964936 0.251026 4.397420
v 1.948102 0.288621 4.449907
v 1.964908 0.326064 4.502421
v 2.012129 0.355999 4.544652
v 2.080292 0.372496 4.568217
v 2.155938 0.372216 4.568367
v 2.224141 0.355279 4.545152
v 2.271277 0.325036 4.503167
v 2.288104 0.287447 4.450689
v -2.271260 0.249972 4.398131
v -2.224035 0.220008 4.355865
v -2.118103 0.288019 4.450279
v -2.155889 0.203539 4.332330
v -2.080315 0.203801 4.332158
v -2.012146 0.220751 4.355393
v -1.964941 0.251007 4.397394
v -1.948121 0.288624 4.449914
v -1.964919 0.326115 4.502491
v -2.012053 0.356009 4.544662
v -2.080219 0.372475 4.568190
v -2.155955 0.372201 4.568349
v -2.224161 0.355269 4.545138
v -2.271291 0.325043 4.503176
v -2.288116 0.287467 4.450716
v 1.529749 3.124954 4.511523
v 1.592407 3.124954 4.443466
v 1.719955 3.124954 4.443466
v -1.552213 3.851878 4.444477
v -1.589882 3.851878 4.396449
v -1.668027 3.851878 4.396449
v 1.832817 3.124954 4.311684
v 1.713739 3.124954 4.311684
v 1.897726 3.124954 4.111844
v -1.529749 3.124954 4.511523
v -1.719955 3.124954 4.443466
v -1.592408 3.124954 4.443466
v -1.897726 3.124954 4.111844
v -1.713737 3.124954 4.311684
v -1.832817 3.124954 4.311684
v -1.669828 3.851878 4.294522
v -1.805182 3.851878 4.121953
v -1.750178 3.851878 4.294522
v 1.668027 3.851878 4.396449
v 1.589884 3.851878 4.396449
v 1.552213 3.851878 4.444477
v 1.805182 3.851878 4.121953
v 1.669829 3.851878 4.294522
v 1.750178 3.851878 4.294522
v -1.907297 0.029526 0.588880
v -1.896812 0.022836 0.615117
v -1.948146 0.016729 0.639073
v -1.935468 0.030452 0.585246
v -1.963348 0.032686 0.576483
v -1.983670 0.027734 0.595907
v -2.008297 0.023831 0.611218
v -2.005123 0.016729 0.639073
v -2.008297 0.009628 0.666927
v -1.983670 0.005724 0.682239
v -1.963348 0.000773 0.701662
v -1.935468 0.003006 0.692899
v -1.907297 0.003933 0.689266
v -1.896812 0.010622 0.663028
v -1.882353 0.016729 0.639073
v -1.762037 0.532262 0.674254
v -1.821684 0.550739 0.601779
v -1.955708 0.509221 0.764631
v -1.907875 0.560993 0.561558
v -2.003541 0.560993 0.561558
v -2.089732 0.550739 0.601779
v -2.149379 0.532261 0.674255
v -2.170667 0.509221 0.764631
v -2.149379 0.486180 0.855007
v -2.089732 0.467703 0.927482
v -2.003541 0.457449 0.967702
v -1.907876 0.457449 0.967702
v -1.821684 0.467703 0.927482
v -1.762037 0.486180 0.855007
v -1.740750 0.509221 0.764631
v 1.906445 0.034981 0.530166
v 1.947294 0.019229 0.579511
v 1.895960 0.026747 0.555960
v 1.934615 0.036121 0.526592
v 1.962496 0.038872 0.517977
v 1.982818 0.032775 0.537074
v 2.007445 0.027971 0.552126
v 2.004270 0.019229 0.579511
v 2.007445 0.010488 0.606895
v 1.982818 0.005683 0.621947
v 1.962496 -0.000412 0.641043
v 1.934615 0.002337 0.632428
v 1.906445 0.003478 0.628856
v 1.895960 0.011712 0.603061
v 1.881500 0.019229 0.579511
v 1.761184 0.531767 0.645216
v 1.954855 0.503404 0.734066
v 1.820831 0.554511 0.573964
v 1.907023 0.567133 0.534422
v 2.002689 0.567133 0.534422
v 2.088880 0.554511 0.573964
v 2.148527 0.531766 0.645216
v 2.169814 0.503404 0.734066
v 2.148527 0.475042 0.822916
v 2.088880 0.452298 0.894167
v 2.002689 0.439676 0.933708
v 1.907023 0.439676 0.933708
v 1.820831 0.452298 0.894167
v 1.761184 0.475042 0.822916
v 1.739897 0.503404 0.734066
v 2.069991 0.022975 4.507962
v 2.110840 0.047521 4.553575
v 2.059505 0.035806 4.531805
v 2.098161 0.021197 4.504659
v 2.126042 0.016912 4.496695
v 2.146364 0.026411 4.514348
v 2.170990 0.033899 4.528261
v 2.167816 0.047521 4.553575
v 2.170990 0.061143 4.578887
v 2.146364 0.068631 4.592801
v 2.126042 0.078130 4.610452
v 2.098161 0.073845 4.602489
v 2.069991 0.072068 4.599187
v 2.059505 0.059236 4.575344
v 2.045046 0.047521 4.553575
v 1.924730 0.450876 4.230595
v 2.118401 0.495074 4.312725
v 1.984377 0.415433 4.164732
v 2.070569 0.395762 4.128181
v 2.166234 0.395762 4.128181
v 2.252426 0.415433 4.164732
v 2.312073 0.450876 4.230595
v 2.333360 0.495074 4.312725
v 2.312073 0.539273 4.394855
v 2.252426 0.574716 4.460716
v 2.166234 0.594385 4.497266
v 2.070569 0.594385 4.497266
v 1.984377 0.574716 4.460716
v 1.924730 0.539273 4.394855
v 1.903443 0.495074 4.312725
v -2.069991 0.022975 4.507962
v -2.059505 0.035806 4.531805
v -2.110839 0.047521 4.553575
v -2.098161 0.021197 4.504659
v -2.126041 0.016912 4.496695
v -2.146363 0.026411 4.514348
v -2.170990 0.033899 4.528261
v -2.167816 0.047521 4.553575
v -2.170990 0.061143 4.578887
v -2.146363 0.068631 4.592801
v -2.126041 0.078130 4.610452
v -2.098161 0.073845 4.602489
v -2.069991 0.072068 4.599187
v -2.059505 0.059236 4.575344
v -2.045046 0.047521 4.553575
v -1.924730 0.450876 4.230595
v -1.984377 0.415433 4.164732
v -2.118401 0.495074 4.312725
v -2.070569 0.395762 4.128181
v -2.166234 0.395762 4.128181
v -2.252425 0.415433 4.164732
v -2.312073 0.450876 4.230595
v -2.333360 0.495074 4.312725
v -2.312073 0.539273 4.394855
v -2.252425 0.574716 4.460716
v -2.166234 0.594385 4.497266
v -2.070569 0.594385 4.497266
v -1.984377 0.574716 4.460716
v -1.924730 0.539273 4.394855
v -1.903443 0.495074 4.312725
v -1.886225 4.002892 1.478183
v -1.886225 4.055878 1.507253
v -1.886225 3.999230 1.493147
v -2.015454 0.305681 0.573450
v -2.015454 3.999231 1.493148
v -2.015454 4.002892 1.478183
v 2.019837 4.042011 1.546242
v 2.019837 3.944156 1.520741
v 2.019837 4.010659 1.494576
v -2.015454 3.989375 1.533419
v -2.015454 3.975967 1.588213
v -2.015454 3.941219 1.730220
v -2.015454 3.944880 1.715256
v -2.015454 0.244006 0.825487
v -2.015454 3.954735 1.674985
v -2.015454 3.968144 1.620190
v 2.019837 3.956420 1.716225
v 2.019837 3.909516 1.662308
v 2.019837 4.008086 1.684873
v -2.015454 4.001639 1.728902
v -2.015454 4.055878 1.507253
v 2.019837 3.896000 1.717543
v 2.019837 3.922925 1.607513
v 2.019837 0.198787 0.812810
v 2.019837 3.930748 1.575536
v 2.019837 0.260462 0.560773
v 2.019837 3.957673 1.465506
v -1.886225 0.305681 0.573450
v 1.890609 4.008086 1.684873
v 1.890609 3.959641 1.703065
v 1.890609 3.956420 1.716225
v -1.886225 3.944880 1.715256
v -1.886225 4.001639 1.728902
v -1.886225 3.941219 1.730220
v -1.886225 0.244006 0.825487
v 1.890609 3.973845 1.645016
v 1.890609 0.198787 0.812810
v -1.886225 3.954735 1.674985
v -1.886225 3.968143 1.620190
v 1.890609 3.996340 1.553092
v 1.890609 0.260462 0.560773
v 1.890609 3.982135 1.611141
v -1.886225 3.989376 1.533419
v -1.886225 3.975967 1.588214
v 1.890609 4.042011 1.546242
v 1.890609 4.006780 1.510429
v 1.890609 4.010659 1.494576
v -1.870588 1.305449 0.994732
v 1.870588 1.305449 0.994732
v 1.870588 1.442088 1.032520
v -1.870588 1.442088 1.032520
v -1.870588 1.463761 1.020238
v 1.870588 1.463761 1.020238
v 1.870588 1.473154 0.986275
v -1.870588 1.473154 0.986275
v -1.870588 1.460871 0.964602
v 1.870588 1.460871 0.964602
v 1.870588 1.324232 0.926814
v -1.870588 1.324232 0.926814
v -1.870588 1.302559 0.939097
v 1.870588 1.302559 0.939097
v 1.870588 1.293167 0.973059
v -1.870588 1.293167 0.973059
v -1.870588 1.305449 0.994732
v -1.870588 1.294819 0.986440
v 1.870588 1.294819 0.986440
v 1.870588 1.305449 0.994732
v -1.870588 1.294819 0.986440
v 1.870588 1.294819 0.986440
v -1.870588 1.455468 1.030868
v 1.870588 1.455468 1.030868
v -1.870588 1.455468 1.030868
v 1.870588 1.455468 1.030868
v -1.870588 1.460871 0.964602
v -1.870588 1.471501 0.972895
v 1.870588 1.471501 0.972895
v 1.870588 1.460871 0.964602
v -1.870588 1.471501 0.972895
v 1.870588 1.471501 0.972895
v -1.870588 1.310852 0.928467
v 1.870588 1.310852 0.928467
v -1.870588 1.310852 0.928467
v 1.870588 1.310852 0.928467
v -1.870588 2.079859 1.174593
v 1.870588 2.079859 1.174593
v 1.870588 2.216497 1.212381
v -1.870588 2.216497 1.212381
v -1.870588 2.238171 1.200099
v 1.870588 2.238171 1.200099
v 1.870588 2.247563 1.166136
v -1.870588 2.247563 1.166136
v -1.870588 2.235280 1.144463
v 1.870588 2.235280 1.144463
v 1.870588 2.098642 1.106675
v -1.870588 2.098642 1.106675
v -1.870588 2.076968 1.118958
v 1.870588 2.076968 1.118958
v 1.870588 2.067576 1.152920
v -1.870588 2.067576 1.152920
v -1.870588 2.079859 1.174593
v -1.870588 2.069229 1.166300
v 1.870588 2.069229 1.166300
v 1.870588 2.079859 1.174593
v -1.870588 2.069229 1.166300
v 1.870588 2.069229 1.166300
v -1.870588 2.229878 1.210729
v 1.870588 2.229878 1.210729
v -1.870588 2.229878 1.210729
v 1.870588 2.229878 1.210729
v -1.870588 2.235280 1.144463
v -1.870588 2.245910 1.152756
v 1.870588 2.245910 1.152756
v 1.870588 2.235280 1.144463
v -1.870588 2.245910 1.152756
v 1.870588 2.245910 1.152756
v -1.870588 2.085261 1.108328
v 1.870588 2.085261 1.108328
v -1.870588 2.085261 1.108328
v 1.870588 2.085261 1.108328
v -2.203790 1.286372 3.791108
v 2.203790 1.286372 3.791108
v 2.203790 1.399837 3.706115
v -2.203790 1.399837 3.706115
v -2.203790 1.403375 3.681457
v 2.203790 1.403375 3.681457
v 2.203790 1.382250 3.653253
v -2.203790 1.382250 3.653253
v -2.203790 1.357591 3.649716
v 2.203790 1.357591 3.649716
v 2.203790 1.244125 3.734708
v -2.203790 1.244125 3.734708
v -2.203790 1.240587 3.759367
v 2.203790 1.240587 3.759367
v 2.203790 1.261713 3.787570
v -2.203790 1.261713 3.787570
v -2.203790 1.286372 3.791108
v -2.203790 1.273309 3.794446
v 2.203790 1.273309 3.794446
v 2.203790 1.286372 3.791108
v -2.203790 1.273309 3.794446
v 2.203790 1.273309 3.794446
v -2.203790 1.406713 3.694519
v 2.203790 1.406713 3.694519
v -2.203790 1.406713 3.694519
v 2.203790 1.406713 3.694519
v -2.203790 1.357591 3.649716
v -2.203790 1.370653 3.646378
v 2.203790 1.370653 3.646378
v 2.203790 1.357591 3.649716
v -2.203790 1.370653 3.646378
v 2.203790 1.370653 3.646378
v -2.203790 1.237249 3.746305
v 2.203790 1.237249 3.746305
v -2.203790 1.237249 3.746305
v 2.203790 1.237249 3.746305
v 2.034190 3.100523 1.351274
v 1.978747 3.100523 1.357314
v 1.993989 3.285262 1.357314
v 2.049431 3.285262 1.351274
v -2.049794 3.285262 1.355335
v -1.994351 3.285262 1.361377
v -1.979109 3.100523 1.361377
v -2.034553 3.100523 1.355335
v 1.986776 3.807364 1.496155
v 2.042222 3.807364 1.490993
v 2.047038 3.807364 1.397650
v 1.991579 3.807364 1.403693
v -2.042543 3.807364 1.495054
v -1.987097 3.807364 1.500217
v -1.991927 3.807364 1.407757
v -2.047387 3.807364 1.401713
v 1.998761 3.285262 1.541087
v 2.026062 3.285262 1.538546
v 2.049431 3.285262 1.351274
v 1.993989 3.285262 1.357314
v 1.993989 3.763312 1.357314
v 2.049431 3.763312 1.351274
v -2.026371 3.285262 1.542609
v -1.999070 3.285262 1.545151
v -1.994351 3.285262 1.361377
v -2.049794 3.285262 1.355335
v -2.049794 3.763312 1.355335
v -1.994351 3.763312 1.361377
v 2.033551 3.056571 1.363671
v 1.978103 3.056571 1.369713
v 2.033551 3.056571 1.363671
v 2.031803 3.024396 1.397544
v 1.976343 3.024396 1.403586
v 1.978103 3.056571 1.369713
v -1.978462 3.056571 1.373776
v -2.033909 3.056571 1.367734
v -1.978462 3.056571 1.373776
v -1.976692 3.024396 1.407651
v -2.032152 3.024396 1.401607
v -2.033909 3.056571 1.367734
v 1.985191 3.285262 1.526658
v 1.993989 3.285262 1.357314
v -1.983913 3.271557 1.546492
v 2.040534 3.794462 1.523711
v 1.985076 3.794462 1.528874
v 2.048730 3.794462 1.364856
v 1.993283 3.794462 1.370898
v 2.048730 3.794462 1.364856
v 1.993283 3.794462 1.370898
v -1.985387 3.794462 1.532938
v -2.040845 3.794462 1.527774
v -1.993641 3.794462 1.374962
v -2.049088 3.794462 1.368918
v -1.993641 3.794462 1.374962
v -2.049088 3.794462 1.368918
v 2.049074 3.285262 1.358197
v 2.049431 3.285262 1.351274
v -2.047483 3.639812 1.399855
v -2.047387 3.807364 1.401713
v 1.513114 3.271219 4.552018
v 1.512874 3.281149 4.547735
v -1.509004 3.281149 4.547735
v -1.509196 3.271219 4.552018
v 1.512874 3.281149 4.547735
v 1.512296 3.285262 4.537396
v -1.508539 3.285262 4.537396
v -1.509004 3.281149 4.547735
v 1.513114 3.285262 4.508599
v 1.513114 3.281149 4.498260
v -1.509154 3.281149 4.498260
v -1.509053 3.285262 4.508599
v 1.513114 3.281149 4.498260
v 1.513114 3.271218 4.493978
v -1.509196 3.271219 4.493978
v -1.509154 3.281149 4.498260
v 1.512296 3.012619 4.537396
v 1.512874 3.016733 4.547735
v -1.509004 3.016733 4.547735
v -1.508539 3.012619 4.537396
v 1.512874 3.016733 4.547735
v 1.513114 3.026662 4.552018
v -1.509196 3.026662 4.552018
v -1.509004 3.016733 4.547735
v 1.889914 3.012619 4.040022
v 1.879998 3.016733 4.039426
v 1.969667 3.012619 1.532103
v 1.983639 3.012619 1.541076
v 1.985191 3.285262 1.526658
v 1.991976 3.285262 1.533873
v 1.990243 3.768638 1.539574
v 1.984778 3.781287 1.534606
v 1.998761 3.285262 1.541087
v 2.003780 3.763312 1.540620
v 2.033301 3.285262 1.531075
v 2.034834 3.768042 1.535681
v 2.040539 3.285262 1.523604
v 2.040201 3.779641 1.530159
v -2.040851 3.285262 1.527668
v -2.033611 3.285262 1.535139
v -2.035143 3.768041 1.539745
v -2.040511 3.779639 1.534223
v -1.999070 3.285262 1.545151
v -1.992286 3.285262 1.537936
v -1.990552 3.768639 1.543638
v -2.004089 3.763312 1.544684
v -1.985503 3.285262 1.530720
v -1.985088 3.781289 1.538670
v -1.879773 3.016733 4.043500
v -1.889689 3.012619 4.044096
v -1.983946 3.012619 1.545140
v -1.969977 3.012619 1.536168
v -1.509196 3.012619 4.493978
v 1.513114 3.012619 4.493978
v 1.513114 3.012619 4.493978
v -1.509196 3.012619 4.493978
v -1.509196 3.271219 4.493978
v 1.513114 3.271218 4.493978
v -1.509196 3.026662 4.552018
v 1.513114 3.026662 4.552018
v 1.513114 3.271219 4.552018
v -1.509196 3.271219 4.552018
v 1.512296 3.012619 4.537396
v 1.513114 3.012619 4.493978
v 1.586206 3.012619 4.493059
v 1.616473 3.012619 4.524721
v 1.586206 3.271219 4.493059
v 1.586206 3.012619 4.493059
v 1.513114 3.285262 4.508599
v 1.512296 3.285262 4.537396
v 1.616473 3.285262 4.524721
v 1.589048 3.285262 4.507645
v 1.513114 3.271219 4.552018
v 1.513114 3.026662 4.552018
v 1.620303 3.026662 4.538976
v 1.620303 3.271219 4.538976
v -1.508539 3.285262 4.537396
v -1.509053 3.285262 4.508599
v -1.585671 3.285262 4.510233
v -1.613574 3.285262 4.527141
v -1.583106 3.012619 4.495554
v -1.583106 3.271219 4.495554
v -1.509196 3.012619 4.493978
v -1.508539 3.012619 4.537396
v -1.613574 3.012619 4.527141
v -1.583106 3.012619 4.495554
v -1.509196 3.026662 4.552018
v -1.509196 3.271219 4.552018
v -1.617203 3.271219 4.541471
v -1.617203 3.026662 4.541471
v 1.689893 3.012619 4.448921
v 1.725447 3.012619 4.472800
v 1.586206 3.012619 4.493059
v 1.586206 3.271219 4.493059
v 1.689893 3.271219 4.448921
v 1.689893 3.012619 4.448921
v 1.725447 3.285262 4.472800
v 1.697596 3.285262 4.461437
v 1.733541 3.026662 4.485023
v 1.733541 3.271219 4.485023
v -1.695068 3.285262 4.464694
v -1.723093 3.285262 4.475937
v -1.583106 3.271219 4.495554
v -1.583106 3.012619 4.495554
v -1.687456 3.012619 4.452115
v -1.687456 3.271219 4.452115
v -1.723093 3.012619 4.475937
v -1.687456 3.012619 4.452115
v -1.731105 3.271219 4.488219
v -1.731105 3.026662 4.488219
v 1.776205 3.012619 4.364938
v 1.814903 3.012619 4.381034
v 1.776205 3.271219 4.364938
v 1.776205 3.012619 4.364938
v 1.814903 3.285262 4.381034
v 1.787856 3.285262 4.373614
v 1.826758 3.026662 4.389399
v 1.826758 3.271219 4.389399
v -1.786127 3.285262 4.377420
v -1.813320 3.285262 4.384638
v -1.774554 3.012619 4.368639
v -1.774554 3.271219 4.368639
v -1.813320 3.012619 4.384638
v -1.774554 3.012619 4.368639
v -1.825108 3.271219 4.393099
v -1.825108 3.026662 4.393099
v 1.878094 3.012619 4.224744
v 1.835825 3.271219 4.226884
v 1.878094 3.285262 4.224744
v 1.849222 3.285262 4.231516
v 1.891526 3.026662 4.229208
v 1.891526 3.271219 4.229208
v -1.849053 3.285262 4.235665
v -1.877953 3.285262 4.228758
v -1.835670 3.271219 4.230961
v -1.877953 3.012619 4.228758
v -1.891371 3.271219 4.233285
v -1.891371 3.026662 4.233285
v 1.875891 3.271219 4.039179
v 1.917565 3.285262 4.040610
v 1.889870 3.285262 4.041087
v 1.931544 3.026662 4.042524
v 1.931544 3.271219 4.042524
v -1.889644 3.285262 4.045160
v -1.917340 3.285262 4.044686
v -1.917331 3.012619 4.044728
v -1.931319 3.271219 4.046597
v -1.931319 3.026662 4.046597
v 1.917556 3.012619 4.040654
v 1.983606 3.271557 1.542427
v 2.026062 3.285262 1.538546
v 1.998761 3.285262 1.541087
v 2.025355 3.026266 1.537292
v 2.039024 3.270771 1.537264
v -1.999070 3.285262 1.545151
v -2.026371 3.285262 1.542609
v -1.875666 3.271219 4.043253
v -2.039332 3.270770 1.541327
v -2.025663 3.026266 1.541355
v -2.032152 3.024396 1.401607
v -2.047687 3.285262 1.395925
v -1.969977 3.012619 1.536168
v -1.985387 3.794462 1.532938
v -2.040845 3.794462 1.527774
v 1.512874 3.281149 4.547735
v 1.619182 3.281149 4.534801
v 1.512874 3.281149 4.547735
v 1.619182 3.281149 4.534801
v -1.509004 3.281149 4.547735
v -1.616140 3.281149 4.537274
v -1.509004 3.281149 4.547735
v -1.616140 3.281149 4.537274
v 1.513114 3.271218 4.493978
v 1.513114 3.281149 4.498260
v 1.587038 3.281149 4.497331
v 1.586206 3.271219 4.493059
v 1.513114 3.281149 4.498260
v 1.587038 3.281149 4.497331
v -1.509154 3.281149 4.498260
v -1.583857 3.281149 4.499854
v -1.509154 3.281149 4.498260
v -1.509196 3.271219 4.493978
v -1.583106 3.271219 4.495554
v -1.583857 3.281149 4.499854
v 1.512874 3.016733 4.547735
v 1.619182 3.016733 4.534801
v 1.512874 3.016733 4.547735
v 1.619182 3.016733 4.534801
v -1.509004 3.016733 4.547735
v -1.616140 3.016733 4.537274
v -1.509004 3.016733 4.547735
v -1.616140 3.016733 4.537274
v 1.731170 3.016733 4.481443
v 1.619182 3.016733 4.534801
v 1.616473 3.012619 4.524721
v 1.725447 3.012619 4.472800
v 1.731170 3.016733 4.481443
v 1.587038 3.281149 4.497331
v 1.692149 3.281149 4.452586
v 1.587038 3.281149 4.497331
v 1.589048 3.285262 4.507645
v 1.697596 3.285262 4.461437
v 1.692149 3.281149 4.452586
v 1.616473 3.285262 4.524721
v 1.619182 3.281149 4.534801
v 1.731170 3.281149 4.481443
v 1.725447 3.285262 4.472800
v 1.731170 3.281149 4.481443
v -1.728758 3.281149 4.484622
v -1.616140 3.281149 4.537274
v -1.613574 3.285262 4.527141
v -1.723093 3.285262 4.475937
v -1.728758 3.281149 4.484622
v -1.689686 3.281149 4.455799
v -1.583857 3.281149 4.499854
v -1.689686 3.281149 4.455799
v -1.613574 3.012619 4.527141
v -1.616140 3.016733 4.537274
v -1.728758 3.016733 4.484622
v -1.723093 3.012619 4.475937
v -1.728758 3.016733 4.484622
v 1.823286 3.016733 4.386949
v 1.814903 3.012619 4.381034
v 1.823286 3.016733 4.386949
v 1.779617 3.281149 4.367479
v 1.787856 3.285262 4.373614
v 1.779617 3.281149 4.367479
v 1.823286 3.281149 4.386949
v 1.814903 3.285262 4.381034
v 1.823286 3.281149 4.386949
v -1.821655 3.281149 4.390621
v -1.813320 3.285262 4.384638
v -1.821655 3.281149 4.390621
v -1.695068 3.285262 4.464694
v -1.689686 3.281149 4.455799
v -1.777944 3.281149 4.371211
v -1.786127 3.285262 4.377420
v -1.777944 3.281149 4.371211
v -1.821655 3.016733 4.390621
v -1.813320 3.012619 4.384638
v -1.821655 3.016733 4.390621
v 1.887592 3.016733 4.227901
v 1.878094 3.012619 4.224744
v 1.887592 3.016733 4.227901
v 1.839749 3.281149 4.228241
v 1.849222 3.285262 4.231516
v 1.839749 3.281149 4.228241
v 1.887592 3.281149 4.227901
v 1.878094 3.285262 4.224744
v 1.887592 3.281149 4.227901
v -1.887441 3.281149 4.231959
v -1.877953 3.285262 4.228758
v -1.887441 3.281149 4.231959
v -1.839590 3.281149 4.232339
v -1.849053 3.285262 4.235665
v -1.839590 3.281149 4.232339
v -1.887441 3.016733 4.231959
v -1.877953 3.012619 4.228758
v -1.887441 3.016733 4.231959
v 1.927447 3.016733 4.041976
v 1.917556 3.012619 4.040654
v 1.927447 3.016733 4.041976
v 1.879985 3.281149 4.039738
v 1.889870 3.285262 4.041087
v 1.927450 3.281149 4.041964
v 1.917565 3.285262 4.040610
v -1.927224 3.281149 4.046037
v -1.917340 3.285262 4.044686
v -1.879760 3.281149 4.043812
v -1.889644 3.285262 4.045160
v -1.927222 3.016733 4.046050
v -1.917331 3.012619 4.044728
v -1.927222 3.016733 4.046050
v 2.020859 3.016571 1.537088
v 2.010939 3.012619 1.536627
v 2.020859 3.016571 1.537088
v 1.991275 3.278308 1.541764
v 1.983606 3.271557 1.542427
v 1.998761 3.285262 1.541087
v 2.032678 3.278136 1.537907
v 2.026062 3.285262 1.538546
v 2.039024 3.270771 1.537264
v -2.032986 3.278136 1.541970
v -2.039332 3.270770 1.541327
v -1.927224 3.281149 4.046037
v -1.917340 3.285262 4.044686
v -2.026371 3.285262 1.542609
v -2.032986 3.278136 1.541970
v -1.991583 3.278308 1.545828
v -1.999070 3.285262 1.545151
v -1.983913 3.271557 1.546492
v -2.021167 3.016571 1.541149
v -2.011247 3.012619 1.540686
v -2.021167 3.016571 1.541149
v 2.024191 3.014018 1.438917
v 2.030413 3.017541 1.424476
v 2.010038 3.012619 1.445925
v 2.024191 3.014018 1.438917
v -2.024527 3.014018 1.442982
v -2.010372 3.012619 1.449990
v -2.030754 3.017541 1.428540
v -2.024527 3.014018 1.442982
v 1.998761 3.285262 1.541087
v 1.991976 3.285262 1.533873
v 1.988546 3.279805 1.535552
v 1.985191 3.285262 1.526658
v 1.984545 3.275579 1.531187
v 2.039890 3.275020 1.527520
v 2.040539 3.285262 1.523604
v 2.033301 3.285262 1.531075
v 2.035825 3.279214 1.532063
v 2.026062 3.285262 1.538546
v -2.026371 3.285262 1.542609
v -2.033611 3.285262 1.535139
v -2.036134 3.279215 1.536127
v -2.040851 3.285262 1.527668
v -2.040200 3.275020 1.531585
v -1.984855 3.275579 1.535250
v -1.985503 3.285262 1.530720
v -1.992286 3.285262 1.537936
v -1.988856 3.279804 1.539616
v -1.999070 3.285262 1.545151
v -2.049434 3.285262 1.362258
v -2.047687 3.285262 1.395925
v -2.049794 3.285262 1.355335
v 2.047134 3.639812 1.395793
v 2.047038 3.807364 1.397650
v 2.047337 3.285262 1.391863
v 2.031803 3.024396 1.397544
v 2.047337 3.285262 1.391863
v 2.045624 3.285262 1.425066
v 2.030413 3.017541 1.424476
v -2.030754 3.017541 1.428540
v -2.040200 3.275020 1.531585
v -2.045964 3.285262 1.429129
v 2.040539 3.285262 1.523604
v 2.039890 3.275020 1.527520
v 1.969667 3.012619 1.532103
v -1.994351 3.285262 1.361377
v -1.985503 3.285262 1.530720
v 2.040534 3.794462 1.523711
v 1.985076 3.794462 1.528874
v -2.040851 3.285262 1.527668
v -1.790945 5.678781 0.809170
v -1.852869 5.682085 0.810351
v -1.852520 5.568288 0.594609
v -1.790288 5.565096 0.594837
v -1.852869 5.682085 0.810351
v -1.902310 5.712447 0.796887
v -1.902315 5.598969 0.578712
v -1.852520 5.568288 0.594609
v -1.902310 5.712447 0.796887
v -1.923414 5.759801 0.773267
v -1.923681 5.647063 0.552375
v -1.902315 5.598969 0.578712
v -1.801215 5.781065 0.877462
v -1.180872 5.907601 0.811276
v -1.801215 5.781065 0.877462
v -1.795005 5.722023 0.857487
v -1.182356 5.847444 0.794928
v -1.180872 5.907601 0.811276
v -1.182901 5.805009 0.750632
v 0.085038 5.496694 0.896266
v 0.028362 5.487059 0.904795
v 0.027534 5.371705 0.687962
v 0.083778 5.381094 0.679557
v -0.029191 5.487222 0.905420
v -0.030015 5.372118 0.688395
v -0.084812 5.497241 0.898055
v -0.086057 5.382326 0.680826
v 0.394300 5.741310 0.879850
v 0.394143 5.681055 0.893656
v 1.180885 5.907250 0.811473
v 0.394143 5.681055 0.893656
v 0.393714 5.621913 0.875560
v 1.182359 5.847349 0.794982
v 1.180885 5.907250 0.811473
v 0.393126 5.579630 0.830378
v 1.182901 5.805009 0.750632
v 1.924125 5.764069 0.758204
v 1.902629 5.713514 0.787126
v 1.902562 5.598661 0.578277
v 1.923681 5.647063 0.552375
v 1.902629 5.713514 0.787126
v 1.852874 5.681652 0.806167
v 1.853371 5.567599 0.593733
v 1.902562 5.598661 0.578277
v 1.852874 5.681652 0.806167
v 1.790945 5.678781 0.809170
v 1.791938 5.564051 0.593672
v 1.853371 5.567599 0.593733
v 1.807825 5.839271 0.863535
v 1.865644 5.822684 0.852932
v 1.913091 6.437066 0.496851
v 1.854305 6.439840 0.514358
v 1.865644 5.822684 0.852932
v 1.908199 5.795165 0.814388
v 1.955879 6.420407 0.456548
v 1.971500 6.394209 0.403965
v -0.394300 6.881139 0.144029
v -0.394300 6.894775 0.203284
v -0.000528 6.895369 0.203985
v -0.000528 6.881595 0.144889
v -0.394300 6.876923 0.261408
v -0.000528 6.878039 0.262138
v -0.394300 6.876923 0.261408
v -0.394300 6.832375 0.302792
v -0.000528 6.834162 0.304054
v -0.000528 6.878039 0.262138
v 1.182901 6.881905 0.145471
v 1.182901 6.895774 0.204459
v 1.417507 6.895763 0.204447
v 1.419535 6.881897 0.145457
v 1.182901 6.878804 0.262630
v 1.411948 6.878784 0.262621
v 1.182901 6.835396 0.304909
v 1.404300 6.835366 0.304892
v -0.394300 6.604384 -0.126855
v -0.394300 6.663630 -0.140415
v -0.000528 6.663619 -0.139062
v -0.000528 6.604448 -0.124648
v -0.394300 6.663630 -0.140415
v -0.394300 6.721728 -0.122570
v -0.000528 6.721985 -0.121669
v -0.000528 6.663619 -0.139062
v -0.394300 6.721728 -0.122570
v -0.394300 6.763147 -0.078091
v -0.000528 6.763613 -0.077215
v -0.000528 6.721985 -0.121669
v 1.182901 6.663619 -0.138111
v 1.411683 6.663620 -0.138133
v 1.182901 6.663619 -0.138111
v 1.182901 6.722168 -0.121031
v 1.417427 6.722165 -0.121045
v 1.411683 6.663620 -0.138133
v 1.182901 6.722168 -0.121031
v 1.182901 6.763942 -0.076595
v 1.419535 6.763937 -0.076605
v 1.417427 6.722165 -0.121045
v -0.395497 5.464124 0.611324
v -0.394899 5.450117 0.551232
v -0.080489 5.373273 0.619141
v -0.394461 5.468100 0.492241
v -0.049174 5.381971 0.565772
v -0.394300 5.513224 0.450253
v -0.000528 5.406082 0.535059
v 1.182901 5.687082 0.528634
v 1.182383 5.673664 0.469582
v 1.795389 5.550386 0.535028
v 1.180965 5.691718 0.410941
v 1.800893 5.567870 0.476647
v 1.180965 5.691718 0.410941
v 1.807040 5.612005 0.433461
v 1.800893 5.567870 0.476647
v 1.908040 5.620743 0.497612
v 1.955377 6.247307 0.130787
v 1.971500 6.276256 0.181913
v 1.908040 5.620743 0.497612
v 1.865319 5.607903 0.454059
v 1.911442 6.223532 0.095211
v 1.955377 6.247307 0.130787
v 1.865319 5.607903 0.454059
v 1.807040 5.612005 0.433461
v 1.851775 6.211471 0.084973
v 1.911442 6.223532 0.095211
v -1.793529 6.640686 0.407871
v -1.845715 6.659448 0.378872
v -1.912879 6.437051 0.496864
v -1.853880 6.439807 0.514386
v -1.883690 6.658497 0.330282
v -1.955823 6.420404 0.456552
v -1.897551 6.638079 0.274759
v -1.971500 6.394209 0.403965
v -1.852130 6.211497 0.084950
v -1.911620 6.223546 0.095199
v -1.844152 6.445257 -0.022418
v -1.791117 6.411306 -0.020968
v -1.911620 6.223546 0.095199
v -1.955424 6.247311 0.130783
v -1.883213 6.485192 0.004617
v -1.844152 6.445257 -0.022418
v -1.971500 6.276256 0.181913
v -1.897551 6.520111 0.052683
v -1.883213 6.485192 0.004617
v -0.394300 5.741317 0.879846
v -0.000528 5.633635 0.964952
v 0.394300 6.832375 0.302792
v -1.419535 6.763937 -0.076605
v -1.419535 6.881897 0.145457
v -1.182901 6.881905 0.145471
v -1.182901 6.763942 -0.076595
v 0.394300 6.881139 0.144029
v 0.394300 6.763147 -0.078091
v -0.394300 5.513224 0.450253
v -0.000528 5.406082 0.535059
v 0.394300 6.604384 -0.126855
v 0.394300 5.515607 0.448993
v -1.182901 5.687082 0.528634
v -0.393118 5.579623 0.830371
v 0.395515 5.465394 0.613704
v -1.695518 6.816578 0.180124
v -1.695518 6.698615 -0.041944
v -1.419535 6.881897 0.145457
v -1.419535 6.763937 -0.076605
v 1.419535 6.881897 0.145457
v 1.695518 6.816574 0.180118
v 1.695518 6.698618 -0.041936
v 1.419535 6.763937 -0.076605
v 1.897551 6.638070 0.274743
v 1.897551 6.520121 0.052701
v -1.807040 5.612005 0.433461
v -1.852130 6.211497 0.084950
v -0.393709 5.621911 0.875556
v -0.394142 5.681058 0.893654
v -0.394142 5.681058 0.893654
v -0.079151 5.546955 0.945512
v -0.047763 5.597580 0.970246
v -0.047763 5.597580 0.970246
v 0.047513 5.597514 0.969899
v 0.047513 5.597514 0.969899
v 0.079398 5.546661 0.944491
v 1.794843 5.722067 0.857472
v 1.801052 5.781103 0.877445
v 1.801052 5.781103 0.877445
v -1.182901 6.895774 0.204459
v -1.417507 6.895763 0.204447
v -1.182901 6.835396 0.304909
v -1.182901 6.878804 0.262630
v -1.411948 6.878784 0.262621
v -1.404300 6.835366 0.304892
v -1.182901 6.878804 0.262630
v 0.394300 6.894775 0.203284
v 0.394300 6.876923 0.261408
v 0.394300 6.876923 0.261408
v 1.182901 6.878804 0.262630
v 1.411948 6.878784 0.262621
v 1.665643 6.818703 0.294492
v 1.417507 6.895763 0.204447
v 1.687532 6.831843 0.238365
v 1.411948 6.878784 0.262621
v 1.665643 6.818703 0.294492
v -1.182901 6.663619 -0.138111
v -1.411683 6.663620 -0.138133
v -1.182901 6.722168 -0.121031
v -1.417427 6.722165 -0.121045
v -1.182901 6.722168 -0.121031
v -1.182901 6.663619 -0.138111
v -1.411683 6.663620 -0.138133
v -1.417427 6.722165 -0.121045
v 0.394300 6.663630 -0.140415
v 0.394300 6.721728 -0.122570
v 0.394300 6.663630 -0.140415
v 0.394300 6.721728 -0.122570
v 1.417427 6.722165 -0.121045
v 1.687222 6.658314 -0.087161
v 1.664629 6.603767 -0.106384
v 1.411683 6.663620 -0.138133
v 1.417427 6.722165 -0.121045
v 1.687222 6.658314 -0.087161
v 1.664629 6.603767 -0.106384
v -1.794117 5.551022 0.535517
v -1.182381 5.673736 0.469540
v -1.800222 5.568119 0.476714
v -1.180955 5.691993 0.410786
v -1.800222 5.568119 0.476714
v -1.180955 5.691993 0.410786
v -0.394461 5.468100 0.492241
v 0.078250 5.372576 0.618324
v 0.394908 5.451072 0.552254
v 0.047394 5.381722 0.565438
v 0.394463 5.469461 0.491930
v 0.394300 5.515607 0.448993
v 0.394463 5.469461 0.491930
v -1.635546 6.780589 0.333924
v -1.665645 6.818707 0.294491
v -1.687532 6.831846 0.238368
v -1.907994 5.790331 0.823236
v -1.865674 5.819427 0.856286
v -1.807825 5.839271 0.863535
v -1.807040 5.612005 0.433461
v -1.865294 5.608762 0.453566
v -1.865294 5.608762 0.453566
v -1.907979 5.621592 0.497083
v -1.687222 6.658313 -0.087166
v -1.664631 6.603770 -0.106387
v -1.633980 6.550051 -0.094282
v -1.687222 6.658313 -0.087166
v -1.664631 6.603770 -0.106387
v -1.411948 6.878784 0.262621
v -1.665645 6.818707 0.294491
v -1.411948 6.878784 0.262621
v -1.417507 6.895763 0.204447
v -1.417427 6.722165 -0.121045
v -1.417427 6.722165 -0.121045
v -1.411683 6.663620 -0.138133
v -1.664631 6.603770 -0.106387
v 1.635542 6.780581 0.333927
v 1.793512 6.640677 0.407876
v 1.845706 6.659441 0.378872
v 1.883688 6.658494 0.330274
v 1.883210 6.485195 0.004627
v 1.633976 6.550046 -0.094279
v 1.664629 6.603767 -0.106384
v 1.844143 6.445255 -0.022413
v 1.791098 6.411296 -0.020962
v 1.883210 6.485195 0.004627
v 1.844143 6.445255 -0.022413
v -1.801215 5.781065 0.877462
v -1.852610 5.773505 0.871495
v -1.894606 5.745276 0.838022
v -1.846997 5.716274 0.852417
v -1.846997 5.716274 0.852417
v -1.852610 5.773505 0.871495
v 0.047513 5.597514 0.969899
v -0.000528 5.633635 0.964952
v -0.047763 5.597580 0.970246
v -0.000172 5.576305 0.974340
v 1.846808 5.716585 0.849884
v 1.801052 5.781103 0.877445
v 1.852451 5.775219 0.869261
v 1.852451 5.775219 0.869261
v 1.846808 5.716585 0.849884
v -1.894412 5.583029 0.528030
v -1.800222 5.568119 0.476714
v -1.852005 5.570014 0.485959
v -1.852005 5.570014 0.485959
v -1.846453 5.553262 0.544146
v -1.846453 5.553262 0.544146
v 1.800893 5.567870 0.476647
v 1.852408 5.569364 0.486159
v 1.894684 5.582412 0.528085
v 1.847221 5.552639 0.543824
v 1.847221 5.552639 0.543824
v 1.852408 5.569364 0.486159
v 1.851775 6.211471 0.084973
v 1.351247 7.101172 -0.108951
v 1.351247 7.054459 -0.156287
v -1.351247 7.054459 -0.156287
v -1.351247 7.101172 -0.108951
v 1.351247 7.054459 -0.156287
v 1.351247 6.991228 -0.179246
v -1.351247 6.991228 -0.179246
v -1.351247 7.054459 -0.156287
v 1.351247 6.924006 -0.173282
v -1.351247 6.924006 -0.173282
v 1.351247 6.924006 -0.173282
v 1.351247 6.866104 -0.139576
v -1.351247 6.866104 -0.139576
v -1.351247 6.924006 -0.173282
v 1.351247 6.828991 -0.084803
v -1.351247 6.828991 -0.084803
v 1.351247 6.820019 -0.019812
v -1.351247 6.820019 -0.019812
v 1.351247 6.840962 0.042524
v -1.351247 6.840962 0.042524
v 1.351247 6.887676 0.089859
v -1.351247 6.887676 0.089859
v 1.351247 6.887676 0.089859
v 1.351247 6.950906 0.112819
v -1.351247 6.950906 0.112819
v -1.351247 6.887676 0.089859
v 1.351247 7.018127 0.106855
v -1.351247 7.018127 0.106855
v 1.351247 7.018127 0.106855
v 1.351247 7.076030 0.073148
v -1.351247 7.076030 0.073148
v -1.351247 7.018127 0.106855
v 1.351247 7.113142 0.018376
v -1.351247 7.113142 0.018376
v 1.351247 7.122114 -0.046615
v -1.351247 7.122114 -0.046615
v 1.687878 7.012182 -0.104335
v 1.678916 6.959600 -0.144714
v 1.678916 6.959600 -0.144714
v 1.665963 6.894673 -0.158713
v 1.651588 6.830265 -0.143561
v 1.651588 6.830265 -0.143561
v 1.638637 6.779126 -0.102258
v 1.629674 6.751386 -0.042984
v 1.626475 6.752544 0.022520
v 1.629674 6.782367 0.081281
v 1.638637 6.834948 0.121660
v 1.638637 6.834948 0.121660
v 1.651588 6.899873 0.135659
v 1.665963 6.964283 0.120507
v 1.665963 6.964283 0.120507
v 1.678916 7.015424 0.079204
v 1.687878 7.043161 0.019930
v 1.691077 7.042003 -0.045574
v -1.678916 6.959600 -0.144714
v -1.687878 7.012182 -0.104335
v -1.665963 6.894673 -0.158713
v -1.678916 6.959600 -0.144714
v -1.651588 6.830265 -0.143561
v -1.638637 6.779126 -0.102258
v -1.651588 6.830265 -0.143561
v -1.629674 6.751386 -0.042984
v -1.626475 6.752544 0.022520
v -1.629674 6.782366 0.081281
v -1.638637 6.834948 0.121660
v -1.651588 6.899873 0.135659
v -1.638637 6.834948 0.121660
v -1.665963 6.964283 0.120507
v -1.678916 7.015423 0.079204
v -1.665963 6.964283 0.120507
v -1.687878 7.043161 0.019930
v -1.691077 7.042003 -0.045574
v 1.687878 7.012182 -0.104335
v 1.936867 6.884694 -0.050378
v 1.911284 6.832442 -0.085474
v 1.874316 6.774163 -0.093738
v 1.833287 6.721405 -0.073533
v 1.833287 6.721405 -0.073533
v 1.796319 6.684611 -0.028861
v 1.770736 6.671072 0.031431
v 1.761606 6.683468 0.095401
v 1.770737 6.719346 0.150378
v 1.638637 6.834948 0.121660
v 1.629674 6.782367 0.081281
v 1.770737 6.719346 0.150378
v 1.796319 6.771597 0.185475
v 1.796319 6.771597 0.185475
v 1.833286 6.829874 0.193739
v 1.874316 6.882633 0.173534
v 1.874316 6.882633 0.173534
v 1.911285 6.919429 0.128860
v 1.936867 6.932968 0.068569
v 1.945996 6.920570 0.004600
v 1.936867 6.884694 -0.050378
v -1.687878 7.012182 -0.104335
v -1.911284 6.832442 -0.085474
v -1.936867 6.884694 -0.050378
v -1.874316 6.774163 -0.093738
v -1.833287 6.721405 -0.073533
v -1.796319 6.684611 -0.028861
v -1.833287 6.721405 -0.073533
v -1.770736 6.671072 0.031431
v -1.761606 6.683468 0.095401
v -1.770736 6.719345 0.150378
v -1.629674 6.782366 0.081281
v -1.638637 6.834948 0.121660
v -1.796318 6.771596 0.185475
v -1.770736 6.719345 0.150378
v -1.833286 6.829874 0.193739
v -1.796318 6.771596 0.185475
v -1.874316 6.882633 0.173534
v -1.911284 6.919428 0.128861
v -1.874316 6.882633 0.173534
v -1.936867 6.932968 0.068569
v -1.945996 6.920570 0.004600
v -1.936867 6.884694 -0.050378
v 1.911284 6.832442 -0.085474
v 1.936867 6.884694 -0.050378
v 2.089703 6.711342 0.016284
v 2.054841 6.659120 -0.012237
v 2.054841 6.659120 -0.012237
v 2.004464 6.608835 -0.014927
v 1.948553 6.570446 0.008746
v 1.948553 6.570446 0.008746
v 1.898177 6.551557 0.054095
v 1.863315 6.555906 0.112138
v 1.850874 6.582636 0.171377
v 1.761606 6.683468 0.095401
v 1.850874 6.582636 0.171377
v 1.863316 6.626450 0.220080
v 1.898175 6.678670 0.248602
v 1.898175 6.678670 0.248602
v 1.948551 6.728955 0.251292
v 2.004465 6.767344 0.227618
v 2.004465 6.767344 0.227618
v 2.054842 6.786236 0.182268
v 2.089703 6.781885 0.124226
v 2.102143 6.755155 0.064987
v 1.945996 6.920570 0.004600
v 2.102143 6.755155 0.064987
v -1.936867 6.884694 -0.050378
v -1.911284 6.832442 -0.085474
v -2.054841 6.659120 -0.012237
v -2.089703 6.711342 0.016284
v -2.004464 6.608835 -0.014927
v -2.054841 6.659120 -0.012237
v -1.948553 6.570446 0.008746
v -1.898177 6.551557 0.054095
v -1.948553 6.570446 0.008746
v -1.863315 6.555906 0.112138
v -1.850874 6.582636 0.171377
v -1.761606 6.683468 0.095401
v -1.863315 6.626449 0.220080
v -1.850874 6.582636 0.171377
v -1.898175 6.678670 0.248602
v -1.948551 6.728955 0.251292
v -1.898175 6.678670 0.248602
v -2.004465 6.767344 0.227618
v -2.054841 6.786235 0.182268
v -2.004465 6.767344 0.227618
v -2.089703 6.781885 0.124226
v -2.102143 6.755155 0.064987
v -1.945996 6.920570 0.004600
v -2.102143 6.755155 0.064987
v 2.179089 6.607379 0.072370
v 2.138379 6.561561 0.039601
v 2.138379 6.561561 0.039601
v 2.079554 6.520032 0.031074
v 2.014264 6.491020 0.048478
v 2.014264 6.491020 0.048478
v 1.955439 6.480269 0.088365
v 1.914729 6.489910 0.142836
v 1.900201 6.518032 0.201102
v 1.900201 6.518032 0.201102
v 1.914730 6.559066 0.251622
v 1.955437 6.604884 0.284391
v 1.955437 6.604884 0.284391
v 2.014262 6.646412 0.292918
v 2.079554 6.675425 0.275514
v 2.079554 6.675425 0.275514
v 2.138381 6.686177 0.235626
v 2.179089 6.676536 0.181156
v 2.193616 6.648413 0.122890
v 2.193616 6.648413 0.122890
v -2.138379 6.561561 0.039601
v -2.179089 6.607379 0.072370
v -2.079554 6.520032 0.031074
v -2.138379 6.561561 0.039601
v -2.014264 6.491020 0.048478
v -1.955439 6.480269 0.088365
v -2.014264 6.491020 0.048478
v -1.914729 6.489910 0.142836
v -1.900201 6.518032 0.201102
v -1.914729 6.559066 0.251622
v -1.900201 6.518032 0.201102
v -1.955436 6.604883 0.284391
v -2.014262 6.646412 0.292918
v -1.955436 6.604883 0.284391
v -2.079554 6.675425 0.275514
v -2.138380 6.686176 0.235627
v -2.079554 6.675425 0.275514
v -2.179089 6.676536 0.181156
v -2.193616 6.648413 0.122890
v -2.193616 6.648413 0.122890
v 2.245691 6.434748 0.165480
v 2.202837 6.392144 0.130730
v 2.202837 6.392144 0.130730
v 2.140914 6.355158 0.119403
v 2.072189 6.331117 0.133741
v 2.072189 6.331117 0.133741
v 2.010266 6.324778 0.170906
v 1.914729 6.489910 0.142836
v 1.955439 6.480269 0.088365
v 2.010266 6.324778 0.170906
v 1.967413 6.337400 0.223536
v 1.952120 6.366482 0.281207
v 1.967413 6.406263 0.332497
v 2.010264 6.448866 0.367247
v 2.010264 6.448866 0.367247
v 2.072187 6.485852 0.378575
v 2.140916 6.509894 0.364236
v 2.140916 6.509894 0.364236
v 2.202840 6.516234 0.327071
v 2.179089 6.676536 0.181156
v 2.138381 6.686177 0.235626
v 2.202840 6.516234 0.327071
v 2.245691 6.503612 0.274441
v 2.260983 6.474529 0.216770
v -2.202837 6.392144 0.130730
v -2.245691 6.434748 0.165480
v -2.140915 6.355158 0.119403
v -2.202837 6.392144 0.130730
v -2.072189 6.331117 0.133741
v -2.010266 6.324778 0.170906
v -2.072189 6.331117 0.133741
v -1.955439 6.480269 0.088365
v -1.914729 6.489910 0.142836
v -1.967413 6.337400 0.223536
v -2.010266 6.324778 0.170906
v -1.952120 6.366482 0.281207
v -1.967412 6.406263 0.332497
v -2.010263 6.448865 0.367247
v -2.072186 6.485851 0.378575
v -2.010263 6.448865 0.367247
v -2.140916 6.509894 0.364236
v -2.202839 6.516233 0.327071
v -2.140916 6.509894 0.364236
v -2.138380 6.686176 0.235627
v -2.179089 6.676536 0.181156
v -2.245691 6.503612 0.274441
v -2.202839 6.516233 0.327071
v -2.260983 6.474529 0.216770
v 2.298290 6.175895 0.302884
v 2.251118 6.149717 0.258368
v 2.140914 6.355158 0.119403
v 2.202837 6.392144 0.130730
v 2.251118 6.149717 0.258368
v 2.182957 6.135112 0.233707
v 2.072189 6.331117 0.133741
v 2.107308 6.134974 0.233783
v 2.010266 6.324778 0.170906
v 2.039146 6.149327 0.258584
v 2.039146 6.149327 0.258584
v 1.991975 6.175332 0.303195
v 1.975141 6.207836 0.358782
v 1.991976 6.240402 0.414335
v 2.039143 6.266580 0.458851
v 2.072187 6.485852 0.378575
v 2.010264 6.448866 0.367247
v 2.039143 6.266580 0.458851
v 2.107305 6.281185 0.483513
v 2.140916 6.509894 0.364236
v 2.182959 6.281324 0.483436
v 2.202840 6.516234 0.327071
v 2.251122 6.266970 0.458636
v 2.251122 6.266970 0.458636
v 2.298290 6.240965 0.414024
v 2.315123 6.208461 0.358437
v -2.251118 6.149717 0.258368
v -2.298290 6.175895 0.302884
v -2.202837 6.392144 0.130730
v -2.140915 6.355158 0.119403
v -2.182957 6.135112 0.233707
v -2.251118 6.149717 0.258368
v -2.072189 6.331117 0.133741
v -2.107308 6.134974 0.233783
v -2.010266 6.324778 0.170906
v -2.039146 6.149327 0.258584
v -1.991975 6.175332 0.303195
v -2.039146 6.149327 0.258584
v -1.975141 6.207836 0.358782
v -1.991975 6.240402 0.414335
v -2.039142 6.266581 0.458851
v -2.010263 6.448865 0.367247
v -2.072186 6.485851 0.378575
v -2.107305 6.281185 0.483513
v -2.039142 6.266581 0.458851
v -2.140916 6.509894 0.364236
v -2.182959 6.281324 0.483436
v -2.202839 6.516233 0.327071
v -2.251120 6.266970 0.458636
v -2.298290 6.240965 0.414024
v -2.251120 6.266970 0.458636
v -2.315123 6.208461 0.358437
v 2.272295 3.829644 1.840647
v 2.225114 3.799709 1.798422
v 2.225114 3.799709 1.798422
v 2.156954 3.783242 1.774890
v 2.081310 3.783502 1.774715
v 2.013151 3.800438 1.797930
v 2.013151 3.800438 1.797930
v 1.965973 3.830698 1.839936
v 1.949139 3.868287 1.892415
v 1.965970 3.905759 1.944971
v 2.013141 3.935692 1.987197
v 2.013141 3.935692 1.987197
v 2.081307 3.952163 2.010727
v 2.156970 3.951901 2.010903
v 2.225131 3.934965 1.987688
v 2.225131 3.934965 1.987688
v 2.272295 3.904706 1.945681
v 2.289132 3.867117 1.893203
v -2.225117 3.799709 1.798422
v -2.272299 3.829643 1.840648
v -2.156954 3.783242 1.774890
v -2.225117 3.799709 1.798422
v -2.081310 3.783502 1.774715
v -2.013151 3.800438 1.797930
v -1.965973 3.830698 1.839936
v -2.013151 3.800438 1.797930
v -1.949138 3.868285 1.892416
v -1.965971 3.905760 1.944970
v -2.013136 3.935694 1.987196
v -2.081301 3.952161 2.010728
v -2.013136 3.935694 1.987196
v -2.156963 3.951900 2.010904
v -2.225123 3.934965 1.987688
v -2.272295 3.904706 1.945681
v -2.225123 3.934965 1.987688
v -2.289132 3.867117 1.893203
v 2.271262 0.249970 4.398127
v 2.224051 0.220025 4.355887
v 2.224051 0.220025 4.355887
v 2.155896 0.203550 4.332345
v 2.080319 0.203807 4.332166
v 2.012156 0.220749 4.355391
v 2.012156 0.220749 4.355391
v 1.964936 0.251026 4.397420
v 1.948102 0.288621 4.449907
v 1.964908 0.326064 4.502421
v 2.012129 0.355999 4.544652
v 2.012129 0.355999 4.544652
v 2.080292 0.372496 4.568217
v 2.155938 0.372216 4.568367
v 2.224141 0.355279 4.545152
v 2.224141 0.355279 4.545152
v 2.271277 0.325036 4.503167
v 2.288104 0.287447 4.450689
v -2.224035 0.220008 4.355865
v -2.271260 0.249972 4.398131
v -2.155889 0.203539 4.332330
v -2.224035 0.220008 4.355865
v -2.080315 0.203801 4.332158
v -2.012146 0.220751 4.355393
v -1.964941 0.251007 4.397394
v -2.012146 0.220751 4.355393
v -1.948121 0.288624 4.449914
v -1.964919 0.326115 4.502491
v -2.012053 0.356009 4.544662
v -2.080219 0.372475 4.568190
v -2.012053 0.356009 4.544662
v -2.155955 0.372201 4.568349
v -2.224161 0.355269 4.545138
v -2.271291 0.325043 4.503176
v -2.224161 0.355269 4.545138
v -2.288116 0.287467 4.450716
v -1.573587 3.637184 4.551814
v -1.529749 3.124954 4.511523
v 1.529749 3.124954 4.511523
v 1.573587 3.637184 4.551814
v -2.008684 3.637182 1.659327
v 2.008684 3.637182 1.659327
v 1.952724 3.124954 1.699618
v -1.952724 3.124954 1.699618
v 1.911870 3.637184 4.140681
v 1.897726 3.124954 4.111844
v 1.952724 3.124954 1.699618
v 2.008684 3.637182 1.659327
v -1.952724 3.124954 1.699618
v -1.897726 3.124954 4.111844
v -1.911870 3.637184 4.140681
v -2.008684 3.637182 1.659327
v -1.832817 3.124954 4.311684
v -1.846349 3.637184 4.346248
v -1.719955 3.124954 4.443466
v -1.734424 3.637184 4.485114
v -1.719955 3.124954 4.443466
v -1.734424 3.637184 4.485114
v 1.719955 3.124954 4.443466
v 1.734424 3.637184 4.485114
v 1.719955 3.124954 4.443466
v 1.832817 3.124954 4.311684
v 1.846349 3.637184 4.346248
v 1.734424 3.637184 4.485114
v -2.008684 3.744542 1.659327
v -1.993732 3.798211 1.673708
v 1.993732 3.798211 1.673708
v 2.008684 3.744542 1.659327
v -1.993732 3.798211 1.673708
v -1.952881 3.837498 1.712996
v 1.952881 3.837498 1.712996
v 1.993732 3.798211 1.673708
v -1.897078 3.851878 1.766664
v 1.897078 3.851878 1.766664
v -1.562900 3.837498 4.498146
v 1.562900 3.837498 4.498146
v -1.570724 3.798211 4.537434
v 1.570724 3.798211 4.537434
v -1.570724 3.798211 4.537434
v -1.573587 3.744542 4.551814
v 1.573587 3.744542 4.551814
v 1.570724 3.798211 4.537434
v -1.573587 3.637184 4.551814
v 1.573587 3.637184 4.551814
v 2.008684 3.637182 1.659327
v -2.008684 3.637182 1.659327
v 1.911870 3.744542 4.140681
v 1.911870 3.637184 4.140681
v 2.008684 3.637182 1.659327
v 2.008684 3.744542 1.659327
v -2.008684 3.637182 1.659327
v -1.911870 3.637184 4.140681
v -1.911870 3.744542 4.140681
v -2.008684 3.744542 1.659327
v -1.846349 3.637184 4.346248
v -1.846349 3.744542 4.346248
v -1.734424 3.637184 4.485114
v -1.734424 3.744542 4.485114
v -1.734424 3.637184 4.485114
v -1.734424 3.744542 4.485114
v 1.734424 3.637184 4.485114
v 1.734424 3.744542 4.485114
v 1.734424 3.637184 4.485114
v 1.846349 3.637184 4.346248
v 1.846349 3.744542 4.346248
v 1.734424 3.744542 4.485114
v -1.993732 3.798211 1.673708
v -1.897576 3.798211 4.138172
v -1.858526 3.837498 4.131317
v -1.952881 3.837498 1.712996
v -1.858526 3.837498 4.131317
v 1.858526 3.837498 4.131317
v 1.993732 3.798211 1.673708
v 1.897576 3.798211 4.138172
v 1.952881 3.837498 1.712996
v 1.858526 3.837498 4.131317
v -1.833464 3.798211 4.339318
v -1.798263 3.837498 4.320385
v -1.798263 3.837498 4.320385
v 1.725529 3.798211 4.473235
v 1.701226 3.837498 4.440782
v 1.725529 3.798211 4.473235
v -1.725529 3.798211 4.473235
v -1.701226 3.837498 4.440782
v -1.701226 3.837498 4.440782
v -1.725529 3.798211 4.473235
v -1.725529 3.798211 4.473235
v 1.725529 3.798211 4.473235
v 1.833464 3.798211 4.339318
v 1.798263 3.837498 4.320385
v 1.701226 3.837498 4.440782
v 1.798263 3.837498 4.320385
v -1.952724 3.124954 1.699618
v 1.952724 3.124954 1.699618
v -1.762037 0.451257 0.653603
v -1.821684 0.469734 0.581127
v -1.821684 0.550739 0.601779
v -1.762037 0.532262 0.674254
v -1.821684 0.469734 0.581127
v -1.907875 0.479988 0.540906
v -1.907875 0.560993 0.561558
v -1.821684 0.550739 0.601779
v -2.003541 0.479988 0.540906
v -2.003541 0.560993 0.561558
v -2.089732 0.469734 0.581127
v -2.089732 0.550739 0.601779
v -2.089732 0.469734 0.581127
v -2.149379 0.451257 0.653603
v -2.149379 0.532261 0.674255
v -2.089732 0.550739 0.601779
v -2.170667 0.428217 0.743979
v -2.170667 0.509221 0.764631
v -2.149379 0.405175 0.834356
v -2.149379 0.486180 0.855007
v -2.089732 0.386699 0.906829
v -2.089732 0.467703 0.927482
v -2.089732 0.386699 0.906829
v -2.003541 0.376445 0.947050
v -2.003541 0.457449 0.967702
v -2.089732 0.467703 0.927482
v -1.907876 0.376445 0.947050
v -1.907876 0.457449 0.967702
v -1.821684 0.386699 0.906829
v -1.821684 0.467703 0.927482
v -1.821684 0.386699 0.906829
v -1.762037 0.405175 0.834356
v -1.762037 0.486180 0.855007
v -1.821684 0.467703 0.927482
v -1.740750 0.428217 0.743979
v -1.740750 0.509221 0.764631
v -1.774054 0.250058 0.608281
v -1.829999 0.267389 0.540301
v -1.829999 0.267389 0.540301
v -1.910843 0.277007 0.502575
v -2.000573 0.277007 0.502575
v -2.081417 0.267389 0.540301
v -2.081417 0.267389 0.540301
v -2.137363 0.250058 0.608281
v -2.157330 0.228446 0.693049
v -2.137363 0.206835 0.777819
v -2.081417 0.189505 0.845797
v -2.081417 0.189505 0.845797
v -2.000573 0.179886 0.883523
v -1.910843 0.179886 0.883523
v -1.829999 0.189505 0.845797
v -1.829999 0.189505 0.845797
v -1.774054 0.206835 0.777819
v -1.754087 0.228446 0.693049
v -1.766780 0.218252 0.596556
v -1.824965 0.236276 0.525855
v -1.824965 0.236276 0.525855
v -1.909047 0.246280 0.486618
v -2.002369 0.246280 0.486618
v -2.086450 0.236276 0.525855
v -2.086450 0.236276 0.525855
v -2.144637 0.218252 0.596556
v -2.165403 0.195775 0.684720
v -2.144637 0.173299 0.772882
v -2.086450 0.155274 0.843584
v -2.086450 0.155274 0.843584
v -2.002369 0.145271 0.882820
v -1.909047 0.145271 0.882820
v -1.824965 0.155274 0.843584
v -1.824965 0.155274 0.843584
v -1.766780 0.173299 0.772882
v -1.746013 0.195775 0.684720
v -1.766780 0.131711 0.574493
v -1.805370 0.156330 0.477928
v -1.805370 0.156330 0.477928
v -1.909047 0.159740 0.464555
v -2.011657 0.167962 0.432303
v -2.002369 0.246280 0.486618
v -2.011657 0.167962 0.432303
v -2.086450 0.149736 0.503793
v -2.177085 0.135371 0.560140
v -2.165403 0.109235 0.662657
v -2.177086 0.083099 0.765173
v -2.086450 0.068734 0.821521
v -2.002369 0.145271 0.882820
v -2.011657 0.050508 0.893009
v -2.011657 0.050508 0.893009
v -1.909047 0.058730 0.860757
v -1.805370 0.062139 0.847385
v -1.805370 0.062139 0.847385
v -1.766780 0.086758 0.750820
v -1.713564 0.109235 0.662657
v -1.810320 0.075772 0.583129
v -1.839500 0.094387 0.510113
v -1.839500 0.094387 0.510113
v -1.917893 0.096965 0.500001
v -2.011657 0.167962 0.432303
v -1.909047 0.159740 0.464555
v -1.917893 0.096965 0.500001
v -1.995481 0.103182 0.475614
v -2.086450 0.149736 0.503793
v -2.052035 0.089402 0.529670
v -2.177085 0.135371 0.560140
v -2.120568 0.078540 0.572276
v -2.120568 0.078540 0.572276
v -2.111734 0.058777 0.649792
v -2.120568 0.039015 0.727310
v -2.086450 0.068734 0.821521
v -2.177086 0.083099 0.765173
v -2.120568 0.039015 0.727310
v -2.052035 0.028152 0.769916
v -2.011657 0.050508 0.893009
v -1.995481 0.014372 0.823971
v -1.909047 0.058730 0.860757
v -1.917894 0.020589 0.799584
v -1.805370 0.062139 0.847385
v -1.839500 0.023167 0.789472
v -1.839500 0.023167 0.789472
v -1.810320 0.041782 0.716457
v -1.770082 0.058777 0.649792
v -1.839500 0.094387 0.510113
v -1.810320 0.075772 0.583129
v -1.896812 0.022836 0.615117
v -1.907297 0.029526 0.588880
v -1.935468 0.030452 0.585246
v -1.963348 0.032686 0.576483
v -1.983670 0.027734 0.595907
v -2.008297 0.023831 0.611218
v -2.111734 0.058777 0.649792
v -2.005123 0.016729 0.639073
v -2.008297 0.009628 0.666927
v -1.983670 0.005724 0.682239
v -1.963348 0.000773 0.701662
v -1.935468 0.003006 0.692899
v -1.907297 0.003933 0.689266
v -1.810320 0.041782 0.716457
v -1.896812 0.010622 0.663028
v -1.770082 0.058777 0.649792
v -1.882353 0.016729 0.639073
v 1.761184 0.452130 0.619795
v 1.761184 0.531767 0.645216
v 1.820831 0.554511 0.573964
v 1.820831 0.474874 0.548543
v 1.820831 0.474874 0.548543
v 1.820831 0.554511 0.573964
v 1.907023 0.567133 0.534422
v 1.907023 0.487497 0.509001
v 2.002689 0.567133 0.534422
v 2.002689 0.487497 0.509001
v 2.088880 0.554511 0.573964
v 2.088880 0.474874 0.548543
v 2.088880 0.474874 0.548543
v 2.088880 0.554511 0.573964
v 2.148527 0.531766 0.645216
v 2.148527 0.452130 0.619795
v 2.169814 0.503404 0.734066
v 2.169814 0.423768 0.708645
v 2.148527 0.475042 0.822916
v 2.148527 0.395406 0.797495
v 2.088880 0.452298 0.894167
v 2.088880 0.372662 0.868745
v 2.088880 0.372662 0.868745
v 2.088880 0.452298 0.894167
v 2.002689 0.439676 0.933708
v 2.002689 0.360040 0.908287
v 1.907023 0.439676 0.933708
v 1.907023 0.360040 0.908287
v 1.820831 0.452298 0.894167
v 1.820831 0.372662 0.868745
v 1.820831 0.372662 0.868745
v 1.820831 0.452298 0.894167
v 1.761184 0.475042 0.822916
v 1.761184 0.395406 0.797495
v 1.739897 0.503404 0.734066
v 1.739897 0.423768 0.708645
v 1.829147 0.275307 0.495784
v 1.773201 0.253974 0.562616
v 1.909991 0.287147 0.458695
v 1.829147 0.275307 0.495784
v 1.999720 0.287147 0.458695
v 2.080565 0.275307 0.495784
v 2.136511 0.253974 0.562616
v 2.080565 0.275307 0.495784
v 2.156477 0.227371 0.645953
v 2.136511 0.200769 0.729291
v 2.080565 0.179436 0.796121
v 1.999720 0.167596 0.833210
v 2.080565 0.179436 0.796121
v 1.909991 0.167596 0.833210
v 1.829147 0.179436 0.796121
v 1.773201 0.200769 0.729291
v 1.829147 0.179436 0.796121
v 1.753234 0.227371 0.645953
v 1.824113 0.245107 0.479518
v 1.765927 0.222920 0.549024
v 1.908194 0.257421 0.440943
v 1.824113 0.245107 0.479518
v 2.001517 0.257421 0.440943
v 2.085598 0.245107 0.479518
v 2.143784 0.222920 0.549024
v 2.085598 0.245107 0.479518
v 2.164551 0.195252 0.635700
v 2.143784 0.167585 0.722373
v 2.085598 0.145397 0.791881
v 2.001517 0.133084 0.830454
v 2.085598 0.145397 0.791881
v 1.908194 0.133084 0.830454
v 1.824113 0.145397 0.791881
v 1.765927 0.167585 0.722373
v 1.824113 0.145397 0.791881
v 1.745161 0.195252 0.635700
v 1.804518 0.168145 0.426932
v 1.765927 0.137841 0.521866
v 1.908194 0.172342 0.413785
v 1.804518 0.168145 0.426932
v 2.010804 0.182463 0.382078
v 2.085598 0.160028 0.452360
v 2.010804 0.182463 0.382078
v 2.001517 0.257421 0.440943
v 2.176233 0.142345 0.507756
v 2.164551 0.110173 0.608542
v 2.176233 0.078001 0.709327
v 2.085598 0.060318 0.764722
v 2.001517 0.133084 0.830454
v 2.010804 0.037883 0.835003
v 1.908194 0.048005 0.803296
v 2.010804 0.037883 0.835003
v 1.804518 0.052201 0.790150
v 1.765927 0.082505 0.695215
v 1.804518 0.052201 0.790150
v 1.712712 0.110173 0.608542
v 1.838647 0.104402 0.455385
v 1.809468 0.081488 0.527169
v 1.917041 0.107575 0.445444
v 1.838647 0.104402 0.455385
v 1.994628 0.115228 0.421469
v 2.085598 0.160028 0.452360
v 2.051183 0.098265 0.474612
v 1.994628 0.115228 0.421469
v 2.010804 0.182463 0.382078
v 2.176233 0.142345 0.507756
v 2.119715 0.084894 0.516499
v 2.051183 0.098265 0.474612
v 2.085598 0.160028 0.452360
v 2.110882 0.060568 0.592706
v 2.119715 0.084894 0.516499
v 2.119715 0.036241 0.668914
v 2.085598 0.060318 0.764722
v 2.051183 0.022870 0.710801
v 2.119715 0.036241 0.668914
v 2.176233 0.078001 0.709327
v 2.010804 0.037883 0.835003
v 1.994628 0.005906 0.763943
v 1.908194 0.048005 0.803296
v 1.917041 0.013560 0.739968
v 1.804518 0.052201 0.790150
v 1.838647 0.016733 0.730027
v 1.809468 0.039647 0.658244
v 1.838647 0.016733 0.730027
v 1.769230 0.060568 0.592706
v 1.838647 0.104402 0.455385
v 1.906445 0.034981 0.530166
v 1.895960 0.026747 0.555960
v 1.809468 0.081488 0.527169
v 1.917041 0.107575 0.445444
v 1.934615 0.036121 0.526592
v 1.962496 0.038872 0.517977
v 1.982818 0.032775 0.537074
v 2.119715 0.084894 0.516499
v 2.007445 0.027971 0.552126
v 2.110882 0.060568 0.592706
v 2.004270 0.019229 0.579511
v 2.007445 0.010488 0.606895
v 1.982818 0.005683 0.621947
v 1.962496 -0.000412 0.641043
v 1.934615 0.002337 0.632428
v 1.906445 0.003478 0.628856
v 1.809468 0.039647 0.658244
v 1.895960 0.011712 0.603061
v 1.769230 0.060568 0.592706
v 1.881500 0.019229 0.579511
v 1.924730 0.377264 4.270210
v 1.924730 0.450876 4.230595
v 1.984377 0.415433 4.164732
v 1.984377 0.341820 4.204347
v 1.984377 0.341820 4.204347
v 1.984377 0.415433 4.164732
v 2.070569 0.395762 4.128181
v 2.070569 0.322150 4.167796
v 2.166234 0.395762 4.128181
v 2.166234 0.322150 4.167796
v 2.252426 0.415433 4.164732
v 2.252426 0.341820 4.204347
v 2.252426 0.341820 4.204347
v 2.252426 0.415433 4.164732
v 2.312073 0.450876 4.230595
v 2.312073 0.377264 4.270209
v 2.333360 0.495074 4.312725
v 2.333360 0.421462 4.352339
v 2.312073 0.539273 4.394855
v 2.312073 0.465660 4.434469
v 2.252426 0.574716 4.460716
v 2.252426 0.501102 4.500329
v 2.252426 0.501102 4.500329
v 2.252426 0.574716 4.460716
v 2.166234 0.594385 4.497266
v 2.166234 0.520772 4.536880
v 2.070569 0.594385 4.497266
v 2.070569 0.520772 4.536880
v 1.984377 0.574716 4.460716
v 1.984377 0.501102 4.500329
v 1.984377 0.501102 4.500329
v 1.984377 0.574716 4.460716
v 1.924730 0.539273 4.394855
v 1.924730 0.465660 4.434469
v 1.903443 0.495074 4.312725
v 1.903443 0.421462 4.352339
v 1.992692 0.165220 4.311225
v 1.936747 0.198465 4.373002
v 2.073536 0.146770 4.276941
v 1.992692 0.165220 4.311225
v 2.163266 0.146770 4.276941
v 2.244111 0.165220 4.311225
v 2.300056 0.198465 4.373002
v 2.244111 0.165220 4.311225
v 2.320023 0.239920 4.450036
v 2.300056 0.281376 4.527070
v 2.244111 0.314621 4.588845
v 2.163266 0.333070 4.623129
v 2.244111 0.314621 4.588845
v 2.073536 0.333070 4.623129
v 1.992692 0.314621 4.588845
v 1.936747 0.281376 4.527070
v 1.992692 0.314621 4.588845
v 1.916780 0.239920 4.450036
v 1.987659 0.132538 4.321645
v 1.929473 0.167114 4.385893
v 2.071740 0.113349 4.285988
v 1.987659 0.132538 4.321645
v 2.165063 0.113349 4.285988
v 2.249144 0.132538 4.321645
v 2.307330 0.167114 4.385893
v 2.249144 0.132538 4.321645
v 2.328096 0.210230 4.466013
v 2.307330 0.253345 4.546130
v 2.249144 0.287922 4.610381
v 2.165063 0.307110 4.646037
v 2.249144 0.287922 4.610381
v 2.071740 0.307110 4.646037
v 1.987659 0.287922 4.610381
v 1.929473 0.253345 4.546130
v 1.987659 0.287922 4.610381
v 1.908707 0.210230 4.466013
v 1.968064 0.041246 4.340462
v 1.929473 0.088470 4.428216
v 2.071740 0.034706 4.328310
v 1.968064 0.041246 4.340462
v 2.174350 0.018933 4.299001
v 2.249144 0.053894 4.363967
v 2.174350 0.018933 4.299001
v 2.165063 0.113349 4.285988
v 2.339779 0.081451 4.415173
v 2.328096 0.131586 4.508336
v 2.339779 0.181721 4.601498
v 2.249144 0.209278 4.652703
v 2.165063 0.307110 4.646037
v 2.174350 0.244238 4.717668
v 2.071740 0.228466 4.688359
v 2.174350 0.244238 4.717668
v 1.968064 0.221926 4.676208
v 1.929473 0.174702 4.588453
v 1.968064 0.221926 4.676208
v 1.876258 0.131586 4.508336
v 2.002193 0.017422 4.406077
v 1.973013 0.053131 4.472431
v 2.071740 0.034706 4.328310
v 2.080587 0.012478 4.396888
v 2.002193 0.017422 4.406077
v 1.968064 0.041246 4.340462
v 2.174350 0.018933 4.299001
v 2.158174 0.000551 4.374726
v 2.249144 0.053894 4.363967
v 2.214728 0.026987 4.423849
v 2.339779 0.081451 4.415173
v 2.283261 0.047823 4.462568
v 2.274427 0.085732 4.533010
v 2.283261 0.047823 4.462568
v 2.283261 0.123642 4.603455
v 2.249144 0.209278 4.652703
v 2.214728 0.144478 4.642174
v 2.283261 0.123642 4.603455
v 2.339779 0.181721 4.601498
v 2.158174 0.170913 4.691296
v 2.080587 0.158987 4.669134
v 2.002193 0.154042 4.659945
v 1.973013 0.118334 4.593592
v 2.002193 0.154042 4.659945
v 1.932775 0.085732 4.533010
v 2.069991 0.022975 4.507962
v 2.059505 0.035806 4.531805
v 1.973013 0.053131 4.472431
v 2.098161 0.021197 4.504659
v 2.126042 0.016912 4.496695
v 2.146364 0.026411 4.514348
v 2.170990 0.033899 4.528261
v 2.274427 0.085732 4.533010
v 2.167816 0.047521 4.553575
v 2.283261 0.123642 4.603455
v 2.170990 0.061143 4.578887
v 2.214728 0.144478 4.642174
v 2.146364 0.068631 4.592801
v 2.158174 0.170913 4.691296
v 2.126042 0.078130 4.610452
v 2.080587 0.158987 4.669134
v 2.098161 0.073845 4.602489
v 2.002193 0.154042 4.659945
v 2.069991 0.072068 4.599187
v 1.973013 0.118334 4.593592
v 2.059505 0.059236 4.575344
v 1.932775 0.085732 4.533010
v 2.045046 0.047521 4.553575
v -1.924730 0.377264 4.270210
v -1.984377 0.341820 4.204347
v -1.984377 0.415433 4.164732
v -1.924730 0.450876 4.230595
v -1.984377 0.341820 4.204347
v -2.070569 0.322150 4.167796
v -2.070569 0.395762 4.128181
v -1.984377 0.415433 4.164732
v -2.166234 0.322150 4.167796
v -2.166234 0.395762 4.128181
v -2.252425 0.341820 4.204347
v -2.252425 0.415433 4.164732
v -2.252425 0.341820 4.204347
v -2.312073 0.377264 4.270209
v -2.312073 0.450876 4.230595
v -2.252425 0.415433 4.164732
v -2.333360 0.421462 4.352339
v -2.333360 0.495074 4.312725
v -2.312073 0.465660 4.434469
v -2.312073 0.539273 4.394855
v -2.252425 0.501102 4.500329
v -2.252425 0.574716 4.460716
v -2.252425 0.501102 4.500329
v -2.166234 0.520772 4.536880
v -2.166234 0.594385 4.497266
v -2.252425 0.574716 4.460716
v -2.070569 0.520772 4.536880
v -2.070569 0.594385 4.497266
v -1.984377 0.501102 4.500329
v -1.984377 0.574716 4.460716
v -1.984377 0.501102 4.500329
v -1.924730 0.465660 4.434469
v -1.924730 0.539273 4.394855
v -1.984377 0.574716 4.460716
v -1.903443 0.421462 4.352339
v -1.903443 0.495074 4.312725
v -1.936747 0.198465 4.373002
v -1.992692 0.165220 4.311225
v -1.992692 0.165220 4.311225
v -2.073536 0.146770 4.276941
v -2.163266 0.146770 4.276941
v -2.244110 0.165220 4.311225
v -2.244110 0.165220 4.311225
v -2.300056 0.198465 4.373002
v -2.320023 0.239920 4.450036
v -2.300056 0.281376 4.527070
v -2.244110 0.314621 4.588845
v -2.244110 0.314621 4.588845
v -2.163266 0.333070 4.623129
v -2.073537 0.333070 4.623129
v -1.992692 0.314621 4.588845
v -1.992692 0.314621 4.588845
v -1.936747 0.281376 4.527070
v -1.916780 0.239920 4.450036
v -1.929473 0.167114 4.385893
v -1.987659 0.132538 4.321645
v -1.987659 0.132538 4.321645
v -2.071740 0.113349 4.285988
v -2.165062 0.113349 4.285988
v -2.249143 0.132538 4.321645
v -2.249143 0.132538 4.321645
v -2.307330 0.167114 4.385893
v -2.328096 0.210230 4.466013
v -2.307330 0.253345 4.546130
v -2.249143 0.287922 4.610381
v -2.249143 0.287922 4.610381
v -2.165062 0.307110 4.646037
v -2.071740 0.307110 4.646037
v -1.987659 0.287922 4.610381
v -1.987659 0.287922 4.610381
v -1.929473 0.253345 4.546130
v -1.908707 0.210230 4.466013
v -1.929473 0.088470 4.428216
v -1.968063 0.041246 4.340462
v -1.968063 0.041246 4.340462
v -2.071740 0.034706 4.328310
v -2.174350 0.018933 4.299001
v -2.165062 0.113349 4.285988
v -2.174350 0.018933 4.299001
v -2.249143 0.053894 4.363967
v -2.339778 0.081451 4.415173
v -2.328096 0.131586 4.508336
v -2.339779 0.181721 4.601498
v -2.249143 0.209278 4.652703
v -2.165062 0.307110 4.646037
v -2.174350 0.244238 4.717668
v -2.174350 0.244238 4.717668
v -2.071740 0.228466 4.688359
v -1.968063 0.221926 4.676208
v -1.968063 0.221926 4.676208
v -1.929473 0.174702 4.588453
v -1.876258 0.131586 4.508336
v -1.973013 0.053131 4.472431
v -2.002193 0.017422 4.406077
v -2.071740 0.034706 4.328310
v -1.968063 0.041246 4.340462
v -2.002193 0.017422 4.406077
v -2.080586 0.012478 4.396888
v -2.174350 0.018933 4.299001
v -2.158174 0.000551 4.374726
v -2.249143 0.053894 4.363967
v -2.214728 0.026987 4.423849
v -2.339778 0.081451 4.415173
v -2.283261 0.047823 4.462568
v -2.283261 0.047823 4.462568
v -2.274427 0.085732 4.533010
v -2.283261 0.123642 4.603455
v -2.249143 0.209278 4.652703
v -2.339779 0.181721 4.601498
v -2.283261 0.123642 4.603455
v -2.214728 0.144478 4.642174
v -2.158174 0.170913 4.691296
v -2.080587 0.158987 4.669134
v -2.002193 0.154042 4.659945
v -2.002193 0.154042 4.659945
v -1.973013 0.118334 4.593592
v -1.932775 0.085732 4.533010
v -1.973013 0.053131 4.472431
v -2.059505 0.035806 4.531805
v -2.069991 0.022975 4.507962
v -2.098161 0.021197 4.504659
v -2.126041 0.016912 4.496695
v -2.146363 0.026411 4.514348
v -2.170990 0.033899 4.528261
v -2.274427 0.085732 4.533010
v -2.167816 0.047521 4.553575
v -2.283261 0.123642 4.603455
v -2.170990 0.061143 4.578887
v -2.214728 0.144478 4.642174
v -2.146363 0.068631 4.592801
v -2.158174 0.170913 4.691296
v -2.126041 0.078130 4.610452
v -2.080587 0.158987 4.669134
v -2.098161 0.073845 4.602489
v -2.002193 0.154042 4.659945
v -2.069991 0.072068 4.599187
v -1.973013 0.118334 4.593592
v -2.059505 0.059236 4.575344
v -1.932775 0.085732 4.533010
v -2.045046 0.047521 4.553575
v -1.886225 0.244006 0.825487
v -1.886225 3.941219 1.730220
v -2.015454 3.941219 1.730220
v -2.015454 0.244006 0.825487
v -1.886225 4.082374 1.644566
v -1.886225 4.088547 1.619340
v -2.015454 4.088547 1.619340
v -2.015454 4.082374 1.644566
v -1.886225 4.002892 1.478183
v -1.886225 0.305681 0.573450
v -2.015454 0.305681 0.573450
v -2.015454 4.002892 1.478183
v -1.886225 0.305681 0.573450
v -1.886225 0.244006 0.825487
v -2.015454 0.244006 0.825487
v -2.015454 0.305681 0.573450
v -2.015454 4.053305 1.697551
v -1.886225 4.053305 1.697551
v -2.015454 4.001639 1.728902
v -1.886225 4.001639 1.728902
v -1.886225 4.001639 1.728902
v -2.015454 4.001639 1.728902
v -2.015454 4.055878 1.507253
v -1.886225 4.055878 1.507253
v -1.886225 4.055878 1.507253
v -2.015454 4.055878 1.507253
v -2.015454 4.087230 1.558920
v -1.886225 4.087230 1.558920
v -1.886225 4.087230 1.558920
v -2.015454 4.087230 1.558920
v 1.890609 0.198787 0.812810
v 2.019837 0.198787 0.812810
v 2.019837 3.896000 1.717543
v 1.890609 3.896000 1.717543
v 1.890609 4.037155 1.631889
v 2.019837 4.037155 1.631889
v 2.019837 4.043328 1.606663
v 1.890609 4.043328 1.606663
v 1.890609 3.957673 1.465506
v 2.019837 3.957673 1.465506
v 2.019837 0.260462 0.560773
v 1.890609 0.260462 0.560773
v 1.890609 0.260462 0.560773
v 2.019837 0.260462 0.560773
v 2.019837 0.198787 0.812810
v 1.890609 0.198787 0.812810
v 1.890609 4.008086 1.684873
v 2.019837 4.008086 1.684873
v 1.890609 3.956420 1.716225
v 2.019837 3.956420 1.716225
v 1.890609 3.956420 1.716225
v 2.019837 3.956420 1.716225
v 1.890609 4.010659 1.494576
v 2.019837 4.010659 1.494576
v 1.890609 4.010659 1.494576
v 1.890609 4.042011 1.546242
v 2.019837 4.042011 1.546242
v 2.019837 4.010659 1.494576
v 1.890609 4.042011 1.546242
v 2.019837 4.042011 1.546242
v 1.890609 3.896000 1.717543
v 2.019837 4.043328 1.606663
v 2.019837 4.037155 1.631889
v -2.015454 4.053305 1.697551
v -2.015454 4.082374 1.644566
v -2.015454 4.088547 1.619340
v -2.015454 4.087230 1.558920
v 1.890609 4.037155 1.631889
v -1.886225 4.053305 1.697551
v -1.886225 4.082374 1.644566
v 1.890609 4.043328 1.606663
v -1.886225 4.088547 1.619340
v -1.886225 4.087230 1.558920
v 1.890609 3.957673 1.465506
vn -0.9987 -0.0000 -0.0519
vn -0.9982 0.0306 -0.0514
vn -0.9986 -0.0000 -0.0520
vn 0.9986 -0.0000 -0.0522
vn 0.9982 0.0306 -0.0513
vn 0.9984 0.0236 -0.0515
vn -0.9233 -0.3827 -0.0324
vn -0.9984 0.0185 -0.0527
vn -0.9988 0.0290 -0.0406
vn 0.9984 0.0185 -0.0528
vn 0.9233 -0.3827 -0.0326
vn 0.9987 0.0290 -0.0408
vn -0.0480 -0.9988 -0.0015
vn -0.0000 -1.0000 -0.0000
vn 0.9538 -0.0000 -0.3004
vn 0.9780 -0.0000 -0.2084
vn 0.1175 -0.9931 0.0045
vn -0.0572 -0.9984 -0.0018
vn 0.0469 -0.9941 -0.0977
vn 0.9772 -0.0712 -0.2002
vn 0.9989 -0.0212 0.0420
vn 0.9979 -0.0630 0.0177
vn -0.7340 -0.3185 -0.5998
vn -0.2994 -0.7976 -0.5236
vn 0.2995 -0.7976 -0.5236
vn 0.7341 -0.3186 -0.5996
vn 0.0385 -0.9827 -0.1811
vn -0.0270 -0.9684 -0.2479
vn -0.0271 -0.9684 -0.2479
vn -0.0469 -0.9941 -0.0977
vn 0.0270 -0.9684 -0.2479
vn 0.0064 -0.9982 -0.0590
vn -0.0818 0.0032 0.9966
vn 0.0851 0.3959 0.9144
vn 0.0851 0.3958 0.9144
vn -0.9552 -0.0000 -0.2961
vn -0.9780 -0.0000 -0.2088
vn 0.0480 -0.9988 -0.0015
vn 0.9987 -0.0000 0.0515
vn -0.9987 -0.0000 0.0518
vn -0.9772 -0.0712 -0.1999
vn -0.9989 -0.0212 0.0422
vn -0.9986 -0.0101 0.0518
vn -0.9984 -0.0275 0.0503
vn -0.9981 -0.0334 0.0510
vn 0.9984 -0.0275 0.0500
vn 0.9982 -0.0334 0.0507
vn 0.0272 -0.9684 -0.2479
vn -0.0385 -0.9827 -0.1811
vn -0.9986 -0.0000 0.0520
vn -0.9987 -0.0000 0.0517
vn -0.9979 -0.0630 0.0180
vn 0.9986 -0.0101 0.0515
vn 0.0572 -0.9984 -0.0018
vn -0.1175 -0.9931 0.0045
vn -0.0064 -0.9982 -0.0591
vn 0.9986 0.0463 -0.0273
vn 0.9963 0.0697 -0.0494
vn 0.9974 0.0546 -0.0475
vn 0.9994 0.0336 -0.0060
vn -0.9974 0.0546 -0.0472
vn -0.9964 0.0697 -0.0491
vn -0.9986 0.0462 -0.0267
vn 0.9983 0.0535 -0.0220
vn -0.9994 0.0336 -0.0057
vn -0.9983 0.0535 -0.0218
vn -0.9984 0.0236 -0.0512
vn -0.0851 0.3959 0.9143
vn -0.2386 0.0033 0.9711
vn -0.0852 0.3958 0.9144
vn 0.2386 0.0033 0.9711
vn 0.0851 0.3960 0.9143
vn 0.0818 0.0032 0.9966
vn -0.0083 0.5192 0.8546
vn 0.0179 0.4689 0.8831
vn 0.0203 0.4935 0.8695
vn 0.0765 0.4894 0.8687
vn -0.0179 0.4689 0.8831
vn 0.0450 0.4617 0.8859
vn 0.0007 -0.4625 -0.8866
vn 0.0174 -0.4938 -0.8694
vn 0.0203 -0.4667 -0.8842
vn -0.3789 -0.1708 0.9096
vn -0.6036 -0.3118 0.7338
vn -0.3412 -0.4725 0.8126
vn 0.0047 -0.3916 0.9201
vn -0.1375 -0.5828 0.8009
vn 0.1457 -0.5838 0.7988
vn 0.4011 -0.4652 0.7891
vn 0.7695 -0.2618 0.5825
vn 0.4399 -0.1663 0.8825
vn -0.6148 -0.7734 -0.1547
vn -0.4021 -0.8395 -0.3654
vn -0.3645 -0.9285 -0.0715
vn -0.0046 -0.9299 -0.3678
vn 0.1154 -0.9932 0.0137
vn -0.1255 -0.9920 0.0153
vn 0.4028 -0.8373 -0.3697
vn 0.6193 -0.7695 -0.1558
vn 0.3681 -0.9268 -0.0743
vn -0.0749 0.4897 0.8686
vn -0.0445 0.4621 0.8857
vn 0.0593 0.4986 0.8648
vn -0.0593 0.4986 0.8648
vn 0.0314 0.5161 0.8560
vn -0.0314 0.5161 0.8559
vn 0.0083 0.5192 0.8546
vn -0.0203 0.4935 0.8695
vn -0.0203 -0.4667 -0.8842
vn -0.0172 -0.4937 -0.8695
vn -0.0007 -0.4624 -0.8867
vn 0.0062 -0.4586 -0.8886
vn -0.0062 -0.4586 -0.8886
vn 0.0043 -0.4784 -0.8781
vn -0.0042 -0.4785 -0.8781
vn -0.0041 -0.8136 0.5814
vn -0.0042 -0.8136 0.5814
vn 0.0041 -0.8136 0.5814
vn 0.0042 -0.8136 0.5814
vn 0.0041 -0.8136 0.5815
vn -0.0020 0.9920 0.1261
vn -0.0000 1.0000 -0.0000
vn -0.0914 0.9884 0.1209
vn -0.0042 1.0000 0.0003
vn -0.1410 0.9875 0.0711
vn 0.0914 0.9884 0.1209
vn 0.0021 0.9920 0.1261
vn 0.0042 1.0000 0.0002
vn 0.1409 0.9875 0.0711
vn -0.0000 -0.9690 -0.2470
vn -0.0000 -0.9690 -0.2471
vn -0.0000 0.9690 0.2470
vn -0.0000 -0.9526 -0.3041
vn -0.0000 0.9526 0.3041
vn -0.0000 -0.8806 0.4739
vn -0.0000 0.8806 -0.4739
vn 1.0000 -0.0000 -0.0000
vn -1.0000 -0.0000 -0.0000
vn -0.0000 -0.2986 0.9544
vn -0.0000 -0.2342 0.9722
vn -0.0000 0.9296 0.3686
vn -0.0000 0.9296 0.3687
vn -0.0000 0.9869 0.1613
vn -0.0000 0.2986 -0.9544
vn -0.0000 0.2342 -0.9722
vn -0.0000 -0.9296 -0.3687
vn -0.0000 -0.9869 -0.1613
vn -0.0000 -0.9869 -0.1614
vn -0.0000 -0.6151 0.7884
vn -0.0000 -0.9925 0.1226
vn -0.0000 0.7884 0.6151
vn -0.0000 0.1226 0.9925
vn -0.0000 0.6151 -0.7884
vn -0.0000 0.6151 -0.7885
vn -0.0000 0.9925 -0.1226
vn -0.0000 -0.7884 -0.6151
vn -0.0000 -0.1226 -0.9925
vn -0.0001 0.2342 -0.9722
vn -0.0000 -0.6151 0.7885
vn -0.0000 -0.7885 -0.6151
vn -0.0000 0.5724 0.8200
vn -0.0000 0.6260 0.7799
vn -0.0000 0.6259 0.7799
vn -0.0000 0.8602 -0.5099
vn -0.0000 0.8602 -0.5100
vn -0.0000 0.7313 -0.6821
vn -0.0000 -0.5724 -0.8200
vn -0.0000 -0.5724 -0.8199
vn -0.0000 -0.6259 -0.7799
vn -0.0000 -0.8602 0.5099
vn -0.0000 -0.8602 0.5100
vn -0.0000 -0.7313 0.6821
vn -0.0000 0.2475 0.9689
vn -0.0000 0.2476 0.9689
vn -0.0000 -0.5100 0.8602
vn -0.0000 0.9689 -0.2476
vn -0.0000 0.8602 0.5100
vn -0.0000 0.8601 0.5101
vn -0.0000 -0.2475 -0.9689
vn -0.0000 -0.2477 -0.9688
vn -0.0000 0.5100 -0.8602
vn -0.0000 -0.9689 0.2476
vn -0.0000 -0.8602 -0.5100
vn -0.1082 -0.0429 -0.9932
vn -0.1082 -0.0500 -0.9929
vn -0.1083 0.0026 -0.9941
vn -0.1083 0.0024 -0.9941
vn 0.1083 0.0024 -0.9941
vn 0.1083 0.0026 -0.9941
vn 0.1082 -0.0500 -0.9929
vn 0.1082 -0.0429 -0.9932
vn 0.0109 0.9931 0.1167
vn 0.0084 0.9959 0.0899
vn -0.0129 0.9929 -0.1182
vn -0.0096 0.9960 -0.0885
vn -0.0084 0.9959 0.0899
vn -0.0109 0.9931 0.1167
vn 0.0096 0.9960 -0.0885
vn 0.0129 0.9929 -0.1182
vn -0.0627 -0.0013 0.9980
vn 0.2238 -0.0012 0.9746
vn -0.1083 0.0273 -0.9937
vn -0.1083 0.0254 -0.9938
vn -0.2238 -0.0012 0.9746
vn 0.0627 -0.0012 0.9980
vn 0.1083 0.0025 -0.9941
vn 0.1083 0.0254 -0.9938
vn 0.1083 0.0273 -0.9937
vn -0.0936 -0.5028 -0.8593
vn -0.0921 -0.5266 -0.8451
vn -0.0750 -0.7211 -0.6888
vn -0.0751 -0.7211 -0.6888
vn 0.0921 -0.5266 -0.8451
vn 0.0936 -0.5028 -0.8593
vn 0.0921 -0.5267 -0.8451
vn 0.0751 -0.7211 -0.6888
vn 0.0937 -0.5028 -0.8593
vn -0.9982 0.0305 -0.0511
vn -0.9984 0.0236 -0.0516
vn 0.9987 0.0291 -0.0408
vn 0.0343 0.9291 0.3682
vn -0.0401 0.9291 -0.3676
vn -0.0995 0.3958 -0.9129
vn -0.0995 0.3959 -0.9129
vn -0.0343 0.9291 0.3682
vn 0.0401 0.9291 -0.3676
vn 0.0995 0.3959 -0.9129
vn 0.0995 0.3958 -0.9129
vn -0.9987 -0.0000 0.0519
vn 0.0042 0.0166 0.9999
vn 0.0038 0.3961 0.9182
vn -0.0031 0.3960 0.9182
vn -0.0034 0.0166 0.9999
vn 0.0015 0.9292 0.3695
vn 0.0004 0.9943 0.1066
vn -0.0004 0.9943 0.1066
vn -0.0012 0.9292 0.3696
vn -0.0000 0.9944 -0.1058
vn -0.0003 0.9292 -0.3696
vn -0.0000 0.9292 -0.3696
vn -0.0001 0.9944 -0.1058
vn -0.0000 0.3960 -0.9183
vn -0.0003 0.0160 -0.9999
vn -0.0005 0.0159 -0.9999
vn -0.0005 0.3960 -0.9183
vn 0.0003 -0.9969 0.0782
vn 0.0015 -0.9292 0.3696
vn -0.0012 -0.9292 0.3696
vn -0.0017 -0.9970 0.0780
vn 0.0038 -0.3961 0.9182
vn 0.0042 -0.0166 0.9999
vn -0.0034 -0.0166 0.9999
vn -0.0031 -0.3961 0.9182
vn -0.1676 -0.9858 -0.0053
vn -0.7123 -0.0057 0.7019
vn -0.5412 -0.0013 0.8409
vn -0.6014 -0.0088 0.7989
vn -0.7109 -0.0114 0.7032
vn 0.5958 -0.0006 0.8031
vn 0.6377 -0.0069 0.7703
vn 0.7223 -0.0052 0.6915
vn 0.7216 -0.0088 0.6922
vn -0.7222 -0.0052 0.6916
vn -0.5957 -0.0019 0.8032
vn -0.6375 -0.0069 0.7704
vn -0.7215 -0.0088 0.6923
vn 0.0627 -0.0013 0.9980
vn 0.5413 0.0004 0.8408
vn 0.6015 -0.0088 0.7988
vn 0.7124 -0.0057 0.7017
vn 0.7111 -0.0114 0.7030
vn 0.1677 -0.9858 -0.0054
vn 0.0480 -0.9988 -0.0016
vn 0.1676 -0.9858 -0.0054
vn -0.0003 -0.0000 -1.0000
vn -0.0005 -0.0000 -1.0000
vn -0.0003 0.0159 -0.9999
vn 0.0294 -0.9949 0.0962
vn -0.2470 0.0171 -0.9689
vn -0.2470 -0.0000 -0.9690
vn 0.0394 0.9908 0.1291
vn -0.0236 0.9954 -0.0933
vn 0.2907 -0.0162 0.9567
vn 0.2907 0.0162 0.9567
vn -0.0001 0.9944 -0.1059
vn 0.0219 0.9954 -0.0936
vn -0.0378 0.9907 0.1307
vn 0.2286 -0.0000 -0.9735
vn 0.2286 0.0172 -0.9734
vn -0.0003 -0.9970 0.0780
vn -0.0281 -0.9948 0.0975
vn -0.0034 0.0167 0.9999
vn -0.2762 0.0162 0.9610
vn -0.2762 -0.0162 0.9610
vn 0.0580 -0.9952 0.0795
vn -0.5591 0.0169 -0.8290
vn -0.5591 -0.0000 -0.8291
vn 0.0776 0.9913 0.1064
vn -0.0532 0.9954 -0.0797
vn 0.5866 -0.0160 0.8097
vn 0.5866 0.0160 0.8097
vn 0.0528 0.9954 -0.0805
vn -0.0771 0.9912 0.1072
vn 0.5525 -0.0000 -0.8335
vn 0.5525 0.0168 -0.8333
vn -0.0575 -0.9951 0.0800
vn -0.5808 0.0160 0.8139
vn -0.5808 -0.0161 0.8139
vn 0.0850 -0.9950 0.0520
vn -0.8356 0.0166 -0.5491
vn -0.8357 -0.0000 -0.5492
vn 0.1132 0.9912 0.0692
vn -0.0764 0.9958 -0.0509
vn 0.8507 -0.0158 0.5254
vn 0.8507 0.0158 0.5254
vn 0.0763 0.9957 -0.0518
vn -0.1127 0.9912 0.0701
vn 0.8307 -0.0000 -0.5567
vn 0.8306 0.0166 -0.5566
vn -0.0846 -0.9950 0.0526
vn -0.8465 0.0158 0.5322
vn -0.8465 -0.0158 0.5322
vn 0.0928 -0.9953 0.0279
vn -0.9557 0.0161 -0.2938
vn 0.1140 0.9929 0.0343
vn -0.0987 0.9946 -0.0304
vn 0.9571 -0.0159 0.2892
vn 0.9572 0.0159 0.2891
vn 0.0983 0.9947 -0.0308
vn -0.1142 0.9928 0.0348
vn 0.9544 0.0161 -0.2980
vn -0.0931 -0.9953 0.0284
vn -0.9560 0.0159 0.2931
vn -0.9560 -0.0159 0.2930
vn -0.9975 0.0481 -0.0525
vn 0.1552 0.9878 0.0079
vn -0.1451 0.9894 -0.0078
vn 0.9978 -0.0415 0.0520
vn 0.9986 -0.0052 0.0523
vn 0.1451 0.9894 -0.0079
vn -0.1552 0.9879 0.0079
vn -0.1105 -0.9939 0.0055
vn -0.9986 -0.0053 0.0525
vn -0.9978 -0.0415 0.0522
vn 0.1105 -0.9939 0.0055
vn -0.9988 0.0291 -0.0406
vn 0.9982 -0.0448 0.0403
vn 0.9988 -0.0288 0.0404
vn 0.9975 0.0481 -0.0526
vn -0.9988 -0.0288 0.0407
vn -0.9982 -0.0448 0.0405
vn -0.9975 -0.0592 0.0381
vn -0.9987 -0.0227 0.0448
vn 0.1057 0.9303 0.3512
vn 0.0038 0.3960 0.9182
vn 0.2672 0.3990 0.8772
vn -0.2539 0.3995 0.8809
vn -0.1002 0.9305 0.3523
vn -0.0003 0.3960 -0.9183
vn -0.2257 0.4009 -0.8879
vn -0.0001 0.9292 -0.3696
vn -0.0908 0.9310 -0.3535
vn -0.0002 0.9292 -0.3696
vn 0.0840 0.9313 -0.3543
vn -0.0004 0.3960 -0.9183
vn 0.2088 0.4018 -0.8916
vn 0.2672 -0.3990 0.8771
vn 0.1058 -0.9303 0.3513
vn -0.1002 -0.9305 0.3523
vn -0.2539 -0.3995 0.8809
vn 0.5397 -0.3966 0.7426
vn 0.1057 -0.9303 0.3513
vn 0.0580 -0.9952 0.0794
vn 0.2152 -0.9294 0.2998
vn -0.5117 0.3974 -0.7617
vn -0.0237 0.9954 -0.0933
vn -0.0533 0.9954 -0.0797
vn -0.2069 0.9297 -0.3047
vn 0.0394 0.9909 0.1291
vn 0.2152 0.9294 0.2998
vn 0.5397 0.3965 0.7426
vn -0.5344 0.3967 0.7464
vn -0.0378 0.9907 0.1308
vn -0.2129 0.9295 0.3013
vn 0.2045 0.9297 -0.3062
vn 0.5056 0.3976 -0.7657
vn -0.0282 -0.9948 0.0975
vn -0.2129 -0.9294 0.3014
vn -0.5344 -0.3967 0.7464
vn 0.7833 -0.3928 0.4818
vn 0.3164 -0.9280 0.1970
vn -0.7673 0.3933 -0.5066
vn -0.3117 0.9281 -0.2036
vn 0.3163 0.9280 0.1970
vn 0.7833 0.3928 0.4818
vn -0.7795 0.3928 0.4880
vn -0.3147 0.9280 0.1995
vn 0.0529 0.9954 -0.0805
vn 0.3098 0.9281 -0.2064
vn 0.7627 0.3933 -0.5134
vn -0.3148 -0.9280 0.1995
vn -0.7795 -0.3928 0.4880
vn 0.8836 -0.3851 0.2664
vn 0.3639 -0.9249 0.1104
vn -0.8821 0.3855 -0.2706
vn -0.0988 0.9946 -0.0304
vn -0.3633 0.9251 -0.1109
vn 0.3638 0.9249 0.1103
vn 0.1140 0.9929 0.0342
vn 0.8836 0.3851 0.2664
vn -0.8824 0.3853 0.2699
vn -0.3632 0.9250 0.1117
vn 0.3626 0.9251 -0.1123
vn 0.8809 0.3857 -0.2744
vn -0.3633 -0.9249 0.1117
vn -0.8824 -0.3853 0.2699
vn 0.9150 -0.4010 0.0455
vn 0.3759 -0.9265 0.0188
vn -0.6837 0.7288 -0.0386
vn 0.7305 0.6818 0.0393
vn 0.1553 0.9878 0.0079
vn -0.7305 0.6818 0.0394
vn 0.6837 0.7287 -0.0387
vn -0.3759 -0.9265 0.0188
vn -0.9149 -0.4010 0.0457
vn 0.9121 -0.4085 0.0352
vn 0.3699 -0.9290 0.0141
vn -0.6802 0.7325 -0.0291
vn -0.8167 0.5760 -0.0354
vn -0.5365 0.8436 -0.0241
vn 0.7357 0.6766 0.0321
vn 0.5621 0.8267 0.0235
vn 0.8555 0.5164 0.0368
vn -0.7357 0.6766 0.0323
vn -0.8556 0.5164 0.0370
vn -0.1552 0.9878 0.0079
vn -0.5621 0.8267 0.0236
vn -0.7357 0.6765 0.0323
vn 0.6801 0.7325 -0.0293
vn 0.5365 0.8436 -0.0242
vn 0.8166 0.5760 -0.0356
vn -0.3698 -0.9290 0.0142
vn -0.9121 -0.4085 0.0354
vn 0.8075 -0.5865 0.0635
vn 0.8075 -0.5864 0.0634
vn -0.8075 -0.5864 0.0637
vn -0.6028 0.6244 0.4967
vn -0.5412 0.0004 0.8409
vn -0.6972 0.5722 0.4319
vn -0.7302 0.5484 0.4074
vn 0.7670 0.3915 0.5084
vn 0.7447 0.4211 0.5178
vn 0.6720 0.4811 0.5630
vn -0.6719 0.4810 0.5632
vn -0.5957 -0.0006 0.8032
vn -0.7446 0.4210 0.5180
vn -0.7223 -0.0052 0.6916
vn -0.7669 0.3914 0.5086
vn 0.7303 0.5485 0.4072
vn 0.7124 -0.0057 0.7018
vn 0.5413 0.0004 0.8409
vn 0.6972 0.5723 0.4317
vn 0.6028 0.6245 0.4966
vn 0.9987 -0.0227 0.0445
vn 0.9975 -0.0592 0.0378
vn 0.9988 -0.0227 0.0445
vn 0.9972 -0.0567 0.0485
vn -0.9972 -0.0567 0.0488
vn -0.9971 -0.0563 0.0505
vn 0.9972 -0.0563 0.0502
vn 0.9982 0.0305 -0.0513
vn 0.0851 0.3959 0.9143
vn 0.1999 -0.8404 0.5038
vn -0.0361 -0.8640 0.5022
vn -0.0402 -0.9000 0.4341
vn 0.2004 -0.8877 0.4144
vn -0.5617 -0.7143 0.4175
vn -0.5615 -0.7128 0.4203
vn -0.5647 -0.7487 0.3471
vn -0.5647 -0.7489 0.3467
vn -0.9310 -0.3054 0.2000
vn -0.9951 -0.0514 0.0849
vn -0.9950 -0.0998 -0.0007
vn -0.9312 -0.3395 0.1329
vn 0.0358 0.2453 0.9688
vn 0.0046 0.2426 0.9701
vn 0.1416 -0.2855 0.9479
vn 0.1748 -0.5242 0.8334
vn -0.0435 -0.4997 0.8651
vn -0.0282 -0.2802 0.9595
vn -0.0669 -0.8531 0.5174
vn 0.3062 -0.8096 0.5008
vn 0.1095 -0.8470 0.5202
vn 0.1075 -0.9040 0.4139
vn 0.3006 -0.8682 0.3948
vn -0.1093 -0.8470 0.5202
vn -0.1098 -0.9038 0.4137
vn -0.3075 -0.8087 0.5014
vn -0.3017 -0.8670 0.3966
vn 0.0053 0.4654 0.8851
vn 0.0754 0.2460 0.9663
vn -0.0045 0.2418 0.9703
vn 0.1997 -0.2767 0.9400
vn 0.2562 -0.5162 0.8172
vn 0.0436 -0.5011 0.8643
vn 0.0283 -0.2818 0.9590
vn 0.2955 -0.8188 0.4922
vn 0.0659 -0.8533 0.5173
vn 0.9951 -0.0508 0.0850
vn 0.9373 -0.2837 0.2024
vn 0.9364 -0.3241 0.1349
vn 0.9949 -0.1011 -0.0018
vn 0.5893 -0.6909 0.4187
vn 0.5894 -0.6898 0.4204
vn 0.5854 -0.7311 0.3504
vn 0.5855 -0.7304 0.3518
vn 0.0548 -0.8625 0.5031
vn -0.1992 -0.8405 0.5039
vn -0.1996 -0.8877 0.4148
vn 0.0528 -0.8975 0.4378
vn 0.2755 0.4503 0.8493
vn 0.5434 0.4221 0.7257
vn 0.7255 0.2850 0.6264
vn 0.8758 0.1707 0.4515
vn 0.8818 0.2470 0.4017
vn 0.9984 0.0474 0.0305
vn -0.0000 0.9056 -0.4242
vn 0.0004 0.9995 0.0316
vn -0.0000 0.9994 0.0334
vn -0.0000 0.9057 -0.4239
vn 0.0008 0.8515 0.5243
vn -0.0000 0.8501 0.5265
vn 0.0030 0.4885 0.8725
vn -0.0000 0.4854 0.8743
vn -0.0000 0.8501 0.5266
vn -0.0001 0.9055 -0.4243
vn -0.0011 0.9996 0.0297
vn 0.1242 0.9921 0.0197
vn 0.1425 0.8960 -0.4205
vn -0.0023 0.8537 0.5208
vn 0.0748 0.8633 0.4991
vn -0.0031 -0.4661 -0.8847
vn -0.0010 -0.2331 -0.9725
vn -0.0000 -0.2299 -0.9732
vn -0.0000 -0.4650 -0.8853
vn -0.0006 0.2878 -0.9577
vn -0.0000 0.2896 -0.9571
vn -0.0002 0.7304 -0.6830
vn -0.0000 0.8580 -0.5137
vn -0.0000 0.8582 -0.5134
vn -0.0000 0.7308 -0.6826
vn 0.0029 -0.2371 -0.9715
vn 0.0322 -0.2497 -0.9678
vn 0.0017 0.2853 -0.9584
vn 0.0976 0.2701 -0.9579
vn 0.0006 0.7298 -0.6836
vn 0.0001 0.8580 -0.5136
vn 0.1425 0.8491 -0.5086
vn 0.1372 0.7185 -0.6819
vn -0.2954 -0.8680 0.3991
vn -0.2568 -0.9655 -0.0423
vn -0.2246 -0.9721 -0.0672
vn -0.1613 -0.8459 -0.5084
vn -0.0913 -0.8344 -0.5435
vn -0.0032 -0.4893 -0.8721
vn 0.0001 -0.4852 -0.8744
vn 0.0727 -0.9044 0.4204
vn 0.0726 -0.9957 -0.0583
vn -0.1742 -0.9841 -0.0357
vn 0.0524 -0.8298 -0.5556
vn -0.0973 -0.8533 -0.5123
vn 0.0138 -0.5228 -0.8523
vn -0.0974 -0.8533 -0.5123
vn 0.9627 -0.1981 -0.1840
vn 0.9651 -0.1073 -0.2388
vn 0.9982 -0.0010 -0.0594
vn 0.7021 -0.4129 -0.5801
vn 0.7028 -0.4091 -0.5821
vn 0.7013 -0.3383 -0.6275
vn 0.7014 -0.3399 -0.6265
vn 0.2452 -0.5163 -0.8205
vn 0.0103 -0.4941 -0.8694
vn 0.2461 -0.4755 -0.8446
vn -0.0593 0.4985 0.8648
vn -0.4705 0.6319 0.6159
vn -0.5306 0.4285 0.7314
vn -0.7599 0.6117 0.2197
vn -0.8756 0.2563 0.4094
vn -0.8650 0.4641 -0.1908
vn -0.9985 0.0459 0.0302
vn -0.0103 -0.4940 -0.8694
vn -0.2466 -0.4755 -0.8445
vn -0.2013 -0.3538 -0.9134
vn -0.7018 -0.3380 -0.6271
vn -0.8699 -0.2259 -0.4385
vn -0.5948 -0.0383 -0.8029
vn -0.5949 -0.0383 -0.8029
vn -0.9983 -0.0020 -0.0580
vn -0.8649 0.4171 -0.2790
vn -0.8335 0.2980 -0.4652
vn -0.0054 0.4653 0.8851
vn -0.0000 0.4681 0.8837
vn -0.0031 0.4886 0.8725
vn -0.1425 0.8491 -0.5086
vn -0.1425 0.8960 -0.4205
vn 0.0001 0.9055 -0.4242
vn -0.0001 0.8580 -0.5136
vn -0.0000 0.9055 -0.4242
vn 0.0031 -0.4662 -0.8847
vn 0.0032 -0.4893 -0.8721
vn -0.0737 -0.9042 0.4206
vn -0.2958 -0.8188 0.4921
vn 0.2954 -0.8682 0.3987
vn -0.4994 0.7869 -0.3624
vn -0.4993 0.7400 -0.4507
vn -0.1425 0.8960 -0.4206
vn 0.1425 0.8960 -0.4206
vn 0.4994 0.7869 -0.3624
vn 0.4993 0.7400 -0.4507
vn 0.8650 0.4640 -0.1908
vn 0.8650 0.4171 -0.2791
vn -0.0136 -0.5229 -0.8523
vn -0.0102 -0.4941 -0.8694
vn -0.2565 -0.5146 0.8181
vn -0.0752 0.2474 0.9660
vn -0.1997 -0.2745 0.9406
vn -0.2911 -0.4713 0.8325
vn -0.1332 0.2532 0.9582
vn -0.2590 -0.2963 0.9193
vn 0.1337 0.2510 0.9587
vn 0.2592 -0.3000 0.9180
vn 0.2904 -0.4748 0.8308
vn -0.1713 -0.5258 0.8332
vn -0.0331 0.2445 0.9691
vn -0.1377 -0.2875 0.9478
vn 0.0011 0.9996 0.0298
vn -0.1241 0.9921 0.0197
vn 0.0023 0.8537 0.5207
vn -0.0748 0.8633 0.4991
vn -0.0084 0.5192 0.8546
vn 0.0023 0.8537 0.5208
vn -0.0004 0.9995 0.0316
vn -0.0008 0.8515 0.5243
vn -0.0023 0.8537 0.5207
vn 0.2701 0.8097 0.5210
vn 0.4377 0.8965 0.0680
vn -0.0029 -0.2371 -0.9715
vn -0.0322 -0.2497 -0.9678
vn -0.0006 0.7298 -0.6837
vn -0.1372 0.7185 -0.6818
vn -0.0017 0.2853 -0.9584
vn -0.0976 0.2701 -0.9579
vn 0.0010 -0.2330 -0.9725
vn 0.0006 0.2877 -0.9577
vn 0.0002 0.7304 -0.6830
vn 0.4808 0.6090 -0.6308
vn 0.1137 -0.2790 -0.9535
vn 0.3410 0.1840 -0.9219
vn 0.3411 0.1839 -0.9218
vn 0.1737 -0.9842 -0.0350
vn -0.0718 -0.9957 -0.0584
vn 0.0970 -0.8536 -0.5119
vn -0.0521 -0.8297 -0.5558
vn 0.0971 -0.8536 -0.5119
vn -0.0522 -0.8297 -0.5558
vn 0.2257 -0.9716 -0.0716
vn 0.2569 -0.9655 -0.0424
vn 0.0920 -0.8321 -0.5470
vn 0.1609 -0.8454 -0.5093
vn -0.0313 0.5161 0.8559
vn -0.2701 0.8097 0.5210
vn -0.4377 0.8965 0.0679
vn -0.8694 0.1797 0.4602
vn -0.5216 0.3823 0.7628
vn -0.2459 -0.5164 -0.8203
vn -0.7032 -0.4094 -0.5813
vn -0.8709 -0.3094 -0.3818
vn -0.4811 0.6088 -0.6308
vn -0.1136 -0.2790 -0.9536
vn -0.3411 0.1839 -0.9219
vn -0.1136 -0.2790 -0.9535
vn 0.0313 0.5161 0.8559
vn 0.4707 0.6321 0.6156
vn 0.7600 0.6118 0.2193
vn 0.8335 0.2980 -0.4652
vn 0.1136 -0.2790 -0.9536
vn 0.2013 -0.3542 -0.9133
vn 0.5947 -0.0386 -0.8030
vn 0.5948 -0.0387 -0.8030
vn -0.1745 0.2346 0.9563
vn -0.9122 -0.1895 0.3633
vn -0.0059 -0.7593 0.6507
vn -0.3411 -0.4725 0.8126
vn -0.3788 -0.1708 0.9096
vn 0.1337 0.2511 0.9587
vn -0.0000 0.4680 0.8837
vn -0.1331 0.2532 0.9582
vn 0.0037 0.1616 0.9868
vn 0.0428 -0.7607 0.6477
vn 0.2111 0.2319 0.9496
vn 0.4399 -0.1662 0.8825
vn -0.9152 -0.4003 -0.0474
vn -0.1792 -0.6877 -0.7035
vn -0.3644 -0.9285 -0.0715
vn -0.0271 -0.9664 0.2556
vn -0.0974 -0.8532 -0.5123
vn 0.1776 -0.6847 -0.7069
vn 0.9178 -0.3945 -0.0457
vn 0.0297 -0.9667 0.2542
vn 0.3680 -0.9268 -0.0743
vn 0.4027 -0.8373 -0.3698
vn 0.0102 -0.4940 -0.8694
vn 0.0240 0.8474 -0.5304
vn 0.0184 0.5343 -0.8451
vn -0.0184 0.5344 -0.8451
vn -0.0240 0.8474 -0.5304
vn 0.0184 0.5344 -0.8451
vn 0.0095 0.1257 -0.9920
vn -0.0095 0.1257 -0.9920
vn -0.0012 -0.3045 -0.9525
vn 0.0012 -0.3044 -0.9525
vn -0.0012 -0.3044 -0.9525
vn -0.0121 -0.6829 -0.7304
vn 0.0121 -0.6829 -0.7304
vn -0.0209 -0.9342 -0.3561
vn 0.0210 -0.9342 -0.3561
vn -0.0255 -0.9948 0.0990
vn 0.0255 -0.9948 0.0990
vn -0.0243 -0.8466 0.5317
vn 0.0243 -0.8466 0.5317
vn -0.0179 -0.5303 0.8476
vn 0.0179 -0.5303 0.8476
vn -0.0081 -0.1187 0.9929
vn 0.0081 -0.1187 0.9929
vn 0.0030 0.3121 0.9500
vn -0.0030 0.3121 0.9500
vn 0.0135 0.6885 0.7251
vn -0.0135 0.6885 0.7251
vn 0.0214 0.9362 0.3507
vn -0.0214 0.9360 0.3513
vn 0.0251 0.9945 -0.1014
vn -0.0252 0.9945 -0.1014
vn 0.3246 0.7154 -0.6187
vn 0.2585 0.3824 -0.8871
vn 0.1475 -0.0163 -0.9889
vn 0.0063 -0.4130 -0.9107
vn 0.0063 -0.4129 -0.9107
vn -0.1468 -0.7384 -0.6582
vn -0.2839 -0.9215 -0.2651
vn -0.3672 -0.9100 0.1925
vn -0.3669 -0.7037 0.6085
vn -0.2833 -0.3566 0.8903
vn -0.1440 0.0541 0.9881
vn 0.0159 0.4524 0.8917
vn 0.0159 0.4523 0.8917
vn 0.1653 0.7674 0.6195
vn 0.2775 0.9351 0.2202
vn 0.3329 0.9159 -0.2244
vn -0.2585 0.3824 -0.8871
vn -0.3246 0.7154 -0.6187
vn -0.1475 -0.0163 -0.9889
vn -0.0063 -0.4130 -0.9107
vn 0.1468 -0.7384 -0.6582
vn -0.0063 -0.4129 -0.9107
vn 0.2839 -0.9215 -0.2651
vn 0.3672 -0.9100 0.1925
vn 0.3669 -0.7037 0.6085
vn 0.2833 -0.3566 0.8903
vn 0.1440 0.0541 0.9881
vn -0.0159 0.4523 0.8917
vn -0.1653 0.7674 0.6195
vn -0.0159 0.4524 0.8917
vn -0.2775 0.9351 0.2202
vn -0.3329 0.9159 -0.2244
vn 0.5602 0.4929 -0.6657
vn 0.4224 0.1551 -0.8930
vn 0.2152 -0.2003 -0.9558
vn -0.0390 -0.5178 -0.8546
vn -0.3171 -0.7414 -0.5914
vn -0.5642 -0.8040 -0.1876
vn -0.6895 -0.6723 0.2694
vn -0.6424 -0.3996 0.6540
vn -0.4559 -0.0691 0.8874
vn -0.4559 -0.0692 0.8873
vn -0.1964 0.2637 0.9444
vn 0.0804 0.5590 0.8253
vn 0.3325 0.7703 0.5442
vn 0.5183 0.8434 0.1419
vn 0.5986 0.7441 -0.2966
vn -0.4224 0.1551 -0.8930
vn -0.5602 0.4929 -0.6657
vn -0.2152 -0.2003 -0.9558
vn 0.0391 -0.5178 -0.8546
vn 0.3171 -0.7414 -0.5914
vn 0.5642 -0.8040 -0.1876
vn 0.6895 -0.6723 0.2694
vn 0.6424 -0.3996 0.6540
vn 0.4559 -0.0691 0.8874
vn 0.1964 0.2637 0.9444
vn 0.4559 -0.0692 0.8873
vn -0.0804 0.5590 0.8253
vn -0.3325 0.7703 0.5442
vn -0.5183 0.8434 0.1419
vn -0.5986 0.7441 -0.2966
vn 0.4225 0.1551 -0.8930
vn 0.6713 0.2779 -0.6871
vn 0.4510 -0.0362 -0.8918
vn 0.1597 -0.3282 -0.9310
vn -0.1639 -0.5575 -0.8138
vn -0.4811 -0.6859 -0.5459
vn -0.7258 -0.6714 -0.1500
vn -0.8134 -0.5022 0.2936
vn -0.7106 -0.2284 0.6655
vn -0.4631 0.0746 0.8832
vn -0.1446 0.3530 0.9244
vn 0.1868 0.5747 0.7968
vn 0.4862 0.7064 0.5143
vn 0.6995 0.7060 0.1107
vn 0.7673 0.5508 -0.3285
vn -0.4225 0.1551 -0.8930
vn -0.4510 -0.0362 -0.8918
vn -0.6713 0.2779 -0.6871
vn -0.1597 -0.3282 -0.9310
vn 0.1639 -0.5575 -0.8138
vn 0.4811 -0.6859 -0.5459
vn 0.7258 -0.6714 -0.1500
vn 0.8134 -0.5022 0.2935
vn 0.7106 -0.2284 0.6655
vn 0.4631 0.0746 0.8832
vn 0.1446 0.3530 0.9244
vn -0.1868 0.5747 0.7968
vn -0.4863 0.7064 0.5143
vn -0.6995 0.7060 0.1107
vn -0.7673 0.5508 -0.3285
vn 0.7835 0.1093 -0.6117
vn 0.5199 -0.1624 -0.8386
vn 0.1811 -0.3825 -0.9060
vn -0.1837 -0.5278 -0.8293
vn -0.5389 -0.5809 -0.6100
vn -0.8202 -0.5169 -0.2451
vn -0.9214 -0.3259 0.2115
vn -0.7861 -0.0588 0.6153
vn -0.4884 0.2005 0.8492
vn -0.1329 0.4077 0.9034
vn 0.2260 0.5498 0.8041
vn 0.2261 0.5498 0.8041
vn 0.5571 0.6102 0.5633
vn 0.8068 0.5579 0.1945
vn 0.8955 0.3765 -0.2375
vn -0.5199 -0.1624 -0.8386
vn -0.7835 0.1093 -0.6117
vn -0.1811 -0.3825 -0.9060
vn 0.1837 -0.5278 -0.8293
vn 0.5389 -0.5809 -0.6100
vn 0.8202 -0.5169 -0.2451
vn 0.9215 -0.3259 0.2115
vn 0.7861 -0.0588 0.6153
vn 0.9214 -0.3259 0.2115
vn 0.4884 0.2006 0.8492
vn 0.1329 0.4076 0.9034
vn -0.2261 0.5498 0.8041
vn -0.5571 0.6102 0.5633
vn -0.8068 0.5579 0.1945
vn -0.8955 0.3765 -0.2375
vn 0.8548 -0.0404 -0.5173
vn 0.5682 -0.2605 -0.7806
vn 0.1998 -0.4153 -0.8875
vn -0.1925 -0.4932 -0.8484
vn -0.5690 -0.4855 -0.6637
vn -0.8656 -0.3785 -0.3278
vn -0.9776 -0.1766 0.1146
vn -0.8458 0.0658 0.5295
vn -0.5382 0.2771 0.7960
vn -0.1603 0.4240 0.8914
vn 0.2275 0.5004 0.8354
vn 0.5888 0.4978 0.6367
vn 0.5889 0.4978 0.6367
vn 0.8662 0.3992 0.3005
vn 0.9713 0.2036 -0.1230
vn -0.5681 -0.2606 -0.7806
vn -0.8548 -0.0404 -0.5173
vn -0.1997 -0.4153 -0.8875
vn 0.1924 -0.4932 -0.8484
vn 0.5690 -0.4855 -0.6637
vn 0.1925 -0.4932 -0.8484
vn 0.8656 -0.3785 -0.3278
vn 0.9776 -0.1765 0.1146
vn 0.8457 0.0658 0.5295
vn 0.5382 0.2770 0.7960
vn 0.1604 0.4240 0.8914
vn 0.5382 0.2771 0.7960
vn -0.2275 0.5004 0.8354
vn -0.5889 0.4978 0.6367
vn -0.8662 0.3992 0.3005
vn -0.9713 0.2036 -0.1230
vn 0.8738 -0.2572 -0.4126
vn 0.5713 -0.4407 -0.6924
vn 0.1997 -0.4153 -0.8875
vn 0.1975 -0.5296 -0.8249
vn -0.1916 -0.5318 -0.8249
vn -0.5664 -0.4469 -0.6924
vn -0.8716 -0.2655 -0.4121
vn -1.0000 -0.0042 -0.0077
vn -0.8785 0.2591 0.4015
vn -0.5725 0.4438 0.6894
vn -0.1927 0.5313 0.8249
vn 0.2015 0.5317 0.8226
vn 0.5785 0.4453 0.6834
vn 0.5786 0.4453 0.6834
vn 0.8802 0.2629 0.3950
vn 0.9999 0.0029 -0.0110
vn -0.5713 -0.4408 -0.6924
vn -0.8738 -0.2572 -0.4126
vn -0.5682 -0.2606 -0.7806
vn -0.1975 -0.5296 -0.8249
vn -0.5713 -0.4407 -0.6924
vn 0.1916 -0.5318 -0.8249
vn 0.5664 -0.4469 -0.6924
vn 0.8716 -0.2655 -0.4121
vn 0.5665 -0.4469 -0.6924
vn 1.0000 -0.0042 -0.0077
vn 0.8785 0.2591 0.4015
vn 0.5725 0.4438 0.6894
vn 0.1927 0.5314 0.8249
vn -0.2015 0.5317 0.8226
vn -0.5785 0.4453 0.6834
vn -0.8802 0.2630 0.3950
vn -0.9999 0.0029 -0.0110
vn 0.8747 -0.2782 -0.3969
vn 0.5706 -0.4686 -0.6744
vn 0.1949 -0.5582 -0.8065
vn -0.1960 -0.5569 -0.8071
vn -0.5714 -0.4648 -0.6763
vn -0.8751 -0.2724 -0.4000
vn -1.0000 0.0017 -0.0044
vn -0.8771 0.2758 0.3932
vn -0.5735 0.4676 0.6727
vn -0.1967 0.5581 0.8061
vn 0.1957 0.5570 0.8071
vn 0.5727 0.4643 0.6756
vn 0.5727 0.4644 0.6756
vn 0.8769 0.2706 0.3972
vn 1.0000 -0.0046 -0.0002
vn -0.5706 -0.4686 -0.6744
vn -0.8747 -0.2782 -0.3969
vn -0.1948 -0.5582 -0.8065
vn 0.1960 -0.5569 -0.8071
vn 0.5714 -0.4648 -0.6764
vn 0.8751 -0.2724 -0.4000
vn 0.5714 -0.4648 -0.6763
vn 1.0000 0.0017 -0.0043
vn 0.8772 0.2758 0.3931
vn 0.5734 0.4676 0.6727
vn 0.1966 0.5581 0.8061
vn -0.1956 0.5570 0.8071
vn -0.5726 0.4644 0.6756
vn -0.8769 0.2706 0.3972
vn -1.0000 -0.0047 -0.0002
vn 0.8761 -0.2804 -0.3921
vn 0.5726 -0.4767 -0.6670
vn 0.1964 -0.5700 -0.7978
vn -0.1956 -0.5701 -0.7980
vn -0.5720 -0.4767 -0.6675
vn -0.8759 -0.2803 -0.3927
vn -1.0000 0.0001 -0.0002
vn -0.8759 0.2806 0.3925
vn -0.5719 0.4770 0.6674
vn -0.1953 0.5702 0.7980
vn 0.1965 0.5699 0.7978
vn 0.5727 0.4764 0.6671
vn 0.5727 0.4765 0.6671
vn 0.8763 0.2799 0.3921
vn 1.0000 -0.0003 -0.0000
vn -0.5727 -0.4767 -0.6670
vn -0.8762 -0.2804 -0.3921
vn -0.1963 -0.5700 -0.7978
vn -0.5726 -0.4767 -0.6670
vn 0.1956 -0.5701 -0.7980
vn 0.5720 -0.4767 -0.6675
vn 0.8760 -0.2802 -0.3926
vn 1.0000 0.0001 -0.0002
vn 0.8761 0.2805 0.3922
vn 0.5718 0.4770 0.6675
vn 0.1952 0.5702 0.7980
vn 0.5718 0.4770 0.6674
vn -0.1965 0.5700 0.7978
vn -0.5726 0.4765 0.6672
vn -0.8763 0.2799 0.3921
vn -1.0000 -0.0003 -0.0000
vn -0.0222 -0.0797 0.9966
vn -0.0189 -0.0795 0.9967
vn 0.0189 -0.0795 0.9967
vn 0.0222 -0.0797 0.9966
vn -0.0000 -0.0784 -0.9969
vn 0.9963 -0.0661 0.0544
vn 0.9965 -0.0663 0.0518
vn 0.9972 -0.0679 0.0309
vn -0.9972 -0.0679 0.0309
vn -0.9965 -0.0663 0.0518
vn -0.9963 -0.0661 0.0544
vn -0.8864 -0.0561 0.4596
vn -0.8812 -0.0568 0.4694
vn -0.5766 -0.0845 0.8127
vn -0.5701 -0.0849 0.8171
vn 0.5766 -0.0845 0.8127
vn 0.5701 -0.0849 0.8172
vn 0.8864 -0.0561 0.4596
vn 0.8812 -0.0568 0.4694
vn 0.5701 -0.0849 0.8171
vn -0.0000 0.0783 -0.9969
vn -0.0000 0.4218 -0.9067
vn -0.2565 0.8778 -0.4045
vn 0.2565 0.8778 -0.4045
vn -0.0057 0.9999 -0.0090
vn 0.0057 0.9999 -0.0090
vn -0.0095 0.8513 0.5245
vn 0.0095 0.8513 0.5245
vn -0.0169 0.4860 0.8738
vn 0.0169 0.4860 0.8738
vn -0.0200 0.0872 0.9960
vn 0.0200 0.0872 0.9960
vn 0.0169 0.4859 0.8738
vn -0.0202 -0.0000 0.9998
vn 0.0202 -0.0001 0.9998
vn -0.0000 -0.0000 -1.0000
vn 0.9943 0.0876 0.0600
vn 0.9982 -0.0000 0.0603
vn 0.9992 -0.0000 0.0390
vn 0.9962 0.0783 0.0389
vn -0.9992 -0.0000 0.0390
vn -0.9982 -0.0000 0.0603
vn -0.9943 0.0876 0.0600
vn -0.9962 0.0783 0.0389
vn -0.8890 -0.0000 0.4580
vn -0.8856 0.0878 0.4560
vn -0.6019 -0.0000 0.7986
vn -0.5996 0.0881 0.7955
vn -0.6019 0.0001 0.7986
vn 0.6019 -0.0000 0.7986
vn 0.5995 0.0881 0.7955
vn 0.8890 -0.0000 0.4580
vn 0.8856 0.0878 0.4560
vn 0.5996 0.0881 0.7955
vn -0.9060 0.4219 0.0353
vn -0.8705 0.4893 0.0523
vn -0.5179 0.8549 0.0308
vn 0.5179 0.8549 0.0308
vn 0.9060 0.4219 0.0353
vn 0.8705 0.4893 0.0523
vn -0.7774 0.4863 0.3989
vn -0.4704 0.8493 0.2397
vn 0.5267 0.4844 0.6985
vn 0.3220 0.8452 0.4265
vn -0.5268 0.4844 0.6985
vn -0.3220 0.8452 0.4265
vn -0.5267 0.4844 0.6985
vn 0.7774 0.4863 0.3989
vn 0.4704 0.8493 0.2397
vn 0.9000 0.0631 -0.4312
vn 0.6229 0.1489 -0.7680
vn 0.6235 0.1931 -0.7576
vn 0.9010 0.1072 -0.4204
vn 0.6228 0.1489 -0.7680
vn 0.2223 0.1966 -0.9550
vn 0.2225 0.2408 -0.9447
vn -0.2223 0.1966 -0.9550
vn -0.2225 0.2408 -0.9447
vn -0.6228 0.1489 -0.7680
vn -0.6235 0.1931 -0.7576
vn -0.9000 0.0631 -0.4312
vn -0.9010 0.1072 -0.4204
vn -0.9990 -0.0440 -0.0112
vn -0.9000 -0.1511 0.4088
vn -0.9010 -0.1072 0.4204
vn -0.6228 -0.2370 0.7456
vn -0.6235 -0.1932 0.7576
vn -0.2223 -0.2846 0.9325
vn -0.2225 -0.2408 0.9447
vn -0.6235 -0.1931 0.7576
vn 0.2223 -0.2846 0.9325
vn 0.2225 -0.2408 0.9447
vn 0.6228 -0.2370 0.7456
vn 0.6235 -0.1932 0.7576
vn 0.9000 -0.1511 0.4088
vn 0.9010 -0.1072 0.4204
vn 0.9990 -0.0440 -0.0112
vn 0.9008 0.0863 -0.4257
vn 0.6233 0.1722 -0.7628
vn 0.6233 0.1722 -0.7627
vn 0.2225 0.2199 -0.9498
vn -0.2225 0.2199 -0.9498
vn -0.6234 0.1722 -0.7627
vn -0.9008 0.0863 -0.4256
vn -0.9998 -0.0209 -0.0053
vn -0.9008 -0.1280 0.4150
vn -0.6233 -0.2140 0.7521
vn -0.2225 -0.2617 0.9392
vn 0.2225 -0.2617 0.9392
vn 0.6234 -0.2140 0.7521
vn 0.6233 -0.2140 0.7521
vn 0.9008 -0.1280 0.4150
vn 0.9998 -0.0209 -0.0053
vn 0.8857 0.2830 -0.3680
vn 0.6134 0.3782 -0.6933
vn 0.2186 0.4183 -0.8816
vn -0.2150 0.4307 -0.8765
vn -0.6118 0.3763 -0.6958
vn -0.8812 0.3041 -0.3620
vn -0.9808 0.1891 0.0482
vn -0.8812 0.0937 0.4634
vn -0.6118 -0.0027 0.7910
vn -0.6118 -0.0028 0.7910
vn -0.2150 -0.0416 0.9757
vn 0.2186 -0.0549 0.9743
vn 0.6134 0.0001 0.7897
vn 0.8857 0.0722 0.4586
vn 0.9813 0.1867 0.0476
vn 0.8776 -0.1155 -0.4653
vn 0.6063 -0.0059 -0.7952
vn 0.2169 0.0056 -0.9762
vn -0.2243 0.0327 -0.9740
vn -0.6038 -0.0518 -0.7955
vn -0.8814 -0.1036 -0.4609
vn -0.9678 -0.2439 -0.0622
vn -0.8814 -0.3116 0.3551
vn -0.6037 -0.4264 0.6736
vn -0.2242 -0.4376 0.8708
vn -0.2243 -0.4376 0.8707
vn 0.2169 -0.4624 0.8597
vn 0.6063 -0.3859 0.6953
vn 0.8776 -0.3242 0.3532
vn 0.9800 -0.1929 -0.0492
vn 0.5268 -0.7234 -0.4463
vn 0.3582 -0.6836 -0.6360
vn 0.3582 -0.6836 -0.6359
vn 0.1267 -0.6585 -0.7419
vn -0.1229 -0.6694 -0.7326
vn -0.3451 -0.7004 -0.6248
vn -0.4924 -0.7526 -0.4372
vn -0.5459 -0.8119 -0.2070
vn -0.4924 -0.8701 0.0236
vn -0.6038 -0.4264 0.6736
vn -0.3451 -0.9140 0.2132
vn -0.1229 -0.9385 0.3227
vn 0.1267 -0.9333 0.3361
vn 0.6063 -0.3858 0.6954
vn 0.3582 -0.9046 0.2311
vn 0.5268 -0.8488 0.0455
vn 0.5799 -0.7894 -0.2013
vn 0.3675 -0.8407 -0.3977
vn 0.2235 -0.8380 -0.4978
vn 0.0868 -0.7940 -0.6017
vn -0.0724 -0.8282 -0.5557
vn -0.2397 -0.8215 -0.5174
vn -0.2983 -0.8782 -0.3739
vn -0.3770 -0.8975 -0.2288
vn -0.2981 -0.9501 -0.0920
vn -0.2396 -0.9689 0.0610
vn -0.0724 -0.9932 0.0914
vn 0.0868 -0.9852 0.1481
vn 0.2235 -0.9740 0.0357
vn 0.3676 -0.9284 -0.0537
vn 0.3605 -0.9038 -0.2304
vn -0.9000 0.0885 -0.4267
vn -0.9010 0.1319 -0.4133
vn -0.6235 0.2377 -0.7448
vn -0.6229 0.1942 -0.7578
vn -0.6228 0.1942 -0.7579
vn -0.2225 0.2965 -0.9288
vn -0.2223 0.2529 -0.9416
vn 0.2225 0.2965 -0.9288
vn 0.2223 0.2529 -0.9416
vn 0.6235 0.2377 -0.7448
vn 0.6228 0.1942 -0.7579
vn 0.6228 0.1942 -0.7578
vn 0.9010 0.1319 -0.4133
vn 0.9000 0.0885 -0.4267
vn 0.9990 -0.0433 -0.0138
vn 0.9010 -0.1319 0.4133
vn 0.9000 -0.1751 0.3991
vn 0.6235 -0.2378 0.7448
vn 0.6228 -0.2808 0.7302
vn 0.2225 -0.2965 0.9288
vn 0.2223 -0.3394 0.9140
vn -0.2225 -0.2965 0.9288
vn -0.2223 -0.3394 0.9140
vn -0.6235 -0.2378 0.7448
vn -0.6228 -0.2808 0.7302
vn -0.9010 -0.1319 0.4133
vn -0.9000 -0.1751 0.3991
vn -0.9990 -0.0433 -0.0138
vn -0.6233 0.2172 -0.7512
vn -0.9008 0.1114 -0.4198
vn -0.2225 0.2759 -0.9351
vn 0.2225 0.2759 -0.9351
vn 0.6234 0.2172 -0.7512
vn 0.9008 0.1114 -0.4198
vn 0.6233 0.2172 -0.7512
vn 0.9998 -0.0205 -0.0066
vn 0.9008 -0.1524 0.4067
vn 0.6233 -0.2582 0.7381
vn 0.2225 -0.3169 0.9220
vn -0.2225 -0.3169 0.9220
vn -0.6233 -0.2582 0.7381
vn -0.9008 -0.1524 0.4067
vn -0.9998 -0.0205 -0.0065
vn -0.6134 0.4186 -0.6696
vn -0.8857 0.3043 -0.3506
vn -0.2186 0.4698 -0.8553
vn -0.6134 0.4187 -0.6697
vn 0.2150 0.4819 -0.8494
vn 0.6118 0.4169 -0.6722
vn 0.8812 0.3251 -0.3433
vn 0.9808 0.1859 0.0593
vn 0.8812 0.0661 0.4682
vn 0.6118 -0.0497 0.7895
vn 0.2150 -0.0994 0.9716
vn 0.6118 -0.0497 0.7894
vn -0.2186 -0.1126 0.9693
vn -0.6134 -0.0468 0.7884
vn -0.8857 0.0449 0.4621
vn -0.9813 0.1836 0.0586
vn -0.6063 0.0413 -0.7942
vn -0.8776 -0.0877 -0.4713
vn -0.2169 0.0635 -0.9741
vn -0.6063 0.0413 -0.7941
vn 0.2243 0.0904 -0.9703
vn 0.6038 -0.0045 -0.7972
vn 0.8814 -0.0761 -0.4663
vn 0.9678 -0.2397 -0.0765
vn 0.8814 -0.3321 0.3360
vn 0.6037 -0.4656 0.6471
vn 0.2242 -0.4885 0.8433
vn -0.2169 -0.5126 0.8308
vn 0.2243 -0.4885 0.8432
vn -0.6063 -0.4264 0.6712
vn -0.8776 -0.3445 0.3333
vn -0.6063 -0.4265 0.6712
vn -0.9800 -0.1896 -0.0605
vn -0.3582 -0.6446 -0.6754
vn -0.5268 -0.6956 -0.4885
vn -0.1267 -0.6133 -0.7796
vn 0.1229 -0.6248 -0.7711
vn 0.6037 -0.0045 -0.7972
vn 0.3451 -0.6621 -0.6653
vn 0.8814 -0.0760 -0.4663
vn 0.4924 -0.7253 -0.4811
vn 0.3451 -0.6620 -0.6653
vn 0.6037 -0.0046 -0.7972
vn 0.5459 -0.7982 -0.2548
vn 0.4924 -0.8699 -0.0281
vn 0.6038 -0.4656 0.6471
vn 0.3451 -0.9250 0.1586
vn 0.2243 -0.4885 0.8433
vn 0.1229 -0.9560 0.2665
vn -0.1267 -0.9516 0.2801
vn -0.3582 -0.9167 0.1770
vn -0.5268 -0.8500 -0.0049
vn -0.5799 -0.7761 -0.2477
vn -0.2235 -0.8070 -0.5465
vn -0.3675 -0.8157 -0.4468
vn -0.0871 -0.7569 -0.6476
vn 0.0724 -0.7938 -0.6039
vn 0.2392 -0.7892 -0.5656
vn 0.2982 -0.8544 -0.4255
vn 0.3770 -0.8824 -0.2817
vn 0.2982 -0.9429 -0.1482
vn 0.2396 -0.9709 0.0034
vn 0.0724 -0.9968 0.0323
vn -0.0868 -0.9922 0.0894
vn -0.2236 -0.9744 -0.0222
vn -0.3675 -0.9237 -0.1084
vn -0.5799 -0.7761 -0.2478
vn -0.3605 -0.8886 -0.2836
vn -0.9000 -0.2454 -0.3601
vn -0.9010 -0.2056 -0.3821
vn -0.6235 -0.3705 -0.6885
vn -0.6229 -0.4101 -0.6662
vn -0.6228 -0.4101 -0.6662
vn -0.2225 -0.4620 -0.8585
vn -0.2223 -0.5015 -0.8361
vn 0.2225 -0.4620 -0.8585
vn 0.2223 -0.5015 -0.8361
vn 0.6235 -0.3705 -0.6885
vn 0.6228 -0.4101 -0.6662
vn 0.9010 -0.2056 -0.3821
vn 0.9000 -0.2454 -0.3602
vn 0.9990 -0.0400 0.0215
vn 0.9010 0.2056 0.3821
vn 0.9000 0.1654 0.4032
vn 0.6235 0.3705 0.6885
vn 0.6228 0.3301 0.7093
vn 0.6235 0.3706 0.6884
vn 0.2225 0.4620 0.8585
vn 0.2223 0.4215 0.8791
vn -0.2225 0.4620 0.8585
vn -0.2223 0.4215 0.8791
vn -0.6235 0.3705 0.6885
vn -0.6228 0.3301 0.7093
vn -0.9010 0.2056 0.3821
vn -0.9000 0.1654 0.4032
vn -0.9990 -0.0400 0.0215
vn -0.6233 -0.3894 -0.6781
vn -0.9008 -0.2245 -0.3718
vn -0.2225 -0.4809 -0.8481
vn 0.2225 -0.4809 -0.8481
vn 0.6234 -0.3894 -0.6781
vn 0.9008 -0.2245 -0.3718
vn 0.6233 -0.3894 -0.6781
vn 0.9998 -0.0190 0.0102
vn 0.9008 0.1866 0.3922
vn 0.6233 0.3514 0.6985
vn 0.2225 0.4429 0.8685
vn -0.2225 0.4429 0.8685
vn -0.6233 0.3515 0.6985
vn -0.9008 0.1866 0.3922
vn -0.6233 0.3514 0.6985
vn -0.9998 -0.0190 0.0102
vn -0.6134 -0.1908 -0.7664
vn -0.8857 -0.0407 -0.4624
vn -0.2186 -0.2887 -0.9321
vn 0.2150 -0.2761 -0.9368
vn 0.6118 -0.1938 -0.7669
vn 0.8812 -0.0211 -0.4723
vn 0.9808 0.1718 -0.0925
vn 0.8812 0.3826 0.2777
vn 0.6118 0.5333 0.5842
vn 0.2149 0.6297 0.7465
vn -0.2186 0.6189 0.7544
vn -0.6134 0.5345 0.5814
vn -0.8857 0.3635 0.2888
vn -0.9813 0.1697 -0.0913
vn -0.6063 -0.5425 -0.5815
vn -0.8776 -0.3999 -0.2644
vn -0.2169 -0.6565 -0.7225
vn 0.2243 -0.6350 -0.7392
vn 0.6038 -0.5765 -0.5506
vn 0.2243 -0.6351 -0.7392
vn 0.8814 -0.3882 -0.2693
vn 0.9678 -0.2216 0.1193
vn 0.8814 0.0109 0.4723
vn 0.6038 0.1419 0.7844
vn 0.2150 0.6297 0.7465
vn 0.2243 0.2671 0.9372
vn -0.2169 0.2413 0.9459
vn -0.6063 0.1865 0.7730
vn -0.8776 0.0004 0.4794
vn -0.6063 0.1865 0.7731
vn -0.9800 -0.1753 0.0943
vn -0.3582 -0.9336 -0.0056
vn -0.5268 -0.8346 0.1609
vn -0.1267 -0.9868 -0.1005
vn -0.6063 -0.5424 -0.5815
vn 0.1229 -0.9887 -0.0864
vn 0.3451 -0.9384 0.0140
vn 0.8814 -0.3882 -0.2692
vn 0.4924 -0.8500 0.1874
vn 0.5459 -0.7378 0.3970
vn 0.4924 -0.6246 0.6062
vn 0.3451 -0.5286 0.7755
vn 0.1229 -0.4725 0.8727
vn -0.1267 -0.4597 0.8790
vn -0.3582 -0.5096 0.7823
vn -0.5268 -0.5941 0.6079
vn -0.5799 -0.7174 0.3861
vn -0.2235 -0.9538 0.2007
vn -0.3675 -0.8881 0.2762
vn -0.0868 -0.9917 0.0944
vn 0.0724 -0.9858 0.1513
vn 0.2393 -0.9551 0.1747
vn 0.2982 -0.8997 0.3189
vn 0.5459 -0.7378 0.3971
vn 0.3770 -0.8156 0.4389
vn 0.2982 -0.7617 0.5752
vn 0.3452 -0.5286 0.7755
vn 0.2396 -0.6721 0.7006
vn 0.1229 -0.4726 0.8727
vn 0.0724 -0.6693 0.7394
vn -0.0872 -0.6251 0.7756
vn -0.2235 -0.6929 0.6855
vn -0.3675 -0.7197 0.5891
vn -0.5799 -0.7174 0.3860
vn -0.3605 -0.8214 0.4420
vn 0.9000 -0.2454 -0.3601
vn 0.6229 -0.4101 -0.6662
vn -0.9000 -0.2454 -0.3602
vn -0.6235 0.3704 0.6885
vn -0.6234 -0.3894 -0.6781
vn 0.6233 0.3515 0.6985
vn 0.8857 -0.0407 -0.4624
vn 0.6134 -0.1908 -0.7664
vn 0.2186 -0.2887 -0.9321
vn -0.2150 -0.2761 -0.9368
vn -0.6118 -0.1938 -0.7669
vn -0.8812 -0.0211 -0.4723
vn -0.9808 0.1718 -0.0925
vn -0.8812 0.3826 0.2777
vn -0.6118 0.5333 0.5842
vn -0.2149 0.6297 0.7465
vn 0.2186 0.6189 0.7544
vn 0.6134 0.5345 0.5814
vn 0.8857 0.3635 0.2888
vn 0.9813 0.1697 -0.0913
vn 0.8776 -0.3999 -0.2644
vn 0.6063 -0.5425 -0.5815
vn 0.2169 -0.6565 -0.7225
vn -0.2243 -0.6350 -0.7392
vn -0.2243 -0.6351 -0.7392
vn -0.6038 -0.5765 -0.5506
vn -0.8814 -0.3882 -0.2693
vn -0.9678 -0.2216 0.1193
vn -0.8814 0.0109 0.4723
vn -0.6038 0.1419 0.7844
vn -0.2150 0.6297 0.7465
vn -0.2242 0.2671 0.9372
vn -0.2243 0.2671 0.9372
vn 0.2169 0.2413 0.9459
vn 0.6063 0.1865 0.7730
vn 0.6063 0.1865 0.7731
vn 0.8776 0.0004 0.4794
vn 0.9800 -0.1753 0.0943
vn 0.5268 -0.8346 0.1609
vn 0.3582 -0.9336 -0.0056
vn 0.6063 -0.5424 -0.5815
vn 0.1267 -0.9868 -0.1006
vn -0.1229 -0.9887 -0.0864
vn -0.3451 -0.9384 0.0140
vn -0.4924 -0.8500 0.1874
vn -0.5459 -0.7378 0.3970
vn -0.4924 -0.6246 0.6062
vn -0.3451 -0.5286 0.7755
vn -0.1229 -0.4725 0.8727
vn 0.1267 -0.4597 0.8790
vn 0.3582 -0.5096 0.7823
vn 0.5268 -0.5941 0.6079
vn 0.5799 -0.7174 0.3861
vn 0.3675 -0.8881 0.2762
vn 0.2235 -0.9538 0.2007
vn 0.0871 -0.9917 0.0944
vn -0.0724 -0.9858 0.1513
vn -0.2396 -0.9550 0.1750
vn -0.2983 -0.8996 0.3191
vn -0.3770 -0.8156 0.4389
vn -0.2983 -0.7618 0.5750
vn -0.3452 -0.5286 0.7755
vn -0.2394 -0.6720 0.7008
vn -0.1229 -0.4726 0.8727
vn -0.0724 -0.6693 0.7394
vn 0.0868 -0.6251 0.7757
vn 0.2235 -0.6929 0.6855
vn 0.3677 -0.7199 0.5887
vn 0.3605 -0.8214 0.4420
vn -0.0000 -0.2377 0.9713
vn -0.0000 -0.2338 0.9723
vn -0.0000 -0.2337 0.9723
vn -0.0000 0.9117 0.4108
vn -0.0000 0.9984 0.0566
vn -0.0000 0.2416 -0.9704
vn -0.0000 0.2377 -0.9713
vn -0.0000 -0.9713 -0.2377
vn -0.0000 0.7224 0.6915
vn -0.0000 0.2798 0.9600
vn -0.0000 0.2798 0.9601
vn -0.0000 0.6915 -0.7224
vn 0.0001 0.6915 -0.7224
vn -0.0000 0.8549 -0.5188
vn -0.0000 0.9998 -0.0218
vn 0.0001 0.2416 -0.9704
vt 0.263666 0.047791
vt 0.263018 0.014569
vt 0.265423 0.046934
vt 0.211160 0.045714
vt 0.263019 0.014570
vt 0.211112 0.014568
vt 0.834420 0.298396
vt 0.834345 0.299044
vt 0.066439 0.297917
vt 0.834338 0.365302
vt 0.834413 0.364654
vt 0.066428 0.364735
vt 0.165566 0.225984
vt 0.108353 0.225606
vt 0.162734 0.225886
vt 0.891831 0.364372
vt 0.837429 0.364386
vt 0.932371 0.228234
vt 0.931008 0.228070
vt 0.960153 0.228284
vt 0.010985 0.347870
vt 0.013105 0.359916
vt 0.014783 0.345004
vt 0.837437 0.298130
vt 0.834602 0.298121
vt 0.834595 0.364380
vt 0.962302 0.228358
vt 0.974993 0.228326
vt 0.966732 0.228369
vt 0.959056 0.196393
vt 0.972048 0.196614
vt 0.957852 0.196614
vt 0.109749 0.048171
vt 0.109223 0.048533
vt 0.109443 0.048546
vt 0.891838 0.298157
vt 0.107192 0.203486
vt 0.164456 0.202792
vt 0.161622 0.202906
vt 0.055903 0.050215
vt 0.055636 0.045884
vt 0.051742 0.048184
vt 0.051742 0.048184
vt 0.055636 0.045884
vt 0.055903 0.050215
vt 0.010985 0.325884
vt 0.013105 0.337931
vt 0.010984 0.337931
vt 0.082169 0.030209
vt 0.074343 0.017009
vt 0.104526 0.017009
vt 0.106532 0.049235
vt 0.082169 0.030209
vt 0.094543 0.051050
vt 0.104562 0.050205
vt 0.074342 0.017009
vt 0.104525 0.017008
vt 0.965634 0.196275
vt 0.973897 0.196275
vt 0.961205 0.196309
vt 0.094542 0.051050
vt 0.104562 0.050205
vt 0.106532 0.049235
vt 0.014784 0.323018
vt 0.010984 0.359917
vt 0.929912 0.196758
vt 0.931275 0.196587
vt 0.958949 0.228069
vt 0.973143 0.227996
vt 0.027057 0.365504
vt 0.066154 0.381881
vt 0.041234 0.364736
vt 0.016679 0.367603
vt 0.041245 0.297900
vt 0.066153 0.315063
vt 0.027068 0.298657
vt 0.012894 0.370472
vt 0.016688 0.300748
vt 0.012902 0.303615
vt 0.263665 0.047792
vt 0.265422 0.046935
vt 0.253644 0.048623
vt 0.253643 0.048624
vt 0.225336 0.048606
vt 0.225335 0.048605
vt 0.215297 0.047761
vt 0.215297 0.047760
vt 0.211160 0.045715
vt 0.211112 0.014569
vt 0.108223 0.048472
vt 0.108423 0.048485
vt 0.109213 0.048166
vt 0.107931 0.049396
vt 0.109213 0.048166
vt 0.108222 0.048472
vt 0.108423 0.048485
vt 0.109749 0.048170
vt 0.109443 0.048546
vt 0.109223 0.048533
vt 0.107931 0.049396
vt 0.176332 0.957689
vt 0.068498 0.949148
vt 0.176207 0.945856
vt 0.128875 0.780593
vt 0.068696 0.814425
vt 0.053864 0.779399
vt 0.175897 0.587854
vt 0.067028 0.597328
vt 0.175910 0.598427
vt 0.231990 0.639697
vt 0.231455 0.629971
vt 0.227711 0.629709
vt 0.163054 0.521435
vt 0.164348 0.517302
vt 0.161737 0.517271
vt 0.394947 0.638577
vt 0.399038 0.638323
vt 0.399303 0.648770
vt 0.235401 0.551736
vt 0.236773 0.541990
vt 0.231504 0.551491
vt 0.163017 0.482693
vt 0.161775 0.486343
vt 0.164329 0.486370
vt 0.403712 0.551307
vt 0.402353 0.561028
vt 0.398486 0.560711
vt 0.128439 0.983936
vt 0.053430 0.983936
vt 0.153272 0.785470
vt 0.152862 0.979478
vt 0.170161 0.794924
vt 0.169790 0.970297
vt 0.176653 0.807637
vt 0.176476 0.819467
vt 0.177079 0.712267
vt 0.068360 0.720289
vt 0.177283 0.722834
vt 0.169440 0.576704
vt 0.171060 0.734387
vt 0.152564 0.568806
vt 0.154359 0.743353
vt 0.372914 0.143949
vt 0.377052 0.140611
vt 0.381907 0.151276
vt 0.370640 0.148733
vt 0.370686 0.154016
vt 0.373043 0.158761
vt 0.377239 0.162025
vt 0.382437 0.163176
vt 0.387605 0.162035
vt 0.391747 0.158904
vt 0.392352 0.153776
vt 0.392310 0.148606
vt 0.391618 0.143473
vt 0.387421 0.140421
vt 0.382229 0.139369
vt 0.377052 0.140729
vt 0.372912 0.144068
vt 0.381908 0.151393
vt 0.370640 0.148852
vt 0.370687 0.154136
vt 0.373046 0.158880
vt 0.377240 0.162143
vt 0.382442 0.163292
vt 0.387616 0.162150
vt 0.391754 0.159024
vt 0.392356 0.153887
vt 0.392307 0.148711
vt 0.391615 0.143588
vt 0.387421 0.140536
vt 0.382231 0.139485
vt 0.345951 0.830984
vt 0.348235 0.833465
vt 0.352883 0.833465
vt 0.405433 0.727866
vt 0.402297 0.731808
vt 0.395864 0.731723
vt 0.356996 0.838267
vt 0.352656 0.838267
vt 0.359361 0.845549
vt 0.234459 0.830984
vt 0.227528 0.833465
vt 0.232175 0.833465
vt 0.221049 0.845549
vt 0.227754 0.838267
vt 0.223415 0.838267
vt 0.395636 0.740176
vt 0.384379 0.754356
vt 0.389015 0.740126
vt 0.670763 0.732331
vt 0.664331 0.732389
vt 0.661209 0.728433
vt 0.682168 0.755016
vt 0.670960 0.740791
vt 0.677580 0.740765
vt 0.771937 0.701602
vt 0.772618 0.699067
vt 0.777689 0.700046
vt 0.773784 0.703390
vt 0.775346 0.705520
vt 0.777903 0.705189
vt 0.780546 0.705369
vt 0.781864 0.703125
vt 0.783620 0.701207
vt 0.782669 0.698739
vt 0.782233 0.696205
vt 0.779743 0.695330
vt 0.777501 0.694082
vt 0.775281 0.695467
vt 0.772911 0.696492
vt 0.696241 0.601557
vt 0.701723 0.608431
vt 0.714041 0.592984
vt 0.709644 0.612245
vt 0.718436 0.612245
vt 0.726358 0.608430
vt 0.731838 0.601556
vt 0.733796 0.592984
vt 0.731838 0.584413
vt 0.726356 0.577539
vt 0.718436 0.573725
vt 0.709644 0.573724
vt 0.701721 0.577539
vt 0.696241 0.584413
vt 0.694284 0.592985
vt 0.702138 0.698357
vt 0.707349 0.701234
vt 0.704390 0.697005
vt 0.702204 0.700932
vt 0.701827 0.703561
vt 0.703911 0.705088
vt 0.705702 0.707042
vt 0.708218 0.706338
vt 0.710822 0.706173
vt 0.711850 0.703739
vt 0.713297 0.701614
vt 0.712110 0.699259
vt 0.711366 0.696806
vt 0.708808 0.696263
vt 0.706392 0.695354
vt 0.694284 0.592983
vt 0.714040 0.592985
vt 0.696241 0.584412
vt 0.701724 0.577538
vt 0.709645 0.573724
vt 0.718437 0.573725
vt 0.726359 0.577540
vt 0.731840 0.584415
vt 0.733795 0.592986
vt 0.731838 0.601557
vt 0.726355 0.608431
vt 0.718435 0.612245
vt 0.709643 0.612244
vt 0.701722 0.608430
vt 0.696240 0.601555
vt 0.640343 0.596519
vt 0.643170 0.591249
vt 0.638975 0.594292
vt 0.642906 0.596399
vt 0.645524 0.596726
vt 0.647042 0.594651
vt 0.648989 0.592868
vt 0.648274 0.590358
vt 0.648095 0.587753
vt 0.645649 0.586719
vt 0.643510 0.585266
vt 0.641157 0.586504
vt 0.638708 0.587303
vt 0.638190 0.589880
vt 0.637306 0.592320
vt 0.694285 0.592984
vt 0.696241 0.584413
vt 0.701722 0.577539
vt 0.709645 0.573724
vt 0.731840 0.584414
vt 0.733796 0.592986
vt 0.731838 0.601557
vt 0.726358 0.608431
vt 0.718435 0.612245
vt 0.701720 0.608429
vt 0.696241 0.601556
vt 0.967035 0.585719
vt 0.968404 0.583490
vt 0.964209 0.580448
vt 0.964472 0.585598
vt 0.961856 0.585925
vt 0.960336 0.583851
vt 0.958387 0.582067
vt 0.959106 0.579557
vt 0.959285 0.576952
vt 0.961729 0.575917
vt 0.963871 0.574465
vt 0.966223 0.575702
vt 0.968672 0.576502
vt 0.969188 0.579078
vt 0.970072 0.581518
vt 0.701720 0.608430
vt 0.714041 0.592985
vt 0.709642 0.612244
vt 0.718434 0.612245
vt 0.731838 0.601558
vt 0.733796 0.592986
vt 0.718437 0.573725
vt 0.701724 0.577539
vt 0.696241 0.584412
vt 0.694283 0.592983
vt 0.944643 0.413236
vt 0.947381 0.411951
vt 0.944643 0.411970
vt 0.766108 0.391927
vt 0.944643 0.393191
vt 0.944643 0.391926
vt 0.949386 0.408441
vt 0.944642 0.408565
vt 0.947381 0.411950
vt 0.944642 0.396596
vt 0.944643 0.401229
vt 0.944643 0.413235
vt 0.944643 0.411969
vt 0.766108 0.413235
vt 0.944643 0.408565
vt 0.944643 0.403932
vt 0.947381 0.393211
vt 0.944643 0.396597
vt 0.949385 0.396721
vt 0.947381 0.411951
vt 0.947381 0.393211
vt 0.944643 0.391927
vt 0.944643 0.401230
vt 0.766108 0.391927
vt 0.944643 0.403933
vt 0.766108 0.413235
vt 0.944643 0.413235
vt 0.949386 0.408441
vt 0.947381 0.410837
vt 0.947381 0.411950
vt 0.944643 0.393192
vt 0.947381 0.393212
vt 0.944643 0.391926
vt 0.766108 0.391926
vt 0.947381 0.405930
vt 0.766108 0.413235
vt 0.944643 0.396597
vt 0.944643 0.401230
vt 0.947381 0.398158
vt 0.947381 0.403066
vt 0.944643 0.408565
vt 0.944643 0.403932
vt 0.949385 0.396720
vt 0.947381 0.394551
vt 0.947381 0.393210
vt 0.020042 0.422404
vt 0.158352 0.422405
vt 0.158352 0.396526
vt 0.020042 0.396526
vt 0.169350 0.404212
vt 0.307660 0.404212
vt 0.307660 0.397779
vt 0.169350 0.397779
vt 0.020042 0.422405
vt 0.158352 0.422403
vt 0.158352 0.396524
vt 0.020042 0.396527
vt 0.169350 0.404225
vt 0.307661 0.404200
vt 0.307660 0.397767
vt 0.169350 0.397792
vt 0.169350 0.392871
vt 0.169350 0.395331
vt 0.307660 0.395305
vt 0.307660 0.392845
vt 0.169350 0.406674
vt 0.307660 0.406673
vt 0.020042 0.394064
vt 0.158352 0.394065
vt 0.169350 0.392857
vt 0.169350 0.395319
vt 0.307660 0.395318
vt 0.307660 0.392857
vt 0.169350 0.406685
vt 0.307660 0.406660
vt 0.020042 0.394065
vt 0.158352 0.394063
vt 0.344188 0.411558
vt 0.570033 0.411556
vt 0.570033 0.393071
vt 0.344188 0.393074
vt 0.169975 0.423962
vt 0.395820 0.423928
vt 0.395820 0.419334
vt 0.169974 0.419369
vt 0.344188 0.411559
vt 0.570033 0.411555
vt 0.344189 0.393074
vt 0.169974 0.423955
vt 0.395819 0.423936
vt 0.395819 0.419342
vt 0.169974 0.419362
vt 0.169974 0.415845
vt 0.169974 0.417603
vt 0.395819 0.417583
vt 0.395819 0.415826
vt 0.169974 0.425721
vt 0.395820 0.425686
vt 0.344188 0.391316
vt 0.570033 0.391313
vt 0.169974 0.415852
vt 0.169974 0.417611
vt 0.395819 0.417576
vt 0.395819 0.415818
vt 0.169975 0.425714
vt 0.395819 0.425694
vt 0.344188 0.391317
vt 0.570033 0.391313
vt 0.596662 0.427380
vt 0.746368 0.427381
vt 0.746368 0.404834
vt 0.596662 0.404834
vt 0.596662 0.400546
vt 0.746368 0.400546
vt 0.746368 0.394941
vt 0.596662 0.394941
vt 0.596662 0.427381
vt 0.746368 0.427381
vt 0.746368 0.404834
vt 0.596662 0.404834
vt 0.596662 0.400545
vt 0.746368 0.394941
vt 0.596662 0.394941
vt 0.404879 0.418182
vt 0.404879 0.418422
vt 0.483235 0.418422
vt 0.483235 0.418182
vt 0.596662 0.392797
vt 0.746368 0.392798
vt 0.596662 0.402689
vt 0.746368 0.402691
vt 0.404879 0.418182
vt 0.404879 0.418422
vt 0.483235 0.418422
vt 0.483235 0.418182
vt 0.596662 0.392797
vt 0.746368 0.392798
vt 0.596662 0.402689
vt 0.011024 0.303598
vt 0.012863 0.315656
vt 0.010984 0.315657
vt 0.010984 0.382516
vt 0.012864 0.382514
vt 0.011015 0.370456
vt 0.834115 0.255266
vt 0.835694 0.255599
vt 0.864285 0.255740
vt 0.862436 0.255407
vt 0.835695 0.255599
vt 0.834115 0.255266
vt 0.862435 0.255407
vt 0.864285 0.255740
vt 0.109898 0.017012
vt 0.109103 0.017011
vt 0.209233 0.014571
vt 0.209281 0.045737
vt 0.109104 0.017012
vt 0.109899 0.017013
vt 0.209232 0.014570
vt 0.209282 0.045735
vt 0.014807 0.300712
vt 0.985539 0.227405
vt 0.983689 0.227075
vt 0.014798 0.367568
vt 0.982599 0.197481
vt 0.984447 0.197142
vt 0.064766 0.315694
vt 0.069598 0.381618
vt 0.825638 0.255714
vt 0.824058 0.255382
vt 0.874364 0.255600
vt 0.872515 0.255266
vt 0.213418 0.047813
vt 0.824058 0.255382
vt 0.825639 0.255714
vt 0.872514 0.255266
vt 0.874364 0.255600
vt 0.213417 0.047811
vt 0.053860 0.017009
vt 0.051740 0.017009
vt 0.065377 0.040129
vt 0.065949 0.051056
vt 0.020285 0.028949
vt 0.021748 0.028959
vt 0.021935 0.011193
vt 0.020472 0.011180
vt 0.024922 0.028969
vt 0.025117 0.011231
vt 0.033739 0.029095
vt 0.036914 0.029155
vt 0.037120 0.011402
vt 0.033951 0.011275
vt 0.038379 0.029153
vt 0.038580 0.011392
vt 0.025455 0.029276
vt 0.022276 0.029312
vt 0.022193 0.011538
vt 0.025371 0.011533
vt 0.020813 0.029321
vt 0.020730 0.011545
vt 0.069187 0.297835
vt 0.265229 0.014570
vt 0.266946 0.046110
vt 0.267439 0.014572
vt 0.267275 0.045762
vt 0.106815 0.017009
vt 0.106815 0.017010
vt 0.267440 0.014573
vt 0.265229 0.014571
vt 0.266945 0.046111
vt 0.267275 0.045764
vt 0.069176 0.364651
vt 0.038687 0.011457
vt 0.038737 0.029268
vt 0.173925 0.018191
vt 0.191702 0.018191
vt 0.191702 0.035053
vt 0.173925 0.035053
vt 0.115396 0.051066
vt 0.167882 0.051066
vt 0.167883 0.016019
vt 0.115396 0.016019
vt 0.013333 0.223711
vt 0.026615 0.223703
vt 0.026896 0.224134
vt 0.017209 0.224320
vt 0.173411 0.035053
vt 0.173411 0.018191
vt 0.022062 0.252466
vt 0.013244 0.252340
vt 0.017111 0.253004
vt 0.022344 0.252919
vt 0.991418 0.359085
vt 0.991453 0.343017
vt 0.987400 0.343056
vt 0.987381 0.359043
vt 0.013440 0.234602
vt 0.022274 0.234646
vt 0.021787 0.234172
vt 0.016574 0.234007
vt 0.192352 0.018191
vt 0.192352 0.035053
vt 0.026565 0.205892
vt 0.013248 0.205968
vt 0.016388 0.205333
vt 0.026078 0.205460
vt 0.990185 0.320948
vt 0.990226 0.337029
vt 0.986926 0.336986
vt 0.986901 0.320996
vt 0.040401 0.224741
vt 0.033092 0.224950
vt 0.973293 0.297835
vt 0.973462 0.314697
vt 0.959906 0.314862
vt 0.959774 0.297987
vt 0.033001 0.253880
vt 0.036484 0.253769
vt 0.970830 0.343095
vt 0.970847 0.359011
vt 0.035750 0.233519
vt 0.032311 0.233356
vt 0.972939 0.381009
vt 0.972856 0.364153
vt 0.959541 0.364220
vt 0.959615 0.381079
vt 0.032089 0.204602
vt 0.039394 0.204768
vt 0.970571 0.336952
vt 0.970583 0.321036
vt 0.066102 0.225250
vt 0.061176 0.225477
vt 0.934144 0.314972
vt 0.934098 0.298115
vt 0.061096 0.254838
vt 0.063371 0.254715
vt 0.941566 0.343091
vt 0.941579 0.359031
vt 0.062449 0.232966
vt 0.060241 0.232807
vt 0.933985 0.364316
vt 0.934026 0.381179
vt 0.060077 0.203903
vt 0.064984 0.204102
vt 0.941464 0.336968
vt 0.941470 0.321028
vt 0.109008 0.225856
vt 0.891835 0.315016
vt 0.108955 0.255960
vt 0.106884 0.255758
vt 0.892506 0.343091
vt 0.892500 0.359041
vt 0.105820 0.232575
vt 0.107933 0.232404
vt 0.891841 0.381235
vt 0.107866 0.203233
vt 0.892516 0.336988
vt 0.892505 0.321038
vt 0.834339 0.314990
vt 0.165343 0.257081
vt 0.165200 0.256915
vt 0.835312 0.343089
vt 0.835309 0.359035
vt 0.164108 0.232310
vt 0.164253 0.232147
vt 0.164261 0.202631
vt 0.835316 0.337011
vt 0.835313 0.321065
vt 0.165372 0.226146
vt 0.069596 0.314802
vt 0.931605 0.271582
vt 0.930829 0.271407
vt 0.067963 0.343029
vt 0.067955 0.358972
vt 0.929855 0.232307
vt 0.930634 0.232147
vt 0.834344 0.381248
vt 0.067955 0.336987
vt 0.067965 0.321044
vt 0.025160 0.320920
vt 0.023417 0.337930
vt 0.932661 0.196820
vt 0.106177 0.050266
vt 0.010071 0.252330
vt 0.014014 0.253049
vt 0.990108 0.359755
vt 0.986102 0.359694
vt 0.988913 0.337714
vt 0.985638 0.337637
vt 0.010258 0.234564
vt 0.013466 0.233915
vt 0.026702 0.252524
vt 0.025236 0.252526
vt 0.025504 0.252972
vt 0.026959 0.252969
vt 0.025442 0.234773
vt 0.024976 0.234330
vt 0.026903 0.234763
vt 0.026459 0.234274
vt 0.990138 0.342347
vt 0.986117 0.342406
vt 0.010154 0.223747
vt 0.014113 0.224410
vt 0.010071 0.205973
vt 0.013267 0.205280
vt 0.988878 0.320265
vt 0.985616 0.320345
vt 0.969733 0.342448
vt 0.983022 0.342110
vt 0.967086 0.342163
vt 0.974780 0.315329
vt 0.961035 0.315504
vt 0.977945 0.315599
vt 0.963752 0.315775
vt 0.983014 0.359992
vt 0.969751 0.359659
vt 0.967106 0.359945
vt 0.969469 0.337600
vt 0.982526 0.337935
vt 0.966811 0.337886
vt 0.038484 0.233703
vt 0.974258 0.381653
vt 0.960746 0.381723
vt 0.982511 0.320049
vt 0.969480 0.320389
vt 0.966823 0.320103
vt 0.940817 0.342443
vt 0.939009 0.342166
vt 0.934924 0.315618
vt 0.936804 0.315891
vt 0.940830 0.359680
vt 0.939021 0.359958
vt 0.940706 0.337617
vt 0.938877 0.337895
vt 0.963472 0.381994
vt 0.934816 0.381825
vt 0.936718 0.382099
vt 0.940712 0.320380
vt 0.938882 0.320103
vt 0.892106 0.342443
vt 0.891140 0.342168
vt 0.892250 0.315664
vt 0.893253 0.315939
vt 0.892100 0.359689
vt 0.891134 0.359964
vt 0.892112 0.337636
vt 0.891132 0.337911
vt 0.892264 0.381882
vt 0.893282 0.382157
vt 0.892099 0.320390
vt 0.891119 0.320115
vt 0.835144 0.342441
vt 0.834739 0.342166
vt 0.834510 0.315638
vt 0.834923 0.315912
vt 0.835138 0.359683
vt 0.834724 0.359957
vt 0.835145 0.337659
vt 0.834731 0.337934
vt 0.834516 0.381896
vt 0.834928 0.382170
vt 0.835146 0.320417
vt 0.834741 0.320143
vt 0.067901 0.342397
vt 0.067760 0.342133
vt 0.069393 0.315244
vt 0.069186 0.315700
vt 0.068152 0.359454
vt 0.068348 0.359920
vt 0.068152 0.337469
vt 0.013045 0.284526
vt 0.013459 0.284801
vt 0.779827 0.284992
vt 0.780023 0.284526
vt 0.069395 0.382060
vt 0.069188 0.382516
vt 0.067902 0.320412
vt 0.067760 0.320147
vt 0.037832 0.342229
vt 0.033408 0.342461
vt 0.039979 0.342110
vt 0.037834 0.320243
vt 0.039980 0.320124
vt 0.033410 0.320475
vt 0.066976 0.315696
vt 0.067490 0.315340
vt 0.064970 0.359249
vt 0.063770 0.359917
vt 0.066059 0.359918
vt 0.066361 0.359524
vt 0.068349 0.337935
vt 0.066060 0.337933
vt 0.066362 0.337538
vt 0.063771 0.337932
vt 0.064970 0.337264
vt 0.064767 0.382513
vt 0.066978 0.382514
vt 0.067492 0.382157
vt 0.053860 0.017009
vt 0.064172 0.017008
vt 0.051740 0.017009
vt 0.065949 0.051056
vt 0.064172 0.017008
vt 0.025159 0.342906
vt 0.023417 0.359916
vt 0.033587 0.359917
vt 0.033588 0.337931
vt 0.933757 0.227993
vt 0.106177 0.050267
vt 0.275491 0.513020
vt 0.278176 0.513263
vt 0.278332 0.489841
vt 0.275617 0.489735
vt 0.227060 0.617670
vt 0.230877 0.618354
vt 0.233698 0.563370
vt 0.229721 0.563068
vt 0.236630 0.618910
vt 0.239672 0.563528
vt 0.046298 0.982916
vt 0.061038 0.949043
vt 0.275689 0.523216
vt 0.276059 0.518721
vt 0.241416 0.520767
vt 0.242826 0.525313
vt 0.240926 0.514636
vt 0.158539 0.512051
vt 0.161827 0.512285
vt 0.161859 0.490550
vt 0.158814 0.490250
vt 0.164327 0.512339
vt 0.164242 0.490598
vt 0.167547 0.512211
vt 0.167319 0.490394
vt 0.041126 0.857773
vt 0.033849 0.855744
vt 0.061272 0.814409
vt 0.132944 0.520771
vt 0.136015 0.516304
vt 0.084700 0.520769
vt 0.083211 0.525313
vt 0.136074 0.510614
vt 0.085230 0.514631
vt 0.404935 0.625785
vt 0.398580 0.625910
vt 0.400712 0.572597
vt 0.406689 0.572874
vt 0.394318 0.626152
vt 0.396731 0.572168
vt 0.047901 0.512920
vt 0.050643 0.513035
vt 0.050271 0.489643
vt 0.047581 0.489790
vt 0.405478 0.654864
vt 0.404647 0.650677
vt 0.481855 0.648440
vt 0.481107 0.652483
vt 0.404438 0.640121
vt 0.482668 0.638714
vt 0.483363 0.625633
vt 0.311736 0.756127
vt 0.324948 0.756133
vt 0.325133 0.736853
vt 0.311952 0.736851
vt 0.335607 0.756131
vt 0.335818 0.736855
vt 0.183056 0.903504
vt 0.175757 0.903631
vt 0.175719 0.882684
vt 0.183010 0.882743
vt 0.312094 0.678921
vt 0.325264 0.678914
vt 0.325261 0.667431
vt 0.312090 0.667337
vt 0.335974 0.678923
vt 0.335974 0.667711
vt 0.343331 0.678923
vt 0.343329 0.668085
vt 0.176393 0.674496
vt 0.183666 0.674166
vt 0.183387 0.655154
vt 0.176106 0.655387
vt 0.231794 0.756124
vt 0.242453 0.756116
vt 0.242641 0.736842
vt 0.232007 0.736841
vt 0.255651 0.756116
vt 0.255870 0.736844
vt 0.183123 0.598166
vt 0.183026 0.587026
vt 0.232180 0.678898
vt 0.242788 0.678918
vt 0.242787 0.667437
vt 0.232181 0.667701
vt 0.256026 0.678920
vt 0.256023 0.667337
vt 0.187882 0.487661
vt 0.184915 0.482047
vt 0.167006 0.485419
vt 0.185181 0.477472
vt 0.165067 0.481530
vt 0.188408 0.474487
vt 0.162966 0.479488
vt 0.085652 0.489091
vt 0.086237 0.482921
vt 0.050964 0.484271
vt 0.086065 0.478194
vt 0.052097 0.479886
vt 0.059258 0.595836
vt 0.053248 0.565231
vt 0.045708 0.565943
vt 0.407687 0.559334
vt 0.486633 0.556609
vt 0.486086 0.569700
vt 0.409204 0.549396
vt 0.486729 0.547027
vt 0.410771 0.545480
vt 0.486310 0.543338
vt 0.339032 0.644271
vt 0.342276 0.640251
vt 0.314825 0.639121
vt 0.314072 0.643165
vt 0.344920 0.630664
vt 0.315643 0.629395
vt 0.346336 0.617708
vt 0.316341 0.616315
vt 0.319317 0.534023
vt 0.319731 0.537710
vt 0.346981 0.539254
vt 0.344071 0.535356
vt 0.319628 0.547292
vt 0.348776 0.548885
vt 0.319075 0.560384
vt 0.348974 0.561961
vt 0.041029 0.905362
vt 0.027080 0.881481
vt 0.175846 0.861683
vt 0.256017 0.806300
vt 0.312084 0.806315
vt 0.312090 0.794731
vt 0.256020 0.794715
vt 0.311738 0.717523
vt 0.255652 0.717520
vt 0.043149 0.680661
vt 0.028259 0.660087
vt 0.176000 0.636219
vt 0.043008 0.638531
vt 0.240353 0.489064
vt 0.190084 0.510610
vt 0.138020 0.487915
vt 0.368889 0.618899
vt 0.371560 0.562927
vt 0.379916 0.619646
vt 0.382556 0.563198
vt 0.546888 0.628958
vt 0.535909 0.628207
vt 0.538570 0.572234
vt 0.549614 0.572510
vt 0.513355 0.627012
vt 0.515986 0.571271
vt 0.055185 0.753260
vt 0.130014 0.748497
vt 0.190120 0.516300
vt 0.033743 0.907280
vt 0.193151 0.520763
vt 0.167243 0.517997
vt 0.022937 0.886104
vt 0.165699 0.522464
vt 0.022951 0.876669
vt 0.160356 0.522443
vt 0.158767 0.517912
vt 0.050287 0.518706
vt 0.046734 0.780300
vt 0.050334 0.523183
vt 0.325259 0.794741
vt 0.325255 0.806224
vt 0.343327 0.794737
vt 0.335969 0.794735
vt 0.335968 0.805948
vt 0.343324 0.805575
vt 0.183536 0.945558
vt 0.324950 0.717522
vt 0.335607 0.717527
vt 0.183145 0.861929
vt 0.183805 0.819885
vt 0.183952 0.805686
vt 0.176795 0.791672
vt 0.544487 0.642251
vt 0.533761 0.641119
vt 0.539853 0.652166
vt 0.529589 0.650792
vt 0.184291 0.712069
vt 0.184425 0.723207
vt 0.242782 0.794715
vt 0.242781 0.806195
vt 0.232174 0.794732
vt 0.232175 0.805929
vt 0.183276 0.636086
vt 0.242455 0.717517
vt 0.231796 0.717507
vt 0.548356 0.558963
vt 0.537576 0.559117
vt 0.176033 0.574088
vt 0.544500 0.548810
vt 0.534181 0.549264
vt 0.274906 0.484285
vt 0.239705 0.482890
vt 0.273758 0.479853
vt 0.239834 0.478159
vt 0.047632 0.752967
vt 0.060594 0.722294
vt 0.035964 0.683807
vt 0.159144 0.485341
vt 0.140899 0.482172
vt 0.160994 0.481507
vt 0.140558 0.477493
vt 0.137157 0.474448
vt 0.035596 0.635812
vt 0.356931 0.645557
vt 0.362569 0.641486
vt 0.366746 0.631814
vt 0.236454 0.631972
vt 0.237135 0.641635
vt 0.238453 0.645557
vt 0.243766 0.536135
vt 0.242306 0.540047
vt 0.240786 0.549977
vt 0.370559 0.549813
vt 0.367171 0.539962
vt 0.361824 0.535821
vt 0.183624 0.959758
vt 0.176408 0.973655
vt 0.372835 0.642863
vt 0.377483 0.632946
vt 0.381330 0.549660
vt 0.377485 0.539509
vt 0.177703 0.736582
vt 0.523956 0.654864
vt 0.506060 0.653584
vt 0.509301 0.649562
vt 0.511941 0.639972
vt 0.515785 0.558194
vt 0.528829 0.545124
vt 0.513986 0.548562
vt 0.511071 0.544664
vt 0.232098 0.642184
vt 0.278313 0.518078
vt 0.278131 0.522433
vt 0.163077 0.524454
vt 0.047982 0.517900
vt 0.399163 0.651434
vt 0.047707 0.522331
vt 0.236957 0.539477
vt 0.276461 0.480624
vt 0.277370 0.485037
vt 0.403952 0.548787
vt 0.048520 0.485038
vt 0.049420 0.480671
vt 0.128126 0.565231
vt 0.274277 0.146435
vt 0.274615 0.151616
vt 0.088540 0.151586
vt 0.088878 0.146420
vt 0.081364 0.118157
vt 0.081408 0.112968
vt 0.266748 0.112969
vt 0.266790 0.118160
vt 0.081365 0.107777
vt 0.266790 0.107780
vt 0.275726 0.189515
vt 0.276014 0.184326
vt 0.090656 0.184289
vt 0.090944 0.189466
vt 0.276221 0.179128
vt 0.090450 0.179100
vt 0.276258 0.173927
vt 0.090415 0.173900
vt 0.276084 0.168734
vt 0.090592 0.168701
vt 0.275722 0.163556
vt 0.090955 0.163507
vt 0.266242 0.072420
vt 0.266287 0.077609
vt 0.080847 0.077612
vt 0.080892 0.072424
vt 0.266243 0.082798
vt 0.080892 0.082802
vt 0.274614 0.125703
vt 0.274337 0.130880
vt 0.088823 0.130861
vt 0.088546 0.125673
vt 0.274147 0.136061
vt 0.089011 0.136050
vt 0.274118 0.141247
vt 0.089038 0.141237
vt 0.298399 0.145999
vt 0.298955 0.151169
vt 0.058696 0.111063
vt 0.059725 0.105979
vt 0.060433 0.100852
vt 0.296430 0.185793
vt 0.296553 0.180638
vt 0.296608 0.175479
vt 0.296275 0.170316
vt 0.295419 0.165204
vt 0.294756 0.160131
vt 0.286096 0.068905
vt 0.287141 0.074002
vt 0.287831 0.079144
vt 0.297323 0.125275
vt 0.297241 0.130465
vt 0.297315 0.135666
vt 0.297668 0.140855
vt 0.064205 0.151151
vt 0.064759 0.145981
vt 0.288430 0.105981
vt 0.289459 0.111066
vt 0.287722 0.100854
vt 0.070122 0.180610
vt 0.070247 0.185765
vt 0.070066 0.175451
vt 0.070397 0.170287
vt 0.071251 0.165174
vt 0.071912 0.160100
vt 0.059993 0.074005
vt 0.061039 0.068908
vt 0.059302 0.079147
vt 0.065915 0.130446
vt 0.065831 0.125256
vt 0.065843 0.135647
vt 0.065490 0.140837
vt 0.056819 0.115901
vt 0.039281 0.105883
vt 0.041941 0.101426
vt 0.044537 0.096919
vt 0.046861 0.092284
vt 0.310570 0.179322
vt 0.309421 0.174287
vt 0.308233 0.169214
vt 0.306774 0.164248
vt 0.305529 0.159214
vt 0.343571 0.027674
vt 0.345490 0.032496
vt 0.356462 0.027334
vt 0.355282 0.022281
vt 0.297993 0.064178
vt 0.300552 0.068697
vt 0.302807 0.073356
vt 0.313353 0.121208
vt 0.314584 0.126207
vt 0.315875 0.131207
vt 0.317384 0.136215
vt 0.318414 0.141357
vt 0.291337 0.115903
vt 0.306214 0.101427
vt 0.308874 0.105884
vt 0.303618 0.096920
vt 0.301293 0.092285
vt 0.057251 0.174267
vt 0.056107 0.179303
vt 0.058436 0.169193
vt 0.059892 0.164226
vt 0.061134 0.159191
vt 0.345490 0.032500
vt 0.343571 0.027678
vt 0.355282 0.022286
vt 0.356462 0.027338
vt 0.046583 0.068699
vt 0.049142 0.064180
vt 0.044327 0.073358
vt 0.048570 0.126195
vt 0.049799 0.121195
vt 0.047280 0.131196
vt 0.045774 0.136204
vt 0.044745 0.141346
vt 0.369032 0.116909
vt 0.368017 0.111810
vt 0.385744 0.112303
vt 0.386611 0.117435
vt 0.030695 0.087910
vt 0.034025 0.083926
vt 0.037415 0.079992
vt 0.322948 0.170471
vt 0.320722 0.165821
vt 0.318269 0.161294
vt 0.315457 0.156924
vt 0.356645 0.032517
vt 0.368013 0.030433
vt 0.367319 0.025319
vt 0.366261 0.020242
vt 0.306355 0.056804
vt 0.309620 0.060830
vt 0.312944 0.064809
vt 0.325595 0.115495
vt 0.327966 0.120114
vt 0.330578 0.124629
vt 0.333393 0.128989
vt 0.367745 0.106626
vt 0.385060 0.107163
vt 0.368016 0.112304
vt 0.369031 0.117404
vt 0.386610 0.117930
vt 0.385743 0.112798
vt 0.314129 0.083926
vt 0.317459 0.087910
vt 0.310738 0.079992
vt 0.045946 0.165809
vt 0.043723 0.170461
vt 0.048395 0.161280
vt 0.051204 0.156909
vt 0.356645 0.032522
vt 0.367319 0.025324
vt 0.368013 0.030438
vt 0.366260 0.020247
vt 0.037516 0.060831
vt 0.040781 0.056805
vt 0.034192 0.064810
vt 0.035185 0.120107
vt 0.037554 0.115487
vt 0.032574 0.124624
vt 0.029762 0.128985
vt 0.367744 0.107121
vt 0.385059 0.107657
vt 0.396633 0.111818
vt 0.397004 0.116993
vt 0.023919 0.080133
vt 0.027978 0.076900
vt 0.032069 0.073718
vt 0.329996 0.166287
vt 0.326992 0.162066
vt 0.323990 0.157908
vt 0.321002 0.153705
vt 0.374378 0.030474
vt 0.374135 0.025301
vt 0.373662 0.020117
vt 0.311061 0.051052
vt 0.315080 0.054347
vt 0.319135 0.057588
vt 0.333606 0.110233
vt 0.336737 0.114385
vt 0.339867 0.118571
vt 0.342897 0.122798
vt 0.396444 0.106609
vt 0.397005 0.117488
vt 0.396632 0.112312
vt 0.320176 0.076900
vt 0.324234 0.080133
vt 0.316084 0.073719
vt 0.039673 0.162059
vt 0.036672 0.166282
vt 0.042672 0.157899
vt 0.045657 0.153694
vt 0.374134 0.025306
vt 0.374378 0.030479
vt 0.373661 0.020122
vt 0.032057 0.054347
vt 0.036076 0.051053
vt 0.028001 0.057588
vt 0.026411 0.114382
vt 0.029540 0.110229
vt 0.023284 0.118569
vt 0.020255 0.122797
vt 0.396440 0.107103
vt 0.412292 0.113199
vt 0.412705 0.118372
vt 0.017447 0.065985
vt 0.021812 0.063171
vt 0.026184 0.060356
vt 0.339916 0.155590
vt 0.336549 0.151634
vt 0.373813 0.035559
vt 0.372593 0.040596
vt 0.386469 0.042089
vt 0.387569 0.036996
vt 0.388119 0.031803
vt 0.388070 0.026578
vt 0.387589 0.021408
vt 0.316870 0.038149
vt 0.321182 0.041017
vt 0.325493 0.043886
vt 0.343644 0.098890
vt 0.347115 0.102754
vt 0.396983 0.101388
vt 0.398094 0.096274
vt 0.413811 0.097782
vt 0.412798 0.102869
vt 0.412290 0.108010
vt 0.412720 0.118867
vt 0.412304 0.113694
vt 0.326341 0.063171
vt 0.330705 0.065985
vt 0.321969 0.060356
vt 0.030108 0.151634
vt 0.026744 0.155593
vt 0.372593 0.040601
vt 0.373813 0.035563
vt 0.387569 0.037000
vt 0.386469 0.042094
vt 0.388119 0.031807
vt 0.388070 0.026582
vt 0.387589 0.021412
vt 0.025956 0.041017
vt 0.030267 0.038148
vt 0.021644 0.043885
vt 0.016028 0.102755
vt 0.019498 0.098890
vt 0.398105 0.096779
vt 0.397000 0.101893
vt 0.412795 0.103360
vt 0.413803 0.098272
vt 0.412299 0.108507
vt 0.434983 0.115422
vt 0.434445 0.120583
vt 0.371860 0.070801
vt 0.369750 0.066056
vt 0.391078 0.062921
vt 0.390997 0.068110
vt 0.373969 0.075553
vt 0.390995 0.073296
vt 0.375832 0.080421
vt 0.391108 0.078481
vt 0.401226 0.043933
vt 0.401532 0.038759
vt 0.401948 0.033586
vt 0.402439 0.028415
vt 0.402955 0.023246
vt 0.967899 0.151928
vt 0.965804 0.156675
vt 0.950076 0.154968
vt 0.949971 0.149769
vt 0.969995 0.147182
vt 0.949946 0.144567
vt 0.971849 0.142323
vt 0.950042 0.139369
vt 0.436152 0.099923
vt 0.435882 0.105093
vt 0.435481 0.110260
vt 0.434465 0.121052
vt 0.434997 0.115890
vt 0.369750 0.066055
vt 0.371860 0.070800
vt 0.390997 0.068108
vt 0.391078 0.062922
vt 0.373969 0.075553
vt 0.390995 0.073295
vt 0.375831 0.080420
vt 0.391108 0.078480
vt 0.401532 0.038763
vt 0.401225 0.043937
vt 0.401948 0.033590
vt 0.402439 0.028419
vt 0.402954 0.023250
vt 0.965804 0.156560
vt 0.967900 0.151814
vt 0.949972 0.149653
vt 0.950077 0.154854
vt 0.969996 0.147067
vt 0.949946 0.144451
vt 0.971849 0.142208
vt 0.950042 0.139254
vt 0.435883 0.105560
vt 0.436147 0.100389
vt 0.435489 0.110727
vt 0.652497 0.118771
vt 0.652480 0.123963
vt 0.609089 0.064662
vt 0.609044 0.069850
vt 0.609019 0.075040
vt 0.609015 0.080229
vt 0.618924 0.047494
vt 0.618940 0.042305
vt 0.618967 0.037116
vt 0.618997 0.031928
vt 0.619020 0.026738
vt 0.733539 0.157547
vt 0.733475 0.152341
vt 0.733431 0.147134
vt 0.733408 0.141935
vt 0.652557 0.103197
vt 0.652545 0.108387
vt 0.652523 0.113579
vt 0.652506 0.124168
vt 0.652517 0.118976
vt 0.609044 0.069840
vt 0.609089 0.064651
vt 0.609020 0.075029
vt 0.609016 0.080219
vt 0.618940 0.042306
vt 0.618924 0.047495
vt 0.618968 0.037118
vt 0.618997 0.031929
vt 0.619020 0.026740
vt 0.733478 0.152287
vt 0.733545 0.157486
vt 0.733432 0.147081
vt 0.733406 0.141875
vt 0.652553 0.108593
vt 0.652558 0.103402
vt 0.652536 0.113784
vt 0.994066 0.111842
vt 0.994046 0.117035
vt 0.950737 0.064856
vt 0.950652 0.070045
vt 0.950626 0.075230
vt 0.950663 0.080421
vt 0.960506 0.040880
vt 0.960502 0.035686
vt 0.960534 0.030495
vt 0.960577 0.025310
vt 0.960602 0.020117
vt 0.994124 0.096274
vt 0.994132 0.101461
vt 0.994105 0.106651
vt 0.994067 0.116831
vt 0.994080 0.111635
vt 0.950652 0.070022
vt 0.950737 0.064833
vt 0.950626 0.075206
vt 0.950664 0.080397
vt 0.960502 0.035685
vt 0.960507 0.040877
vt 0.960535 0.030492
vt 0.960577 0.025300
vt 0.960602 0.020116
vt 0.994134 0.101254
vt 0.994119 0.096069
vt 0.994113 0.106442
vt 0.763638 0.759859
vt 0.765691 0.788706
vt 0.937647 0.788679
vt 0.939713 0.759937
vt 0.725976 0.933596
vt 0.981006 0.933596
vt 0.977454 0.900978
vt 0.729529 0.900978
vt 0.783153 0.841683
vt 0.784239 0.869603
vt 0.916807 0.868726
vt 0.918659 0.840428
vt 0.916822 0.868705
vt 0.784276 0.869618
vt 0.783159 0.841697
vt 0.918673 0.840413
vt 0.772468 0.869309
vt 0.771488 0.841262
vt 0.762840 0.869115
vt 0.761787 0.840673
vt 0.754282 0.788746
vt 0.753926 0.759781
vt 0.949055 0.788747
vt 0.949435 0.759860
vt 0.762809 0.869070
vt 0.772433 0.869274
vt 0.771474 0.841233
vt 0.761802 0.840649
vt 0.725976 0.940411
vt 0.726926 0.943938
vt 0.980057 0.943938
vt 0.981007 0.940411
vt 0.369110 0.957735
vt 0.372472 0.953161
vt 0.693633 0.953161
vt 0.696988 0.957735
vt 0.377167 0.948616
vt 0.688948 0.948615
vt 0.404565 0.723293
vt 0.662094 0.723864
vt 0.403791 0.718720
vt 0.662886 0.719298
vt 0.763775 0.750733
vt 0.763684 0.753844
vt 0.939674 0.753925
vt 0.939582 0.750812
vt 0.783172 0.835816
vt 0.918558 0.834548
vt 0.783180 0.835835
vt 0.918574 0.834532
vt 0.771770 0.835477
vt 0.762263 0.834583
vt 0.753999 0.753679
vt 0.949329 0.753747
vt 0.771783 0.835470
vt 0.762198 0.834597
vt 0.917706 0.831496
vt 0.783214 0.832801
vt 0.379829 0.753574
vt 0.915420 0.828476
vt 0.783312 0.829768
vt 0.686720 0.754246
vt 0.917689 0.831511
vt 0.783203 0.832781
vt 0.915403 0.828490
vt 0.783300 0.829748
vt 0.771999 0.832486
vt 0.384935 0.737890
vt 0.772258 0.829462
vt 0.949025 0.750611
vt 0.673544 0.728495
vt 0.675956 0.724516
vt 0.762799 0.831487
vt 0.393098 0.727875
vt 0.763757 0.828476
vt 0.754303 0.750542
vt 0.390702 0.723887
vt 0.762738 0.831503
vt 0.771996 0.832477
vt 0.681670 0.738543
vt 0.763694 0.828489
vt 0.772243 0.829454
vt 0.219045 0.933454
vt 0.361365 0.933454
vt 0.903677 0.521152
vt 0.903683 0.529961
vt 0.911401 0.529912
vt 0.911369 0.521083
vt 0.750360 0.503023
vt 0.750629 0.511758
vt 0.758309 0.511571
vt 0.758059 0.502789
vt 0.750820 0.520472
vt 0.758492 0.520350
vt 0.750917 0.529244
vt 0.758607 0.529139
vt 0.840392 0.687178
vt 0.849055 0.687282
vt 0.849047 0.679588
vt 0.840353 0.679517
vt 0.857666 0.687326
vt 0.857663 0.679617
vt 0.866289 0.687270
vt 0.866304 0.679575
vt 0.875055 0.687201
vt 0.875055 0.679517
vt 0.653161 0.528130
vt 0.653240 0.519396
vt 0.645558 0.519271
vt 0.645456 0.528054
vt 0.653394 0.510677
vt 0.645723 0.510489
vt 0.653649 0.501906
vt 0.645963 0.501701
vt 0.902982 0.494827
vt 0.903321 0.503602
vt 0.911025 0.503386
vt 0.910714 0.494560
vt 0.903561 0.512376
vt 0.911255 0.512233
vt 0.884574 0.521255
vt 0.884633 0.529608
vt 0.731540 0.503981
vt 0.731629 0.512314
vt 0.731753 0.520700
vt 0.731973 0.528980
vt 0.840611 0.705575
vt 0.849027 0.706324
vt 0.857594 0.706539
vt 0.866147 0.706476
vt 0.874495 0.705894
vt 0.672019 0.527931
vt 0.672274 0.519611
vt 0.672430 0.511225
vt 0.672545 0.502921
vt 0.884027 0.495853
vt 0.884267 0.504227
vt 0.884570 0.512737
vt 0.881354 0.521372
vt 0.881444 0.529919
vt 0.728379 0.503788
vt 0.728429 0.512328
vt 0.728560 0.520819
vt 0.728837 0.529286
vt 0.840053 0.708468
vt 0.848782 0.709603
vt 0.857559 0.709794
vt 0.866330 0.709749
vt 0.874998 0.708788
vt 0.675178 0.528252
vt 0.675486 0.519728
vt 0.675617 0.511240
vt 0.675672 0.502727
vt 0.880790 0.495665
vt 0.881026 0.504230
vt 0.881482 0.512794
vt 0.872950 0.521644
vt 0.872660 0.531391
vt 0.719690 0.502789
vt 0.720220 0.512383
vt 0.719868 0.522273
vt 0.831573 0.706942
vt 0.829034 0.715331
vt 0.838624 0.716372
vt 0.847798 0.718471
vt 0.857481 0.718204
vt 0.867152 0.718626
vt 0.876308 0.716706
vt 0.883508 0.707403
vt 0.885908 0.715830
vt 0.684196 0.521159
vt 0.683823 0.511286
vt 0.684347 0.501701
vt 0.871924 0.494560
vt 0.872612 0.504283
vt 0.873425 0.512951
vt 0.866307 0.520784
vt 0.866127 0.528301
vt 0.713168 0.505693
vt 0.713567 0.512950
vt 0.768814 0.722848
vt 0.761907 0.715334
vt 0.766535 0.710314
vt 0.771362 0.716085
vt 0.778817 0.722329
vt 0.778631 0.715479
vt 0.788828 0.722847
vt 0.786205 0.715852
vt 0.850404 0.725078
vt 0.857435 0.725296
vt 0.864464 0.725182
vt 0.799302 0.694497
vt 0.802779 0.703903
vt 0.795318 0.703492
vt 0.792708 0.696375
vt 0.796757 0.684775
vt 0.791116 0.689264
vt 0.787376 0.680497
vt 0.784199 0.686423
vt 0.778815 0.675837
vt 0.777722 0.682920
vt 0.865519 0.497922
vt 0.866009 0.505423
vt 0.867068 0.513083
vt 0.761324 0.704926
vt 0.763063 0.697458
vt 0.790312 0.709346
vt 0.771017 0.686763
vt 0.764161 0.689974
vt 0.903325 0.503598
vt 0.911015 0.503368
vt 0.910703 0.494545
vt 0.902988 0.494796
vt 0.826445 0.530037
vt 0.834142 0.530311
vt 0.834428 0.521540
vt 0.826746 0.521316
vt 0.834658 0.512772
vt 0.826986 0.512613
vt 0.834822 0.503987
vt 0.827133 0.503843
vt 0.874597 0.687218
vt 0.874649 0.679557
vt 0.865950 0.679615
vt 0.865933 0.687309
vt 0.857335 0.679630
vt 0.857322 0.687340
vt 0.848695 0.679575
vt 0.848698 0.687270
vt 0.839944 0.679504
vt 0.839931 0.687186
vt 0.972883 0.529182
vt 0.980586 0.529106
vt 0.980484 0.520324
vt 0.972803 0.520448
vt 0.980320 0.511541
vt 0.972650 0.511729
vt 0.980080 0.502753
vt 0.972394 0.502958
vt 0.903657 0.529932
vt 0.911394 0.529897
vt 0.911360 0.521066
vt 0.903655 0.521149
vt 0.911246 0.512216
vt 0.903552 0.512372
vt 0.883966 0.495889
vt 0.884233 0.504241
vt 0.807717 0.520666
vt 0.807656 0.528975
vt 0.807924 0.512311
vt 0.808198 0.504029
vt 0.865930 0.706349
vt 0.874348 0.705614
vt 0.857364 0.706552
vt 0.848810 0.706475
vt 0.840463 0.705881
vt 0.953770 0.520663
vt 0.954025 0.528983
vt 0.953613 0.512277
vt 0.953497 0.503973
vt 0.884592 0.521267
vt 0.884677 0.529644
vt 0.884562 0.512751
vt 0.880768 0.495702
vt 0.881012 0.504248
vt 0.804488 0.520640
vt 0.804526 0.529142
vt 0.804743 0.512188
vt 0.805068 0.503703
vt 0.866171 0.709629
vt 0.874901 0.708508
vt 0.857392 0.709807
vt 0.848622 0.709748
vt 0.839957 0.708774
vt 0.950556 0.520781
vt 0.950865 0.529304
vt 0.950427 0.512293
vt 0.950371 0.503779
vt 0.881353 0.521389
vt 0.881449 0.529957
vt 0.881475 0.512814
vt 0.871934 0.494575
vt 0.872603 0.504302
vt 0.796131 0.520562
vt 0.796026 0.530311
vt 0.796265 0.510515
vt 0.876321 0.716413
vt 0.885910 0.715388
vt 0.883386 0.706997
vt 0.867139 0.718499
vt 0.857458 0.718217
vt 0.847788 0.718624
vt 0.838633 0.716691
vt 0.831447 0.707376
vt 0.829033 0.715800
vt 0.942219 0.512337
vt 0.941846 0.522211
vt 0.941696 0.502753
vt 0.872943 0.521664
vt 0.872634 0.531406
vt 0.873416 0.512971
vt 0.865526 0.497917
vt 0.865998 0.505420
vt 0.789343 0.520698
vt 0.789473 0.527844
vt 0.789670 0.513342
vt 0.692864 0.718188
vt 0.697284 0.713013
vt 0.691397 0.708487
vt 0.685148 0.712291
vt 0.842342 0.476288
vt 0.845432 0.483066
vt 0.852915 0.483066
vt 0.852238 0.476288
vt 0.857495 0.725310
vt 0.864525 0.725102
vt 0.850465 0.725185
vt 0.726794 0.712207
vt 0.720737 0.708992
vt 0.717700 0.715923
vt 0.722789 0.721392
vt 0.731697 0.703449
vt 0.724517 0.702771
vt 0.727906 0.693871
vt 0.721508 0.695934
vt 0.724981 0.684580
vt 0.719280 0.688921
vt 0.866297 0.520781
vt 0.866101 0.528296
vt 0.867059 0.513086
vt 0.692238 0.693318
vt 0.698668 0.689188
vt 0.692233 0.700805
vt 0.702677 0.718519
vt 0.710065 0.716668
vt 0.711797 0.687037
vt 0.704652 0.684580
vt 0.911016 0.503368
vt 0.910703 0.494545
vt 0.902988 0.494796
vt 0.653667 0.501997
vt 0.645966 0.501775
vt 0.645728 0.510559
vt 0.653411 0.510735
vt 0.645559 0.519341
vt 0.653232 0.519451
vt 0.645457 0.528131
vt 0.653148 0.528224
vt 0.874594 0.687219
vt 0.874647 0.679557
vt 0.865950 0.679615
vt 0.865932 0.687309
vt 0.857335 0.679630
vt 0.857321 0.687340
vt 0.839943 0.679504
vt 0.839932 0.687186
vt 0.902130 0.601518
vt 0.909749 0.602646
vt 0.911014 0.593960
vt 0.903405 0.592880
vt 0.912219 0.585272
vt 0.904611 0.584259
vt 0.913363 0.576562
vt 0.905739 0.575562
vt 0.903658 0.529932
vt 0.911393 0.529897
vt 0.911362 0.521066
vt 0.903655 0.521150
vt 0.911246 0.512216
vt 0.903552 0.512371
vt 0.883966 0.495890
vt 0.672416 0.511262
vt 0.672492 0.502927
vt 0.672303 0.519649
vt 0.672096 0.527932
vt 0.865930 0.706349
vt 0.874345 0.705614
vt 0.857363 0.706552
vt 0.848809 0.706475
vt 0.840463 0.705881
vt 0.884585 0.590114
vt 0.883557 0.598379
vt 0.885687 0.581822
vt 0.886925 0.573641
vt 0.675617 0.511270
vt 0.675655 0.502729
vt 0.675498 0.519763
vt 0.675233 0.528233
vt 0.866171 0.709630
vt 0.874900 0.708509
vt 0.848621 0.709749
vt 0.839957 0.708775
vt 0.881410 0.589724
vt 0.880388 0.598211
vt 0.882507 0.581334
vt 0.883891 0.572979
vt 0.881353 0.521389
vt 0.881475 0.512814
vt 0.872603 0.504302
vt 0.683825 0.511313
vt 0.684346 0.501720
vt 0.684193 0.521204
vt 0.876320 0.716414
vt 0.885910 0.715388
vt 0.883383 0.706997
vt 0.867139 0.718500
vt 0.857458 0.718218
vt 0.847786 0.718624
vt 0.838632 0.716690
vt 0.831449 0.707376
vt 0.874242 0.580067
vt 0.872766 0.590006
vt 0.875714 0.570434
vt 0.872943 0.521664
vt 0.872635 0.531406
vt 0.865527 0.497916
vt 0.643128 0.613088
vt 0.642927 0.606368
vt 0.635571 0.606619
vt 0.633392 0.613447
vt 0.653423 0.613447
vt 0.650376 0.606911
vt 0.660032 0.605891
vt 0.654970 0.601264
vt 0.667344 0.599040
vt 0.660484 0.596077
vt 0.857494 0.725309
vt 0.864524 0.725102
vt 0.850463 0.725184
vt 0.865000 0.595709
vt 0.860739 0.590399
vt 0.855395 0.595641
vt 0.857939 0.602646
vt 0.866662 0.586114
vt 0.867559 0.578821
vt 0.868851 0.571796
vt 0.866297 0.520782
vt 0.866101 0.528296
vt 0.631285 0.600201
vt 0.658628 0.588634
vt 0.657904 0.581058
vt 0.650919 0.577826
vt 0.644603 0.573772
vt 0.637676 0.577145
vt 0.630633 0.579664
vt 0.628904 0.587109
vt 0.626572 0.594293
vt 0.903677 0.521151
vt 0.903683 0.529960
vt 0.911403 0.529910
vt 0.911369 0.521080
vt 0.972406 0.503089
vt 0.972641 0.511826
vt 0.980324 0.511668
vt 0.980107 0.502884
vt 0.972799 0.520543
vt 0.980473 0.520450
vt 0.972863 0.529316
vt 0.980554 0.529240
vt 0.840391 0.687178
vt 0.849053 0.687282
vt 0.849049 0.679588
vt 0.857666 0.687326
vt 0.857664 0.679617
vt 0.875055 0.687200
vt 0.875055 0.679518
vt 0.817491 0.571563
vt 0.818766 0.580199
vt 0.826375 0.579120
vt 0.825110 0.570434
vt 0.819972 0.588821
vt 0.827579 0.587807
vt 0.821099 0.597518
vt 0.828724 0.596518
vt 0.902980 0.494824
vt 0.903319 0.503600
vt 0.911024 0.503383
vt 0.910710 0.494558
vt 0.903559 0.512375
vt 0.911255 0.512231
vt 0.884634 0.529609
vt 0.953579 0.503975
vt 0.953635 0.512310
vt 0.953729 0.520697
vt 0.953916 0.528980
vt 0.840612 0.705575
vt 0.849029 0.706323
vt 0.857593 0.706539
vt 0.874495 0.705893
vt 0.798917 0.574701
vt 0.799945 0.582967
vt 0.801046 0.591257
vt 0.802285 0.599439
vt 0.884025 0.495853
vt 0.884266 0.504227
vt 0.884570 0.512738
vt 0.881355 0.521374
vt 0.881445 0.529920
vt 0.950417 0.503770
vt 0.950436 0.512311
vt 0.950534 0.520804
vt 0.950778 0.529274
vt 0.848782 0.709603
vt 0.857560 0.709794
vt 0.866331 0.709748
vt 0.874996 0.708788
vt 0.795748 0.574868
vt 0.796770 0.583356
vt 0.797867 0.591745
vt 0.799251 0.600100
vt 0.880788 0.495667
vt 0.881024 0.504232
vt 0.881482 0.512796
vt 0.872950 0.521646
vt 0.872662 0.531394
vt 0.941728 0.502740
vt 0.942226 0.512334
vt 0.941835 0.522224
vt 0.831573 0.706943
vt 0.829034 0.715331
vt 0.838623 0.716371
vt 0.847800 0.718471
vt 0.867152 0.718625
vt 0.876307 0.716706
vt 0.885909 0.715831
vt 0.788126 0.583074
vt 0.789603 0.593013
vt 0.791074 0.602646
vt 0.871923 0.494562
vt 0.872611 0.504284
vt 0.873424 0.512954
vt 0.866308 0.520787
vt 0.866129 0.528304
vt 0.964252 0.602287
vt 0.973985 0.602646
vt 0.971809 0.595819
vt 0.964454 0.595566
vt 0.953957 0.602646
vt 0.957002 0.596110
vt 0.947348 0.595090
vt 0.952408 0.590463
vt 0.940036 0.588239
vt 0.946895 0.585276
vt 0.850404 0.725078
vt 0.864465 0.725181
vt 0.780361 0.577371
vt 0.773299 0.570434
vt 0.770756 0.577438
vt 0.776100 0.582681
vt 0.782022 0.586966
vt 0.782920 0.594259
vt 0.784211 0.601284
vt 0.865518 0.497926
vt 0.866006 0.505427
vt 0.867068 0.513086
vt 0.976093 0.589400
vt 0.948750 0.577833
vt 0.949476 0.570256
vt 0.956460 0.567026
vt 0.962776 0.562971
vt 0.969703 0.566344
vt 0.976746 0.568863
vt 0.978475 0.576308
vt 0.980808 0.583492
vt 0.400841 0.434572
vt 0.468507 0.434572
vt 0.468507 0.432274
vt 0.400841 0.432274
vt 0.556418 0.426497
vt 0.556879 0.426497
vt 0.556879 0.424200
vt 0.556418 0.424200
vt 0.468507 0.432275
vt 0.400841 0.432274
vt 0.400841 0.434571
vt 0.468507 0.434572
vt 0.498603 0.421985
vt 0.503216 0.421985
vt 0.503216 0.419687
vt 0.498603 0.419687
vt 0.555344 0.424200
vt 0.555344 0.426497
vt 0.554269 0.424200
vt 0.554269 0.426497
vt 0.469581 0.434572
vt 0.469581 0.432274
vt 0.469581 0.434572
vt 0.469581 0.432275
vt 0.559028 0.426497
vt 0.559028 0.424200
vt 0.557954 0.424200
vt 0.557954 0.426497
vt 0.400841 0.432274
vt 0.400841 0.434572
vt 0.468507 0.434572
vt 0.468507 0.432274
vt 0.556418 0.426497
vt 0.556880 0.426497
vt 0.556879 0.424200
vt 0.468507 0.434572
vt 0.468507 0.432274
vt 0.400841 0.432274
vt 0.400841 0.434572
vt 0.503216 0.421985
vt 0.503216 0.419687
vt 0.498603 0.419687
vt 0.498603 0.421985
vt 0.555343 0.424200
vt 0.555344 0.426498
vt 0.554269 0.424201
vt 0.554269 0.426498
vt 0.469581 0.432274
vt 0.469581 0.434572
vt 0.469581 0.434572
vt 0.469581 0.432274
vt 0.559028 0.424199
vt 0.557954 0.424200
vt 0.557954 0.426497
vt 0.559029 0.426497
vt 0.944643 0.413235
vt 0.950119 0.403647
vt 0.950119 0.401514
vt 0.949385 0.408441
vt 0.950119 0.403647
vt 0.949385 0.396720
vt 0.950119 0.403647
vt 0.949385 0.396721
vt 0.950119 0.401515
vt 0.950119 0.401515
vt 0.950119 0.403647
vt 0.949385 0.408441
s 1
usemtl MaterialSilla
f 1/1/1 2/2/2 3/3/3
f 4/4/4 5/5/5 6/6/6
f 7/7/7 8/8/8 9/9/9
f 10/10/10 11/11/11 12/12/12
f 13/13/13 14/14/14 15/15/14
f 10/10/10 16/16/15 17/17/16
f 18/18/17 19/19/18 20/20/19
f 21/21/20 22/22/21 23/23/22
s 0
f 24/24/23 25/8/23 26/7/23
f 27/24/24 28/7/24 29/25/24
f 30/17/25 31/26/25 32/11/25
f 33/17/26 34/11/26 35/10/26
s 1
f 36/27/27 37/28/28 38/29/29
f 39/30/30 40/31/31 41/32/32
f 42/33/33 43/34/34 44/35/35
f 45/36/36 8/8/8 46/24/37
f 47/37/14 48/38/38 49/39/14
s 0
f 50/40/39 51/41/39 52/42/39
f 53/43/40 54/44/40 55/45/40
s 1
f 56/46/41 57/47/42 58/48/43
f 59/49/40 60/50/44 61/51/45
f 62/52/40 59/49/40 61/51/45
s 0
f 63/53/39 64/54/39 65/55/39
s 1
f 66/56/46 63/53/39 67/57/47
f 68/58/48 69/59/31 70/60/49
s 0
f 71/61/40 59/49/40 72/62/40
f 63/53/39 65/55/39 73/63/39
f 72/62/50 59/49/50 62/52/51
s 1
f 63/53/39 73/63/39 67/57/47
f 74/64/52 57/47/42 56/46/41
f 75/65/53 22/22/21 21/21/20
f 39/30/30 76/66/54 77/67/55
f 78/68/56 79/69/28 20/20/19
f 80/70/57 81/71/58 82/72/59
f 83/73/60 81/71/58 80/70/57
f 84/74/61 85/75/62 86/76/63
f 87/77/64 81/71/58 83/73/60
f 86/76/63 85/75/62 88/78/65
f 88/78/65 85/75/62 89/79/66
f 5/5/5 90/80/4 91/81/4
f 92/82/1 2/2/2 1/1/1
f 5/5/5 93/83/4 90/80/4
f 94/84/1 2/2/2 92/82/1
f 5/5/5 95/85/4 93/83/4
f 96/86/1 2/2/2 94/84/1
f 97/87/4 95/85/4 5/5/5
f 98/88/1 2/2/2 96/86/1
f 97/87/4 5/5/5 4/4/4
f 99/89/67 2/2/2 98/88/1
s 0
f 100/90/68 101/91/68 102/52/68
s 1
f 103/92/69 101/91/70 100/90/70
s 0
f 44/35/34 43/34/34 104/93/34
s 1
f 105/94/71 106/95/72 107/96/72
s 0
f 108/63/34 107/96/34 106/95/34
s 1
f 109/97/73 110/98/68 111/99/68
s 0
f 112/100/68 111/99/68 110/98/68
s 1
f 113/101/74 114/102/75 115/103/76
f 116/104/77 117/105/78 118/106/79
f 119/107/80 120/108/81 121/109/82
f 122/110/83 123/111/84 124/112/85
f 125/113/86 126/114/87 127/115/88
f 128/116/89 129/117/90 130/118/91
f 131/119/92 132/120/93 133/121/94
f 134/122/95 135/123/96 136/124/97
f 137/125/98 138/126/99 139/127/100
f 114/102/75 140/128/101 141/129/102
f 142/130/103 117/105/78 116/104/77
f 114/102/75 143/131/104 140/128/101
f 142/130/103 144/132/105 117/105/78
f 145/133/106 143/131/104 114/102/75
f 117/105/78 144/132/105 146/134/107
f 145/133/106 114/102/75 113/101/74
f 117/105/78 146/134/107 147/135/108
f 148/136/109 149/137/110 150/138/111
f 151/139/112 120/108/81 119/107/80
f 150/138/111 149/137/110 152/140/113
f 153/141/114 120/108/81 151/139/112
f 152/140/113 149/137/110 154/142/115
s 0
f 155/143/116 156/144/116 157/145/116
f 158/146/117 155/143/117 157/145/117
f 159/147/116 158/146/116 157/145/116
f 160/148/116 159/147/116 157/145/116
f 161/149/116 160/148/116 157/145/116
f 162/150/116 161/149/116 157/145/116
f 163/151/116 162/150/116 157/145/116
f 164/152/117 163/151/117 157/145/117
f 165/153/116 164/152/116 157/145/116
f 166/154/117 165/153/117 157/145/117
f 167/155/116 166/154/116 157/145/116
f 168/156/116 167/155/116 157/145/116
f 169/157/116 168/156/116 157/145/116
f 156/144/116 169/157/116 157/145/116
f 170/158/118 171/159/118 172/160/118
f 171/159/119 173/161/119 172/160/119
f 173/161/118 174/162/118 172/160/118
f 174/162/118 175/163/118 172/160/118
s 1
f 175/163/119 176/164/119 172/160/119
s 0
f 176/164/118 177/165/118 172/160/118
f 177/165/120 178/166/120 172/160/120
f 178/166/119 179/167/119 172/160/119
f 179/167/119 180/168/119 172/160/119
f 180/168/119 181/169/119 172/160/119
f 181/169/118 182/170/118 172/160/118
f 182/170/118 183/171/118 172/160/118
f 183/171/118 184/172/118 172/160/118
f 184/172/118 170/158/118 172/160/118
f 185/173/14 186/174/14 187/175/14
s 1
f 188/176/121 189/177/122 190/178/123
s 0
f 191/179/14 192/180/14 193/181/14
f 194/182/14 195/183/14 196/184/14
f 197/185/14 198/186/14 199/187/14
s 1
f 200/188/122 201/189/124 202/190/125
f 203/191/126 204/192/122 205/193/127
f 206/194/128 207/195/122 208/196/129
s 0
f 209/197/130 210/198/130 211/199/130
f 212/200/130 209/197/130 211/199/130
f 213/201/130 212/200/130 211/199/130
f 214/202/131 213/201/131 211/199/131
f 215/203/130 214/202/130 211/199/130
f 216/204/130 215/203/130 211/199/130
f 217/205/130 216/204/130 211/199/130
f 218/206/130 217/205/130 211/199/130
f 219/207/130 218/206/130 211/199/130
f 220/208/130 219/207/130 211/199/130
f 221/209/130 220/208/130 211/199/130
f 222/210/130 221/209/130 211/199/130
f 223/211/130 222/210/130 211/199/130
f 210/198/130 223/211/130 211/199/130
f 224/212/132 225/213/132 226/214/132
f 225/213/132 227/215/132 226/214/132
f 227/215/132 228/216/132 226/214/132
f 228/216/132 229/217/132 226/214/132
f 229/217/132 230/218/132 226/214/132
f 230/218/132 231/219/132 226/214/132
f 231/219/132 232/220/132 226/214/132
f 232/220/132 233/221/132 226/214/132
f 233/221/132 234/222/132 226/214/132
f 234/222/132 235/223/132 226/214/132
f 235/223/132 236/224/132 226/214/132
f 236/224/132 237/225/132 226/214/132
f 237/225/132 238/226/132 226/214/132
f 238/226/132 224/212/132 226/214/132
f 239/227/133 240/228/133 241/229/133
f 242/230/133 240/228/133 239/227/133
f 243/231/133 240/228/133 242/230/133
f 244/232/133 240/228/133 243/231/133
f 245/233/133 240/228/133 244/232/133
f 246/234/133 240/228/133 245/233/133
f 247/235/133 240/228/133 246/234/133
f 248/236/133 240/228/133 247/235/133
f 249/237/133 240/228/133 248/236/133
f 250/238/133 240/228/133 249/237/133
f 251/239/133 240/228/133 250/238/133
f 252/240/133 240/228/133 251/239/133
f 253/241/133 240/228/133 252/240/133
f 241/229/133 240/228/133 253/241/133
f 254/242/134 255/243/134 256/244/134
f 256/244/134 255/243/134 257/245/134
f 257/245/134 255/243/134 258/246/134
f 258/246/134 255/243/134 259/247/134
f 259/247/134 255/243/134 260/248/134
f 260/248/134 255/243/134 261/249/134
f 261/249/134 255/243/134 262/250/134
s 1
f 262/250/134 255/243/134 263/251/134
s 0
f 263/251/134 255/243/134 264/252/134
f 264/252/134 255/243/134 265/253/134
f 265/253/134 255/243/134 266/254/134
f 266/254/134 255/243/134 267/255/134
f 267/255/134 255/243/134 268/256/134
f 268/256/134 255/243/134 254/242/134
f 269/257/135 270/258/135 271/259/135
f 272/260/135 270/258/135 269/257/135
f 273/261/135 270/258/135 272/260/135
f 274/262/135 270/258/135 273/261/135
s 1
f 275/263/135 270/258/135 274/262/135
s 0
f 276/264/135 270/258/135 275/263/135
f 277/265/135 270/258/135 276/264/135
f 278/266/135 270/258/135 277/265/135
f 279/267/135 270/258/135 278/266/135
f 280/268/135 270/258/135 279/267/135
f 281/269/135 270/258/135 280/268/135
f 282/270/135 270/258/135 281/269/135
f 283/271/135 270/258/135 282/270/135
f 271/259/135 270/258/135 283/271/135
f 284/272/136 285/243/136 286/273/136
f 286/273/136 285/243/136 287/274/136
f 287/274/136 285/243/136 288/275/136
f 288/275/136 285/243/136 289/247/136
f 289/247/136 285/243/136 290/248/136
f 290/248/136 285/243/136 291/276/136
f 291/276/136 285/243/136 292/277/136
f 292/277/136 285/243/136 293/278/136
f 293/278/136 285/243/136 294/279/136
f 294/279/136 285/243/136 295/280/136
f 295/280/136 285/243/136 296/254/136
f 296/254/136 285/243/136 297/281/136
f 297/281/136 285/243/136 298/282/136
f 298/282/136 285/243/136 284/272/136
f 299/283/135 300/284/135 301/285/135
f 302/286/135 299/283/135 301/285/135
f 303/287/135 302/286/135 301/285/135
f 304/288/135 303/287/135 301/285/135
f 305/289/135 304/288/135 301/285/135
f 306/290/135 305/289/135 301/285/135
f 307/291/135 306/290/135 301/285/135
f 308/292/135 307/291/135 301/285/135
f 309/293/135 308/292/135 301/285/135
f 310/294/135 309/293/135 301/285/135
f 311/295/135 310/294/135 301/285/135
f 312/296/135 311/295/135 301/285/135
s 1
f 313/297/135 312/296/135 301/285/135
s 0
f 300/284/135 313/297/135 301/285/135
f 314/256/136 315/298/136 316/299/136
f 315/298/136 317/300/136 316/299/136
f 317/300/136 318/301/136 316/299/136
f 318/301/136 319/252/136 316/299/136
f 319/252/136 320/302/136 316/299/136
f 320/302/136 321/303/136 316/299/136
s 1
f 321/303/136 322/249/136 316/299/136
s 0
f 322/249/136 323/248/136 316/299/136
f 323/248/136 324/304/136 316/299/136
f 324/304/136 325/246/136 316/299/136
f 325/246/136 326/305/136 316/299/136
f 326/305/136 327/306/136 316/299/136
f 327/306/136 328/307/136 316/299/136
f 328/307/136 314/256/136 316/299/136
f 329/308/137 330/309/137 331/310/137
f 332/311/138 333/312/138 334/313/138
f 335/314/137 336/315/137 337/316/137
f 332/311/138 338/317/138 333/312/138
f 332/311/138 339/318/138 338/317/138
f 340/319/138 341/320/138 342/321/138
f 343/322/138 344/323/138 342/321/138
f 345/324/137 346/325/137 347/326/137
f 341/320/138 343/322/138 342/321/138
f 348/327/138 341/320/138 340/319/138
f 334/313/138 333/312/138 349/328/138
f 350/329/137 346/325/137 345/324/137
f 351/330/137 346/325/137 352/331/137
f 336/315/137 353/332/137 354/333/137
f 337/316/137 336/315/137 355/334/137
f 329/308/137 331/310/137 356/333/137
f 357/335/138 358/336/138 359/337/138
f 360/338/137 361/339/137 362/340/137
f 363/341/137 360/338/137 362/340/137
f 364/342/138 365/343/138 358/336/138
f 363/341/137 366/344/137 360/338/137
f 363/341/137 367/345/137 366/344/137
f 368/346/138 369/311/138 370/347/138
f 356/333/137 371/348/137 372/349/137
f 373/350/138 374/351/138 368/346/138
f 374/351/138 369/311/138 368/346/138
f 356/333/137 331/310/137 371/348/137
f 375/352/138 374/351/138 373/350/138
f 352/331/137 346/325/137 350/329/137
f 355/334/137 336/315/137 354/333/137
s 1
f 376/353/139 377/354/139 378/355/140
f 376/353/139 378/355/140 379/356/140
f 380/357/141 381/358/142 382/359/143
f 380/357/141 382/359/143 383/360/143
f 384/361/144 385/362/144 386/363/145
f 384/361/144 386/363/145 387/364/145
f 388/365/146 389/366/146 390/367/147
f 388/365/146 390/367/147 391/368/148
f 392/369/139 393/370/149 394/371/149
f 392/369/139 394/371/149 395/372/139
f 396/370/150 391/368/148 390/367/147
f 396/370/150 390/367/147 397/371/150
f 380/357/141 398/373/151 399/374/151
f 380/357/141 399/374/151 381/358/142
f 400/375/152 379/356/140 378/355/140
f 400/375/152 378/355/140 401/376/152
f 402/377/144 403/378/153 404/379/154
f 402/377/144 404/379/154 405/380/144
f 406/378/155 383/360/143 382/359/143
f 406/378/155 382/359/143 407/379/155
f 388/365/146 408/381/156 409/382/156
f 388/365/146 409/382/156 389/366/146
f 410/383/157 387/364/145 386/363/145
f 410/383/157 386/363/145 411/384/157
f 412/385/139 413/386/139 414/387/140
f 412/385/139 414/387/140 415/388/140
f 416/389/142 417/390/142 418/391/143
f 416/389/142 418/391/143 419/392/143
f 420/393/144 421/394/144 422/387/158
f 420/393/144 422/387/158 423/395/145
f 424/396/146 425/397/146 426/398/148
f 424/396/146 426/398/148 427/399/147
f 428/400/139 429/401/159 430/402/159
f 428/400/139 430/402/159 431/403/139
f 432/401/150 427/399/147 426/398/148
f 432/401/150 426/398/148 433/402/150
f 416/389/142 434/404/151 435/405/151
f 416/389/142 435/405/151 417/390/142
f 436/406/152 415/388/140 414/387/140
f 436/406/152 414/387/140 437/407/152
f 438/408/144 439/409/153 440/410/154
f 438/408/144 440/410/154 441/411/144
f 442/409/155 419/392/143 418/391/143
f 442/409/155 418/391/143 443/410/155
f 424/396/146 444/412/160 445/413/160
f 424/396/146 445/413/160 425/397/146
f 446/414/157 423/395/145 422/387/158
f 446/414/157 422/387/158 447/415/157
f 448/416/161 449/417/161 450/418/162
f 448/416/161 450/418/162 451/419/163
f 452/420/164 453/421/165 454/422/166
f 452/420/164 454/422/166 455/423/166
f 456/424/167 457/425/168 458/426/169
f 456/424/167 458/426/169 459/427/169
f 460/428/170 461/421/171 462/429/172
f 460/428/170 462/429/172 463/430/172
f 464/431/161 465/432/173 466/433/174
f 464/431/161 466/433/174 467/434/161
f 468/435/175 463/430/172 462/429/172
f 468/435/175 462/429/172 469/436/175
f 452/420/164 470/437/176 471/438/176
f 452/420/164 471/438/176 453/421/165
f 472/437/177 451/419/163 450/418/162
f 472/437/177 450/418/162 473/438/178
f 474/439/167 475/440/179 476/441/180
f 474/439/167 476/441/180 477/442/168
f 478/443/181 455/423/166 454/422/166
f 478/443/181 454/422/166 479/444/181
f 460/428/170 480/445/182 481/438/182
f 460/428/170 481/438/182 461/421/171
f 482/445/183 459/427/169 458/426/169
f 482/445/183 458/426/169 483/438/183
f 484/446/184 485/79/185 486/447/186
f 484/446/184 486/447/186 487/448/187
f 488/449/188 489/450/189 490/77/190
f 488/449/188 490/77/190 491/451/191
f 492/452/192 493/453/193 494/454/194
f 492/452/192 494/454/194 495/455/195
f 496/456/196 497/457/197 498/458/198
f 496/456/196 498/458/198 499/459/199
f 42/33/33 500/460/200 501/461/201
f 42/33/33 501/461/201 105/94/71
f 502/462/187 503/89/186 504/88/202
f 502/462/187 504/88/202 505/463/203
f 103/92/69 506/464/204 507/465/205
f 103/92/69 507/465/205 109/97/73
f 508/6/206 509/466/188 510/467/207
f 508/6/206 510/467/207 511/4/208
f 484/446/184 512/468/209 513/78/210
f 484/446/184 513/78/210 485/79/185
f 514/469/209 515/28/211 516/69/212
f 514/469/209 516/69/212 517/470/210
f 490/77/190 518/73/213 519/471/214
f 490/77/190 519/471/214 491/451/191
f 520/472/215 521/31/216 522/59/216
f 520/472/215 522/59/216 523/473/217
f 89/79/66 85/75/62 524/474/218
f 89/79/66 524/474/218 525/447/219
f 82/72/59 81/71/58 526/475/220
f 82/72/59 526/475/220 12/12/12
f 527/476/221 493/453/193 492/452/192
f 527/476/221 492/452/192 528/477/221
f 494/454/194 529/478/222 530/479/222
f 494/454/194 530/479/222 495/455/195
f 531/480/223 505/463/203 504/88/202
f 531/480/223 504/88/202 532/86/224
f 533/481/225 497/457/197 496/456/196
f 533/481/225 496/456/196 534/482/225
f 498/458/198 535/483/226 536/484/226
f 498/458/198 536/484/226 499/459/199
f 537/87/227 511/4/208 510/467/207
f 537/87/227 510/467/207 538/485/228
f 52/42/39 51/41/39 539/486/21
f 52/42/39 539/486/21 540/487/53
s 0
f 55/45/229 54/44/229 541/488/229
f 55/45/40 541/488/40 542/489/40
s 1
f 543/490/230 544/491/231 545/492/232
f 543/490/230 545/492/232 546/493/233
f 547/491/234 548/494/235 549/495/236
f 547/491/234 549/495/236 550/492/237
f 551/496/238 552/497/239 553/498/240
f 551/496/238 553/498/240 554/499/241
f 555/497/242 556/500/243 557/501/244
f 555/497/242 557/501/244 558/498/245
f 559/502/246 560/503/247 561/504/248
f 559/502/246 561/504/248 562/505/249
f 563/503/250 564/506/251 565/507/252
f 563/503/250 565/507/252 566/504/253
f 567/25/13 568/7/254 569/9/254
f 567/25/13 569/9/254 570/508/18
f 571/2/255 572/509/256 573/510/257
f 571/2/255 573/510/257 574/3/258
f 572/509/256 575/511/200 576/512/33
f 572/509/256 576/512/33 573/510/257
f 501/461/201 577/513/259 578/95/260
f 501/461/201 578/95/260 105/94/71
f 577/513/259 579/57/261 580/63/262
f 577/513/259 580/63/262 578/95/260
f 581/51/263 582/514/264 583/90/265
f 581/51/263 583/90/265 584/52/266
f 582/514/264 506/464/204 103/92/69
f 582/514/264 103/92/69 583/90/265
f 585/515/267 586/516/268 587/517/269
f 585/515/267 587/517/269 588/518/73
f 586/516/268 589/5/270 590/81/271
f 586/516/268 590/81/271 587/517/269
f 591/11/272 592/26/273 593/519/54
f 591/11/272 593/519/54 594/12/274
f 548/494/235 551/496/238 554/499/241
f 548/494/235 554/499/241 549/495/236
f 562/505/249 595/520/14 596/521/14
f 562/505/249 596/521/14 559/502/246
f 597/522/275 598/523/276 599/524/244
f 597/522/275 599/524/244 600/525/277
f 601/526/252 602/527/251 603/528/230
f 601/526/252 603/528/230 604/529/233
f 605/530/246 606/531/14 607/532/14
f 605/530/246 607/532/14 608/533/278
f 597/522/275 600/525/277 609/534/279
f 597/522/275 609/534/279 610/535/280
f 611/536/238 612/537/235 613/538/281
f 611/536/238 613/538/281 614/539/282
f 615/540/230 616/541/251 617/542/283
f 615/540/230 617/542/283 618/543/284
f 619/544/236 620/545/285 621/546/286
f 619/544/236 621/546/286 622/547/287
f 599/524/244 598/523/276 623/548/288
f 599/524/244 623/548/288 624/549/289
f 625/550/14 626/551/290 627/552/291
f 625/550/14 627/552/291 628/553/14
f 629/554/252 630/555/292 631/556/293
f 629/554/252 631/556/293 632/557/294
f 608/533/278 607/532/14 633/558/14
f 608/533/278 633/558/14 634/559/295
f 635/560/280 636/561/279 637/562/296
f 635/560/280 637/562/296 638/563/297
f 614/539/282 613/538/281 639/564/298
f 614/539/282 639/564/298 640/565/299
f 618/543/284 617/542/283 641/566/300
f 618/543/284 641/566/300 642/567/301
f 622/547/287 621/546/286 643/568/302
f 622/547/287 643/568/302 644/569/303
f 645/570/289 646/571/288 647/572/304
f 645/570/289 647/572/304 648/573/305
f 628/553/14 627/552/291 649/574/306
f 628/553/14 649/574/306 650/575/14
f 632/557/294 631/556/293 651/576/307
f 632/557/294 651/576/307 652/577/308
f 634/559/295 633/558/14 653/578/14
f 634/559/295 653/578/14 654/579/309
f 638/563/297 637/562/296 655/580/310
f 638/563/297 655/580/310 656/581/311
f 640/565/299 639/564/298 657/582/312
f 640/565/299 657/582/312 658/583/313
f 642/567/301 641/566/300 659/584/314
f 642/567/301 659/584/314 660/585/315
f 644/569/303 643/568/302 661/586/316
f 644/569/303 661/586/316 662/587/317
f 648/573/305 647/572/304 663/588/318
f 648/573/305 663/588/318 664/589/319
f 650/575/14 649/574/306 665/590/320
f 650/575/14 665/590/320 666/591/14
f 652/577/308 651/576/307 667/592/321
f 652/577/308 667/592/321 668/593/322
f 654/579/309 653/578/14 14/14/14
f 654/579/309 14/14/14 669/594/323
f 656/581/311 655/580/310 670/595/324
f 656/581/311 670/595/324 45/36/36
f 658/583/313 657/582/312 671/596/325
f 658/583/313 671/596/325 672/597/326
f 660/585/315 659/584/314 673/598/327
f 660/585/315 673/598/327 674/599/328
f 662/587/317 661/586/316 675/600/329
f 662/587/317 675/600/329 676/601/330
f 664/589/319 663/588/318 16/16/15
f 664/589/319 16/16/15 677/602/331
f 666/591/14 665/590/320 678/603/332
f 666/591/14 678/603/332 47/37/14
f 668/593/322 667/592/321 679/604/333
f 668/593/322 679/604/333 680/605/334
f 45/36/36 670/595/324 681/606/335
f 45/36/36 681/606/335 8/8/8
f 672/597/326 671/596/325 682/607/336
f 672/597/326 682/607/336 683/608/337
f 674/599/328 673/598/327 684/609/338
f 674/599/328 684/609/338 685/610/339
f 676/601/330 675/600/329 686/611/340
f 676/601/330 686/611/340 687/612/341
f 47/37/14 678/603/332 688/613/342
f 47/37/14 688/613/342 48/38/38
f 680/605/334 679/604/333 689/614/343
f 680/605/334 689/614/343 690/615/344
f 691/616/345 13/13/13 19/19/18
f 691/616/345 19/19/18 18/18/17
f 9/9/9 8/8/8 681/606/335
f 9/9/9 681/606/335 692/617/346
f 683/608/337 682/607/336 693/618/122
f 683/608/337 693/618/122 694/619/122
f 685/610/339 684/609/338 695/620/347
f 685/610/339 695/620/347 696/621/348
f 687/612/341 686/611/340 697/622/122
f 687/612/341 697/622/122 698/623/122
f 699/624/349 10/10/10 12/12/12
f 699/624/349 12/12/12 526/475/220
f 76/66/54 48/38/38 688/613/342
f 76/66/54 688/613/342 77/67/55
f 690/615/344 689/614/343 700/625/350
f 690/615/344 700/625/350 701/626/351
f 702/627/352 703/628/353 57/47/42
f 702/627/352 57/47/42 74/64/52
f 704/629/14 76/66/54 39/30/30
f 704/629/14 39/30/30 41/32/32
s 0
f 102/52/68 112/100/68 705/630/68
f 102/52/68 705/630/68 706/62/68
s 1
f 612/537/235 707/631/234 708/632/354
f 612/537/235 708/632/354 613/538/281
f 709/633/355 615/540/230 618/543/284
f 709/633/355 618/543/284 710/634/356
f 630/555/292 711/635/232 712/636/357
f 630/555/292 712/636/357 631/556/293
f 713/637/237 619/544/236 622/547/287
f 713/637/237 622/547/287 714/638/358
f 715/639/243 716/640/359 717/641/360
f 715/639/243 717/641/360 718/642/279
f 719/640/361 611/536/238 614/539/282
f 719/640/361 614/539/282 720/641/362
f 620/545/285 721/643/363 722/644/364
f 620/545/285 722/644/364 621/546/286
f 723/643/365 724/645/244 725/646/289
f 723/643/365 725/646/289 726/644/366
f 616/541/251 727/647/250 728/648/367
f 616/541/251 728/648/367 617/542/283
f 729/649/247 605/530/246 608/533/278
f 729/649/247 608/533/278 730/650/368
f 626/551/290 731/651/248 732/652/369
f 626/551/290 732/652/369 627/552/291
f 733/653/253 629/554/252 632/557/294
f 733/653/253 632/557/294 734/654/370
f 617/542/283 728/648/367 735/655/371
f 617/542/283 735/655/371 641/566/300
f 736/648/372 737/656/278 738/657/373
f 736/648/372 738/657/373 739/655/374
f 636/561/279 740/658/360 741/659/375
f 636/561/279 741/659/375 637/562/296
f 742/658/362 743/660/376 744/661/377
f 742/658/362 744/661/377 745/659/378
f 746/662/379 747/634/354 748/663/380
f 746/662/379 748/663/380 749/664/298
f 710/634/356 618/543/284 642/567/301
f 710/634/356 642/567/301 750/663/381
f 631/556/293 712/636/357 751/665/382
f 631/556/293 751/665/382 651/576/307
f 752/636/358 753/666/383 754/667/303
f 752/636/358 754/667/303 755/665/384
f 621/546/286 722/644/364 756/668/385
f 621/546/286 756/668/385 643/568/302
f 757/669/366 645/570/289 648/573/305
f 757/669/366 648/573/305 758/670/386
f 759/671/387 760/654/369 761/672/388
f 759/671/387 761/672/388 762/673/306
f 734/654/370 632/557/294 652/577/308
f 734/654/370 652/577/308 763/672/389
f 641/566/300 735/655/371 764/674/390
f 641/566/300 764/674/390 659/584/314
f 739/655/374 738/657/373 765/675/309
f 739/655/374 765/675/309 766/674/391
f 637/562/296 741/659/375 767/676/392
f 637/562/296 767/676/392 655/580/310
f 745/659/378 744/661/377 768/677/313
f 745/659/378 768/677/313 769/676/393
f 749/664/298 748/663/380 770/678/394
f 749/664/298 770/678/394 771/679/312
f 750/663/381 642/567/301 660/585/315
f 750/663/381 660/585/315 772/678/395
f 651/576/307 751/665/382 773/680/396
f 651/576/307 773/680/396 667/592/321
f 755/665/384 754/667/303 774/681/317
f 755/665/384 774/681/317 775/680/397
f 776/682/398 777/670/385 778/683/399
f 776/682/398 778/683/399 779/684/316
f 758/670/386 648/573/305 664/589/319
f 758/670/386 664/589/319 780/683/400
f 762/673/306 761/672/388 781/685/401
f 762/673/306 781/685/401 782/686/320
f 763/672/389 652/577/308 668/593/322
f 763/672/389 668/593/322 783/685/402
f 659/584/314 764/674/390 784/687/403
f 659/584/314 784/687/403 673/598/327
f 766/674/391 765/675/309 785/688/323
f 766/674/391 785/688/323 786/687/404
f 655/580/310 767/676/392 787/689/405
f 655/580/310 787/689/405 670/595/324
f 769/676/393 768/677/313 788/690/406
f 769/676/393 788/690/406 789/689/407
f 771/679/312 770/678/394 790/691/408
f 771/679/312 790/691/408 791/692/409
f 772/678/395 660/585/315 674/599/328
f 772/678/395 674/599/328 792/691/410
f 667/592/321 773/680/396 793/693/411
f 667/592/321 793/693/411 679/604/333
f 775/680/397 774/681/317 794/694/330
f 775/680/397 794/694/330 795/693/412
f 779/684/316 778/683/399 796/695/413
f 779/684/316 796/695/413 797/696/329
f 780/683/400 664/589/319 677/602/331
f 780/683/400 677/602/331 798/695/414
f 782/686/320 781/685/401 799/697/415
f 782/686/320 799/697/415 800/698/332
f 783/685/402 668/593/322 680/605/334
f 783/685/402 680/605/334 801/697/416
f 673/598/327 784/687/403 802/699/417
f 673/598/327 802/699/417 684/609/338
f 786/687/404 785/688/323 803/700/345
f 786/687/404 803/700/345 804/699/418
f 670/595/324 787/689/405 805/701/419
f 670/595/324 805/701/419 681/606/335
f 789/689/407 788/690/406 806/702/337
f 789/689/407 806/702/337 805/701/419
f 791/692/409 790/691/408 807/703/420
f 791/692/409 807/703/420 808/704/421
f 792/691/410 674/599/328 685/610/339
f 792/691/410 685/610/339 807/703/420
f 679/604/333 793/693/411 809/705/422
f 679/604/333 809/705/422 689/614/343
f 795/693/412 794/694/330 810/706/341
f 795/693/412 810/706/341 809/705/422
f 797/696/329 796/695/413 811/707/423
f 797/696/329 811/707/423 812/708/340
f 798/695/414 677/602/331 699/624/349
f 798/695/414 699/624/349 811/707/423
f 800/698/332 799/697/415 813/709/424
f 800/698/332 813/709/424 814/710/342
f 801/697/416 680/605/334 690/615/344
f 801/697/416 690/615/344 815/709/425
f 684/609/338 802/699/417 816/711/426
f 684/609/338 816/711/426 695/620/347
f 804/699/418 803/700/345 817/712/17
f 804/699/418 817/712/17 818/711/427
f 681/606/335 805/701/419 819/713/428
f 681/606/335 819/713/428 820/617/429
f 805/701/419 806/702/337 821/714/430
f 805/701/419 821/714/430 819/713/428
f 808/704/421 807/703/420 822/715/431
f 808/704/421 822/715/431 823/716/432
f 807/703/420 685/610/339 824/621/433
f 807/703/420 824/621/433 822/715/431
f 689/614/343 809/705/422 825/717/434
f 689/614/343 825/717/434 826/625/435
f 827/718/422 828/719/436 829/720/437
f 827/718/422 829/720/437 830/721/438
f 812/708/340 811/707/423 831/722/439
f 812/708/340 831/722/439 832/723/440
f 811/707/423 699/624/349 833/475/441
f 811/707/423 833/475/441 831/722/439
f 814/710/342 813/709/424 834/724/442
f 814/710/342 834/724/442 835/725/55
f 815/709/425 690/615/344 701/626/351
f 815/709/425 701/626/351 836/724/443
f 695/620/347 816/711/426 837/726/444
f 695/620/347 837/726/444 838/727/445
f 818/711/427 817/712/17 839/728/19
f 818/711/427 839/728/19 840/726/27
f 835/725/55 834/724/442 841/729/49
f 835/725/55 841/729/49 842/730/30
f 836/724/443 701/626/351 843/731/446
f 836/724/443 843/731/446 844/729/446
f 819/713/428 845/714/447 846/732/448
f 819/713/428 846/732/448 847/733/449
f 846/732/448 848/474/255 849/75/450
f 846/732/448 849/75/450 847/733/449
f 849/75/450 820/617/429 819/713/428
f 849/75/450 819/713/428 847/733/449
f 850/734/451 851/735/261 852/736/259
f 850/734/451 852/736/259 853/737/452
f 852/736/259 854/716/453 822/715/431
f 852/736/259 822/715/431 853/737/452
f 822/715/431 824/621/433 850/734/451
f 822/715/431 850/734/451 853/737/452
f 825/717/434 855/738/454 856/739/455
f 825/717/434 856/739/455 857/740/456
f 856/739/455 858/741/457 859/742/458
f 856/739/455 859/742/458 857/740/456
f 859/742/458 826/625/435 825/717/434
f 859/742/458 825/717/434 857/740/456
f 860/71/459 861/743/460 862/744/461
f 860/71/459 862/744/461 863/745/462
f 862/744/461 864/723/463 831/722/439
f 862/744/461 831/722/439 863/745/462
f 831/722/439 833/475/441 860/71/459
f 831/722/439 860/71/459 863/745/462
f 677/602/331 16/16/15 10/10/10
f 677/602/331 10/10/10 699/624/349
f 669/594/323 14/14/14 13/13/13
f 669/594/323 13/13/13 691/616/345
f 54/44/40 865/746/42 866/747/353
f 54/44/40 866/747/353 541/488/40
f 867/748/43 865/746/42 54/44/40
f 867/748/43 54/44/40 53/43/40
s 0
f 868/488/39 869/749/39 64/54/39
f 868/488/39 64/54/39 63/53/39
s 1
f 870/750/464 868/488/39 63/53/39
f 870/750/464 63/53/39 66/56/46
f 871/751/465 872/752/466 873/753/46
f 871/751/465 873/753/46 874/727/467
f 875/731/468 701/626/351 700/625/350
f 875/731/468 700/625/350 876/742/469
f 23/23/22 22/22/21 872/752/466
f 23/23/22 872/752/466 871/751/465
f 539/486/21 51/41/39 868/488/39
f 539/486/21 868/488/39 870/750/464
s 0
f 50/40/39 869/749/39 868/488/39
f 50/40/39 868/488/39 51/41/39
f 542/489/40 541/488/40 59/49/40
f 542/489/40 59/49/40 71/61/40
s 1
f 541/488/40 866/747/353 60/50/44
f 541/488/40 60/50/44 59/49/40
f 875/731/468 877/754/44 703/628/353
f 875/731/468 703/628/353 702/627/352
f 874/727/467 873/753/46 878/735/47
f 874/727/467 878/735/47 879/734/470
f 20/20/19 79/69/28 37/28/28
f 20/20/19 37/28/28 36/27/27
f 20/20/19 19/19/18 880/755/14
f 20/20/19 880/755/14 78/68/56
f 70/60/49 69/59/31 40/31/31
f 70/60/49 40/31/31 39/30/30
f 84/74/61 9/9/9 692/617/346
f 84/74/61 692/617/346 85/75/62
f 881/450/6 882/743/471 81/71/58
f 881/450/6 81/71/58 87/77/64
s 0
f 104/93/472 108/63/472 883/55/472
f 104/93/472 883/55/472 884/756/472
s 1
f 109/97/73 111/99/68 101/91/70
f 109/97/73 101/91/70 103/92/69
s 0
f 102/52/68 101/91/68 111/99/68
f 102/52/68 111/99/68 112/100/68
s 1
f 105/94/71 107/96/72 43/34/34
f 105/94/71 43/34/34 42/33/33
s 0
f 104/93/34 43/34/34 107/96/34
f 104/93/472 107/96/472 108/63/472
s 1
f 875/731/468 876/742/469 885/741/45
f 875/731/468 885/741/45 877/754/44
f 874/727/467 879/734/470 696/621/348
f 874/727/467 696/621/348 695/620/347
f 886/757/473 887/758/474 888/759/475
f 886/757/473 888/759/475 889/760/476
f 890/761/477 891/762/478 892/763/479
f 890/761/477 892/763/479 893/764/480
f 894/762/481 895/765/482 896/766/483
f 894/762/481 896/766/483 897/763/484
f 141/129/102 898/767/485 899/768/486
f 141/129/102 899/768/486 114/102/75
f 900/769/487 901/770/488 902/771/489
f 900/769/487 902/771/489 903/772/490
f 901/770/488 886/757/473 904/773/491
f 901/770/488 904/773/491 902/771/489
f 905/774/492 906/775/493 907/776/494
f 905/774/492 907/776/494 908/777/495
f 906/775/493 909/778/496 910/779/497
f 906/775/493 910/779/497 907/776/494
f 909/778/496 911/780/498 912/781/499
f 909/778/496 912/781/499 910/779/497
f 913/782/500 914/783/501 915/784/502
f 913/782/500 915/784/502 117/105/78
f 916/785/503 917/786/504 918/787/505
f 916/785/503 918/787/505 919/788/506
f 917/786/504 920/789/507 921/790/508
f 917/786/504 921/790/508 918/787/505
f 922/791/509 923/792/510 924/793/511
f 922/791/509 924/793/511 925/794/512
f 926/792/513 927/795/514 928/796/515
f 926/792/513 928/796/515 929/793/516
f 930/797/517 931/798/518 932/799/519
f 930/797/517 932/799/519 933/800/520
f 934/801/79 935/802/521 936/803/522
f 934/801/79 936/803/522 937/804/77
f 938/802/523 939/805/524 940/806/525
f 938/802/523 940/806/525 936/803/522
f 939/805/524 922/791/509 941/807/526
f 939/805/524 941/807/526 940/806/525
f 942/808/527 943/809/528 944/810/529
f 942/808/527 944/810/529 945/811/530
f 943/809/528 946/812/531 947/813/532
f 943/809/528 947/813/532 944/810/529
f 948/814/531 949/815/533 950/816/534
f 948/814/531 950/816/534 951/817/535
f 952/818/536 953/819/537 954/820/538
f 952/818/536 954/820/538 955/821/539
f 953/819/537 956/822/540 957/823/541
f 953/819/537 957/823/541 954/820/538
f 956/822/540 958/824/108 959/825/107
f 956/822/540 959/825/107 957/823/541
f 960/826/542 961/827/543 962/828/544
f 960/826/542 962/828/544 963/829/545
f 964/830/546 965/831/546 966/832/547
f 964/830/546 966/832/547 967/833/547
f 968/831/548 969/834/549 970/835/550
f 968/831/548 970/835/550 971/832/551
f 121/109/82 972/836/552 973/837/553
f 121/109/82 973/837/553 119/107/80
f 974/838/554 975/839/554 976/840/555
f 974/838/554 976/840/555 977/841/555
f 978/839/556 979/842/557 980/843/558
f 978/839/556 980/843/558 981/840/559
f 982/844/560 983/845/561 984/846/562
f 982/844/560 984/846/562 912/781/499
f 983/845/561 985/847/563 986/848/564
f 983/845/561 986/848/564 984/846/562
f 985/847/563 987/849/565 988/850/566
f 985/847/563 988/850/566 986/848/564
f 989/851/567 990/852/568 991/853/569
f 989/851/567 991/853/569 932/799/519
f 990/852/568 992/854/570 993/855/571
f 990/852/568 993/855/571 991/853/569
f 994/856/570 120/108/81 995/857/572
f 994/856/570 995/857/572 996/858/573
f 925/794/512 997/859/574 998/860/575
f 925/794/512 998/860/575 999/861/576
f 1000/859/577 1001/862/578 1002/863/579
f 1000/859/577 1002/863/579 1003/860/580
f 1004/862/581 1005/864/572 1006/865/582
f 1004/862/581 1006/865/582 1007/863/583
f 1008/866/584 1009/867/585 1010/868/586
f 1008/866/584 1010/868/586 1011/869/101
f 1009/867/585 1012/870/587 1013/871/588
f 1009/867/585 1013/871/588 1010/868/586
f 1012/870/587 1014/872/589 1015/873/590
f 1012/870/587 1015/873/590 1013/871/588
f 1016/874/591 1017/875/592 1018/876/593
f 1016/874/591 1018/876/593 1019/877/115
f 1020/875/594 1021/878/595 1022/879/596
f 1020/875/594 1022/879/596 1023/876/597
f 1021/878/595 1024/880/598 1025/881/599
f 1021/878/595 1025/881/599 1026/879/600
f 114/102/75 1027/882/601 949/815/533
f 114/102/75 949/815/533 115/103/76
f 950/816/534 1028/883/602 913/782/500
f 950/816/534 913/782/500 1029/884/603
f 913/782/500 117/105/78 147/135/108
f 913/782/500 147/135/108 1029/884/603
f 1030/885/604 1031/886/605 1032/887/606
f 1030/885/604 1032/887/606 1033/888/607
f 1032/887/606 942/808/527 969/834/549
f 1032/887/606 969/834/549 1033/888/607
f 970/835/550 945/811/530 1034/889/608
f 970/835/550 1034/889/608 1035/890/549
f 1034/889/608 952/818/536 979/842/557
f 1034/889/608 979/842/557 1035/890/549
f 952/818/536 955/821/539 980/843/558
f 952/818/536 980/843/558 979/842/557
f 148/136/109 960/826/542 1036/891/565
f 148/136/109 1036/891/565 149/137/110
f 1037/892/566 963/829/545 1038/893/609
f 1037/892/566 1038/893/609 1039/894/610
f 1038/893/609 121/109/82 120/108/81
f 1038/893/609 120/108/81 1039/894/610
f 889/760/476 1040/895/611 904/773/491
f 889/760/476 904/773/491 886/757/473
f 1040/895/611 982/844/560 1041/896/612
f 1040/895/611 1041/896/612 904/773/491
f 905/774/492 908/777/495 1042/897/613
f 905/774/492 1042/897/613 920/789/507
f 1042/897/613 989/851/567 921/790/508
f 1042/897/613 921/790/508 920/789/507
f 989/851/567 932/799/519 931/798/518
f 989/851/567 931/798/518 921/790/508
f 922/791/509 925/794/512 999/861/576
f 922/791/509 999/861/576 941/807/526
f 1024/880/598 896/766/483 895/765/482
f 1024/880/598 895/765/482 1015/873/590
f 1015/873/590 1014/872/589 1025/881/599
f 1015/873/590 1025/881/599 1024/880/598
f 1014/872/589 1043/898/614 1044/899/615
f 1014/872/589 1044/899/615 1025/881/599
f 1043/898/614 1045/900/616 1046/901/604
f 1043/898/614 1046/901/604 1044/899/615
f 1047/902/617 1048/903/618 1049/904/619
f 1047/902/617 1049/904/619 1050/905/558
f 1048/903/618 1051/906/620 1052/907/621
f 1048/903/618 1052/907/621 1049/904/619
f 1051/906/620 941/807/526 999/861/576
f 1051/906/620 999/861/576 1052/907/621
f 154/142/115 149/137/110 1053/908/622
f 154/142/115 1053/908/622 1054/909/623
f 982/844/560 912/781/499 911/780/498
f 982/844/560 911/780/498 1041/896/612
f 960/826/542 963/829/545 1037/892/566
f 960/826/542 1037/892/566 1036/891/565
f 942/808/527 945/811/530 970/835/550
f 942/808/527 970/835/550 969/834/549
f 1027/882/601 1028/883/602 950/816/534
f 1027/882/601 950/816/534 949/815/533
f 902/771/489 904/773/491 1041/896/612
f 902/771/489 1041/896/612 1055/910/624
f 114/102/75 899/768/486 1056/911/625
f 114/102/75 1056/911/625 1027/882/601
f 903/772/490 902/771/489 1055/910/624
f 903/772/490 1055/910/624 1057/912/626
f 1055/910/624 1041/896/612 911/780/498
f 1055/910/624 911/780/498 1058/913/627
f 1027/882/601 1056/911/625 1059/914/628
f 1027/882/601 1059/914/628 1028/883/602
f 1057/912/626 1055/910/624 1058/913/627
f 1057/912/626 1058/913/627 1060/915/629
f 1028/883/602 1061/916/630 914/783/501
f 1028/883/602 914/783/501 913/782/500
f 1062/917/631 1063/918/632 917/786/504
f 1062/917/631 917/786/504 916/785/503
f 1063/918/632 905/774/492 920/789/507
f 1063/918/632 920/789/507 917/786/504
f 918/787/505 921/790/508 931/798/518
f 918/787/505 931/798/518 1064/919/633
f 117/105/78 915/784/502 1065/920/634
f 117/105/78 1065/920/634 118/106/79
f 919/788/506 918/787/505 1064/919/633
f 919/788/506 1064/919/633 1066/921/635
f 1067/922/636 1032/887/606 1031/886/605
f 1067/922/636 1031/886/605 1068/923/637
f 1069/924/76 1070/925/638 1071/926/639
f 1069/924/76 1071/926/639 1072/927/640
f 1070/925/638 1067/922/636 1068/923/637
f 1070/925/638 1068/923/637 1071/926/639
f 1032/887/606 1067/922/636 943/809/528
f 1032/887/606 943/809/528 942/808/527
f 1067/922/636 1070/925/638 946/812/531
f 1067/922/636 946/812/531 943/809/528
f 1073/928/641 115/103/76 949/815/533
f 1073/928/641 949/815/533 948/814/531
f 945/811/530 944/810/529 1074/929/642
f 945/811/530 1074/929/642 1034/889/608
f 944/810/529 947/813/532 1075/930/643
f 944/810/529 1075/930/643 1074/929/642
f 951/817/535 950/816/534 1029/884/603
f 951/817/535 1029/884/603 1076/931/643
f 1034/889/608 1074/929/642 953/819/537
f 1034/889/608 953/819/537 952/818/536
f 1074/929/642 1075/930/643 956/822/540
f 1074/929/642 956/822/540 953/819/537
f 1076/931/643 1029/884/603 147/135/108
f 1076/931/643 147/135/108 1077/932/644
f 1078/933/541 146/134/107 144/132/105
f 1078/933/541 144/132/105 1079/934/645
f 1047/902/617 1080/935/538 1081/936/646
f 1047/902/617 1081/936/646 1048/903/618
f 1080/935/538 1082/937/541 1083/938/645
f 1080/935/538 1083/938/645 1081/936/646
f 1084/939/647 148/136/109 150/138/111
f 1084/939/647 150/138/111 1085/940/648
f 1033/888/607 1086/941/649 1087/942/650
f 1033/888/607 1087/942/650 1030/885/604
f 1088/941/651 1089/943/651 1090/944/652
f 1088/941/651 1090/944/652 1091/942/652
f 148/136/109 1084/939/647 961/827/543
f 148/136/109 961/827/543 960/826/542
f 1089/943/651 1088/941/651 965/831/546
f 1089/943/651 965/831/546 964/830/546
f 1086/941/649 1033/888/607 969/834/549
f 1086/941/649 969/834/549 968/831/548
f 963/829/545 962/828/544 1092/945/653
f 963/829/545 1092/945/653 1038/893/609
f 967/833/547 966/832/547 1093/946/654
f 967/833/547 1093/946/654 1094/947/654
f 971/832/551 970/835/550 1035/890/549
f 971/832/551 1035/890/549 1095/946/655
f 1038/893/609 1092/945/653 972/836/552
f 1038/893/609 972/836/552 121/109/82
f 1094/947/654 1093/946/654 975/839/554
f 1094/947/654 975/839/554 974/838/554
f 1095/946/655 1035/890/549 979/842/557
f 1095/946/655 979/842/557 978/839/556
f 1096/948/559 1050/905/558 1049/904/619
f 1096/948/559 1049/904/619 1097/949/656
f 119/107/80 973/837/553 1098/950/657
f 119/107/80 1098/950/657 151/139/112
f 1099/951/555 1100/948/555 1101/949/658
f 1099/951/555 1101/949/658 1102/952/659
f 889/760/476 1103/953/660 1104/954/661
f 889/760/476 1104/954/661 1040/895/611
f 1103/953/660 1105/955/662 1106/956/663
f 1103/953/660 1106/956/663 1104/954/661
f 1107/957/664 1053/908/622 149/137/110
f 1107/957/664 149/137/110 1108/958/665
f 1040/895/611 1104/954/661 983/845/561
f 1040/895/611 983/845/561 982/844/560
f 1104/954/661 1106/956/663 985/847/563
f 1104/954/661 985/847/563 983/845/561
f 1108/958/665 149/137/110 1036/891/565
f 1108/958/665 1036/891/565 1109/959/563
f 908/777/495 1110/960/666 1111/961/667
f 908/777/495 1111/961/667 1042/897/613
f 1110/960/666 1112/962/668 1113/963/669
f 1110/960/666 1113/963/669 1111/961/667
f 1112/962/668 988/850/566 1114/964/610
f 1112/962/668 1114/964/610 1113/963/669
f 1042/897/613 1111/961/667 990/852/568
f 1042/897/613 990/852/568 989/851/567
f 1111/961/667 1113/963/669 992/854/570
f 1111/961/667 992/854/570 990/852/568
f 1115/965/669 1039/894/610 120/108/81
f 1115/965/669 120/108/81 994/856/570
f 1009/867/585 1008/866/584 1116/966/670
f 1009/867/585 1116/966/670 1117/967/671
f 1014/872/589 1012/870/587 1118/968/672
f 1014/872/589 1118/968/672 1043/898/614
f 1012/870/587 1009/867/585 1117/967/671
f 1012/870/587 1117/967/671 1118/968/672
f 895/765/482 1119/969/673 1013/871/588
f 895/765/482 1013/871/588 1015/873/590
f 1119/969/673 1120/970/674 1010/868/586
f 1119/969/673 1010/868/586 1013/871/588
f 1120/970/674 1121/971/102 1011/869/101
f 1120/970/674 1011/869/101 1010/868/586
f 1122/972/622 1123/973/675 1017/875/592
f 1122/972/622 1017/875/592 1016/874/591
f 1124/973/676 1125/974/677 1021/878/595
f 1124/973/676 1021/878/595 1020/875/594
f 1125/974/677 896/766/483 1024/880/598
f 1125/974/677 1024/880/598 1021/878/595
f 1026/879/600 1025/881/599 1044/899/615
f 1026/879/600 1044/899/615 1126/975/678
f 1019/877/115 1018/876/593 1127/976/679
f 1019/877/115 1127/976/679 1128/977/113
f 1023/876/597 1022/879/596 1129/975/680
f 1023/876/597 1129/975/680 1130/976/680
f 113/101/74 1131/978/639 1132/979/671
f 113/101/74 1132/979/671 145/133/106
f 1133/980/639 1134/981/637 1118/968/672
f 1133/980/639 1118/968/672 1117/967/671
f 1134/981/637 1045/900/616 1043/898/614
f 1134/981/637 1043/898/614 1118/968/672
f 1046/901/604 1135/982/650 1126/975/678
f 1046/901/604 1126/975/678 1044/899/615
f 1136/982/652 1137/983/652 1130/976/680
f 1136/982/652 1130/976/680 1129/975/680
f 1085/940/648 150/138/111 152/140/113
f 1085/940/648 152/140/113 1138/984/681
f 1083/938/645 1139/985/682 1140/986/103
f 1083/938/645 1140/986/103 1141/987/683
f 1048/903/618 1081/936/646 1142/988/684
f 1048/903/618 1142/988/684 1051/906/620
f 1081/936/646 1083/938/645 1141/987/683
f 1081/936/646 1141/987/683 1142/988/684
f 1097/949/656 1049/904/619 1052/907/621
f 1097/949/656 1052/907/621 1143/989/685
f 1144/990/112 1145/952/686 1146/991/687
f 1144/990/112 1146/991/687 1147/992/114
f 1102/952/659 1101/949/658 1148/989/688
f 1102/952/659 1148/989/688 1149/991/689
f 937/804/77 936/803/522 1141/987/683
f 937/804/77 1141/987/683 1140/986/103
f 936/803/522 940/806/525 1142/988/684
f 936/803/522 1142/988/684 1141/987/683
f 940/806/525 941/807/526 1051/906/620
f 940/806/525 1051/906/620 1142/988/684
f 999/861/576 998/860/575 1143/989/685
f 999/861/576 1143/989/685 1052/907/621
f 1003/860/580 1002/863/579 1149/991/689
f 1003/860/580 1149/991/689 1148/989/688
f 1007/863/583 1006/865/582 1147/992/114
f 1007/863/583 1147/992/114 1146/991/687
f 1150/993/485 1121/971/102 1120/970/674
f 1150/993/485 1120/970/674 1151/110/690
f 122/110/83 1120/970/674 1119/969/673
f 122/110/83 1119/969/673 123/111/84
f 1119/969/673 895/765/482 894/762/481
f 1119/969/673 894/762/481 1152/111/691
f 123/111/84 891/762/478 890/761/477
f 123/111/84 890/761/477 124/112/85
f 887/758/474 886/757/473 901/770/488
f 887/758/474 901/770/488 1153/994/692
f 1154/994/693 901/770/488 900/769/487
f 1154/994/693 900/769/487 1155/995/694
f 1156/917/695 1157/996/696 1158/915/697
f 1156/917/695 1158/915/697 1159/113/698
f 125/113/86 1060/915/629 1058/913/627
f 125/113/86 1058/913/627 126/114/87
f 1058/913/627 911/780/498 909/778/496
f 1058/913/627 909/778/496 126/114/87
f 126/114/87 909/778/496 906/775/493
f 126/114/87 906/775/493 127/115/88
f 906/775/493 905/774/492 1063/918/632
f 906/775/493 1063/918/632 127/115/88
f 127/115/88 1063/918/632 1062/917/631
f 127/115/88 1062/917/631 125/113/86
f 1064/919/633 931/798/518 930/797/517
f 1064/919/633 930/797/517 1160/997/699
f 128/116/89 927/795/514 926/792/513
f 128/116/89 926/792/513 129/117/90
f 923/792/510 922/791/509 939/805/524
f 923/792/510 939/805/524 129/117/90
f 129/117/90 939/805/524 938/802/523
f 129/117/90 938/802/523 130/118/91
f 935/802/521 934/801/79 1161/998/634
f 935/802/521 1161/998/634 1162/118/700
f 1163/999/701 1066/921/635 1064/919/633
f 1163/999/701 1064/919/633 1164/997/89
f 897/763/484 896/766/483 1125/974/677
f 897/763/484 1125/974/677 1165/119/702
f 131/119/92 1125/974/677 1124/973/676
f 131/119/92 1124/973/676 132/120/93
f 1123/973/675 1122/972/622 1166/1000/664
f 1123/973/675 1166/1000/664 1167/120/703
f 1168/1001/93 1105/955/662 1103/953/660
f 1168/1001/93 1103/953/660 1169/1002/704
f 1103/953/660 889/760/476 888/759/475
f 1103/953/660 888/759/475 1170/1002/705
f 133/121/94 893/764/480 892/763/479
f 133/121/94 892/763/479 131/119/92
f 986/848/564 988/850/566 1112/962/668
f 986/848/564 1112/962/668 134/122/95
f 134/122/95 1112/962/668 1110/960/666
f 134/122/95 1110/960/666 135/123/96
f 1110/960/666 908/777/495 907/776/494
f 1110/960/666 907/776/494 135/123/96
f 135/123/96 907/776/494 910/779/497
f 135/123/96 910/779/497 136/124/97
f 910/779/497 912/781/499 984/846/562
f 910/779/497 984/846/562 136/124/97
f 136/124/97 984/846/562 986/848/564
f 136/124/97 986/848/564 134/122/95
f 1171/1003/706 1005/864/572 1004/862/581
f 1171/1003/706 1004/862/581 1172/125/707
f 137/125/98 1001/862/578 1000/859/577
f 137/125/98 1000/859/577 138/126/99
f 997/859/574 925/794/512 924/793/511
f 997/859/574 924/793/511 1173/126/708
f 138/126/99 929/793/516 928/796/515
f 138/126/99 928/796/515 139/127/100
f 933/800/520 932/799/519 991/853/569
f 933/800/520 991/853/569 1174/1004/709
f 1175/1004/710 991/853/569 993/855/571
f 1175/1004/710 993/855/571 1176/1005/711
f 1177/1006/712 995/857/572 120/108/81
f 1177/1006/712 120/108/81 153/141/114
f 1178/1007/713 1179/1008/714 1180/1009/715
f 1178/1007/713 1180/1009/715 1181/1010/716
f 1182/1011/717 1183/1012/718 1184/1013/719
f 1182/1011/717 1184/1013/719 1185/1014/715
f 1183/1012/718 1186/1015/720 1187/1016/721
f 1183/1012/718 1187/1016/721 1184/1013/719
f 1188/1017/722 1189/1018/723 1190/1019/724
f 1188/1017/722 1190/1019/724 1191/1020/721
f 1189/1018/723 1192/1021/725 1193/1022/726
f 1189/1018/723 1193/1022/726 1190/1019/724
f 1192/1021/725 1194/1023/727 1195/1024/728
f 1192/1021/725 1195/1024/728 1193/1022/726
f 1194/1023/727 1196/1025/729 1197/1026/730
f 1194/1023/727 1197/1026/730 1195/1024/728
f 1196/1025/729 1198/1027/731 1199/1028/732
f 1196/1025/729 1199/1028/732 1197/1026/730
f 1200/1029/731 1201/1030/733 1202/1031/734
f 1200/1029/731 1202/1031/734 1203/1032/732
f 1201/1030/733 1204/1033/735 1205/1034/736
f 1201/1030/733 1205/1034/736 1202/1031/734
f 1206/1035/735 1207/1036/737 1208/1037/738
f 1206/1035/735 1208/1037/738 1209/1038/736
f 1207/1036/737 1210/1039/739 1211/1040/740
f 1207/1036/737 1211/1040/740 1208/1037/738
f 1210/1039/739 1212/1041/741 1213/1042/742
f 1210/1039/739 1213/1042/742 1211/1040/740
f 1212/1041/741 1178/1007/713 1181/1010/716
f 1212/1041/741 1181/1010/716 1213/1042/742
f 1179/1008/714 1178/1007/713 1214/1043/743
f 1179/1008/714 1214/1043/743 1215/1044/744
f 1183/1012/718 1182/1011/717 1216/1045/744
f 1183/1012/718 1216/1045/744 1217/1046/745
f 1186/1015/720 1183/1012/718 1217/1046/745
f 1186/1015/720 1217/1046/745 1218/1047/746
f 1189/1018/723 1188/1017/722 1219/1048/747
f 1189/1018/723 1219/1048/747 1220/1049/748
f 1192/1021/725 1189/1018/723 1220/1049/748
f 1192/1021/725 1220/1049/748 1221/1050/749
f 1194/1023/727 1192/1021/725 1221/1050/749
f 1194/1023/727 1221/1050/749 1222/1051/750
f 1196/1025/729 1194/1023/727 1222/1051/750
f 1196/1025/729 1222/1051/750 1223/1052/751
f 1198/1027/731 1196/1025/729 1223/1052/751
f 1198/1027/731 1223/1052/751 1224/1053/752
f 1201/1030/733 1200/1029/731 1225/1054/752
f 1201/1030/733 1225/1054/752 1226/1055/753
f 1204/1033/735 1201/1030/733 1226/1055/753
f 1204/1033/735 1226/1055/753 1227/1056/754
f 1207/1036/737 1206/1035/735 1228/1057/755
f 1207/1036/737 1228/1057/755 1229/1058/756
f 1210/1039/739 1207/1036/737 1229/1058/756
f 1210/1039/739 1229/1058/756 1230/1059/757
f 1212/1041/741 1210/1039/739 1230/1059/757
f 1212/1041/741 1230/1059/757 1231/1060/758
f 1178/1007/713 1212/1041/741 1231/1060/758
f 1178/1007/713 1231/1060/758 1214/1043/743
f 1181/1010/716 1180/1009/715 1232/1061/759
f 1181/1010/716 1232/1061/759 1233/1062/760
f 1185/1014/715 1184/1013/719 1234/1063/761
f 1185/1014/715 1234/1063/761 1235/1064/759
f 1184/1013/719 1187/1016/721 1236/1065/762
f 1184/1013/719 1236/1065/762 1234/1063/761
f 1191/1020/721 1190/1019/724 1237/1066/763
f 1191/1020/721 1237/1066/763 1238/1067/764
f 1190/1019/724 1193/1022/726 1239/1068/765
f 1190/1019/724 1239/1068/765 1237/1066/763
f 1193/1022/726 1195/1024/728 1240/1069/766
f 1193/1022/726 1240/1069/766 1239/1068/765
f 1195/1024/728 1197/1026/730 1241/1070/767
f 1195/1024/728 1241/1070/767 1240/1069/766
f 1197/1026/730 1199/1028/732 1242/1071/768
f 1197/1026/730 1242/1071/768 1241/1070/767
f 1203/1032/732 1202/1031/734 1243/1072/769
f 1203/1032/732 1243/1072/769 1244/1073/768
f 1202/1031/734 1205/1034/736 1245/1074/770
f 1202/1031/734 1245/1074/770 1243/1072/769
f 1209/1038/736 1208/1037/738 1246/1075/771
f 1209/1038/736 1246/1075/771 1247/1076/772
f 1208/1037/738 1211/1040/740 1248/1077/773
f 1208/1037/738 1248/1077/773 1246/1075/771
f 1211/1040/740 1213/1042/742 1249/1078/774
f 1211/1040/740 1249/1078/774 1248/1077/773
f 1213/1042/742 1181/1010/716 1233/1062/760
f 1213/1042/742 1233/1062/760 1249/1078/774
f 1216/1045/744 1250/1079/743 1251/1080/775
f 1216/1045/744 1251/1080/775 1252/1081/776
f 1217/1046/745 1216/1045/744 1252/1081/776
f 1217/1046/745 1252/1081/776 1253/1082/777
f 1218/1047/746 1217/1046/745 1253/1082/777
f 1218/1047/746 1253/1082/777 1254/1083/778
f 1220/1049/748 1219/1048/747 1255/1084/778
f 1220/1049/748 1255/1084/778 1256/1085/779
f 1221/1050/749 1220/1049/748 1256/1085/779
f 1221/1050/749 1256/1085/779 1257/1086/780
f 1222/1051/750 1221/1050/749 1257/1086/780
f 1222/1051/750 1257/1086/780 1258/1087/781
f 1223/1052/751 1222/1051/750 1258/1087/781
f 1223/1052/751 1258/1087/781 1259/1088/782
f 1260/1089/752 1261/1090/751 1262/1091/782
f 1260/1089/752 1262/1091/782 1263/1092/783
f 1226/1055/753 1225/1054/752 1264/1093/784
f 1226/1055/753 1264/1093/784 1265/1094/785
f 1227/1056/754 1226/1055/753 1265/1094/785
f 1227/1056/754 1265/1094/785 1266/1095/786
f 1229/1058/756 1228/1057/755 1267/1096/786
f 1229/1058/756 1267/1096/786 1268/1097/787
f 1230/1059/757 1229/1058/756 1268/1097/787
f 1230/1059/757 1268/1097/787 1269/1098/788
f 1231/1060/758 1230/1059/757 1269/1098/788
f 1231/1060/758 1269/1098/788 1270/1099/789
f 1214/1043/743 1231/1060/758 1270/1099/789
f 1214/1043/743 1270/1099/789 1271/1100/775
f 1272/1101/760 1235/1064/759 1273/1102/790
f 1272/1101/760 1273/1102/790 1274/1103/791
f 1235/1064/759 1234/1063/761 1275/1104/792
f 1235/1064/759 1275/1104/792 1273/1102/790
f 1234/1063/761 1236/1065/762 1276/1105/793
f 1234/1063/761 1276/1105/793 1275/1104/792
f 1238/1067/764 1237/1066/763 1277/1106/794
f 1238/1067/764 1277/1106/794 1278/1107/793
f 1237/1066/763 1239/1068/765 1279/1108/795
f 1237/1066/763 1279/1108/795 1277/1106/794
f 1239/1068/765 1240/1069/766 1280/1109/796
f 1239/1068/765 1280/1109/796 1279/1108/795
f 1240/1069/766 1241/1070/767 1281/1110/797
f 1240/1069/766 1281/1110/797 1280/1109/796
f 1282/1111/767 1283/1112/768 1284/1113/798
f 1282/1111/767 1284/1113/798 1285/1114/797
f 1244/1073/768 1243/1072/769 1286/1115/799
f 1244/1073/768 1286/1115/799 1287/1116/800
f 1243/1072/769 1245/1074/770 1288/1117/801
f 1243/1072/769 1288/1117/801 1286/1115/799
f 1247/1076/772 1246/1075/771 1289/1118/802
f 1247/1076/772 1289/1118/802 1290/1119/801
f 1246/1075/771 1248/1077/773 1291/1120/803
f 1246/1075/771 1291/1120/803 1289/1118/802
f 1248/1077/773 1249/1078/774 1292/1121/804
f 1248/1077/773 1292/1121/804 1291/1120/803
f 1249/1078/774 1233/1062/760 1293/1122/791
f 1249/1078/774 1293/1122/791 1292/1121/804
f 1294/1123/805 1295/1124/775 1296/1125/806
f 1294/1123/805 1296/1125/806 1297/1126/807
f 1253/1082/777 1252/1081/776 1298/1127/807
f 1253/1082/777 1298/1127/807 1299/1128/808
f 1254/1083/778 1253/1082/777 1299/1128/808
f 1254/1083/778 1299/1128/808 1300/1129/809
f 1256/1085/779 1255/1084/778 1301/1130/809
f 1256/1085/779 1301/1130/809 1302/1131/810
f 1257/1086/780 1256/1085/779 1302/1131/810
f 1257/1086/780 1302/1131/810 1303/1132/811
f 1258/1087/781 1257/1086/780 1303/1132/811
f 1258/1087/781 1303/1132/811 1304/1133/812
f 1262/1091/782 1305/1134/781 1306/1135/812
f 1262/1091/782 1306/1135/812 1307/1136/813
f 1263/1092/783 1262/1091/782 1307/1136/813
f 1263/1092/783 1307/1136/813 1308/1137/814
f 1265/1094/785 1264/1093/784 1309/1138/814
f 1265/1094/785 1309/1138/814 1310/1139/815
f 1266/1095/786 1265/1094/785 1310/1139/815
f 1266/1095/786 1310/1139/815 1311/1140/816
f 1268/1097/787 1267/1096/786 1312/1141/816
f 1268/1097/787 1312/1141/816 1313/1142/817
f 1269/1098/788 1268/1097/787 1313/1142/817
f 1269/1098/788 1313/1142/817 1314/1143/818
f 1270/1099/789 1269/1098/788 1314/1143/818
f 1270/1099/789 1314/1143/818 1315/1144/819
f 1295/1124/775 1316/1145/789 1317/1146/819
f 1295/1124/775 1317/1146/819 1296/1125/806
f 1318/1147/791 1319/1148/820 1320/1149/821
f 1318/1147/791 1320/1149/821 1321/1150/822
f 1273/1102/790 1275/1104/792 1322/1151/823
f 1273/1102/790 1322/1151/823 1323/1152/821
f 1275/1104/792 1276/1105/793 1324/1153/824
f 1275/1104/792 1324/1153/824 1322/1151/823
f 1278/1107/793 1277/1106/794 1325/1154/825
f 1278/1107/793 1325/1154/825 1326/1155/824
f 1277/1106/794 1279/1108/795 1327/1156/826
f 1277/1106/794 1327/1156/826 1325/1154/825
f 1279/1108/795 1280/1109/796 1328/1157/827
f 1279/1108/795 1328/1157/827 1327/1156/826
f 1329/1158/796 1285/1114/797 1330/1159/828
f 1329/1158/796 1330/1159/828 1331/1160/827
f 1285/1114/797 1284/1113/798 1332/1161/829
f 1285/1114/797 1332/1161/829 1330/1159/828
f 1287/1116/800 1286/1115/799 1333/1162/830
f 1287/1116/800 1333/1162/830 1334/1163/829
f 1286/1115/799 1288/1117/801 1335/1164/831
f 1286/1115/799 1335/1164/831 1333/1162/830
f 1290/1119/801 1289/1118/802 1336/1165/832
f 1290/1119/801 1336/1165/832 1337/1166/831
f 1289/1118/802 1291/1120/803 1338/1167/833
f 1289/1118/802 1338/1167/833 1336/1165/832
f 1291/1120/803 1292/1121/804 1339/1168/834
f 1291/1120/803 1339/1168/834 1338/1167/833
f 1340/1169/804 1318/1147/791 1321/1150/822
f 1340/1169/804 1321/1150/822 1341/1170/834
f 1297/1126/807 1296/1125/806 1342/1171/835
f 1297/1126/807 1342/1171/835 1343/1172/836
f 1299/1128/808 1298/1127/807 1344/1173/836
f 1299/1128/808 1344/1173/836 1345/1174/837
f 1300/1129/809 1299/1128/808 1345/1174/837
f 1300/1129/809 1345/1174/837 1346/1175/838
f 1302/1131/810 1301/1130/809 1347/1176/838
f 1302/1131/810 1347/1176/838 1348/1177/839
f 1303/1132/811 1302/1131/810 1348/1177/839
f 1303/1132/811 1348/1177/839 1349/1178/840
f 1304/1133/812 1303/1132/811 1349/1178/840
f 1304/1133/812 1349/1178/840 1350/1179/841
f 1307/1136/813 1306/1135/812 1351/1180/841
f 1307/1136/813 1351/1180/841 1352/1181/842
f 1308/1137/814 1307/1136/813 1352/1181/842
f 1308/1137/814 1352/1181/842 1353/1182/843
f 1310/1139/815 1309/1138/814 1354/1183/843
f 1310/1139/815 1354/1183/843 1355/1184/844
f 1311/1140/816 1310/1139/815 1355/1184/844
f 1311/1140/816 1355/1184/844 1356/1185/845
f 1313/1142/817 1312/1141/816 1357/1186/846
f 1313/1142/817 1357/1186/846 1358/1187/847
f 1314/1143/818 1313/1142/817 1358/1187/847
f 1314/1143/818 1358/1187/847 1359/1188/848
f 1315/1144/819 1314/1143/818 1359/1188/848
f 1315/1144/819 1359/1188/848 1360/1189/849
f 1296/1125/806 1317/1146/819 1361/1190/849
f 1296/1125/806 1361/1190/849 1342/1171/835
f 1321/1150/822 1320/1149/821 1362/1191/850
f 1321/1150/822 1362/1191/850 1363/1192/851
f 1323/1152/821 1322/1151/823 1364/1193/852
f 1323/1152/821 1364/1193/852 1365/1194/850
f 1322/1151/823 1324/1153/824 1366/1195/853
f 1322/1151/823 1366/1195/853 1364/1193/852
f 1326/1155/824 1325/1154/825 1367/1196/854
f 1326/1155/824 1367/1196/854 1368/1197/853
f 1325/1154/825 1327/1156/826 1369/1198/855
f 1325/1154/825 1369/1198/855 1367/1196/854
f 1327/1156/826 1328/1157/827 1370/1199/856
f 1327/1156/826 1370/1199/856 1369/1198/855
f 1331/1160/827 1330/1159/828 1371/1200/857
f 1331/1160/827 1371/1200/857 1372/1201/858
f 1330/1159/828 1332/1161/829 1373/1202/859
f 1330/1159/828 1373/1202/859 1371/1200/857
f 1334/1163/829 1333/1162/830 1374/1203/860
f 1334/1163/829 1374/1203/860 1375/1204/859
f 1333/1162/830 1335/1164/831 1376/1205/861
f 1333/1162/830 1376/1205/861 1374/1203/860
f 1337/1166/831 1336/1165/832 1377/1206/862
f 1337/1166/831 1377/1206/862 1378/1207/861
f 1336/1165/832 1338/1167/833 1379/1208/863
f 1336/1165/832 1379/1208/863 1377/1206/862
f 1338/1167/833 1339/1168/834 1380/1209/864
f 1338/1167/833 1380/1209/864 1379/1208/863
f 1341/1170/834 1321/1150/822 1363/1192/851
f 1341/1170/834 1363/1192/851 1381/1210/864
f 1343/1172/836 1342/1171/835 1382/1211/865
f 1343/1172/836 1382/1211/865 1383/1212/866
f 1345/1174/837 1344/1173/836 1384/1213/866
f 1345/1174/837 1384/1213/866 1385/1214/867
f 1346/1175/838 1345/1174/837 1385/1214/867
f 1346/1175/838 1385/1214/867 1386/1215/868
f 1348/1177/839 1347/1176/838 1387/1216/868
f 1348/1177/839 1387/1216/868 1388/1217/869
f 1389/1218/840 1390/1219/839 1391/1220/869
f 1389/1218/840 1391/1220/869 1392/1221/870
f 1351/1180/841 1389/1218/840 1392/1221/870
f 1351/1180/841 1392/1221/870 1393/1222/871
f 1352/1181/842 1351/1180/841 1393/1222/871
f 1352/1181/842 1393/1222/871 1394/1223/872
f 1353/1182/843 1352/1181/842 1394/1223/872
f 1353/1182/843 1394/1223/872 1395/1224/873
f 1355/1184/844 1354/1183/843 1396/1225/873
f 1355/1184/844 1396/1225/873 1397/1226/874
f 1356/1185/845 1355/1184/844 1397/1226/874
f 1356/1185/845 1397/1226/874 1398/1227/875
f 1358/1187/847 1357/1186/846 1399/1228/875
f 1358/1187/847 1399/1228/875 1400/1229/876
f 1401/1230/848 1402/1231/847 1403/1232/877
f 1401/1230/848 1403/1232/877 1404/1233/878
f 1361/1190/849 1401/1230/848 1404/1233/878
f 1361/1190/849 1404/1233/878 1405/1234/879
f 1342/1171/835 1361/1190/849 1405/1234/879
f 1342/1171/835 1405/1234/879 1382/1211/865
f 1363/1192/851 1362/1191/850 1406/1235/880
f 1363/1192/851 1406/1235/880 1407/1236/881
f 1365/1194/850 1364/1193/852 1408/1237/882
f 1365/1194/850 1408/1237/882 1409/1238/880
f 1364/1193/852 1366/1195/853 1410/1239/883
f 1364/1193/852 1410/1239/883 1408/1237/882
f 1368/1197/853 1367/1196/854 1411/1240/884
f 1368/1197/853 1411/1240/884 1412/1241/885
f 1413/1242/854 1414/1243/855 1415/1244/886
f 1413/1242/854 1415/1244/886 1416/1245/884
f 1414/1243/855 1372/1201/858 1417/1246/887
f 1414/1243/855 1417/1246/887 1415/1244/886
f 1372/1201/858 1371/1200/857 1418/1247/888
f 1372/1201/858 1418/1247/888 1417/1246/887
f 1371/1200/857 1373/1202/859 1419/1248/889
f 1371/1200/857 1419/1248/889 1418/1247/888
f 1375/1204/859 1374/1203/860 1420/1249/890
f 1375/1204/859 1420/1249/890 1421/1250/891
f 1374/1203/860 1376/1205/861 1422/1251/892
f 1374/1203/860 1422/1251/892 1420/1249/890
f 1378/1207/861 1377/1206/862 1423/1252/893
f 1378/1207/861 1423/1252/893 1424/1253/892
f 1425/1254/862 1426/1255/863 1427/1256/894
f 1425/1254/862 1427/1256/894 1428/1257/893
f 1426/1255/863 1381/1210/864 1429/1258/895
f 1426/1255/863 1429/1258/895 1427/1256/894
f 1381/1210/864 1363/1192/851 1407/1236/881
f 1381/1210/864 1407/1236/881 1429/1258/895
f 1383/1212/866 1382/1211/865 1430/1259/896
f 1383/1212/866 1430/1259/896 1431/1260/897
f 1432/1261/898 1433/1262/866 1434/1263/897
f 1432/1261/898 1434/1263/897 1435/1264/899
f 1436/1265/868 1432/1261/898 1435/1264/899
f 1436/1265/868 1435/1264/899 1437/1266/900
f 1438/1267/869 1436/1265/868 1437/1266/900
f 1438/1267/869 1437/1266/900 1439/1268/901
f 1392/1221/870 1391/1220/869 1440/1269/901
f 1392/1221/870 1440/1269/901 1441/1270/902
f 1393/1222/871 1392/1221/870 1441/1270/902
f 1393/1222/871 1441/1270/902 1442/1271/903
f 1394/1223/872 1393/1222/871 1442/1271/903
f 1394/1223/872 1442/1271/903 1443/1272/904
f 1395/1224/873 1394/1223/872 1443/1272/904
f 1395/1224/873 1443/1272/904 1444/1273/905
f 1445/1274/874 1446/1275/873 1447/1276/905
f 1445/1274/874 1447/1276/905 1448/1277/906
f 1449/1278/875 1445/1274/874 1448/1277/906
f 1449/1278/875 1448/1277/906 1450/1279/907
f 1451/1280/877 1449/1278/875 1450/1279/907
f 1451/1280/877 1450/1279/907 1452/1281/908
f 1404/1233/878 1403/1232/877 1453/1282/909
f 1404/1233/878 1453/1282/909 1454/1283/910
f 1405/1234/879 1404/1233/878 1454/1283/910
f 1405/1234/879 1454/1283/910 1455/1284/911
f 1382/1211/865 1405/1234/879 1455/1284/911
f 1382/1211/865 1455/1284/911 1430/1259/896
f 1407/1236/881 1406/1235/880 1456/1285/912
f 1407/1236/881 1456/1285/912 1457/1286/913
f 1458/1287/914 1459/1288/882 1460/1289/915
f 1458/1287/914 1460/1289/915 1461/1290/916
f 1459/1288/882 1462/1291/885 1463/1292/917
f 1459/1288/882 1463/1292/917 1460/1289/915
f 1462/1291/885 1464/1293/884 1465/1294/918
f 1462/1291/885 1465/1294/918 1463/1292/917
f 1416/1245/884 1415/1244/886 1466/1295/919
f 1416/1245/884 1466/1295/919 1467/1296/920
f 1415/1244/886 1417/1246/887 1468/1297/921
f 1415/1244/886 1468/1297/921 1466/1295/919
f 1417/1246/887 1418/1247/888 1469/1298/922
f 1417/1246/887 1469/1298/922 1468/1297/921
f 1418/1247/888 1419/1248/889 1470/1299/923
f 1418/1247/888 1470/1299/923 1469/1298/922
f 1471/1300/891 1472/1301/890 1473/1302/924
f 1471/1300/891 1473/1302/924 1474/1303/923
f 1472/1301/890 1475/1304/892 1476/1305/925
f 1472/1301/890 1476/1305/925 1473/1302/924
f 1475/1304/892 1477/1306/893 1478/1307/926
f 1475/1304/892 1478/1307/926 1476/1305/925
f 1428/1257/893 1427/1256/894 1479/1308/927
f 1428/1257/893 1479/1308/927 1480/1309/926
f 1427/1256/894 1429/1258/895 1481/1310/928
f 1427/1256/894 1481/1310/928 1479/1308/927
f 1429/1258/895 1407/1236/881 1457/1286/913
f 1429/1258/895 1457/1286/913 1481/1310/928
f 1431/1260/897 1430/1259/896 1482/1311/929
f 1431/1260/897 1482/1311/929 1483/1312/930
f 1435/1264/899 1434/1263/897 1484/1313/930
f 1435/1264/899 1484/1313/930 1485/1314/931
f 1437/1266/900 1435/1264/899 1485/1314/931
f 1437/1266/900 1485/1314/931 1486/1315/932
f 1439/1268/901 1437/1266/900 1486/1315/932
f 1439/1268/901 1486/1315/932 1487/1316/933
f 1441/1270/902 1440/1269/901 1488/1317/933
f 1441/1270/902 1488/1317/933 1489/1318/934
f 1442/1271/903 1441/1270/902 1489/1318/934
f 1442/1271/903 1489/1318/934 1490/1319/935
f 1443/1272/904 1442/1271/903 1490/1319/935
f 1443/1272/904 1490/1319/935 1491/1320/936
f 1444/1273/905 1443/1272/904 1491/1320/936
f 1444/1273/905 1491/1320/936 1492/1321/937
f 1448/1277/906 1447/1276/905 1493/1322/937
f 1448/1277/906 1493/1322/937 1494/1323/938
f 1450/1279/907 1448/1277/906 1494/1323/938
f 1450/1279/907 1494/1323/938 1495/1324/939
f 1452/1281/908 1450/1279/907 1495/1324/939
f 1452/1281/908 1495/1324/939 1496/1325/940
f 1454/1283/910 1453/1282/909 1497/1326/941
f 1454/1283/910 1497/1326/941 1498/1327/942
f 1455/1284/911 1454/1283/910 1498/1327/942
f 1455/1284/911 1498/1327/942 1499/1328/943
f 1430/1259/896 1455/1284/911 1499/1328/943
f 1430/1259/896 1499/1328/943 1482/1311/929
f 1457/1286/913 1456/1285/912 1500/1329/944
f 1457/1286/913 1500/1329/944 1501/1330/945
f 1461/1290/916 1460/1289/915 1502/1331/946
f 1461/1290/916 1502/1331/946 1503/1332/944
f 1460/1289/915 1463/1292/917 1504/1333/947
f 1460/1289/915 1504/1333/947 1502/1331/946
f 1463/1292/917 1465/1294/918 1505/1334/948
f 1463/1292/917 1505/1334/948 1504/1333/947
f 1467/1296/920 1466/1295/919 1506/1335/949
f 1467/1296/920 1506/1335/949 1507/1336/950
f 1466/1295/919 1468/1297/921 1508/1337/951
f 1466/1295/919 1508/1337/951 1506/1335/949
f 1468/1297/921 1469/1298/922 1509/1338/952
f 1468/1297/921 1509/1338/952 1508/1337/951
f 1469/1298/922 1470/1299/923 1510/1339/953
f 1469/1298/922 1510/1339/953 1509/1338/952
f 1474/1303/923 1473/1302/924 1511/1340/954
f 1474/1303/923 1511/1340/954 1512/1341/953
f 1473/1302/924 1476/1305/925 1513/1342/955
f 1473/1302/924 1513/1342/955 1511/1340/954
f 1476/1305/925 1478/1307/926 1514/1343/956
f 1476/1305/925 1514/1343/956 1513/1342/955
f 1480/1309/926 1479/1308/927 1515/1344/957
f 1480/1309/926 1515/1344/957 1516/1345/956
f 1479/1308/927 1481/1310/928 1517/1346/958
f 1479/1308/927 1517/1346/958 1515/1344/957
f 1481/1310/928 1457/1286/913 1501/1330/945
f 1481/1310/928 1501/1330/945 1517/1346/958
f 1483/1312/930 1482/1311/929 1518/1347/959
f 1483/1312/930 1518/1347/959 1519/1348/960
f 1485/1314/931 1484/1313/930 1520/1349/960
f 1485/1314/931 1520/1349/960 1521/1350/961
f 1486/1315/932 1485/1314/931 1521/1350/961
f 1486/1315/932 1521/1350/961 1522/1351/962
f 1487/1316/933 1486/1315/932 1522/1351/962
f 1487/1316/933 1522/1351/962 1523/1352/963
f 1489/1318/934 1488/1317/933 1524/1353/963
f 1489/1318/934 1524/1353/963 1525/1354/964
f 1490/1319/935 1489/1318/934 1525/1354/964
f 1490/1319/935 1525/1354/964 1526/1355/965
f 1491/1320/936 1490/1319/935 1526/1355/965
f 1491/1320/936 1526/1355/965 1527/1356/966
f 1492/1321/937 1491/1320/936 1527/1356/966
f 1492/1321/937 1527/1356/966 1528/1357/967
f 1494/1323/938 1493/1322/937 1529/152/967
f 1494/1323/938 1529/152/967 1530/153/968
f 1495/1324/939 1494/1323/938 1530/153/968
f 1495/1324/939 1530/153/968 1531/154/969
f 1496/1325/940 1495/1324/939 1531/154/969
f 1496/1325/940 1531/154/969 1532/155/970
f 1498/1327/942 1497/1326/941 1533/1358/971
f 1498/1327/942 1533/1358/971 1534/1359/972
f 1499/1328/943 1498/1327/942 1534/1359/972
f 1499/1328/943 1534/1359/972 1535/1360/973
f 1482/1311/929 1499/1328/943 1535/1360/973
f 1482/1311/929 1535/1360/973 1518/1347/959
f 1501/1330/945 1500/1329/944 1536/1361/974
f 1501/1330/945 1536/1361/974 1537/1362/975
f 1503/1332/944 1502/1331/946 1538/1363/976
f 1503/1332/944 1538/1363/976 1539/1364/977
f 1502/1331/946 1504/1333/947 1540/1365/978
f 1502/1331/946 1540/1365/978 1538/1363/976
f 1504/1333/947 1505/1334/948 1541/1366/979
f 1504/1333/947 1541/1366/979 1540/1365/978
f 1507/1336/950 1506/1335/949 1542/1367/980
f 1507/1336/950 1542/1367/980 1543/1368/979
f 1506/1335/949 1508/1337/951 1544/1369/981
f 1506/1335/949 1544/1369/981 1542/1367/980
f 1508/1337/951 1509/1338/952 1545/1370/982
f 1508/1337/951 1545/1370/982 1544/1369/981
f 1509/1338/952 1510/1339/953 1546/1371/983
f 1509/1338/952 1546/1371/983 1545/1370/982
f 1512/1341/953 1511/1340/954 1547/168/984
f 1512/1341/953 1547/168/984 1548/167/985
f 1511/1340/954 1513/1342/955 1549/169/986
f 1511/1340/954 1549/169/986 1547/168/984
f 1513/1342/955 1514/1343/956 1550/170/987
f 1513/1342/955 1550/170/987 1549/169/986
f 1516/1345/956 1515/1344/957 1551/1372/988
f 1516/1345/956 1551/1372/988 1552/1373/987
f 1515/1344/957 1517/1346/958 1553/1374/989
f 1515/1344/957 1553/1374/989 1551/1372/988
f 1517/1346/958 1501/1330/945 1537/1362/975
f 1517/1346/958 1537/1362/975 1553/1374/989
f 1554/1375/990 1555/1376/991 1556/1377/992
f 1554/1375/990 1556/1377/992 1557/1378/993
s 0
f 1558/1379/994 1559/1380/994 1560/1381/994
f 1558/1379/994 1560/1381/994 1561/1382/994
s 1
f 1562/1383/995 1563/1384/996 1564/1385/997
f 1562/1383/995 1564/1385/997 1565/1386/997
f 1566/1387/998 1567/1388/999 1568/1389/1000
f 1566/1387/998 1568/1389/1000 1569/1390/998
f 1567/1388/999 1570/1391/1001 1571/1392/1002
f 1567/1388/999 1571/1392/1002 1568/1389/1000
f 1570/1391/1001 1572/1393/1003 1573/1394/1004
f 1570/1391/1001 1573/1394/1004 1571/1392/1002
f 1574/1395/1003 1555/1376/991 1554/1375/990
f 1574/1395/1003 1554/1375/990 1575/1396/1004
f 1556/1377/992 1576/1397/1005 1577/1398/1006
f 1556/1377/992 1577/1398/1006 1557/1378/993
f 1578/1399/1005 1579/1400/1007 1580/1401/1008
f 1578/1399/1005 1580/1401/1008 1581/1402/1009
f 1579/1400/1007 1563/1384/996 1562/1383/995
f 1579/1400/1007 1562/1383/995 1580/1401/1008
f 1582/1403/1010 1583/1404/1011 1584/1405/1011
f 1582/1403/1010 1584/1405/1011 1585/1406/1010
f 1586/1407/1011 1587/1408/1012 1588/1409/1013
f 1586/1407/1011 1588/1409/1013 1589/1410/1011
f 1587/1408/1012 1590/1411/1014 1591/1412/1015
f 1587/1408/1012 1591/1412/1015 1588/1409/1013
f 188/176/121 1592/1413/1016 1593/1414/1017
f 188/176/121 1593/1414/1017 205/193/127
f 1592/1413/1016 1594/1415/1018 1595/1416/1019
f 1592/1413/1016 1595/1416/1019 1593/1414/1017
f 1596/1417/1018 1597/1418/1020 1598/1419/1021
f 1596/1417/1018 1598/1419/1021 1599/1420/1022
f 1597/1418/1020 1600/1375/1023 1601/1378/1024
f 1597/1418/1020 1601/1378/1024 1598/1419/1021
f 1582/1403/1010 1585/1406/1010 1602/1380/1025
f 1582/1403/1010 1602/1380/1025 1603/1379/1025
f 1604/1421/1026 1605/1383/1027 1606/1386/1028
f 1604/1421/1026 1606/1386/1028 1607/1422/1029
f 1608/1390/1030 1609/1389/1031 1610/1423/1032
f 1608/1390/1030 1610/1423/1032 1611/1424/1033
f 1609/1389/1031 1612/1392/1034 1613/1425/1035
f 1609/1389/1031 1613/1425/1035 1610/1423/1032
f 1612/1392/1034 1614/1394/1036 1615/1426/1037
f 1612/1392/1034 1615/1426/1037 1613/1425/1035
f 1616/1396/1038 1600/1375/1023 1597/1418/1020
f 1616/1396/1038 1597/1418/1020 1617/1427/1037
f 1601/1378/1024 1618/1398/1039 1619/1428/1040
f 1601/1378/1024 1619/1428/1040 1598/1419/1021
f 1620/1402/1039 1621/1401/1041 1622/1429/1042
f 1620/1402/1039 1622/1429/1042 1623/1430/1043
f 1621/1401/1041 1605/1383/1027 1604/1421/1026
f 1621/1401/1041 1604/1421/1026 1622/1429/1042
f 1624/1431/1044 1611/1424/1033 1610/1423/1032
f 1624/1431/1044 1610/1423/1032 1625/1432/1045
f 1590/1411/1014 1587/1408/1012 1626/1433/1046
f 1590/1411/1014 1626/1433/1046 201/189/124
f 1627/1434/1012 1624/1431/1044 1625/1432/1045
f 1627/1434/1012 1625/1432/1045 1628/1435/1046
f 1588/1409/1013 1591/1412/1015 206/194/128
f 1588/1409/1013 206/194/128 1629/1436/1047
f 1607/1422/1029 1630/1437/1048 1631/1438/1049
f 1607/1422/1029 1631/1438/1049 1604/1421/1026
f 1630/1437/1048 1632/1439/1013 1633/1440/1047
f 1630/1437/1048 1633/1440/1047 1631/1438/1049
f 1625/1432/1045 1610/1423/1032 1613/1425/1035
f 1625/1432/1045 1613/1425/1035 1634/1441/1050
f 201/189/124 1626/1433/1046 1635/1442/1051
f 201/189/124 1635/1442/1051 202/190/125
f 1628/1435/1046 1625/1432/1045 1634/1441/1050
f 1628/1435/1046 1634/1441/1050 1636/1443/1051
f 1599/1420/1022 1598/1419/1021 1619/1428/1040
f 1599/1420/1022 1619/1428/1040 1637/1444/1052
f 205/193/127 1593/1414/1017 1638/1445/1053
f 205/193/127 1638/1445/1053 203/191/126
f 1593/1414/1017 1595/1416/1019 1639/1446/1052
f 1593/1414/1017 1639/1446/1052 1638/1445/1053
f 1634/1441/1050 1613/1425/1035 1615/1426/1037
f 1634/1441/1050 1615/1426/1037 1640/1447/1054
f 202/190/125 1635/1442/1051 1641/1448/1055
f 202/190/125 1641/1448/1055 190/178/123
f 1636/1443/1051 1634/1441/1050 1640/1447/1054
f 1636/1443/1051 1640/1447/1054 1642/1449/1055
f 1597/1418/1020 1596/1417/1018 1643/1450/1056
f 1597/1418/1020 1643/1450/1056 1617/1427/1037
f 1594/1415/1018 1592/1413/1016 1641/1448/1055
f 1594/1415/1018 1641/1448/1055 1644/1451/1056
f 1592/1413/1016 188/176/121 190/178/123
f 1592/1413/1016 190/178/123 1641/1448/1055
f 1645/1452/1052 1623/1430/1043 1622/1429/1042
f 1645/1452/1052 1622/1429/1042 1646/1453/1057
f 203/191/126 1638/1445/1053 1647/1454/1058
f 203/191/126 1647/1454/1058 208/196/129
f 1648/1455/1053 1645/1452/1052 1646/1453/1057
f 1648/1455/1053 1646/1453/1057 1649/1456/1058
f 1604/1421/1026 1631/1438/1049 1646/1453/1057
f 1604/1421/1026 1646/1453/1057 1622/1429/1042
f 1631/1438/1049 1633/1440/1047 1649/1456/1058
f 1631/1438/1049 1649/1456/1058 1646/1453/1057
f 1629/1436/1047 206/194/128 208/196/129
f 1629/1436/1047 208/196/129 1647/1454/1058
s 0
f 193/181/14 197/185/14 1650/1457/14
f 193/181/14 1650/1457/14 1651/1458/14
f 187/175/14 186/174/14 192/180/14
f 187/175/14 192/180/14 191/179/14
f 194/182/14 196/184/14 186/174/14
f 194/182/14 186/174/14 185/173/14
f 192/180/14 186/174/14 196/184/14
f 192/180/14 196/184/14 198/186/14
f 193/181/14 192/180/14 198/186/14
f 193/181/14 198/186/14 197/185/14
f 198/186/14 196/184/14 195/183/14
f 198/186/14 195/183/14 199/187/14
s 1
f 206/194/128 1591/1412/1015 1590/1411/1014
f 206/194/128 1590/1411/1014 201/189/124
f 189/177/122 200/188/122 202/190/125
f 189/177/122 202/190/125 190/178/123
f 208/196/129 207/195/122 204/192/122
f 208/196/129 204/192/122 203/191/126
f 205/193/127 204/192/122 189/177/122
f 205/193/127 189/177/122 188/176/121
s 0
f 204/192/122 207/195/122 200/188/122
f 204/192/122 200/188/122 189/177/122
s 1
f 206/194/128 201/189/124 200/188/122
f 206/194/128 200/188/122 207/195/122
f 1652/1459/1059 1653/1460/1060 1654/1461/1061
f 1652/1459/1059 1654/1461/1061 1655/1462/1062
f 1656/1463/1063 1657/1464/1064 1658/1465/1065
f 1656/1463/1063 1658/1465/1065 1659/1466/1061
f 1657/1464/1064 1660/1467/1066 1661/1468/1067
f 1657/1464/1064 1661/1468/1067 1658/1465/1065
f 1660/1467/1066 1662/1469/1068 1663/1470/1069
f 1660/1467/1066 1663/1470/1069 1661/1468/1067
f 1664/1471/1068 1665/1472/1070 1666/1473/1071
f 1664/1471/1068 1666/1473/1071 1667/1474/1069
f 1665/1472/1070 1668/1475/1072 1669/1476/138
f 1665/1472/1070 1669/1476/138 1666/1473/1071
f 1668/1475/1072 1670/1477/1073 1671/1478/1074
f 1668/1475/1072 1671/1478/1074 1669/1476/138
f 1670/1477/1073 1672/1479/1075 1673/1480/1076
f 1670/1477/1073 1673/1480/1076 1671/1478/1074
f 1674/1481/1075 1675/1482/1077 1676/1483/1078
f 1674/1481/1075 1676/1483/1078 1677/1484/1079
f 1675/1482/1077 1678/1485/1080 1679/1486/1081
f 1675/1482/1077 1679/1486/1081 1676/1483/1078
f 1678/1485/1080 1680/1487/1082 1681/1488/1083
f 1678/1485/1080 1681/1488/1083 1679/1486/1081
f 1682/1489/1082 1683/1490/1084 1684/1491/1085
f 1682/1489/1082 1684/1491/1085 1685/1492/1083
f 1683/1490/1084 1686/1493/1086 1687/1494/137
f 1683/1490/1084 1687/1494/137 1684/1491/1085
f 1686/1493/1086 1652/1459/1059 1655/1462/1062
f 1686/1493/1086 1655/1462/1062 1687/1494/137
f 1653/1460/1060 1652/1459/1059 1688/1495/1087
f 1653/1460/1060 1688/1495/1087 1689/1496/1088
f 1657/1464/1064 1656/1463/1063 1690/1497/1089
f 1657/1464/1064 1690/1497/1089 1691/1498/1090
f 1660/1467/1066 1657/1464/1064 1691/1498/1090
f 1660/1467/1066 1691/1498/1090 1692/1499/1091
f 1662/1469/1068 1660/1467/1066 1692/1499/1091
f 1662/1469/1068 1692/1499/1091 1693/1500/1092
f 1665/1472/1070 1664/1471/1068 1694/1501/1092
f 1665/1472/1070 1694/1501/1092 1695/1502/1093
f 1668/1475/1072 1665/1472/1070 1695/1502/1093
f 1668/1475/1072 1695/1502/1093 1696/1503/1094
f 1670/1477/1073 1668/1475/1072 1696/1503/1094
f 1670/1477/1073 1696/1503/1094 1697/1504/1095
f 1672/1479/1075 1670/1477/1073 1697/1504/1095
f 1672/1479/1075 1697/1504/1095 1698/1505/1096
f 1675/1482/1077 1674/1481/1075 1699/1506/1096
f 1675/1482/1077 1699/1506/1096 1700/1507/1097
f 1678/1485/1080 1675/1482/1077 1700/1507/1097
f 1678/1485/1080 1700/1507/1097 1701/1508/1098
f 1680/1487/1082 1678/1485/1080 1701/1508/1098
f 1680/1487/1082 1701/1508/1098 1702/1509/1099
f 1683/1490/1084 1682/1489/1082 1703/1510/1100
f 1683/1490/1084 1703/1510/1100 1704/1511/1101
f 1686/1493/1086 1683/1490/1084 1704/1511/1101
f 1686/1493/1086 1704/1511/1101 1705/1512/1102
f 1652/1459/1059 1686/1493/1086 1705/1512/1102
f 1652/1459/1059 1705/1512/1102 1688/1495/1087
f 1689/1496/1088 1688/1495/1087 1706/1513/1103
f 1689/1496/1088 1706/1513/1103 1707/1514/1104
f 1691/1498/1090 1690/1497/1089 1708/1515/1104
f 1691/1498/1090 1708/1515/1104 1709/1516/1105
f 1692/1499/1091 1691/1498/1090 1709/1516/1105
f 1692/1499/1091 1709/1516/1105 1710/1517/1106
f 1693/1500/1092 1692/1499/1091 1710/1517/1106
f 1693/1500/1092 1710/1517/1106 1711/1518/1107
f 1695/1502/1093 1694/1501/1092 1712/1519/1107
f 1695/1502/1093 1712/1519/1107 1713/1520/1108
f 1696/1503/1094 1695/1502/1093 1713/1520/1108
f 1696/1503/1094 1713/1520/1108 1714/1521/1109
f 1697/1504/1095 1696/1503/1094 1714/1521/1109
f 1697/1504/1095 1714/1521/1109 1715/1522/1110
f 1698/1505/1096 1697/1504/1095 1715/1522/1110
f 1698/1505/1096 1715/1522/1110 1716/1523/1111
f 1700/1507/1097 1699/1506/1096 1717/1524/1112
f 1700/1507/1097 1717/1524/1112 1718/1525/1113
f 1701/1508/1098 1700/1507/1097 1718/1525/1113
f 1701/1508/1098 1718/1525/1113 1719/1526/1114
f 1702/1509/1099 1701/1508/1098 1719/1526/1114
f 1702/1509/1099 1719/1526/1114 1720/1527/1115
f 1704/1511/1101 1703/1510/1100 1721/1528/1115
f 1704/1511/1101 1721/1528/1115 1722/1529/1116
f 1705/1512/1102 1704/1511/1101 1722/1529/1116
f 1705/1512/1102 1722/1529/1116 1723/1530/1117
f 1688/1495/1087 1705/1512/1102 1723/1530/1117
f 1688/1495/1087 1723/1530/1117 1706/1513/1103
f 1707/1514/1104 1706/1513/1103 1724/1531/1118
f 1707/1514/1104 1724/1531/1118 1725/1532/1119
f 1709/1516/1105 1708/1515/1104 1726/1533/1119
f 1709/1516/1105 1726/1533/1119 1727/1534/1120
f 1710/1517/1106 1709/1516/1105 1727/1534/1120
f 1710/1517/1106 1727/1534/1120 1728/1535/1121
f 1712/1519/1107 1729/1536/1106 1730/1537/1121
f 1712/1519/1107 1730/1537/1121 1731/1538/1122
f 1713/1520/1108 1712/1519/1107 1731/1538/1122
f 1713/1520/1108 1731/1538/1122 1732/1539/1123
f 1714/1521/1109 1713/1520/1108 1732/1539/1123
f 1714/1521/1109 1732/1539/1123 1733/1540/1124
f 1715/1522/1110 1714/1521/1109 1733/1540/1124
f 1715/1522/1110 1733/1540/1124 1734/1541/1125
f 1716/1523/1111 1715/1522/1110 1734/1541/1125
f 1716/1523/1111 1734/1541/1125 1735/1542/1126
f 1736/1543/1113 1716/1523/1111 1735/1542/1126
f 1736/1543/1113 1735/1542/1126 1737/1544/1127
f 1719/1526/1114 1718/1525/1113 1738/1545/1128
f 1719/1526/1114 1738/1545/1128 1739/1546/1129
f 1720/1527/1115 1719/1526/1114 1739/1546/1129
f 1720/1527/1115 1739/1546/1129 1740/1547/1130
f 1722/1529/1116 1721/1528/1115 1741/1548/1130
f 1722/1529/1116 1741/1548/1130 1742/1549/1131
f 1723/1530/1117 1722/1529/1116 1742/1549/1131
f 1723/1530/1117 1742/1549/1131 1743/1550/1132
f 1706/1513/1103 1723/1530/1117 1743/1550/1132
f 1706/1513/1103 1743/1550/1132 1724/1531/1118
f 1725/1532/1119 1724/1531/1118 1744/1551/1133
f 1725/1532/1119 1744/1551/1133 1745/1552/1134
f 1727/1534/1120 1726/1533/1119 1746/1553/1135
f 1727/1534/1120 1746/1553/1135 1747/1554/1136
f 1748/1555/1121 1749/1556/1120 1750/1557/1136
f 1748/1555/1121 1750/1557/1136 1751/1558/1137
f 1752/1559/1122 1748/1555/1121 1751/1558/1137
f 1752/1559/1122 1751/1558/1137 1753/1560/1138
f 1754/1561/1123 1752/1559/1122 1753/1560/1138
f 1754/1561/1123 1753/1560/1138 1755/1562/1139
f 1733/1540/1124 1732/1539/1123 1756/1563/1139
f 1733/1540/1124 1756/1563/1139 1757/1564/1140
f 1734/1541/1125 1733/1540/1124 1757/1564/1140
f 1734/1541/1125 1757/1564/1140 1758/1565/1141
f 1759/1566/1142 1760/1567/1125 1761/1568/1141
f 1759/1566/1142 1761/1568/1141 1762/1569/1143
f 1763/1570/1128 1759/1566/1142 1762/1569/1143
f 1763/1570/1128 1762/1569/1143 1764/1571/1144
f 1765/1572/1129 1763/1570/1128 1764/1571/1144
f 1765/1572/1129 1764/1571/1144 1766/1573/1145
f 1767/1574/1146 1765/1572/1129 1766/1573/1145
f 1767/1574/1146 1766/1573/1145 1768/1575/1147
f 1742/1549/1131 1741/1548/1130 1769/1576/1147
f 1742/1549/1131 1769/1576/1147 1770/1577/1148
f 1743/1550/1132 1742/1549/1131 1770/1577/1148
f 1743/1550/1132 1770/1577/1148 1771/1578/1149
f 1724/1531/1118 1743/1550/1132 1771/1578/1149
f 1724/1531/1118 1771/1578/1149 1744/1551/1133
f 1772/1579/1134 1773/1580/1133 1774/198/1150
f 1772/1579/1134 1774/198/1150 1775/197/1151
f 1750/1557/1136 1772/1579/1134 1775/197/1151
f 1750/1557/1136 1775/197/1151 1776/200/1152
f 1751/1558/1137 1750/1557/1136 1776/200/1152
f 1751/1558/1137 1776/200/1152 1777/201/1153
f 1753/1560/1138 1751/1558/1137 1777/201/1153
f 1753/1560/1138 1777/201/1153 1778/202/1154
f 1755/1562/1139 1753/1560/1138 1778/202/1154
f 1755/1562/1139 1778/202/1154 1779/203/1155
f 1780/1581/1140 1755/1562/1139 1779/203/1155
f 1780/1581/1140 1779/203/1155 1781/204/1156
f 1761/1568/1141 1780/1581/1140 1781/204/1156
f 1761/1568/1141 1781/204/1156 1782/205/1157
f 1762/1569/1143 1761/1568/1141 1782/205/1157
f 1762/1569/1143 1782/205/1157 1783/206/1158
f 1764/1571/1144 1762/1569/1143 1783/206/1158
f 1764/1571/1144 1783/206/1158 1784/207/1159
f 1766/1573/1145 1764/1571/1144 1784/207/1159
f 1766/1573/1145 1784/207/1159 1785/208/1160
f 1768/1575/1147 1766/1573/1145 1785/208/1160
f 1768/1575/1147 1785/208/1160 1786/209/1161
f 1787/1582/1148 1768/1575/1147 1786/209/1161
f 1787/1582/1148 1786/209/1161 1788/210/1162
f 1789/1583/1149 1787/1582/1148 1788/210/1162
f 1789/1583/1149 1788/210/1162 1790/211/1163
f 1773/1580/1133 1789/1583/1149 1790/211/1163
f 1773/1580/1133 1790/211/1163 1774/198/1150
f 1791/1584/1164 1792/1585/1165 1793/1586/1166
f 1791/1584/1164 1793/1586/1166 1794/1587/1167
f 1795/1588/1168 1796/1589/1166 1797/1590/1169
f 1795/1588/1168 1797/1590/1169 1798/1591/1170
f 1798/1591/1170 1797/1590/1169 1799/1592/1171
f 1798/1591/1170 1799/1592/1171 1800/1593/1172
f 1800/1593/1172 1799/1592/1171 1801/1594/1173
f 1800/1593/1172 1801/1594/1173 1802/1595/1174
f 1803/1596/1175 1804/1597/1173 1805/1598/1176
f 1803/1596/1175 1805/1598/1176 1806/1599/1177
f 1806/1599/1177 1805/1598/1176 1807/1600/137
f 1806/1599/1177 1807/1600/137 1808/1601/1178
f 1808/1601/1178 1807/1600/137 1809/1602/1179
f 1808/1601/1178 1809/1602/1179 1810/1603/1180
f 1810/1603/1180 1809/1602/1179 1811/1604/1181
f 1810/1603/1180 1811/1604/1181 1812/1605/1182
f 1813/1606/1182 1814/1607/1181 1815/1608/1183
f 1813/1606/1182 1815/1608/1183 1816/1609/1184
f 1816/1609/1184 1815/1608/1183 1817/1610/1185
f 1816/1609/1184 1817/1610/1185 1818/1611/1186
f 1818/1611/1186 1817/1610/1185 1819/1612/1187
f 1818/1611/1186 1819/1612/1187 1820/1613/1188
f 1821/1614/1188 1822/1615/1187 1823/1616/1189
f 1821/1614/1188 1823/1616/1189 1824/1617/1190
f 1824/1617/1190 1823/1616/1189 1825/1618/138
f 1824/1617/1190 1825/1618/138 1826/1619/1191
f 1826/1619/1191 1825/1618/138 1792/1585/1165
f 1826/1619/1191 1792/1585/1165 1791/1584/1164
f 1794/1587/1167 1827/1620/1192 1828/1621/1193
f 1794/1587/1167 1828/1621/1193 1791/1584/1164
f 1798/1591/1170 1829/1622/1194 1830/1623/1192
f 1798/1591/1170 1830/1623/1192 1795/1588/1168
f 1800/1593/1172 1831/1624/1195 1829/1622/1194
f 1800/1593/1172 1829/1622/1194 1798/1591/1170
f 1802/1595/1174 1832/1625/1196 1831/1624/1195
f 1802/1595/1174 1831/1624/1195 1800/1593/1172
f 1806/1599/1177 1833/1626/1197 1834/1627/1198
f 1806/1599/1177 1834/1627/1198 1803/1596/1175
f 1808/1601/1178 1835/1628/1199 1833/1626/1197
f 1808/1601/1178 1833/1626/1197 1806/1599/1177
f 1810/1603/1180 1836/1629/1200 1835/1628/1199
f 1810/1603/1180 1835/1628/1199 1808/1601/1178
f 1812/1605/1182 1837/1630/1201 1836/1629/1200
f 1812/1605/1182 1836/1629/1200 1810/1603/1180
f 1816/1609/1184 1838/1631/1202 1839/1632/1201
f 1816/1609/1184 1839/1632/1201 1813/1606/1182
f 1818/1611/1186 1840/1633/1203 1838/1631/1202
f 1818/1611/1186 1838/1631/1202 1816/1609/1184
f 1820/1613/1188 1841/1634/1204 1840/1633/1203
f 1820/1613/1188 1840/1633/1203 1818/1611/1186
f 1824/1617/1190 1842/1635/1205 1843/1636/1204
f 1824/1617/1190 1843/1636/1204 1821/1614/1188
f 1826/1619/1191 1844/1637/1206 1842/1635/1205
f 1826/1619/1191 1842/1635/1205 1824/1617/1190
f 1791/1584/1164 1828/1621/1193 1844/1637/1206
f 1791/1584/1164 1844/1637/1206 1826/1619/1191
f 1827/1620/1192 1845/1638/1207 1846/1639/1208
f 1827/1620/1192 1846/1639/1208 1828/1621/1193
f 1829/1622/1194 1847/1640/1209 1848/1641/1210
f 1829/1622/1194 1848/1641/1210 1830/1623/1192
f 1831/1624/1195 1849/1642/1211 1847/1640/1209
f 1831/1624/1195 1847/1640/1209 1829/1622/1194
f 1832/1625/1196 1850/1643/1212 1849/1642/1211
f 1832/1625/1196 1849/1642/1211 1831/1624/1195
f 1833/1626/1197 1851/1644/1213 1852/1645/1212
f 1833/1626/1197 1852/1645/1212 1834/1627/1198
f 1835/1628/1199 1853/1646/1214 1851/1644/1213
f 1835/1628/1199 1851/1644/1213 1833/1626/1197
f 1836/1629/1200 1854/1647/1215 1853/1646/1214
f 1836/1629/1200 1853/1646/1214 1835/1628/1199
f 1837/1630/1201 1855/1648/1216 1854/1647/1215
f 1837/1630/1201 1854/1647/1215 1836/1629/1200
f 1838/1631/1202 1856/1649/1217 1857/1650/1218
f 1838/1631/1202 1857/1650/1218 1839/1632/1201
f 1840/1633/1203 1858/1651/1219 1856/1649/1217
f 1840/1633/1203 1856/1649/1217 1838/1631/1202
f 1841/1634/1204 1859/1652/1220 1858/1651/1219
f 1841/1634/1204 1858/1651/1219 1840/1633/1203
f 1842/1635/1205 1860/1653/1221 1861/1654/1220
f 1842/1635/1205 1861/1654/1220 1843/1636/1204
f 1844/1637/1206 1862/1655/1222 1860/1653/1221
f 1844/1637/1206 1860/1653/1221 1842/1635/1205
f 1828/1621/1193 1846/1639/1208 1862/1655/1222
f 1828/1621/1193 1862/1655/1222 1844/1637/1206
f 1845/1638/1207 1863/1656/1223 1864/1657/1224
f 1845/1638/1207 1864/1657/1224 1846/1639/1208
f 1847/1640/1209 1865/1658/1225 1866/1659/1226
f 1847/1640/1209 1866/1659/1226 1848/1641/1210
f 1849/1642/1211 1867/1660/1227 1865/1658/1225
f 1849/1642/1211 1865/1658/1225 1847/1640/1209
f 1852/1645/1212 1868/1661/1228 1869/1662/1227
f 1852/1645/1212 1869/1662/1227 1870/1663/1211
f 1851/1644/1213 1871/1664/1229 1868/1661/1228
f 1851/1644/1213 1868/1661/1228 1852/1645/1212
f 1853/1646/1214 1872/1665/1230 1871/1664/1229
f 1853/1646/1214 1871/1664/1229 1851/1644/1213
f 1854/1647/1215 1873/1666/1231 1872/1665/1230
f 1854/1647/1215 1872/1665/1230 1853/1646/1214
f 1855/1648/1216 1874/1667/1232 1873/1666/1231
f 1855/1648/1216 1873/1666/1231 1854/1647/1215
f 1875/1668/1217 1876/1669/1233 1874/1667/1232
f 1875/1668/1217 1874/1667/1232 1855/1648/1216
f 1858/1651/1219 1877/1670/1234 1878/1671/1235
f 1858/1651/1219 1878/1671/1235 1856/1649/1217
f 1859/1652/1220 1879/1672/1236 1877/1670/1234
f 1859/1652/1220 1877/1670/1234 1858/1651/1219
f 1860/1653/1221 1880/1673/1237 1881/1674/1238
f 1860/1653/1221 1881/1674/1238 1861/1654/1220
f 1862/1655/1222 1882/1675/1239 1880/1673/1237
f 1862/1655/1222 1880/1673/1237 1860/1653/1221
f 1846/1639/1208 1864/1657/1224 1882/1675/1239
f 1846/1639/1208 1882/1675/1239 1862/1655/1222
f 1863/1656/1223 1883/1676/1240 1884/1677/1241
f 1863/1656/1223 1884/1677/1241 1864/1657/1224
f 1865/1658/1225 1885/1678/1242 1886/1679/1240
f 1865/1658/1225 1886/1679/1240 1866/1659/1226
f 1867/1660/1227 1887/1680/1243 1885/1678/1242
f 1867/1660/1227 1885/1678/1242 1865/1658/1225
f 1888/1681/1244 1889/1682/1245 1890/1683/1243
f 1888/1681/1244 1890/1683/1243 1891/1684/1227
f 1892/1685/1246 1893/1686/1247 1894/1687/1248
f 1892/1685/1246 1894/1687/1248 1895/1688/1249
f 1872/1665/1230 1896/1689/1250 1897/1690/1247
f 1872/1665/1230 1897/1690/1247 1871/1664/1229
f 1873/1666/1231 1898/1691/1251 1896/1689/1250
f 1873/1666/1231 1896/1689/1250 1872/1665/1230
f 1899/1692/1252 1900/1693/1253 1901/1694/1251
f 1899/1692/1252 1901/1694/1251 1902/1695/1231
f 1903/1696/1254 1904/1697/1255 1900/1693/1253
f 1903/1696/1254 1900/1693/1253 1899/1692/1252
f 1905/1698/1234 1906/1699/1256 1904/1697/1255
f 1905/1698/1234 1904/1697/1255 1903/1696/1254
f 1907/1700/1236 1908/1701/1257 1906/1699/1256
f 1907/1700/1236 1906/1699/1256 1905/1698/1234
f 1880/1673/1237 1909/1702/1258 1910/1703/1257
f 1880/1673/1237 1910/1703/1257 1881/1674/1238
f 1882/1675/1239 1911/1704/1259 1909/1702/1258
f 1882/1675/1239 1909/1702/1258 1880/1673/1237
f 1864/1657/1224 1884/1677/1241 1911/1704/1259
f 1864/1657/1224 1911/1704/1259 1882/1675/1239
f 1912/1705/1240 1913/227/1260 1914/229/1261
f 1912/1705/1240 1914/229/1261 1915/1706/1241
f 1916/1707/1242 1917/230/1262 1913/227/1260
f 1916/1707/1242 1913/227/1260 1912/1705/1240
f 1890/1683/1243 1918/231/1263 1917/230/1262
f 1890/1683/1243 1917/230/1262 1916/1707/1242
f 1889/1682/1245 1919/232/1264 1918/231/1263
f 1889/1682/1245 1918/231/1263 1890/1683/1243
f 1920/1708/1247 1921/233/1265 1919/232/1264
f 1920/1708/1247 1919/232/1264 1889/1682/1245
f 1922/1709/1250 1923/234/1266 1921/233/1265
f 1922/1709/1250 1921/233/1265 1920/1708/1247
f 1901/1694/1251 1924/235/1267 1923/234/1266
f 1901/1694/1251 1923/234/1266 1922/1709/1250
f 1900/1693/1253 1925/236/1268 1924/235/1267
f 1900/1693/1253 1924/235/1267 1901/1694/1251
f 1904/1697/1255 1926/237/1269 1925/236/1268
f 1904/1697/1255 1925/236/1268 1900/1693/1253
f 1906/1699/1256 1927/238/1270 1926/237/1269
f 1906/1699/1256 1926/237/1269 1904/1697/1255
f 1908/1701/1257 1928/239/1271 1927/238/1270
f 1908/1701/1257 1927/238/1270 1906/1699/1256
f 1929/1710/1258 1930/240/1272 1928/239/1271
f 1929/1710/1258 1928/239/1271 1908/1701/1257
f 1931/1711/1273 1932/241/1274 1930/240/1272
f 1931/1711/1273 1930/240/1272 1929/1710/1258
f 1915/1706/1241 1914/229/1261 1932/241/1274
f 1915/1706/1241 1932/241/1274 1931/1711/1273
f 1933/1584/1275 1934/1712/1276 1935/1713/1277
f 1933/1584/1275 1935/1713/1277 1936/1714/1278
f 1937/1715/1279 1938/1716/1277 1939/1717/1280
f 1937/1715/1279 1939/1717/1280 1940/1718/1281
f 1940/1718/1281 1939/1717/1280 1941/1719/1282
f 1940/1718/1281 1941/1719/1282 1942/1720/1283
f 1942/1720/1283 1941/1719/1282 1943/1721/1284
f 1942/1720/1283 1943/1721/1284 1944/1722/1285
f 1945/1723/1285 1946/1724/1284 1947/1725/1286
f 1945/1723/1285 1947/1725/1286 1948/1726/1287
f 1948/1726/1287 1947/1725/1286 1949/1727/137
f 1948/1726/1287 1949/1727/137 1950/1728/1288
f 1950/1728/1288 1949/1727/137 1951/1602/1289
f 1950/1728/1288 1951/1602/1289 1952/1603/1290
f 1952/1603/1290 1951/1602/1289 1953/1729/1291
f 1952/1603/1290 1953/1729/1291 1954/1730/1292
f 1955/1731/1292 1956/1732/1293 1957/1733/1294
f 1955/1731/1292 1957/1733/1294 1958/1734/1295
f 1958/1734/1295 1957/1733/1294 1959/1735/1296
f 1958/1734/1295 1959/1735/1296 1960/1736/1297
f 1960/1736/1297 1959/1735/1296 1961/1737/1298
f 1960/1736/1297 1961/1737/1298 1962/1738/1299
f 1963/1739/1299 1964/1740/1298 1965/1741/1300
f 1963/1739/1299 1965/1741/1300 1966/1742/1301
f 1966/1742/1301 1965/1741/1300 1967/1743/138
f 1966/1742/1301 1967/1743/138 1968/1744/1302
f 1968/1744/1302 1967/1743/138 1934/1712/1276
f 1968/1744/1302 1934/1712/1276 1933/1584/1275
f 1936/1714/1278 1969/1745/1303 1970/1621/1304
f 1936/1714/1278 1970/1621/1304 1933/1584/1275
f 1940/1718/1281 1971/1746/1305 1972/1747/1303
f 1940/1718/1281 1972/1747/1303 1937/1715/1279
f 1942/1720/1283 1973/1748/1306 1971/1746/1305
f 1942/1720/1283 1971/1746/1305 1940/1718/1281
f 1944/1722/1285 1974/1749/1307 1973/1748/1306
f 1944/1722/1285 1973/1748/1306 1942/1720/1283
f 1948/1726/1287 1975/1750/1308 1976/1751/1309
f 1948/1726/1287 1976/1751/1309 1945/1723/1285
f 1950/1728/1288 1977/1752/1310 1975/1750/1308
f 1950/1728/1288 1975/1750/1308 1948/1726/1287
f 1952/1603/1290 1978/1753/1311 1977/1752/1310
f 1952/1603/1290 1977/1752/1310 1950/1728/1288
f 1954/1730/1292 1979/1754/1312 1978/1753/1311
f 1954/1730/1292 1978/1753/1311 1952/1603/1290
f 1958/1734/1295 1980/1755/1313 1981/1756/1312
f 1958/1734/1295 1981/1756/1312 1955/1731/1292
f 1960/1736/1297 1982/1757/1314 1980/1755/1313
f 1960/1736/1297 1980/1755/1313 1958/1734/1295
f 1962/1738/1299 1983/1758/1315 1982/1757/1314
f 1962/1738/1299 1982/1757/1314 1960/1736/1297
f 1966/1742/1301 1984/1635/1316 1985/1636/1317
f 1966/1742/1301 1985/1636/1317 1963/1739/1299
f 1968/1744/1302 1986/1637/1318 1984/1635/1316
f 1968/1744/1302 1984/1635/1316 1966/1742/1301
f 1933/1584/1275 1970/1621/1304 1986/1637/1318
f 1933/1584/1275 1986/1637/1318 1968/1744/1302
f 1969/1745/1303 1987/1638/1319 1988/1639/1320
f 1969/1745/1303 1988/1639/1320 1970/1621/1304
f 1971/1746/1305 1989/1759/1321 1990/1760/1319
f 1971/1746/1305 1990/1760/1319 1972/1747/1303
f 1973/1748/1306 1991/1761/1322 1989/1759/1321
f 1973/1748/1306 1989/1759/1321 1971/1746/1305
f 1974/1749/1307 1992/1762/1323 1991/1761/1322
f 1974/1749/1307 1991/1761/1322 1973/1748/1306
f 1975/1750/1308 1993/1763/1324 1994/1764/1323
f 1975/1750/1308 1994/1764/1323 1976/1751/1309
f 1977/1752/1310 1995/1646/1325 1993/1763/1324
f 1977/1752/1310 1993/1763/1324 1975/1750/1308
f 1978/1753/1311 1996/1765/1326 1995/1646/1325
f 1978/1753/1311 1995/1646/1325 1977/1752/1310
f 1979/1754/1312 1997/1766/1327 1996/1765/1326
f 1979/1754/1312 1996/1765/1326 1978/1753/1311
f 1980/1755/1313 1998/1767/1328 1999/1768/1327
f 1980/1755/1313 1999/1768/1327 1981/1756/1312
f 1982/1757/1314 2000/1769/1329 1998/1767/1328
f 1982/1757/1314 1998/1767/1328 1980/1755/1313
f 1983/1758/1315 2001/1770/1330 2000/1769/1329
f 1983/1758/1315 2000/1769/1329 1982/1757/1314
f 1984/1635/1316 2002/1771/1331 2003/1654/1330
f 1984/1635/1316 2003/1654/1330 1985/1636/1317
f 1986/1637/1318 2004/1772/1332 2002/1771/1331
f 1986/1637/1318 2002/1771/1331 1984/1635/1316
f 1970/1621/1304 1988/1639/1320 2004/1772/1332
f 1970/1621/1304 2004/1772/1332 1986/1637/1318
f 1987/1638/1319 2005/1656/1333 2006/1773/1334
f 1987/1638/1319 2006/1773/1334 1988/1639/1320
f 1989/1759/1321 2007/1774/1335 2008/1775/1333
f 1989/1759/1321 2008/1775/1333 1990/1760/1319
f 1991/1761/1322 2009/1776/1336 2007/1774/1335
f 1991/1761/1322 2007/1774/1335 1989/1759/1321
f 1994/1764/1323 2010/1777/1337 2011/1778/1338
f 1994/1764/1323 2011/1778/1338 2012/1779/1322
f 1993/1763/1324 2013/1780/1339 2010/1777/1337
f 1993/1763/1324 2010/1777/1337 1994/1764/1323
f 1995/1646/1325 2014/1781/1340 2013/1780/1339
f 1995/1646/1325 2013/1780/1339 1993/1763/1324
f 1996/1765/1326 2015/1782/1341 2014/1781/1340
f 1996/1765/1326 2014/1781/1340 1995/1646/1325
f 1997/1766/1327 2016/1783/1342 2015/1782/1341
f 1997/1766/1327 2015/1782/1341 1996/1765/1326
f 2017/1784/1343 2018/1669/1344 2016/1783/1342
f 2017/1784/1343 2016/1783/1342 1997/1766/1327
f 2000/1769/1329 2019/1785/1345 2020/1786/1344
f 2000/1769/1329 2020/1786/1344 1998/1767/1328
f 2001/1770/1330 2021/1787/1346 2019/1785/1345
f 2001/1770/1330 2019/1785/1345 2000/1769/1329
f 2002/1771/1331 2022/1788/1347 2023/1789/1348
f 2002/1771/1331 2023/1789/1348 2003/1654/1330
f 2004/1772/1332 2024/1675/1349 2022/1788/1347
f 2004/1772/1332 2022/1788/1347 2002/1771/1331
f 1988/1639/1320 2006/1773/1334 2024/1675/1349
f 1988/1639/1320 2024/1675/1349 2004/1772/1332
f 2005/1656/1333 2025/1790/1350 2026/1677/1351
f 2005/1656/1333 2026/1677/1351 2006/1773/1334
f 2027/1791/1335 2028/1792/1352 2029/1793/1350
f 2027/1791/1335 2029/1793/1350 2030/1794/1353
f 2031/1795/1338 2032/1796/1354 2028/1792/1352
f 2031/1795/1338 2028/1792/1352 2027/1791/1335
f 2033/1797/1337 2034/1798/1355 2032/1796/1354
f 2033/1797/1337 2032/1796/1354 2031/1795/1338
f 2035/1799/1356 2036/1800/1357 2034/1798/1355
f 2035/1799/1356 2034/1798/1355 2033/1797/1337
f 2014/1781/1340 2037/1801/1358 2038/1802/1357
f 2014/1781/1340 2038/1802/1357 2013/1780/1339
f 2015/1782/1341 2039/1803/1359 2037/1801/1358
f 2015/1782/1341 2037/1801/1358 2014/1781/1340
f 2040/1804/1342 2041/1805/1360 2042/1806/1359
f 2040/1804/1342 2042/1806/1359 2043/1807/1341
f 2020/1786/1344 2044/1808/1361 2041/1805/1360
f 2020/1786/1344 2041/1805/1360 2040/1804/1342
f 2019/1785/1345 2045/1809/1362 2044/1808/1361
f 2019/1785/1345 2044/1808/1361 2020/1786/1344
f 2021/1787/1346 2046/1810/1363 2045/1809/1362
f 2021/1787/1346 2045/1809/1362 2019/1785/1345
f 2022/1788/1347 2047/1811/1364 2048/1812/1363
f 2022/1788/1347 2048/1812/1363 2023/1789/1348
f 2024/1675/1349 2049/1704/1365 2047/1811/1364
f 2024/1675/1349 2047/1811/1364 2022/1788/1347
f 2006/1773/1334 2026/1677/1351 2049/1704/1365
f 2006/1773/1334 2049/1704/1365 2024/1675/1349
f 2029/1793/1350 2050/257/1366 2051/259/1367
f 2029/1793/1350 2051/259/1367 2052/1813/1351
f 2028/1792/1352 2053/260/1368 2050/257/1366
f 2028/1792/1352 2050/257/1366 2029/1793/1350
f 2032/1796/1354 2054/261/1369 2053/260/1368
f 2032/1796/1354 2053/260/1368 2028/1792/1352
f 2034/1798/1355 2055/262/1370 2054/261/1369
f 2034/1798/1355 2054/261/1369 2032/1796/1354
f 2036/1800/1357 2056/263/1371 2055/262/1370
f 2036/1800/1357 2055/262/1370 2034/1798/1355
f 2057/1814/1372 2058/264/1373 2056/263/1371
f 2057/1814/1372 2056/263/1371 2036/1800/1357
f 2059/1815/1359 2060/265/1374 2058/264/1373
f 2059/1815/1359 2058/264/1373 2057/1814/1372
f 2061/1816/1375 2062/266/1376 2060/265/1374
f 2061/1816/1375 2060/265/1374 2059/1815/1359
f 2063/1817/1377 2064/267/1378 2062/266/1376
f 2063/1817/1377 2062/266/1376 2061/1816/1375
f 2065/1818/1362 2066/268/1379 2064/267/1378
f 2065/1818/1362 2064/267/1378 2063/1817/1377
f 2067/1819/1363 2068/269/1380 2066/268/1379
f 2067/1819/1363 2066/268/1379 2065/1818/1362
f 2069/1820/1364 2070/270/1381 2068/269/1380
f 2069/1820/1364 2068/269/1380 2067/1819/1363
f 2071/1821/1382 2072/271/1383 2070/270/1381
f 2071/1821/1382 2070/270/1381 2069/1820/1364
f 2052/1813/1351 2051/259/1367 2072/271/1383
f 2052/1813/1351 2072/271/1383 2071/1821/1382
f 2073/1822/1384 2074/1823/1385 2075/1824/1284
f 2073/1822/1384 2075/1824/1284 2076/1825/1286
f 2077/1826/1285 2078/1827/1283 2079/1828/1282
f 2077/1826/1285 2079/1828/1282 2080/1829/1284
f 2078/1827/1283 2081/1830/1281 2082/1831/1280
f 2078/1827/1283 2082/1831/1280 2079/1828/1282
f 2081/1830/1281 2083/1832/1279 2084/1833/1277
f 2081/1830/1281 2084/1833/1277 2082/1831/1280
f 2085/1834/1279 2086/1835/1386 2087/1836/1276
f 2085/1834/1279 2087/1836/1276 2088/1474/1277
f 2086/1835/1386 2089/1837/1302 2090/1838/138
f 2086/1835/1386 2090/1838/138 2087/1836/1276
f 2089/1837/1302 2091/1477/1301 2092/1478/1300
f 2089/1837/1302 2092/1478/1300 2090/1838/138
f 2091/1477/1301 2093/1839/1299 2094/1840/1387
f 2091/1477/1301 2094/1840/1387 2092/1478/1300
f 2095/1841/1299 2096/1842/1297 2097/1843/1296
f 2095/1841/1299 2097/1843/1296 2098/1844/1298
f 2096/1842/1297 2099/1845/1295 2100/1846/1294
f 2096/1842/1297 2100/1846/1294 2097/1843/1296
f 2099/1845/1295 2101/1847/1292 2102/1848/1291
f 2099/1845/1295 2102/1848/1291 2100/1846/1294
f 2103/1849/1292 2104/1850/1290 2105/1851/1289
f 2103/1849/1292 2105/1851/1289 2106/1852/1291
f 2104/1850/1290 2107/1853/1288 2108/1854/137
f 2104/1850/1290 2108/1854/137 2105/1851/1289
f 2107/1853/1288 2073/1822/1384 2076/1825/1286
f 2107/1853/1288 2076/1825/1286 2108/1854/137
f 2074/1823/1385 2073/1822/1384 2109/1495/1308
f 2074/1823/1385 2109/1495/1308 2110/1855/1309
f 2078/1827/1283 2077/1826/1285 2111/1856/1309
f 2078/1827/1283 2111/1856/1309 2112/1857/1306
f 2081/1830/1281 2078/1827/1283 2112/1857/1306
f 2081/1830/1281 2112/1857/1306 2113/1858/1305
f 2083/1832/1279 2081/1830/1281 2113/1858/1305
f 2083/1832/1279 2113/1858/1305 2114/1859/1388
f 2086/1835/1386 2085/1834/1279 2115/1860/1303
f 2086/1835/1386 2115/1860/1303 2116/1861/1304
f 2089/1837/1302 2086/1835/1386 2116/1861/1304
f 2089/1837/1302 2116/1861/1304 2117/1862/1318
f 2091/1477/1301 2089/1837/1302 2117/1862/1318
f 2091/1477/1301 2117/1862/1318 2118/1504/1316
f 2093/1839/1299 2091/1477/1301 2118/1504/1316
f 2093/1839/1299 2118/1504/1316 2119/1863/1317
f 2096/1842/1297 2095/1841/1299 2120/1864/1317
f 2096/1842/1297 2120/1864/1317 2121/1865/1314
f 2099/1845/1295 2096/1842/1297 2121/1865/1314
f 2099/1845/1295 2121/1865/1314 2122/1866/1313
f 2101/1847/1292 2099/1845/1295 2122/1866/1313
f 2101/1847/1292 2122/1866/1313 2123/1867/1389
f 2104/1850/1290 2103/1849/1292 2124/1868/1312
f 2104/1850/1290 2124/1868/1312 2125/1869/1311
f 2107/1853/1288 2104/1850/1290 2125/1869/1311
f 2107/1853/1288 2125/1869/1311 2126/1870/1310
f 2073/1822/1384 2107/1853/1288 2126/1870/1310
f 2073/1822/1384 2126/1870/1310 2109/1495/1308
f 2110/1855/1309 2109/1495/1308 2127/1871/1390
f 2110/1855/1309 2127/1871/1390 2128/1872/1391
f 2112/1857/1306 2111/1856/1309 2129/1873/1391
f 2112/1857/1306 2129/1873/1391 2130/1874/1392
f 2113/1858/1305 2112/1857/1306 2130/1874/1392
f 2113/1858/1305 2130/1874/1392 2131/1875/1393
f 2114/1859/1388 2113/1858/1305 2131/1875/1393
f 2114/1859/1388 2131/1875/1393 2132/1876/1394
f 2116/1861/1304 2115/1860/1303 2133/1519/1394
f 2116/1861/1304 2133/1519/1394 2134/1877/1395
f 2117/1862/1318 2116/1861/1304 2134/1877/1395
f 2117/1862/1318 2134/1877/1395 2135/1878/1396
f 2118/1504/1316 2117/1862/1318 2135/1878/1396
f 2118/1504/1316 2135/1878/1396 2136/1879/1397
f 2119/1863/1317 2118/1504/1316 2136/1879/1397
f 2119/1863/1317 2136/1879/1397 2137/1880/1398
f 2121/1865/1314 2120/1864/1317 2138/1881/1398
f 2121/1865/1314 2138/1881/1398 2139/1882/1399
f 2122/1866/1313 2121/1865/1314 2139/1882/1399
f 2122/1866/1313 2139/1882/1399 2140/1883/1400
f 2123/1867/1389 2122/1866/1313 2140/1883/1400
f 2123/1867/1389 2140/1883/1400 2141/1884/1401
f 2125/1869/1311 2124/1868/1312 2142/1885/1401
f 2125/1869/1311 2142/1885/1401 2143/1886/1402
f 2126/1870/1310 2125/1869/1311 2143/1886/1402
f 2126/1870/1310 2143/1886/1402 2144/1887/1403
f 2109/1495/1308 2126/1870/1310 2144/1887/1403
f 2109/1495/1308 2144/1887/1403 2127/1871/1390
f 2128/1872/1391 2127/1871/1390 2145/1888/1404
f 2128/1872/1391 2145/1888/1404 2146/1889/1405
f 2130/1874/1392 2129/1873/1391 2147/1890/1405
f 2130/1874/1392 2147/1890/1405 2148/1891/1406
f 2131/1875/1393 2130/1874/1392 2148/1891/1406
f 2131/1875/1393 2148/1891/1406 2149/1892/1407
f 2133/1519/1394 2150/1893/1393 2151/1894/1408
f 2133/1519/1394 2151/1894/1408 2152/1895/1409
f 2134/1877/1395 2133/1519/1394 2152/1895/1409
f 2134/1877/1395 2152/1895/1409 2153/1896/1410
f 2135/1878/1396 2134/1877/1395 2153/1896/1410
f 2135/1878/1396 2153/1896/1410 2154/1540/1411
f 2136/1879/1397 2135/1878/1396 2154/1540/1411
f 2136/1879/1397 2154/1540/1411 2155/1897/1412
f 2137/1880/1398 2136/1879/1397 2155/1897/1412
f 2137/1880/1398 2155/1897/1412 2156/1898/1413
f 2157/1543/1414 2137/1880/1398 2156/1898/1413
f 2157/1543/1414 2156/1898/1413 2158/1899/1415
f 2140/1883/1400 2139/1882/1399 2159/1900/1416
f 2140/1883/1400 2159/1900/1416 2160/1901/1417
f 2141/1884/1401 2140/1883/1400 2160/1901/1417
f 2141/1884/1401 2160/1901/1417 2161/1902/1418
f 2143/1886/1402 2142/1885/1401 2162/1903/1419
f 2143/1886/1402 2162/1903/1419 2163/1904/1420
f 2144/1887/1403 2143/1886/1402 2163/1904/1420
f 2144/1887/1403 2163/1904/1420 2164/1905/1421
f 2127/1871/1390 2144/1887/1403 2164/1905/1421
f 2127/1871/1390 2164/1905/1421 2145/1888/1404
f 2146/1889/1405 2145/1888/1404 2165/1906/1422
f 2146/1889/1405 2165/1906/1422 2166/1907/1423
f 2167/1908/1406 2168/1909/1424 2169/1910/1423
f 2167/1908/1406 2169/1910/1423 2170/1911/1425
f 2171/1912/1408 2167/1908/1406 2170/1911/1425
f 2171/1912/1408 2170/1911/1425 2172/1913/1426
f 2173/1914/1409 2171/1912/1408 2172/1913/1426
f 2173/1914/1409 2172/1913/1426 2174/1915/1427
f 2175/1916/1410 2173/1914/1409 2174/1915/1427
f 2175/1916/1410 2174/1915/1427 2176/1917/1428
f 2154/1540/1411 2153/1896/1410 2177/1918/1428
f 2154/1540/1411 2177/1918/1428 2178/1564/1429
f 2155/1897/1412 2154/1540/1411 2178/1564/1429
f 2155/1897/1412 2178/1564/1429 2179/1919/1430
f 2180/1920/1413 2181/1921/1412 2182/1922/1430
f 2180/1920/1413 2182/1922/1430 2183/1923/1431
f 2159/1900/1416 2180/1920/1413 2183/1923/1431
f 2159/1900/1416 2183/1923/1431 2184/1924/1432
f 2160/1901/1417 2159/1900/1416 2184/1924/1432
f 2160/1901/1417 2184/1924/1432 2185/1925/1433
f 2161/1902/1418 2160/1901/1417 2185/1925/1433
f 2161/1902/1418 2185/1925/1433 2186/1926/1434
f 2163/1904/1420 2162/1903/1419 2187/1927/1434
f 2163/1904/1420 2187/1927/1434 2188/1928/1435
f 2164/1905/1421 2163/1904/1420 2188/1928/1435
f 2164/1905/1421 2188/1928/1435 2189/1929/1436
f 2145/1888/1404 2164/1905/1421 2189/1929/1436
f 2145/1888/1404 2189/1929/1436 2165/1906/1422
f 2169/1910/1423 2190/1930/1422 2191/284/1437
f 2169/1910/1423 2191/284/1437 2192/283/1438
f 2170/1911/1425 2169/1910/1423 2192/283/1438
f 2170/1911/1425 2192/283/1438 2193/286/1439
f 2172/1913/1426 2170/1911/1425 2193/286/1439
f 2172/1913/1426 2193/286/1439 2194/287/1440
f 2174/1915/1427 2172/1913/1426 2194/287/1440
f 2174/1915/1427 2194/287/1440 2195/288/1441
f 2176/1917/1428 2174/1915/1427 2195/288/1441
f 2176/1917/1428 2195/288/1441 2196/289/1442
f 2197/1931/1429 2176/1917/1428 2196/289/1442
f 2197/1931/1429 2196/289/1442 2198/290/1443
f 2199/1932/1430 2197/1931/1429 2198/290/1443
f 2199/1932/1430 2198/290/1443 2200/291/1444
f 2201/1933/1445 2199/1932/1430 2200/291/1444
f 2201/1933/1445 2200/291/1444 2202/292/1446
f 2203/1934/1447 2201/1933/1445 2202/292/1446
f 2203/1934/1447 2202/292/1446 2204/293/1448
f 2205/1935/1433 2203/1934/1447 2204/293/1448
f 2205/1935/1433 2204/293/1448 2206/294/1449
f 2207/1936/1434 2205/1935/1433 2206/294/1449
f 2207/1936/1434 2206/294/1449 2208/295/1450
f 2209/1937/1435 2207/1936/1434 2208/295/1450
f 2209/1937/1435 2208/295/1450 2210/296/1451
f 2211/1938/1436 2209/1937/1435 2210/296/1451
f 2211/1938/1436 2210/296/1451 2212/297/1452
f 2190/1930/1422 2211/1938/1436 2212/297/1452
f 2190/1930/1422 2212/297/1452 2191/284/1437
f 2213/1939/1453 2214/1940/1454 2215/1941/1455
f 2213/1939/1453 2215/1941/1455 2216/1942/1453
f 2217/1943/1456 2218/1944/1457 2219/1945/1457
f 2217/1943/1456 2219/1945/1457 2220/1946/1456
f 2221/1947/1458 2222/1948/1459 2223/1949/1459
f 2221/1947/1458 2223/1949/1459 2224/1950/1458
s 0
f 2225/1951/1460 2226/1952/1460 2227/1953/1460
f 2225/1951/1460 2227/1953/1460 2228/1954/1460
s 1
f 2217/1943/1456 2220/1946/1456 2229/1955/1461
f 2217/1943/1456 2229/1955/1461 2230/1956/1461
f 2230/1956/1461 2229/1955/1461 2231/1957/1462
f 2230/1956/1461 2231/1957/1462 2232/1958/1462
f 2233/1959/1463 2234/1960/1463 2215/1941/1455
f 2233/1959/1463 2215/1941/1455 2214/1940/1454
f 2221/1947/1458 2224/1950/1458 2235/1961/1464
f 2221/1947/1458 2235/1961/1464 2236/1962/1464
f 2237/1963/1464 2238/1964/1465 2239/1965/1466
f 2237/1963/1464 2239/1965/1466 2240/1966/1466
f 2241/1966/1467 2242/1965/1467 2219/1945/1457
f 2241/1966/1467 2219/1945/1457 2218/1944/1457
f 2243/1967/1453 2244/1968/1453 2245/1969/1455
f 2243/1967/1453 2245/1969/1455 2246/1970/1454
f 2247/1946/1456 2248/1971/1456 2249/1972/1457
f 2247/1946/1456 2249/1972/1457 2250/1973/1457
f 2251/1974/1468 2252/1975/1458 2253/1976/1459
f 2251/1974/1468 2253/1976/1459 2254/1977/1459
s 0
f 2255/1978/1460 2256/1979/1460 2257/1980/1460
f 2255/1978/1460 2257/1980/1460 2258/1981/1460
s 1
f 2247/1946/1456 2259/1982/1461 2260/1983/1461
f 2247/1946/1456 2260/1983/1461 2248/1971/1456
f 2259/1982/1461 2261/1984/1462 2262/1985/1462
f 2259/1982/1461 2262/1985/1462 2260/1983/1461
f 2263/1986/1463 2246/1970/1454 2245/1969/1455
f 2263/1986/1463 2245/1969/1455 2264/1987/1463
f 2251/1974/1468 2265/1988/1464 2266/1989/1464
f 2251/1974/1468 2266/1989/1464 2252/1975/1458
f 2267/1990/1464 2268/1991/1466 2269/1992/1466
f 2267/1990/1464 2269/1992/1466 2270/1993/1464
f 2271/1991/1467 2250/1973/1457 2249/1972/1457
f 2271/1991/1467 2249/1972/1457 2272/1992/1467
s 0
f 358/336/138 365/343/138 2273/1994/138
f 358/336/138 2273/1994/138 359/337/138
f 2274/1995/137 353/332/137 336/315/137
f 2274/1995/137 336/315/137 335/314/137
f 344/323/138 339/318/138 332/311/138
f 344/323/138 332/311/138 342/321/138
f 2275/1996/137 347/326/137 346/325/137
f 2275/1996/137 346/325/137 351/330/137
f 2275/1996/137 351/330/137 353/332/137
f 2275/1996/137 353/332/137 2274/1995/137
f 2276/1997/138 343/322/138 341/320/138
f 2276/1997/138 341/320/138 348/327/138
f 2277/1998/138 344/323/138 343/322/138
f 2277/1998/138 343/322/138 2276/1997/138
f 2277/1998/138 2278/1996/138 339/318/138
f 2277/1998/138 339/318/138 344/323/138
f 338/317/138 339/318/138 2278/1996/138
f 338/317/138 2278/1996/138 2279/1999/138
f 333/312/138 338/317/138 2279/1999/138
f 333/312/138 2279/1999/138 349/328/138
f 353/332/137 351/330/137 352/331/137
f 353/332/137 352/331/137 354/333/137
f 2280/2000/138 364/342/138 358/336/138
f 2280/2000/138 358/336/138 357/335/138
f 366/344/137 2281/2001/137 361/339/137
f 366/344/137 361/339/137 360/338/137
f 367/345/137 2282/2002/137 2281/2001/137
f 367/345/137 2281/2001/137 366/344/137
f 2283/2003/138 370/347/138 364/342/138
f 2283/2003/138 364/342/138 2280/2000/138
f 370/347/138 369/311/138 365/343/138
f 370/347/138 365/343/138 364/342/138
f 372/349/137 2284/2004/137 2282/2002/137
f 372/349/137 2282/2002/137 367/345/137
f 356/333/137 372/349/137 367/345/137
f 356/333/137 367/345/137 363/341/137
f 373/350/138 368/346/138 370/347/138
f 373/350/138 370/347/138 2283/2003/138
f 371/348/137 2285/2005/137 2284/2004/137
f 371/348/137 2284/2004/137 372/349/137
f 331/310/137 330/309/137 2285/2005/137
f 331/310/137 2285/2005/137 371/348/137
f 2286/340/138 369/311/138 374/351/138
f 2286/340/138 374/351/138 375/352/138
