# Blender 4.0.2
# www.blender.org
mtllib import_kos_1.mtl
o Aro_MaterialAro1_0
v -2.428066 6.338889 1.855586
v -2.401278 5.828459 1.855586
v -2.401278 6.319936 1.855586
v -2.579963 6.319399 -1.855586
v -2.553175 6.338294 -1.855586
v -2.579963 5.828459 -1.855586
v -2.401278 6.319088 -1.855586
v -2.401278 6.338036 -1.828799
v -2.401278 5.828459 -1.855586
v -2.579963 6.320004 1.855586
v -2.579963 6.338943 1.828799
v -2.579963 5.828459 1.855586
v -2.579963 6.338345 -1.828799
v -2.572118 6.338328 -1.847740
v -2.401278 6.319088 -1.855586
v -2.428066 6.338076 -1.855586
v -2.409124 6.338045 -1.847740
v -2.401278 6.338036 -1.828799
v -2.401278 6.319936 1.855586
v -2.401278 6.338871 1.828799
v -2.409124 6.338879 1.847740
v -2.428066 6.338889 1.855586
v -2.579963 6.320004 1.855586
v -2.553175 6.338936 1.855586
v -2.572118 6.338943 1.847740
v -2.579963 6.338943 1.828799
v -2.579963 5.828459 -1.855586
v -2.579963 6.338345 -1.828799
v -2.579963 6.319399 -1.855586
v -2.579963 5.828459 1.855586
v -2.401278 5.828459 -1.855586
v -2.428066 6.338076 -1.855586
v -2.401278 6.319088 -1.855586
v -2.401278 5.828459 1.855586
v -2.401278 6.338871 1.828799
v -2.401278 6.319936 1.855586
v -2.579963 8.452703 1.667408
v -2.579963 8.440134 1.698120
v -2.579963 8.440135 1.730597
v -2.579963 8.405835 1.781930
v -2.579963 8.440102 -1.730706
v -2.579963 8.440102 -1.698228
v -2.579963 8.452687 -1.667519
v -2.579963 8.405761 -1.782021
v -2.401278 8.354502 -1.816229
v -2.401278 8.405835 -1.781930
v -2.401278 8.405834 -1.738437
v -2.401278 8.440135 -1.730597
v -2.401278 8.452703 -1.667408
v -2.401278 8.440134 -1.686456
v -2.401278 8.440082 1.730698
v -2.401278 8.440083 1.686592
v -2.401278 8.452687 1.667519
v -2.401278 8.354382 1.816266
v -2.401278 8.405745 1.738549
v -2.401278 8.405744 1.782005
v -2.579963 6.315553 1.994439
v -2.579963 6.322492 1.953852
v -2.579963 6.258113 2.018231
v -2.401278 6.339345 1.936999
v -2.401278 6.322492 1.953852
v -2.401278 6.339345 1.855271
v -2.579962 5.663876 1.969492
v -2.579963 5.830235 1.855271
v -2.579962 5.663876 1.855271
v -2.401278 5.712615 2.018231
v -2.401278 5.830235 1.855271
v -2.401278 5.829325 2.018231
v -2.579962 5.712615 -2.018231
v -2.579963 5.830235 -1.855750
v -2.579962 5.830529 -2.018231
v -2.401278 5.663876 -1.969492
v -2.401278 5.830235 -1.855750
v -2.401278 5.663876 -1.855751
v -2.579963 5.663876 -1.855751
v -2.579962 5.663876 -1.969492
v -2.579962 5.678151 2.003956
v -2.579962 5.678151 -2.003956
v -2.579962 5.712615 2.018231
v -2.579962 5.830529 2.018231
v -2.401278 5.712615 -2.018231
v -2.401278 5.829325 -2.018231
v -2.401278 5.678151 2.003956
v -2.401278 5.678151 -2.003956
v -2.401278 5.663876 1.969492
v -2.401278 5.663876 1.855271
v -2.401278 6.322492 -1.953992
v -2.401278 6.258113 -2.018231
v -2.401278 6.315553 -1.994439
v -2.401278 6.258113 2.018231
v -2.401278 6.339345 -1.936999
v -2.401278 6.315553 1.994439
v -2.401278 6.339345 -1.855750
v -2.579962 6.322492 -1.953852
v -2.579962 6.339345 -1.855750
v -2.579962 6.339345 -1.936999
v -2.579962 6.339345 1.855271
v -2.579962 6.315553 -1.994439
v -2.579963 6.339345 1.936999
v -2.579962 6.258113 -2.018231
v -2.609426 6.275433 0.169759
v -2.577024 6.300569 0.169759
v -2.609426 6.300569 0.169759
v -2.609426 6.300569 -0.169759
v -2.577024 6.300569 -0.169759
v -2.609426 6.275747 -0.169759
v -3.139011 5.425352 0.015175
v -3.139765 5.425352 0.013839
v -3.136895 5.425352 0.013102
v -3.137691 5.425352 0.015955
v -3.136158 5.425352 0.015971
v -3.134822 5.425352 0.015218
v -3.134042 5.425352 0.013898
v -3.134026 5.425352 0.012365
v -3.134779 5.425352 0.011029
v -3.136099 5.425352 0.010249
v -3.137632 5.425352 0.010233
v -3.138968 5.425352 0.010986
v -3.139749 5.425352 0.012306
v -2.765252 6.280027 0.098637
v -2.763538 6.280027 0.101679
v -2.758720 6.280027 0.096959
v -2.760532 6.280027 0.103456
v -2.757041 6.280027 0.103491
v -2.753999 6.280027 0.101777
v -2.752223 6.280027 0.098771
v -2.752187 6.280027 0.095280
v -2.753901 6.280027 0.092238
v -2.756907 6.280027 0.090462
v -2.760398 6.280027 0.090426
v -2.763440 6.280027 0.092140
v -2.765217 6.280027 0.095146
v -3.157699 5.425352 0.060588
v -3.158105 5.425352 0.059109
v -3.155142 5.425352 0.059091
v -3.156608 5.425352 0.061666
v -3.155124 5.425352 0.062053
v -3.153645 5.425352 0.061647
v -3.152568 5.425352 0.060556
v -3.152180 5.425352 0.059073
v -3.152586 5.425352 0.057594
v -3.153677 5.425352 0.056517
v -3.155161 5.425352 0.056129
v -3.156639 5.425352 0.056535
v -3.157717 5.425352 0.057626
v -2.830724 6.280027 0.258632
v -2.829800 6.280027 0.261999
v -2.823980 6.280027 0.258591
v -2.827316 6.280027 0.264453
v -2.823938 6.280027 0.265336
v -2.820571 6.280027 0.264411
v -2.818118 6.280027 0.261927
v -2.817235 6.280027 0.258549
v -2.818159 6.280027 0.255182
v -2.820643 6.280027 0.252729
v -2.824021 6.280027 0.251846
v -2.827388 6.280027 0.252770
v -2.829842 6.280027 0.255254
v -3.178277 5.425352 0.083684
v -3.178110 5.425352 0.082159
v -3.175349 5.425352 0.083232
v -3.177658 5.425352 0.085087
v -3.176421 5.425352 0.085993
v -3.174897 5.425352 0.086160
v -3.173494 5.425352 0.085541
v -3.172587 5.425352 0.084304
v -3.172421 5.425352 0.082780
v -3.173039 5.425352 0.081377
v -3.174276 5.425352 0.080471
v -3.175801 5.425352 0.080304
v -3.177204 5.425352 0.080922
v -2.937453 6.280027 0.382908
v -2.937832 6.280027 0.386379
v -2.931165 6.280027 0.385350
v -2.936424 6.280027 0.389575
v -2.933607 6.280027 0.391638
v -2.930136 6.280027 0.392016
v -2.926941 6.280027 0.390609
v -2.924878 6.280027 0.387792
v -2.924499 6.280027 0.384321
v -2.925907 6.280027 0.381126
v -2.928724 6.280027 0.379063
v -2.932194 6.280027 0.378684
v -2.935390 6.280027 0.380092
v -3.207203 5.425352 0.102465
v -3.206496 5.425352 0.101104
v -3.204310 5.425352 0.103103
v -3.207134 5.425352 0.103997
v -3.206309 5.425352 0.105289
v -3.204948 5.425352 0.105996
v -3.203416 5.425352 0.105928
v -3.202124 5.425352 0.105102
v -3.201417 5.425352 0.103741
v -3.201486 5.425352 0.102210
v -3.202311 5.425352 0.100917
v -3.203672 5.425352 0.100211
v -3.205204 5.425352 0.100279
v -3.083856 6.280027 0.469830
v -3.085465 6.280027 0.472929
v -3.078879 6.280027 0.474382
v -3.085309 6.280027 0.476417
v -3.083430 6.280027 0.479360
v -3.080332 6.280027 0.480969
v -3.076844 6.280027 0.480813
v -3.073901 6.280027 0.478934
v -3.072292 6.280027 0.475835
v -3.072448 6.280027 0.472347
v -3.074327 6.280027 0.469404
v -3.077426 6.280027 0.467795
v -3.080914 6.280027 0.467951
v -3.243694 5.425352 0.110479
v -3.242591 5.425352 0.109413
v -3.241155 5.425352 0.112004
v -3.244117 5.425352 0.111953
v -3.243746 5.425352 0.113440
v -3.242681 5.425352 0.114543
v -3.241206 5.425352 0.114966
v -3.239719 5.425352 0.114595
v -3.238616 5.425352 0.113530
v -3.238193 5.425352 0.112056
v -3.238564 5.425352 0.110568
v -3.239629 5.425352 0.109465
v -3.241103 5.425352 0.109042
v -3.246449 6.280027 0.500451
v -3.248961 6.280027 0.502877
v -3.243179 6.280027 0.506351
v -3.249923 6.280027 0.506233
v -3.249079 6.280027 0.509621
v -3.246653 6.280027 0.512132
v -3.243297 6.280027 0.513095
v -3.239909 6.280027 0.512250
v -3.237397 6.280027 0.509825
v -3.236435 6.280027 0.506468
v -3.237280 6.280027 0.503081
v -3.239705 6.280027 0.500569
v -3.243061 6.280027 0.499607
v -3.278290 5.425352 0.101411
v -3.276918 5.425352 0.100727
v -3.276327 5.425352 0.103630
v -3.279136 5.425352 0.102690
v -3.279230 5.425352 0.104220
v -3.278545 5.425352 0.105593
v -3.277267 5.425352 0.106439
v -3.275736 5.425352 0.106532
v -3.274364 5.425352 0.105848
v -3.273518 5.425352 0.104569
v -3.273424 5.425352 0.103039
v -3.274108 5.425352 0.101666
v -3.275387 5.425352 0.100820
v -3.400131 6.280027 0.467699
v -3.403255 6.280027 0.469258
v -3.398785 6.280027 0.474309
v -3.405182 6.280027 0.472169
v -3.405395 6.280027 0.475654
v -3.403836 6.280027 0.478779
v -3.400925 6.280027 0.480706
v -3.397440 6.280027 0.480918
v -3.394315 6.280027 0.479360
v -3.392388 6.280027 0.476448
v -3.392176 6.280027 0.472963
v -3.393734 6.280027 0.469839
v -3.396646 6.280027 0.467912
v -3.308258 5.425352 0.084390
v -3.306726 5.425352 0.084313
v -3.307349 5.425352 0.087209
v -3.309546 5.425352 0.085221
v -3.310245 5.425352 0.086586
v -3.310169 5.425352 0.088117
v -3.309337 5.425352 0.089406
v -3.307972 5.425352 0.090105
v -3.306441 5.425352 0.090029
v -3.305153 5.425352 0.089197
v -3.304453 5.425352 0.087832
v -3.304530 5.425352 0.086301
v -3.305362 5.425352 0.085013
v -3.557132 6.280027 0.378204
v -3.560619 6.280027 0.378378
v -3.558551 6.280027 0.384798
v -3.563552 6.280027 0.380272
v -3.565145 6.280027 0.383379
v -3.564971 6.280027 0.386866
v -3.563076 6.280027 0.389799
v -3.559969 6.280027 0.391392
v -3.556482 6.280027 0.391218
v -3.553549 6.280027 0.389324
v -3.551956 6.280027 0.386217
v -3.552130 6.280027 0.382730
v -3.554025 6.280027 0.379797
v -3.331158 5.425352 0.058016
v -3.329688 5.425352 0.058452
v -3.331238 5.425352 0.060977
v -3.332649 5.425352 0.058373
v -3.333762 5.425352 0.059428
v -3.334199 5.425352 0.060898
v -3.333842 5.425352 0.062389
v -3.332787 5.425352 0.063502
v -3.331317 5.425352 0.063938
v -3.329826 5.425352 0.063581
v -3.328713 5.425352 0.062527
v -3.328276 5.425352 0.061057
v -3.328633 5.425352 0.059565
v -3.661857 6.280027 0.252580
v -3.665204 6.280027 0.251586
v -3.665385 6.280027 0.258329
v -3.668599 6.280027 0.252399
v -3.671134 6.280027 0.254800
v -3.672127 6.280027 0.258148
v -3.671315 6.280027 0.261543
v -3.668913 6.280027 0.264077
v -3.665566 6.280027 0.265071
v -3.662171 6.280027 0.264259
v -3.659636 6.280027 0.261857
v -3.658643 6.280027 0.258510
v -3.659455 6.280027 0.255114
v -3.348368 5.425352 0.011326
v -3.347041 5.425352 0.012094
v -3.349137 5.425352 0.014187
v -3.349902 5.425352 0.011326
v -3.351230 5.425352 0.012092
v -3.351998 5.425352 0.013419
v -3.351999 5.425352 0.014952
v -3.351233 5.425352 0.016281
v -3.349905 5.425352 0.017048
v -3.348372 5.425352 0.017049
v -3.347043 5.425352 0.016283
v -3.346276 5.425352 0.014955
v -3.346275 5.425352 0.013422
v -3.723266 6.280027 0.092041
v -3.726289 6.280027 0.090294
v -3.728038 6.280027 0.096808
v -3.729780 6.280027 0.090292
v -3.732805 6.280027 0.092036
v -3.734552 6.280027 0.095059
v -3.734554 6.280027 0.098550
v -3.732810 6.280027 0.101575
v -3.729787 6.280027 0.103322
v -3.726295 6.280027 0.103324
v -3.723271 6.280027 0.101580
v -3.721524 6.280027 0.098557
v -3.721522 6.280027 0.095065
v -3.139011 5.425352 -0.015175
v -3.136895 5.425352 -0.013102
v -3.139765 5.425352 -0.013839
v -3.137691 5.425352 -0.015955
v -3.136158 5.425352 -0.015971
v -3.134822 5.425352 -0.015218
v -3.134042 5.425352 -0.013898
v -3.134026 5.425352 -0.012365
v -3.134779 5.425352 -0.011029
v -3.136099 5.425352 -0.010249
v -3.137632 5.425352 -0.010233
v -3.138968 5.425352 -0.010986
v -3.139749 5.425352 -0.012306
v -2.765252 6.280027 -0.098637
v -2.758720 6.280027 -0.096959
v -2.763538 6.280027 -0.101679
v -2.760532 6.280027 -0.103456
v -2.757041 6.280027 -0.103491
v -2.753999 6.280027 -0.101777
v -2.752223 6.280027 -0.098771
v -2.752187 6.280027 -0.095280
v -2.753901 6.280027 -0.092238
v -2.756907 6.280027 -0.090462
v -2.760398 6.280027 -0.090426
v -2.763440 6.280027 -0.092140
v -2.765217 6.280027 -0.095146
v -3.157699 5.425352 -0.060588
v -3.155142 5.425352 -0.059091
v -3.158105 5.425352 -0.059109
v -3.156608 5.425352 -0.061666
v -3.155124 5.425352 -0.062053
v -3.153645 5.425352 -0.061647
v -3.152568 5.425352 -0.060556
v -3.152180 5.425352 -0.059073
v -3.152586 5.425352 -0.057594
v -3.153677 5.425352 -0.056517
v -3.155161 5.425352 -0.056129
v -3.156639 5.425352 -0.056535
v -3.157717 5.425352 -0.057626
v -2.830724 6.280027 -0.258632
v -2.823980 6.280027 -0.258591
v -2.829800 6.280027 -0.261999
v -2.827316 6.280027 -0.264453
v -2.823938 6.280027 -0.265336
v -2.820571 6.280027 -0.264411
v -2.818118 6.280027 -0.261927
v -2.817235 6.280027 -0.258549
v -2.818159 6.280027 -0.255182
v -2.820643 6.280027 -0.252729
v -2.824021 6.280027 -0.251846
v -2.827388 6.280027 -0.252770
v -2.829842 6.280027 -0.255254
v -3.178277 5.425352 -0.083684
v -3.175349 5.425352 -0.083232
v -3.178110 5.425352 -0.082159
v -3.177658 5.425352 -0.085087
v -3.176421 5.425352 -0.085993
v -3.174897 5.425352 -0.086160
v -3.173494 5.425352 -0.085541
v -3.172587 5.425352 -0.084304
v -3.172421 5.425352 -0.082780
v -3.173039 5.425352 -0.081377
v -3.174276 5.425352 -0.080471
v -3.175801 5.425352 -0.080304
v -3.177204 5.425352 -0.080922
v -2.937453 6.280027 -0.382908
v -2.931165 6.280027 -0.385350
v -2.937832 6.280027 -0.386379
v -2.936424 6.280027 -0.389575
v -2.933607 6.280027 -0.391638
v -2.930136 6.280027 -0.392016
v -2.926941 6.280027 -0.390609
v -2.924878 6.280027 -0.387792
v -2.924499 6.280027 -0.384321
v -2.925907 6.280027 -0.381126
v -2.928724 6.280027 -0.379063
v -2.932194 6.280027 -0.378684
v -2.935390 6.280027 -0.380092
v -3.207203 5.425352 -0.102465
v -3.204310 5.425352 -0.103103
v -3.206496 5.425352 -0.101104
v -3.207134 5.425352 -0.103997
v -3.206309 5.425352 -0.105289
v -3.204948 5.425352 -0.105996
v -3.203416 5.425352 -0.105928
v -3.202124 5.425352 -0.105102
v -3.201417 5.425352 -0.103741
v -3.201486 5.425352 -0.102210
v -3.202311 5.425352 -0.100917
v -3.203672 5.425352 -0.100211
v -3.205204 5.425352 -0.100279
v -3.083856 6.280027 -0.469830
v -3.078879 6.280027 -0.474382
v -3.085465 6.280027 -0.472929
v -3.085309 6.280027 -0.476417
v -3.083430 6.280027 -0.479360
v -3.080332 6.280027 -0.480969
v -3.076844 6.280027 -0.480813
v -3.073901 6.280027 -0.478934
v -3.072292 6.280027 -0.475835
v -3.072448 6.280027 -0.472347
v -3.074327 6.280027 -0.469404
v -3.077426 6.280027 -0.467795
v -3.080914 6.280027 -0.467951
v -3.243694 5.425352 -0.110479
v -3.241155 5.425352 -0.112004
v -3.242591 5.425352 -0.109413
v -3.244117 5.425352 -0.111953
v -3.243746 5.425352 -0.113440
v -3.242681 5.425352 -0.114543
v -3.241206 5.425352 -0.114966
v -3.239719 5.425352 -0.114595
v -3.238616 5.425352 -0.113530
v -3.238193 5.425352 -0.112056
v -3.238564 5.425352 -0.110568
v -3.239629 5.425352 -0.109465
v -3.241103 5.425352 -0.109042
v -3.246449 6.280027 -0.500451
v -3.243179 6.280027 -0.506351
v -3.248961 6.280027 -0.502877
v -3.249923 6.280027 -0.506233
v -3.249079 6.280027 -0.509621
v -3.246653 6.280027 -0.512132
v -3.243297 6.280027 -0.513095
v -3.239909 6.280027 -0.512250
v -3.237397 6.280027 -0.509825
v -3.236435 6.280027 -0.506468
v -3.237280 6.280027 -0.503081
v -3.239705 6.280027 -0.500569
v -3.243061 6.280027 -0.499607
v -3.278290 5.425352 -0.101411
v -3.276327 5.425352 -0.103630
v -3.276918 5.425352 -0.100727
v -3.279136 5.425352 -0.102690
v -3.279230 5.425352 -0.104220
v -3.278545 5.425352 -0.105593
v -3.277267 5.425352 -0.106439
v -3.275736 5.425352 -0.106532
v -3.274364 5.425352 -0.105848
v -3.273518 5.425352 -0.104569
v -3.273424 5.425352 -0.103039
v -3.274108 5.425352 -0.101666
v -3.275387 5.425352 -0.100820
v -3.400131 6.280027 -0.467699
v -3.398785 6.280027 -0.474309
v -3.403255 6.280027 -0.469258
v -3.405182 6.280027 -0.472169
v -3.405395 6.280027 -0.475654
v -3.403836 6.280027 -0.478779
v -3.400925 6.280027 -0.480706
v -3.397440 6.280027 -0.480918
v -3.394315 6.280027 -0.479360
v -3.392388 6.280027 -0.476448
v -3.392176 6.280027 -0.472963
v -3.393734 6.280027 -0.469839
v -3.396646 6.280027 -0.467912
v -3.308258 5.425352 -0.084390
v -3.307349 5.425352 -0.087209
v -3.306726 5.425352 -0.084313
v -3.309546 5.425352 -0.085221
v -3.310245 5.425352 -0.086586
v -3.310169 5.425352 -0.088117
v -3.309337 5.425352 -0.089406
v -3.307972 5.425352 -0.090105
v -3.306441 5.425352 -0.090029
v -3.305153 5.425352 -0.089197
v -3.304453 5.425352 -0.087832
v -3.304530 5.425352 -0.086301
v -3.305362 5.425352 -0.085013
v -3.557132 6.280027 -0.378204
v -3.558551 6.280027 -0.384798
v -3.560619 6.280027 -0.378378
v -3.563552 6.280027 -0.380272
v -3.565145 6.280027 -0.383379
v -3.564971 6.280027 -0.386866
v -3.563076 6.280027 -0.389799
v -3.559969 6.280027 -0.391392
v -3.556482 6.280027 -0.391218
v -3.553549 6.280027 -0.389324
v -3.551956 6.280027 -0.386217
v -3.552130 6.280027 -0.382730
v -3.554025 6.280027 -0.379797
v -3.331158 5.425352 -0.058016
v -3.331238 5.425352 -0.060977
v -3.329688 5.425352 -0.058452
v -3.332649 5.425352 -0.058373
v -3.333762 5.425352 -0.059428
v -3.334199 5.425352 -0.060898
v -3.333842 5.425352 -0.062389
v -3.332787 5.425352 -0.063502
v -3.331317 5.425352 -0.063938
v -3.329826 5.425352 -0.063581
v -3.328713 5.425352 -0.062527
v -3.328276 5.425352 -0.061057
v -3.328633 5.425352 -0.059565
v -3.661857 6.280027 -0.252580
v -3.665385 6.280027 -0.258329
v -3.665204 6.280027 -0.251586
v -3.668599 6.280027 -0.252399
v -3.671134 6.280027 -0.254800
v -3.672127 6.280027 -0.258148
v -3.671315 6.280027 -0.261543
v -3.668913 6.280027 -0.264077
v -3.665566 6.280027 -0.265071
v -3.662171 6.280027 -0.264259
v -3.659636 6.280027 -0.261857
v -3.658643 6.280027 -0.258510
v -3.659455 6.280027 -0.255114
v -3.348368 5.425352 -0.011326
v -3.349137 5.425352 -0.014187
v -3.347041 5.425352 -0.012094
v -3.349902 5.425352 -0.011326
v -3.351230 5.425352 -0.012092
v -3.351998 5.425352 -0.013419
v -3.351999 5.425352 -0.014952
v -3.351233 5.425352 -0.016281
v -3.349905 5.425352 -0.017048
v -3.348372 5.425352 -0.017049
v -3.347043 5.425352 -0.016283
v -3.346276 5.425352 -0.014955
v -3.346275 5.425352 -0.013422
v -3.723266 6.280027 -0.092041
v -3.728038 6.280027 -0.096808
v -3.726289 6.280027 -0.090294
v -3.729780 6.280027 -0.090292
v -3.732805 6.280027 -0.092036
v -3.734552 6.280027 -0.095059
v -3.734554 6.280027 -0.098550
v -3.732810 6.280027 -0.101575
v -3.729787 6.280027 -0.103322
v -3.726295 6.280027 -0.103324
v -3.723271 6.280027 -0.101580
v -3.721524 6.280027 -0.098557
v -3.721522 6.280027 -0.095065
v -1.958498 7.733019 0.221670
v -1.964990 7.733019 0.215178
v -1.974170 7.733019 0.215178
v -1.543814 7.599457 -0.215178
v -1.552995 7.599457 -0.215178
v -1.559487 7.599457 -0.221670
v -1.974170 7.599457 0.215178
v -1.964990 7.599457 0.215178
v -1.958498 7.599457 0.221670
v -1.980662 7.599457 0.199505
v -1.537322 7.599457 -0.199505
v -1.964990 7.599457 -0.215178
v -1.980662 7.599457 -0.199505
v -1.974170 7.599457 -0.215178
v -1.958498 7.599457 -0.221670
v -1.552995 7.599457 0.215178
v -1.537322 7.599457 0.199505
v -1.543814 7.599457 0.215178
v -1.559487 7.599457 0.221670
v -1.980662 7.733019 0.199505
v -1.543814 7.733019 -0.215178
v -1.559487 7.733019 -0.221670
v -1.552995 7.733019 -0.215178
v -1.537322 7.733019 -0.199505
v -1.964990 7.733019 -0.215178
v -1.958498 7.733019 -0.221670
v -1.974170 7.733019 -0.215178
v -1.980662 7.733019 -0.199505
v -1.543814 7.733019 0.215178
v -1.552995 7.733019 0.215178
v -1.559487 7.733019 0.221670
v -1.537322 7.733019 0.199505
v -1.950682 8.684434 -0.550821
v -1.950682 8.684434 -0.533869
v -1.950682 8.713374 -0.562808
v -1.567303 9.838251 -0.521881
v -1.567303 9.826264 -0.533869
v -1.567303 9.826264 -0.550821
v -1.950682 9.838251 0.521881
v -1.950682 9.826264 0.533868
v -1.950682 9.826264 0.550821
v -1.950682 9.797325 0.562808
v -1.950682 9.826264 -0.550821
v -1.950682 9.826264 -0.533868
v -1.950682 9.838251 -0.521881
v -1.950682 9.797325 -0.562808
v -1.567303 9.797325 -0.562808
v -1.567303 9.826264 0.550821
v -1.567303 9.826264 0.533868
v -1.567303 9.838251 0.521881
v -1.567303 9.797325 0.562808
v -1.567303 8.672445 0.521881
v -1.567303 8.684434 0.533869
v -1.567303 8.684434 0.550821
v -1.567303 8.713374 0.562808
v -1.567303 8.684434 -0.550821
v -1.567303 8.684434 -0.533869
v -1.567303 8.672445 -0.521881
v -1.567303 8.713374 -0.562808
v -1.950682 8.672445 -0.521881
v -1.950682 8.684434 0.533869
v -1.950682 8.672445 0.521881
v -1.950682 8.684434 0.550821
v -1.950682 8.713374 0.562808
v 2.275999 1.270759 0.470851
v 2.213026 1.316207 0.287308
v 2.182196 1.332726 0.332060
v 2.223888 1.310387 0.234010
v 2.950530 0.000844 0.945740
v 2.980287 0.893977 0.895664
v 2.949389 0.892457 0.944184
v 2.979418 0.895073 -0.891385
v 2.211992 1.308863 -0.811959
v 2.223888 1.310386 -0.750714
v -0.752765 3.706659 0.288391
v -0.722529 3.706659 0.333584
v -0.707251 5.509892 0.288822
v -0.677279 3.706659 0.363781
v -0.677279 3.706659 0.363781
v -0.623903 3.706659 0.374385
v -0.707251 5.509892 0.288822
v 2.066662 1.290251 0.913043
v -0.847733 0.899268 0.986336
v 2.848136 0.882452 0.989489
v 1.004187 1.963952 0.646585
v 1.551919 1.670454 0.693071
v 1.509778 1.736723 0.443309
v 1.409849 1.627289 0.849862
v 2.980287 0.893977 0.895664
v 2.275999 1.270759 0.470851
v 2.223888 1.310386 0.750714
v 2.223888 1.310387 -0.222596
v 2.276012 1.270754 -0.461149
v 1.551919 1.670454 0.211878
v 1.003027 1.964573 -0.655575
v 1.509804 1.736709 -0.434964
v 1.551919 1.670454 -0.693071
v -0.847733 0.899268 -0.986336
v 1.409849 1.627289 -0.849862
v 2.066662 1.290251 -0.913043
v 2.837312 0.899268 -0.986336
v -0.152536 5.744281 -0.374385
v -0.707251 5.509892 -0.288822
v -0.762950 6.154064 -0.374385
v 1.551316 4.005288 0.347695
v 2.090097 4.371334 0.369885
v 1.530631 4.367820 0.348017
v -0.053134 5.217484 -0.295112
v -0.101546 5.229297 -0.326290
v -0.053844 5.245311 -0.336773
v 2.211992 1.308863 0.811959
v -0.722529 3.706659 -0.333808
v -0.752765 3.706659 -0.288863
v -0.707251 5.509892 -0.288822
v -0.623903 3.706659 -0.374385
v -0.677279 3.706659 -0.363839
v -0.707251 5.509892 -0.288822
v -0.677279 3.706659 -0.363839
v -0.707251 5.509892 0.288822
v -2.463311 6.330956 0.374385
v -2.464735 6.274592 0.363834
v -0.707251 5.509892 0.288822
v -2.464735 6.274592 0.363834
v -2.465943 6.226808 0.333788
v -2.466750 6.194880 0.288822
v -0.707251 5.509892 -0.288822
v -2.466750 6.194880 -0.288822
v -2.465943 6.226808 -0.333788
v -2.464735 6.274592 -0.363834
v -2.463311 6.330956 -0.374385
v -2.464735 6.274592 -0.363834
v 1.551919 1.670454 -0.201141
v 1.562157 1.664968 -0.253943
v 1.687619 1.597741 0.353325
v 1.635340 1.625754 0.340908
v 2.136319 1.357309 0.361069
v 2.082640 1.386072 0.369715
v -0.152572 5.744241 0.374384
v -0.762950 6.154064 0.374384
v -0.056158 5.336084 -0.374385
v -0.108768 5.361609 -0.374790
v -0.053325 5.224964 0.270851
v -0.054578 5.274097 0.325262
v -0.085475 5.222169 0.325210
v -0.052885 5.207711 0.206670
v -0.053325 5.224964 0.270851
v -0.052886 5.207711 0.206492
v -0.054906 5.286958 -0.364610
v 1.605798 3.959012 0.349427
v 2.090091 4.371334 -0.358551
v 1.551315 4.005686 -0.337041
v 1.531007 4.367874 -0.337482
v 1.649665 3.918096 0.351272
v 1.606012 3.961236 -0.338597
v 1.677940 3.874778 0.352708
v 1.649822 3.920098 -0.340397
v 1.678034 3.875571 -0.341860
v 1.551919 1.670454 -0.201141
v 2.223888 1.310387 0.234010
v -0.052886 5.207711 -0.210180
v -0.053134 5.217484 -0.295112
v -0.052885 5.207711 -0.245970
v 1.562147 1.664974 0.264673
v 1.591401 1.649298 -0.299115
v 1.591366 1.649317 0.309850
v 1.635406 1.625719 -0.330142
v 1.687709 1.597693 -0.342503
v 2.082726 1.386026 -0.358390
v 2.136384 1.357274 -0.349685
v 2.182196 1.332726 0.332060
v 2.276012 1.270754 -0.461149
v 2.182231 1.332708 -0.320644
v 2.213035 1.316202 -0.275886
v 2.223888 1.310387 -0.222596
v 2.276012 1.270754 -0.461149
v 2.136384 1.357274 -0.349685
v 2.182231 1.332708 -0.320644
v -2.579963 5.828459 -1.855586
v -2.401278 5.828459 -1.855586
v -2.401278 5.828459 1.855586
v -2.579963 5.828459 1.855586
v -2.579963 8.452703 1.667408
v -2.572118 8.471645 1.669274
v -2.572115 8.471641 -1.669306
v -2.579963 8.452687 -1.667519
v -2.553175 8.479491 1.670047
v -2.553170 8.479491 -1.670047
v -2.428071 8.479491 1.670047
v -2.409125 8.471641 1.669306
v -2.409124 8.471645 -1.669274
v -2.428066 8.479491 -1.670047
v -2.401278 8.452687 1.667519
v -2.401278 8.452703 -1.667408
v -2.579963 8.291181 -1.828819
v -2.572119 8.293139 -1.847746
v -2.572118 6.338328 -1.847740
v -2.579963 6.338345 -1.828799
v -2.553182 8.293951 -1.855586
v -2.553175 6.338294 -1.855586
v -2.428066 8.293951 -1.855586
v -2.409124 8.293179 -1.847740
v -2.409124 6.338045 -1.847740
v -2.428066 6.338076 -1.855586
v -2.401278 8.291312 -1.828799
v -2.401278 6.338036 -1.828799
v -2.553175 8.465368 1.741049
v -2.428077 8.465368 1.741049
v -2.553175 8.425148 1.801243
v -2.428078 8.425148 1.801243
v -2.553175 8.425148 1.801243
v -2.553175 8.364954 1.841463
v -2.428078 8.364954 1.841463
v -2.428078 8.425148 1.801243
v -2.553175 8.293951 1.855586
v -2.428072 8.293951 1.855586
v -2.553187 8.364954 -1.841463
v -2.428066 8.364954 -1.841463
v -2.553187 8.425148 -1.801243
v -2.428066 8.425148 -1.801243
v -2.553187 8.425148 -1.801243
v -2.553186 8.465368 -1.741049
v -2.428066 8.465368 -1.741049
v -2.428066 8.425148 -1.801243
v -2.579963 8.291181 -1.828819
v -2.579963 8.291312 1.828799
v -2.401278 8.291312 -1.828799
v -2.401278 8.291180 1.828805
v -2.553175 6.338936 1.855586
v -2.428066 6.338889 1.855586
v -2.572118 8.457977 1.737988
v -2.579963 8.440135 1.730597
v -2.409127 8.457962 1.738017
v -2.401278 8.440082 1.730698
v -2.572121 8.361860 -1.834090
v -2.579963 8.354391 -1.816289
v -2.409124 8.361893 -1.834072
v -2.401278 8.354502 -1.816229
v -2.572118 8.419492 1.795586
v -2.579963 8.405835 1.781930
v -2.409128 8.419465 1.795608
v -2.401278 8.405744 1.782005
v -2.572118 8.419492 1.795586
v -2.572118 8.361893 1.834072
v -2.579963 8.405835 1.781930
v -2.579963 8.354502 1.816229
v -2.401278 8.405744 1.782005
v -2.409128 8.419465 1.795608
v -2.409128 8.361857 1.834083
v -2.401278 8.354382 1.816266
v -2.572118 8.293179 1.847740
v -2.579963 8.291312 1.828799
v -2.409126 8.293139 1.847743
v -2.401278 8.291180 1.828805
v -2.572118 6.338943 1.847740
v -2.579963 6.338943 1.828799
v -2.409124 6.338879 1.847740
v -2.401278 6.338871 1.828799
v -2.572120 8.419470 -1.795613
v -2.579963 8.405761 -1.782021
v -2.409124 8.419492 -1.795586
v -2.401278 8.405835 -1.781930
v -2.572120 8.419470 -1.795613
v -2.572120 8.457968 -1.738020
v -2.579963 8.405761 -1.782021
v -2.579963 8.440102 -1.730706
v -2.401278 8.405835 -1.781930
v -2.409124 8.419492 -1.795586
v -2.409124 8.457977 -1.737988
v -2.401278 8.440135 -1.730597
v -2.579963 8.354391 -1.816289
v -2.579963 8.354502 1.816229
v -2.579963 5.830235 1.855271
v -2.401278 5.830235 1.855271
v -2.401278 5.830235 -1.855750
v -2.579963 5.830235 -1.855750
v -2.401278 5.829325 -2.018231
v -2.579962 5.830529 -2.018231
v -2.579962 6.258113 -2.018231
v -2.401278 6.258113 -2.018231
v -2.579963 5.663876 -1.855751
v -2.401278 5.663876 -1.855751
v -2.401278 5.663876 1.855271
v -2.579962 5.663876 1.855271
v -2.401278 5.830235 1.855271
v -2.401278 5.663876 1.855271
v -2.401278 5.663876 -1.855751
v -2.401278 5.830235 -1.855750
v -2.579963 5.830235 -1.855750
v -2.579963 5.663876 -1.855751
v -2.579962 5.663876 1.855271
v -2.579963 5.830235 1.855271
v -2.579963 6.339345 1.936999
v -2.401278 6.339345 1.936999
v -2.401278 6.339345 1.855271
v -2.579962 6.339345 1.855271
v -2.401278 5.663876 1.969492
v -2.579962 5.663876 1.969492
v -2.579962 5.663876 -1.969492
v -2.401278 5.663876 -1.969492
v -2.579962 6.339345 -1.855750
v -2.401278 6.339345 -1.855750
v -2.401278 6.339345 -1.936999
v -2.579962 6.339345 -1.936999
v -2.579962 5.712615 2.018231
v -2.401278 5.712615 2.018231
v -2.401278 5.829325 2.018231
v -2.579962 5.830529 2.018231
v -2.401278 5.830235 1.855271
v -2.579963 5.830235 1.855271
v -2.579962 6.339345 1.855271
v -2.401278 6.339345 1.855271
v -2.579963 5.830235 -1.855750
v -2.401278 5.830235 -1.855750
v -2.401278 6.339345 -1.855750
v -2.579962 6.339345 -1.855750
v -2.401278 6.258113 2.018231
v -2.579963 6.258113 2.018231
v -2.401278 5.712615 -2.018231
v -2.579962 5.712615 -2.018231
v -2.579963 6.339345 1.936999
v -2.579963 6.315553 1.994439
v -2.401278 6.315553 1.994439
v -2.401278 6.339345 1.936999
v -2.401278 6.339345 -1.936999
v -2.401278 6.315553 -1.994439
v -2.579962 6.315553 -1.994439
v -2.579962 6.339345 -1.936999
v -2.579962 6.258113 -2.018231
v -2.579962 5.830529 -2.018231
v -2.579963 5.830235 -1.855750
v -2.579962 6.339345 -1.855750
v -2.579962 5.678151 2.003956
v -2.401278 5.678151 2.003956
v -2.579962 5.663876 1.969492
v -2.401278 5.663876 1.969492
v -2.579962 5.663876 -1.969492
v -2.579962 5.678151 -2.003956
v -2.401278 5.678151 -2.003956
v -2.401278 5.663876 -1.969492
v -2.579962 6.339345 1.855271
v -2.579963 5.830235 1.855271
v -2.579962 5.830529 2.018231
v -2.579963 6.258113 2.018231
v -2.609426 6.300569 0.169759
v -2.577024 6.300569 0.169759
v -2.577024 6.300569 -0.169759
v -2.609426 6.300569 -0.169759
v -2.577024 5.961053 -0.169759
v -2.609426 5.961053 -0.169759
v -2.609426 5.961053 -0.169759
v -2.577024 5.961053 -0.169759
v -2.577024 5.961053 0.169759
v -2.609426 5.961053 0.169759
v -2.757238 6.275747 -0.169759
v -2.757238 6.275433 0.169759
v -2.757238 6.300570 0.169759
v -2.757238 6.300570 -0.169759
v -2.609426 5.961053 -0.169759
v -2.609426 5.961053 0.169759
v -2.609426 6.275433 0.169759
v -2.609426 6.275747 -0.169759
v -2.609426 6.275747 -0.169759
v -2.609426 6.275433 0.169759
v -2.757238 6.275433 0.169759
v -2.757238 6.275747 -0.169759
v -2.609426 6.275433 0.169759
v -2.609426 6.300569 0.169759
v -2.757238 6.300570 0.169759
v -2.757238 6.275433 0.169759
v -2.609426 6.300569 0.169759
v -2.609426 6.300569 -0.169759
v -2.757238 6.300570 -0.169759
v -2.757238 6.300570 0.169759
v -2.609426 6.300569 -0.169759
v -2.609426 6.275747 -0.169759
v -2.757238 6.275747 -0.169759
v -2.757238 6.300570 -0.169759
v -2.609426 5.961053 0.169759
v -2.577024 5.961053 0.169759
v -2.903301 6.297382 -0.339411
v -2.799250 6.297382 -0.183688
v -2.796774 6.307383 -0.184713
v -2.901406 6.307383 -0.341306
v -3.059024 6.297382 -0.443462
v -3.057999 6.307383 -0.445938
v -3.242712 6.297382 -0.480000
v -3.242712 6.307383 -0.482679
v -3.426400 6.297382 -0.443462
v -3.427425 6.307383 -0.445938
v -3.582123 6.297382 -0.339411
v -3.584018 6.307383 -0.341306
v -3.686174 6.297382 -0.183688
v -3.688650 6.307383 -0.184714
v -3.722712 6.297382 -0.000000
v -3.725392 6.307383 -0.000000
v -3.686174 6.297382 0.183688
v -3.688650 6.307383 0.184713
v -3.582124 6.297382 0.339411
v -3.584018 6.307383 0.341306
v -3.426400 6.297382 0.443462
v -3.427426 6.307383 0.445938
v -3.242712 6.297382 0.480000
v -3.242712 6.307383 0.482679
v -3.059024 6.297382 0.443462
v -3.057999 6.307383 0.445938
v -2.903301 6.297382 0.339411
v -2.901406 6.307383 0.341306
v -2.799250 6.297382 0.183688
v -2.796775 6.307383 0.184713
v -2.762712 6.297382 0.000000
v -2.760033 6.307383 0.000000
v -2.799250 6.297382 -0.183688
v -2.796774 6.307383 -0.184713
v -2.901406 6.307383 -0.341306
v -2.796774 6.307383 -0.184713
v -2.790011 6.314703 -0.187515
v -2.896230 6.314703 -0.346482
v -3.057999 6.307383 -0.445938
v -3.055197 6.314703 -0.452701
v -3.242712 6.307383 -0.482679
v -3.242712 6.314703 -0.490000
v -3.427425 6.307383 -0.445938
v -3.430227 6.314703 -0.452701
v -3.584018 6.307383 -0.341306
v -3.589195 6.314703 -0.346482
v -3.688650 6.307383 -0.184714
v -3.695413 6.314703 -0.187515
v -3.725392 6.307383 -0.000000
v -3.732712 6.314703 -0.000000
v -3.688650 6.307383 0.184713
v -3.695413 6.314703 0.187515
v -3.584018 6.307383 0.341306
v -3.589195 6.314703 0.346482
v -3.427426 6.307383 0.445938
v -3.430227 6.314703 0.452701
v -3.242712 6.307383 0.482679
v -3.242712 6.314703 0.490000
v -3.057999 6.307383 0.445938
v -3.055197 6.314703 0.452701
v -2.901406 6.307383 0.341306
v -2.896230 6.314703 0.346482
v -2.796775 6.307383 0.184713
v -2.790011 6.314703 0.187515
v -2.760033 6.307383 0.000000
v -2.752712 6.314703 0.000000
v -2.796774 6.307383 -0.184713
v -2.790011 6.314703 -0.187515
v -2.896230 6.314703 -0.346482
v -2.790011 6.314703 -0.187515
v -2.780772 6.317382 -0.191341
v -2.889159 6.317382 -0.353553
v -3.055197 6.314703 -0.452701
v -3.051370 6.317382 -0.461940
v -3.242712 6.314703 -0.490000
v -3.242712 6.317382 -0.500000
v -3.430227 6.314703 -0.452701
v -3.434054 6.317382 -0.461940
v -3.589195 6.314703 -0.346482
v -3.596266 6.317382 -0.353554
v -3.695413 6.314703 -0.187515
v -3.704652 6.317382 -0.191342
v -3.732712 6.314703 -0.000000
v -3.742712 6.317382 -0.000000
v -3.695413 6.314703 0.187515
v -3.704652 6.317382 0.191342
v -3.589195 6.314703 0.346482
v -3.596266 6.317382 0.353553
v -3.430227 6.314703 0.452701
v -3.434054 6.317382 0.461940
v -3.242712 6.314703 0.490000
v -3.242712 6.317382 0.500000
v -3.055197 6.314703 0.452701
v -3.051371 6.317382 0.461940
v -2.896230 6.314703 0.346482
v -2.889159 6.317382 0.353553
v -2.790011 6.314703 0.187515
v -2.780772 6.317382 0.191342
v -2.752712 6.314703 0.000000
v -2.742712 6.317382 0.000000
v -2.790011 6.314703 -0.187515
v -2.780772 6.317382 -0.191341
v -2.889159 6.317382 -0.353553
v -2.780772 6.317382 -0.191341
v -2.771533 6.314703 -0.195168
v -2.882088 6.314703 -0.360624
v -3.051370 6.317382 -0.461940
v -3.047544 6.314703 -0.471178
v -3.242712 6.317382 -0.500000
v -3.242712 6.314703 -0.510000
v -3.434054 6.317382 -0.461940
v -3.437881 6.314703 -0.471179
v -3.596266 6.317382 -0.353554
v -3.603337 6.314703 -0.360625
v -3.704652 6.317382 -0.191342
v -3.713891 6.314703 -0.195169
v -3.742712 6.317382 -0.000000
v -3.752712 6.314703 -0.000000
v -3.704652 6.317382 0.191342
v -3.713891 6.314703 0.195168
v -3.596266 6.317382 0.353553
v -3.603337 6.314703 0.360624
v -3.434054 6.317382 0.461940
v -3.437881 6.314703 0.471179
v -3.242712 6.317382 0.500000
v -3.242712 6.314703 0.510000
v -3.051371 6.317382 0.461940
v -3.047544 6.314703 0.471179
v -2.889159 6.317382 0.353553
v -2.882088 6.314703 0.360624
v -2.780772 6.317382 0.191342
v -2.771534 6.314703 0.195169
v -2.742712 6.317382 0.000000
v -2.732712 6.314703 0.000000
v -2.780772 6.317382 -0.191341
v -2.771533 6.314703 -0.195168
v -2.882088 6.314703 -0.360624
v -2.771533 6.314703 -0.195168
v -2.764770 6.307383 -0.197970
v -2.876911 6.307383 -0.365801
v -3.047544 6.314703 -0.471178
v -3.044742 6.307383 -0.477942
v -3.242712 6.314703 -0.510000
v -3.242712 6.307383 -0.517320
v -3.437881 6.314703 -0.471179
v -3.440682 6.307383 -0.477942
v -3.603337 6.314703 -0.360625
v -3.608513 6.307383 -0.365801
v -3.713891 6.314703 -0.195169
v -3.720654 6.307383 -0.197970
v -3.752712 6.314703 -0.000000
v -3.760033 6.307383 -0.000000
v -3.713891 6.314703 0.195168
v -3.720654 6.307383 0.197970
v -3.603337 6.314703 0.360624
v -3.608513 6.307383 0.365801
v -3.437881 6.314703 0.471179
v -3.440682 6.307383 0.477942
v -3.242712 6.314703 0.510000
v -3.242712 6.307383 0.517321
v -3.047544 6.314703 0.471179
v -3.044742 6.307383 0.477942
v -2.882088 6.314703 0.360624
v -2.876911 6.307383 0.365801
v -2.771534 6.314703 0.195169
v -2.764771 6.307383 0.197970
v -2.732712 6.314703 0.000000
v -2.725392 6.307383 0.000000
v -2.771533 6.314703 -0.195168
v -2.764770 6.307383 -0.197970
v -2.876911 6.307383 -0.365801
v -2.764770 6.307383 -0.197970
v -2.762295 6.297382 -0.198995
v -2.875017 6.297382 -0.367695
v -3.044742 6.307383 -0.477942
v -3.043717 6.297382 -0.480417
v -3.242712 6.307383 -0.517320
v -3.242712 6.297382 -0.520000
v -3.440682 6.307383 -0.477942
v -3.441707 6.297382 -0.480417
v -3.608513 6.307383 -0.365801
v -3.610408 6.297382 -0.367696
v -3.720654 6.307383 -0.197970
v -3.723130 6.297382 -0.198996
v -3.760033 6.307383 -0.000000
v -3.762712 6.297382 -0.000000
v -3.720654 6.307383 0.197970
v -3.723130 6.297382 0.198995
v -3.608513 6.307383 0.365801
v -3.610408 6.297382 0.367695
v -3.440682 6.307383 0.477942
v -3.441708 6.297382 0.480417
v -3.242712 6.307383 0.517321
v -3.242712 6.297382 0.520000
v -3.044742 6.307383 0.477942
v -3.043717 6.297382 0.480417
v -2.876911 6.307383 0.365801
v -2.875017 6.297382 0.367696
v -2.764771 6.307383 0.197970
v -2.762295 6.297382 0.198995
v -2.725392 6.307383 0.000000
v -2.722712 6.297382 0.000000
v -2.764770 6.307383 -0.197970
v -2.762295 6.297382 -0.198995
v -2.875017 6.297382 -0.367695
v -2.762295 6.297382 -0.198995
v -2.764770 6.287382 -0.197970
v -2.876911 6.287382 -0.365801
v -3.043717 6.297382 -0.480417
v -3.044742 6.287382 -0.477942
v -3.242712 6.297382 -0.520000
v -3.242712 6.287382 -0.517320
v -3.441707 6.297382 -0.480417
v -3.440682 6.287382 -0.477942
v -3.610408 6.297382 -0.367696
v -3.608513 6.287382 -0.365801
v -3.723130 6.297382 -0.198996
v -3.720654 6.287382 -0.197970
v -3.762712 6.297382 -0.000000
v -3.760033 6.287382 -0.000000
v -3.723130 6.297382 0.198995
v -3.720654 6.287382 0.197970
v -3.610408 6.297382 0.367695
v -3.608513 6.287382 0.365801
v -3.441708 6.297382 0.480417
v -3.440682 6.287382 0.477942
v -3.242712 6.297382 0.520000
v -3.242712 6.287382 0.517321
v -3.043717 6.297382 0.480417
v -3.044742 6.287382 0.477942
v -2.875017 6.297382 0.367696
v -2.876911 6.287382 0.365801
v -2.762295 6.297382 0.198995
v -2.764771 6.287382 0.197970
v -2.722712 6.297382 0.000000
v -2.725392 6.287382 0.000000
v -2.762295 6.297382 -0.198995
v -2.764770 6.287382 -0.197970
v -2.876911 6.287382 -0.365801
v -2.764770 6.287382 -0.197970
v -2.771533 6.280062 -0.195168
v -2.882088 6.280062 -0.360624
v -3.044742 6.287382 -0.477942
v -3.047544 6.280062 -0.471178
v -3.242712 6.287382 -0.517320
v -3.242712 6.280062 -0.510000
v -3.440682 6.287382 -0.477942
v -3.437881 6.280062 -0.471179
v -3.608513 6.287382 -0.365801
v -3.603337 6.280062 -0.360625
v -3.720654 6.287382 -0.197970
v -3.713891 6.280062 -0.195169
v -3.760033 6.287382 -0.000000
v -3.752712 6.280062 -0.000000
v -3.720654 6.287382 0.197970
v -3.713891 6.280062 0.195168
v -3.608513 6.287382 0.365801
v -3.603337 6.280062 0.360624
v -3.440682 6.287382 0.477942
v -3.437881 6.280062 0.471179
v -3.242712 6.287382 0.517321
v -3.242712 6.280062 0.510000
v -3.044742 6.287382 0.477942
v -3.047544 6.280062 0.471179
v -2.876911 6.287382 0.365801
v -2.882088 6.280062 0.360624
v -2.764771 6.287382 0.197970
v -2.771534 6.280062 0.195169
v -2.725392 6.287382 0.000000
v -2.732712 6.280062 0.000000
v -2.764770 6.287382 -0.197970
v -2.771533 6.280062 -0.195168
v -2.882088 6.280062 -0.360624
v -2.771533 6.280062 -0.195168
v -2.780772 6.277382 -0.191341
v -2.889159 6.277382 -0.353553
v -3.047544 6.280062 -0.471178
v -3.051370 6.277382 -0.461940
v -3.242712 6.280062 -0.510000
v -3.242712 6.277382 -0.500000
v -3.437881 6.280062 -0.471179
v -3.434054 6.277382 -0.461940
v -3.603337 6.280062 -0.360625
v -3.596266 6.277382 -0.353554
v -3.713891 6.280062 -0.195169
v -3.704652 6.277382 -0.191342
v -3.752712 6.280062 -0.000000
v -3.742712 6.277382 -0.000000
v -3.713891 6.280062 0.195168
v -3.704652 6.277382 0.191342
v -3.603337 6.280062 0.360624
v -3.596266 6.277382 0.353553
v -3.437881 6.280062 0.471179
v -3.434054 6.277382 0.461940
v -3.242712 6.280062 0.510000
v -3.242712 6.277382 0.500000
v -3.047544 6.280062 0.471179
v -3.051371 6.277382 0.461940
v -2.882088 6.280062 0.360624
v -2.889159 6.277382 0.353553
v -2.771534 6.280062 0.195169
v -2.780772 6.277382 0.191342
v -2.732712 6.280062 0.000000
v -2.742712 6.277382 0.000000
v -2.771533 6.280062 -0.195168
v -2.780772 6.277382 -0.191341
v -2.889159 6.277382 -0.353553
v -2.780772 6.277382 -0.191341
v -2.790011 6.280062 -0.187515
v -2.896230 6.280062 -0.346482
v -3.051370 6.277382 -0.461940
v -3.055197 6.280062 -0.452701
v -3.242712 6.277382 -0.500000
v -3.242712 6.280062 -0.490000
v -3.434054 6.277382 -0.461940
v -3.430227 6.280062 -0.452701
v -3.596266 6.277382 -0.353554
v -3.589195 6.280062 -0.346482
v -3.704652 6.277382 -0.191342
v -3.695413 6.280062 -0.187515
v -3.742712 6.277382 -0.000000
v -3.732712 6.280062 -0.000000
v -3.704652 6.277382 0.191342
v -3.695413 6.280062 0.187515
v -3.596266 6.277382 0.353553
v -3.589195 6.280062 0.346482
v -3.434054 6.277382 0.461940
v -3.430227 6.280062 0.452701
v -3.242712 6.277382 0.500000
v -3.242712 6.280062 0.490000
v -3.051371 6.277382 0.461940
v -3.055197 6.280062 0.452701
v -2.889159 6.277382 0.353553
v -2.896230 6.280062 0.346482
v -2.780772 6.277382 0.191342
v -2.790011 6.280062 0.187515
v -2.742712 6.277382 0.000000
v -2.752712 6.280062 0.000000
v -2.780772 6.277382 -0.191341
v -2.790011 6.280062 -0.187515
v -2.896230 6.280062 -0.346482
v -2.790011 6.280062 -0.187515
v -2.796774 6.287382 -0.184713
v -2.901406 6.287382 -0.341306
v -3.055197 6.280062 -0.452701
v -3.057999 6.287382 -0.445938
v -3.242712 6.280062 -0.490000
v -3.242712 6.287382 -0.482679
v -3.430227 6.280062 -0.452701
v -3.427425 6.287382 -0.445938
v -3.589195 6.280062 -0.346482
v -3.584018 6.287382 -0.341306
v -3.695413 6.280062 -0.187515
v -3.688650 6.287382 -0.184714
v -3.732712 6.280062 -0.000000
v -3.725392 6.287382 -0.000000
v -3.695413 6.280062 0.187515
v -3.688650 6.287382 0.184713
v -3.589195 6.280062 0.346482
v -3.584018 6.287382 0.341306
v -3.430227 6.280062 0.452701
v -3.427426 6.287382 0.445938
v -3.242712 6.280062 0.490000
v -3.242712 6.287382 0.482679
v -3.055197 6.280062 0.452701
v -3.057999 6.287382 0.445938
v -2.896230 6.280062 0.346482
v -2.901406 6.287382 0.341306
v -2.790011 6.280062 0.187515
v -2.796775 6.287382 0.184713
v -2.752712 6.280062 0.000000
v -2.760033 6.287382 0.000000
v -2.790011 6.280062 -0.187515
v -2.796774 6.287382 -0.184713
v -2.901406 6.287382 -0.341306
v -2.796774 6.287382 -0.184713
v -2.799250 6.297382 -0.183688
v -2.903301 6.297382 -0.339411
v -3.057999 6.287382 -0.445938
v -3.059024 6.297382 -0.443462
v -3.242712 6.287382 -0.482679
v -3.242712 6.297382 -0.480000
v -3.427425 6.287382 -0.445938
v -3.426400 6.297382 -0.443462
v -3.584018 6.287382 -0.341306
v -3.582123 6.297382 -0.339411
v -3.688650 6.287382 -0.184714
v -3.686174 6.297382 -0.183688
v -3.725392 6.287382 -0.000000
v -3.722712 6.297382 -0.000000
v -3.688650 6.287382 0.184713
v -3.686174 6.297382 0.183688
v -3.584018 6.287382 0.341306
v -3.582124 6.297382 0.339411
v -3.427426 6.287382 0.445938
v -3.426400 6.297382 0.443462
v -3.242712 6.287382 0.482679
v -3.242712 6.297382 0.480000
v -3.057999 6.287382 0.445938
v -3.059024 6.297382 0.443462
v -2.901406 6.287382 0.341306
v -2.903301 6.297382 0.339411
v -2.796775 6.287382 0.184713
v -2.799250 6.297382 0.183688
v -2.760033 6.287382 0.000000
v -2.762712 6.297382 0.000000
v -2.796774 6.287382 -0.184713
v -2.799250 6.297382 -0.183688
v -2.903301 6.269073 -0.339411
v -2.799250 6.269073 -0.183688
v -2.796774 6.279073 -0.184713
v -2.901406 6.279073 -0.341306
v -3.059024 6.269073 -0.443462
v -3.057999 6.279073 -0.445938
v -3.242712 6.269073 -0.480000
v -3.242712 6.279073 -0.482679
v -3.426400 6.269073 -0.443462
v -3.427425 6.279073 -0.445938
v -3.582123 6.269073 -0.339411
v -3.584018 6.279073 -0.341306
v -3.686174 6.269073 -0.183688
v -3.688650 6.279073 -0.184714
v -3.722712 6.269073 -0.000000
v -3.725392 6.279073 -0.000000
v -3.686174 6.269073 0.183688
v -3.688650 6.279073 0.184713
v -3.582124 6.269073 0.339411
v -3.584018 6.279073 0.341306
v -3.426400 6.269073 0.443462
v -3.427426 6.279073 0.445938
v -3.242712 6.269073 0.480000
v -3.242712 6.279073 0.482679
v -3.059024 6.269073 0.443462
v -3.057999 6.279073 0.445938
v -2.903301 6.269073 0.339411
v -2.901406 6.279073 0.341306
v -2.799250 6.269073 0.183688
v -2.796775 6.279073 0.184713
v -2.762712 6.269073 0.000000
v -2.760033 6.279073 0.000000
v -2.799250 6.269073 -0.183688
v -2.796774 6.279073 -0.184713
v -2.901406 6.279073 -0.341306
v -2.796774 6.279073 -0.184713
v -2.790011 6.286393 -0.187515
v -2.896230 6.286393 -0.346482
v -3.057999 6.279073 -0.445938
v -3.055197 6.286393 -0.452701
v -3.242712 6.279073 -0.482679
v -3.242712 6.286393 -0.490000
v -3.427425 6.279073 -0.445938
v -3.430227 6.286393 -0.452701
v -3.584018 6.279073 -0.341306
v -3.589195 6.286393 -0.346482
v -3.688650 6.279073 -0.184714
v -3.695413 6.286393 -0.187515
v -3.725392 6.279073 -0.000000
v -3.732712 6.286393 -0.000000
v -3.688650 6.279073 0.184713
v -3.695413 6.286393 0.187515
v -3.584018 6.279073 0.341306
v -3.589195 6.286393 0.346482
v -3.427426 6.279073 0.445938
v -3.430227 6.286393 0.452701
v -3.242712 6.279073 0.482679
v -3.242712 6.286393 0.490000
v -3.057999 6.279073 0.445938
v -3.055197 6.286393 0.452701
v -2.901406 6.279073 0.341306
v -2.896230 6.286393 0.346482
v -2.796775 6.279073 0.184713
v -2.790011 6.286393 0.187515
v -2.760033 6.279073 0.000000
v -2.752712 6.286393 0.000000
v -2.796774 6.279073 -0.184713
v -2.790011 6.286393 -0.187515
v -2.896230 6.286393 -0.346482
v -2.790011 6.286393 -0.187515
v -2.780772 6.289073 -0.191341
v -2.889159 6.289073 -0.353553
v -3.055197 6.286393 -0.452701
v -3.051370 6.289073 -0.461940
v -3.242712 6.286393 -0.490000
v -3.242712 6.289073 -0.500000
v -3.430227 6.286393 -0.452701
v -3.434054 6.289073 -0.461940
v -3.589195 6.286393 -0.346482
v -3.596266 6.289073 -0.353554
v -3.695413 6.286393 -0.187515
v -3.704652 6.289073 -0.191342
v -3.732712 6.286393 -0.000000
v -3.742712 6.289073 -0.000000
v -3.695413 6.286393 0.187515
v -3.704652 6.289073 0.191342
v -3.589195 6.286393 0.346482
v -3.596266 6.289073 0.353553
v -3.430227 6.286393 0.452701
v -3.434054 6.289073 0.461940
v -3.242712 6.286393 0.490000
v -3.242712 6.289073 0.500000
v -3.055197 6.286393 0.452701
v -3.051371 6.289073 0.461940
v -2.896230 6.286393 0.346482
v -2.889159 6.289073 0.353553
v -2.790011 6.286393 0.187515
v -2.780772 6.289073 0.191342
v -2.752712 6.286393 0.000000
v -2.742712 6.289073 0.000000
v -2.790011 6.286393 -0.187515
v -2.780772 6.289073 -0.191341
v -2.889159 6.289073 -0.353553
v -2.780772 6.289073 -0.191341
v -2.771533 6.286393 -0.195168
v -2.882088 6.286393 -0.360624
v -3.051370 6.289073 -0.461940
v -3.047544 6.286393 -0.471178
v -3.242712 6.289073 -0.500000
v -3.242712 6.286393 -0.510000
v -3.434054 6.289073 -0.461940
v -3.437881 6.286393 -0.471179
v -3.596266 6.289073 -0.353554
v -3.603337 6.286393 -0.360625
v -3.704652 6.289073 -0.191342
v -3.713891 6.286393 -0.195169
v -3.742712 6.289073 -0.000000
v -3.752712 6.286393 -0.000000
v -3.704652 6.289073 0.191342
v -3.713891 6.286393 0.195168
v -3.596266 6.289073 0.353553
v -3.603337 6.286393 0.360624
v -3.434054 6.289073 0.461940
v -3.437881 6.286393 0.471179
v -3.242712 6.289073 0.500000
v -3.242712 6.286393 0.510000
v -3.051371 6.289073 0.461940
v -3.047544 6.286393 0.471179
v -2.889159 6.289073 0.353553
v -2.882088 6.286393 0.360624
v -2.780772 6.289073 0.191342
v -2.771534 6.286393 0.195169
v -2.742712 6.289073 0.000000
v -2.732712 6.286393 0.000000
v -2.780772 6.289073 -0.191341
v -2.771533 6.286393 -0.195168
v -2.882088 6.286393 -0.360624
v -2.771533 6.286393 -0.195168
v -2.764770 6.279073 -0.197970
v -2.876911 6.279073 -0.365801
v -3.047544 6.286393 -0.471178
v -3.044742 6.279073 -0.477942
v -3.242712 6.286393 -0.510000
v -3.242712 6.279073 -0.517320
v -3.437881 6.286393 -0.471179
v -3.440682 6.279073 -0.477942
v -3.603337 6.286393 -0.360625
v -3.608513 6.279073 -0.365801
v -3.713891 6.286393 -0.195169
v -3.720654 6.279073 -0.197970
v -3.752712 6.286393 -0.000000
v -3.760033 6.279073 -0.000000
v -3.713891 6.286393 0.195168
v -3.720654 6.279073 0.197970
v -3.603337 6.286393 0.360624
v -3.608513 6.279073 0.365801
v -3.437881 6.286393 0.471179
v -3.440682 6.279073 0.477942
v -3.242712 6.286393 0.510000
v -3.242712 6.279073 0.517321
v -3.047544 6.286393 0.471179
v -3.044742 6.279073 0.477942
v -2.882088 6.286393 0.360624
v -2.876911 6.279073 0.365801
v -2.771534 6.286393 0.195169
v -2.764771 6.279073 0.197970
v -2.732712 6.286393 0.000000
v -2.725392 6.279073 0.000000
v -2.771533 6.286393 -0.195168
v -2.764770 6.279073 -0.197970
v -2.876911 6.279073 -0.365801
v -2.764770 6.279073 -0.197970
v -2.762295 6.269073 -0.198995
v -2.875017 6.269073 -0.367695
v -3.044742 6.279073 -0.477942
v -3.043717 6.269073 -0.480417
v -3.242712 6.279073 -0.517320
v -3.242712 6.269073 -0.520000
v -3.440682 6.279073 -0.477942
v -3.441707 6.269073 -0.480417
v -3.608513 6.279073 -0.365801
v -3.610408 6.269073 -0.367696
v -3.720654 6.279073 -0.197970
v -3.723130 6.269073 -0.198996
v -3.760033 6.279073 -0.000000
v -3.762712 6.269073 -0.000000
v -3.720654 6.279073 0.197970
v -3.723130 6.269073 0.198995
v -3.608513 6.279073 0.365801
v -3.610408 6.269073 0.367695
v -3.440682 6.279073 0.477942
v -3.441708 6.269073 0.480417
v -3.242712 6.279073 0.517321
v -3.242712 6.269073 0.520000
v -3.044742 6.279073 0.477942
v -3.043717 6.269073 0.480417
v -2.876911 6.279073 0.365801
v -2.875017 6.269073 0.367696
v -2.764771 6.279073 0.197970
v -2.762295 6.269073 0.198995
v -2.725392 6.279073 0.000000
v -2.722712 6.269073 0.000000
v -2.764770 6.279073 -0.197970
v -2.762295 6.269073 -0.198995
v -2.875017 6.269073 -0.367695
v -2.762295 6.269073 -0.198995
v -2.764770 6.259072 -0.197970
v -2.876911 6.259072 -0.365801
v -3.043717 6.269073 -0.480417
v -3.044742 6.259072 -0.477942
v -3.242712 6.269073 -0.520000
v -3.242712 6.259072 -0.517320
v -3.441707 6.269073 -0.480417
v -3.440682 6.259072 -0.477942
v -3.610408 6.269073 -0.367696
v -3.608513 6.259072 -0.365801
v -3.723130 6.269073 -0.198996
v -3.720654 6.259072 -0.197970
v -3.762712 6.269073 -0.000000
v -3.760033 6.259072 -0.000000
v -3.723130 6.269073 0.198995
v -3.720654 6.259072 0.197970
v -3.610408 6.269073 0.367695
v -3.608513 6.259072 0.365801
v -3.441708 6.269073 0.480417
v -3.440682 6.259072 0.477942
v -3.242712 6.269073 0.520000
v -3.242712 6.259072 0.517321
v -3.043717 6.269073 0.480417
v -3.044742 6.259072 0.477942
v -2.875017 6.269073 0.367696
v -2.876911 6.259072 0.365801
v -2.762295 6.269073 0.198995
v -2.764771 6.259072 0.197970
v -2.722712 6.269073 0.000000
v -2.725392 6.259072 0.000000
v -2.762295 6.269073 -0.198995
v -2.764770 6.259072 -0.197970
v -2.876911 6.259072 -0.365801
v -2.764770 6.259072 -0.197970
v -2.771533 6.251752 -0.195168
v -2.882088 6.251752 -0.360624
v -3.044742 6.259072 -0.477942
v -3.047544 6.251752 -0.471178
v -3.242712 6.259072 -0.517320
v -3.242712 6.251752 -0.510000
v -3.440682 6.259072 -0.477942
v -3.437881 6.251752 -0.471179
v -3.608513 6.259072 -0.365801
v -3.603337 6.251752 -0.360625
v -3.720654 6.259072 -0.197970
v -3.713891 6.251752 -0.195169
v -3.760033 6.259072 -0.000000
v -3.752712 6.251752 -0.000000
v -3.720654 6.259072 0.197970
v -3.713891 6.251752 0.195168
v -3.608513 6.259072 0.365801
v -3.603337 6.251752 0.360624
v -3.440682 6.259072 0.477942
v -3.437881 6.251752 0.471179
v -3.242712 6.259072 0.517321
v -3.242712 6.251752 0.510000
v -3.044742 6.259072 0.477942
v -3.047544 6.251752 0.471179
v -2.876911 6.259072 0.365801
v -2.882088 6.251752 0.360624
v -2.764771 6.259072 0.197970
v -2.771534 6.251752 0.195169
v -2.725392 6.259072 0.000000
v -2.732712 6.251752 0.000000
v -2.764770 6.259072 -0.197970
v -2.771533 6.251752 -0.195168
v -2.882088 6.251752 -0.360624
v -2.771533 6.251752 -0.195168
v -2.780772 6.249073 -0.191341
v -2.889159 6.249073 -0.353553
v -3.047544 6.251752 -0.471178
v -3.051370 6.249073 -0.461940
v -3.242712 6.251752 -0.510000
v -3.242712 6.249073 -0.500000
v -3.437881 6.251752 -0.471179
v -3.434054 6.249073 -0.461940
v -3.603337 6.251752 -0.360625
v -3.596266 6.249073 -0.353554
v -3.713891 6.251752 -0.195169
v -3.704652 6.249073 -0.191342
v -3.752712 6.251752 -0.000000
v -3.742712 6.249073 -0.000000
v -3.713891 6.251752 0.195168
v -3.704652 6.249073 0.191342
v -3.603337 6.251752 0.360624
v -3.596266 6.249073 0.353553
v -3.437881 6.251752 0.471179
v -3.434054 6.249073 0.461940
v -3.242712 6.251752 0.510000
v -3.242712 6.249073 0.500000
v -3.047544 6.251752 0.471179
v -3.051371 6.249073 0.461940
v -2.882088 6.251752 0.360624
v -2.889159 6.249073 0.353553
v -2.771534 6.251752 0.195169
v -2.780772 6.249073 0.191342
v -2.732712 6.251752 0.000000
v -2.742712 6.249073 0.000000
v -2.771533 6.251752 -0.195168
v -2.780772 6.249073 -0.191341
v -2.889159 6.249073 -0.353553
v -2.780772 6.249073 -0.191341
v -2.790011 6.251752 -0.187515
v -2.896230 6.251752 -0.346482
v -3.051370 6.249073 -0.461940
v -3.055197 6.251752 -0.452701
v -3.242712 6.249073 -0.500000
v -3.242712 6.251752 -0.490000
v -3.434054 6.249073 -0.461940
v -3.430227 6.251752 -0.452701
v -3.596266 6.249073 -0.353554
v -3.589195 6.251752 -0.346482
v -3.704652 6.249073 -0.191342
v -3.695413 6.251752 -0.187515
v -3.742712 6.249073 -0.000000
v -3.732712 6.251752 -0.000000
v -3.704652 6.249073 0.191342
v -3.695413 6.251752 0.187515
v -3.596266 6.249073 0.353553
v -3.589195 6.251752 0.346482
v -3.434054 6.249073 0.461940
v -3.430227 6.251752 0.452701
v -3.242712 6.249073 0.500000
v -3.242712 6.251752 0.490000
v -3.051371 6.249073 0.461940
v -3.055197 6.251752 0.452701
v -2.889159 6.249073 0.353553
v -2.896230 6.251752 0.346482
v -2.780772 6.249073 0.191342
v -2.790011 6.251752 0.187515
v -2.742712 6.249073 0.000000
v -2.752712 6.251752 0.000000
v -2.780772 6.249073 -0.191341
v -2.790011 6.251752 -0.187515
v -2.896230 6.251752 -0.346482
v -2.790011 6.251752 -0.187515
v -2.796774 6.259072 -0.184713
v -2.901406 6.259072 -0.341306
v -3.055197 6.251752 -0.452701
v -3.057999 6.259072 -0.445938
v -3.242712 6.251752 -0.490000
v -3.242712 6.259072 -0.482679
v -3.430227 6.251752 -0.452701
v -3.427425 6.259072 -0.445938
v -3.589195 6.251752 -0.346482
v -3.584018 6.259072 -0.341306
v -3.695413 6.251752 -0.187515
v -3.688650 6.259072 -0.184714
v -3.732712 6.251752 -0.000000
v -3.725392 6.259072 -0.000000
v -3.695413 6.251752 0.187515
v -3.688650 6.259072 0.184713
v -3.589195 6.251752 0.346482
v -3.584018 6.259072 0.341306
v -3.430227 6.251752 0.452701
v -3.427426 6.259072 0.445938
v -3.242712 6.251752 0.490000
v -3.242712 6.259072 0.482679
v -3.055197 6.251752 0.452701
v -3.057999 6.259072 0.445938
v -2.896230 6.251752 0.346482
v -2.901406 6.259072 0.341306
v -2.790011 6.251752 0.187515
v -2.796775 6.259072 0.184713
v -2.752712 6.251752 0.000000
v -2.760033 6.259072 0.000000
v -2.790011 6.251752 -0.187515
v -2.796774 6.259072 -0.184713
v -2.901406 6.259072 -0.341306
v -2.796774 6.259072 -0.184713
v -2.799250 6.269073 -0.183688
v -2.903301 6.269073 -0.339411
v -3.057999 6.259072 -0.445938
v -3.059024 6.269073 -0.443462
v -3.242712 6.259072 -0.482679
v -3.242712 6.269073 -0.480000
v -3.427425 6.259072 -0.445938
v -3.426400 6.269073 -0.443462
v -3.584018 6.259072 -0.341306
v -3.582123 6.269073 -0.339411
v -3.688650 6.259072 -0.184714
v -3.686174 6.269073 -0.183688
v -3.725392 6.259072 -0.000000
v -3.722712 6.269073 -0.000000
v -3.688650 6.259072 0.184713
v -3.686174 6.269073 0.183688
v -3.584018 6.259072 0.341306
v -3.582124 6.269073 0.339411
v -3.427426 6.259072 0.445938
v -3.426400 6.269073 0.443462
v -3.242712 6.259072 0.482679
v -3.242712 6.269073 0.480000
v -3.057999 6.259072 0.445938
v -3.059024 6.269073 0.443462
v -2.901406 6.259072 0.341306
v -2.903301 6.269073 0.339411
v -2.796775 6.259072 0.184713
v -2.799250 6.269073 0.183688
v -2.760033 6.259072 0.000000
v -2.762712 6.269073 0.000000
v -2.796774 6.259072 -0.184713
v -2.799250 6.269073 -0.183688
v -3.139765 5.425352 0.013839
v -3.139011 5.425352 0.015175
v -3.151484 5.529848 0.039547
v -3.153198 5.529848 0.036505
v -3.139011 5.425352 0.015175
v -3.137691 5.425352 0.015955
v -3.148478 5.529848 0.041323
v -3.151484 5.529848 0.039547
v -3.137691 5.425352 0.015955
v -3.136158 5.425352 0.015971
v -3.144987 5.529848 0.041359
v -3.148478 5.529848 0.041323
v -3.136158 5.425352 0.015971
v -3.134822 5.425352 0.015218
v -3.141946 5.529848 0.039645
v -3.144987 5.529848 0.041359
v -3.134822 5.425352 0.015218
v -3.134042 5.425352 0.013898
v -3.140169 5.529848 0.036639
v -3.141946 5.529848 0.039645
v -3.134042 5.425352 0.013898
v -3.134026 5.425352 0.012365
v -3.140133 5.529848 0.033148
v -3.140169 5.529848 0.036639
v -3.134026 5.425352 0.012365
v -3.134779 5.425352 0.011029
v -3.141847 5.529848 0.030106
v -3.140133 5.529848 0.033148
v -3.134779 5.425352 0.011029
v -3.136099 5.425352 0.010249
v -3.144853 5.529848 0.028329
v -3.141847 5.529848 0.030106
v -3.136099 5.425352 0.010249
v -3.137632 5.425352 0.010233
v -3.148344 5.529848 0.028294
v -3.144853 5.529848 0.028329
v -3.137632 5.425352 0.010233
v -3.138968 5.425352 0.010986
v -3.151386 5.529848 0.030008
v -3.148344 5.529848 0.028294
v -3.138968 5.425352 0.010986
v -3.139749 5.425352 0.012306
v -3.153163 5.529848 0.033014
v -3.151386 5.529848 0.030008
v -3.139749 5.425352 0.012306
v -3.139765 5.425352 0.013839
v -3.153198 5.529848 0.036505
v -3.153163 5.529848 0.033014
v -3.139843 5.639020 0.002743
v -3.138129 5.639020 0.005784
v -3.082318 5.747612 0.059275
v -3.084033 5.747612 0.056234
v -3.138129 5.639020 0.005784
v -3.135123 5.639020 0.007561
v -3.079313 5.747612 0.061052
v -3.082318 5.747612 0.059275
v -3.135123 5.639020 0.007561
v -3.131632 5.639020 0.007597
v -3.075821 5.747612 0.061088
v -3.079313 5.747612 0.061052
v -3.131632 5.639020 0.007597
v -3.128590 5.639020 0.005882
v -3.072780 5.747612 0.059373
v -3.075821 5.747612 0.061088
v -3.128590 5.639020 0.005882
v -3.126813 5.639020 0.002877
v -3.071003 5.747612 0.056368
v -3.072780 5.747612 0.059373
v -3.126813 5.639020 0.002877
v -3.126778 5.639020 -0.000615
v -3.070967 5.747612 0.052876
v -3.071003 5.747612 0.056368
v -3.126778 5.639020 -0.000615
v -3.128492 5.639020 -0.003656
v -3.072682 5.747612 0.049835
v -3.070967 5.747612 0.052876
v -3.128492 5.639020 -0.003656
v -3.131498 5.639020 -0.005433
v -3.075688 5.747612 0.048058
v -3.072682 5.747612 0.049835
v -3.131498 5.639020 -0.005433
v -3.134989 5.639020 -0.005469
v -3.079179 5.747612 0.048022
v -3.075688 5.747612 0.048058
v -3.134989 5.639020 -0.005469
v -3.138031 5.639020 -0.003754
v -3.082220 5.747612 0.049737
v -3.079179 5.747612 0.048022
v -3.138031 5.639020 -0.003754
v -3.139807 5.639020 -0.000748
v -3.083997 5.747612 0.052743
v -3.082220 5.747612 0.049737
v -3.139807 5.639020 -0.000748
v -3.139843 5.639020 0.002743
v -3.084033 5.747612 0.056234
v -3.083997 5.747612 0.052743
v -3.013396 5.852689 0.002307
v -3.011682 5.852689 0.005348
v -2.886969 6.066358 0.067243
v -2.888684 6.066358 0.064202
v -3.011682 5.852689 0.005348
v -3.008676 5.852689 0.007125
v -2.883964 6.066358 0.069020
v -2.886969 6.066358 0.067243
v -3.008676 5.852689 0.007125
v -3.005185 5.852689 0.007161
v -2.880472 6.066358 0.069056
v -2.883964 6.066358 0.069020
v -3.005185 5.852689 0.007161
v -3.002143 5.852689 0.005446
v -2.877431 6.066358 0.067341
v -2.880472 6.066358 0.069056
v -3.002143 5.852689 0.005446
v -3.000366 5.852689 0.002440
v -2.875654 6.066358 0.064335
v -2.877431 6.066358 0.067341
v -3.000366 5.852689 0.002440
v -3.000330 5.852689 -0.001051
v -2.875618 6.066358 0.060844
v -2.875654 6.066358 0.064335
v -3.000330 5.852689 -0.001051
v -3.002045 5.852689 -0.004092
v -2.877333 6.066358 0.057803
v -2.875618 6.066358 0.060844
v -3.002045 5.852689 -0.004092
v -3.005051 5.852689 -0.005869
v -2.880339 6.066358 0.056026
v -2.877333 6.066358 0.057803
v -3.005051 5.852689 -0.005869
v -3.008542 5.852689 -0.005905
v -2.883830 6.066358 0.055990
v -2.880339 6.066358 0.056026
v -3.008542 5.852689 -0.005905
v -3.011584 5.852689 -0.004190
v -2.886871 6.066358 0.057705
v -2.883830 6.066358 0.055990
v -3.011584 5.852689 -0.004190
v -3.013360 5.852689 -0.001185
v -2.888648 6.066358 0.060710
v -2.886871 6.066358 0.057705
v -3.013360 5.852689 -0.001185
v -3.013396 5.852689 0.002307
v -2.888684 6.066358 0.064202
v -2.888648 6.066358 0.060710
v -2.763538 6.280027 0.101679
v -2.765252 6.280027 0.098637
v -2.760532 6.280027 0.103456
v -2.763538 6.280027 0.101679
v -2.757041 6.280027 0.103491
v -2.760532 6.280027 0.103456
v -2.753999 6.280027 0.101777
v -2.757041 6.280027 0.103491
v -2.752223 6.280027 0.098771
v -2.753999 6.280027 0.101777
v -2.752187 6.280027 0.095280
v -2.752223 6.280027 0.098771
v -2.753901 6.280027 0.092238
v -2.752187 6.280027 0.095280
v -2.756907 6.280027 0.090462
v -2.753901 6.280027 0.092238
v -2.760398 6.280027 0.090426
v -2.756907 6.280027 0.090462
v -2.763440 6.280027 0.092140
v -2.760398 6.280027 0.090426
v -2.765217 6.280027 0.095146
v -2.763440 6.280027 0.092140
v -2.765252 6.280027 0.098637
v -2.765217 6.280027 0.095146
v -3.158105 5.425352 0.059109
v -3.157699 5.425352 0.060588
v -3.151816 5.529848 0.037099
v -3.152740 5.529848 0.033732
v -3.157699 5.425352 0.060588
v -3.156608 5.425352 0.061666
v -3.149332 5.529848 0.039553
v -3.151816 5.529848 0.037099
v -3.156608 5.425352 0.061666
v -3.155124 5.425352 0.062053
v -3.145954 5.529848 0.040435
v -3.149332 5.529848 0.039553
v -3.155124 5.425352 0.062053
v -3.153645 5.425352 0.061647
v -3.142587 5.529848 0.039511
v -3.145954 5.529848 0.040435
v -3.153645 5.425352 0.061647
v -3.152568 5.425352 0.060556
v -3.140134 5.529848 0.037027
v -3.142587 5.529848 0.039511
v -3.152568 5.425352 0.060556
v -3.152180 5.425352 0.059073
v -3.139251 5.529848 0.033649
v -3.140134 5.529848 0.037027
v -3.152180 5.425352 0.059073
v -3.152586 5.425352 0.057594
v -3.140175 5.529848 0.030282
v -3.139251 5.529848 0.033649
v -3.152586 5.425352 0.057594
v -3.153677 5.425352 0.056517
v -3.142659 5.529848 0.027828
v -3.140175 5.529848 0.030282
v -3.153677 5.425352 0.056517
v -3.155161 5.425352 0.056129
v -3.146038 5.529848 0.026946
v -3.142659 5.529848 0.027828
v -3.155161 5.425352 0.056129
v -3.156639 5.425352 0.056535
v -3.149404 5.529848 0.027870
v -3.146038 5.529848 0.026946
v -3.156639 5.425352 0.056535
v -3.157717 5.425352 0.057626
v -3.151858 5.529848 0.030354
v -3.149404 5.529848 0.027870
v -3.157717 5.425352 0.057626
v -3.158105 5.425352 0.059109
v -3.152740 5.529848 0.033732
v -3.151858 5.529848 0.030354
v -3.162080 5.639020 0.059592
v -3.161155 5.639020 0.062959
v -3.084615 5.747612 0.060937
v -3.085540 5.747612 0.057570
v -3.161155 5.639020 0.062959
v -3.158671 5.639020 0.065413
v -3.082131 5.747612 0.063390
v -3.084615 5.747612 0.060937
v -3.158671 5.639020 0.065413
v -3.155293 5.639020 0.066296
v -3.078753 5.747612 0.064273
v -3.082131 5.747612 0.063390
v -3.155293 5.639020 0.066296
v -3.151926 5.639020 0.065371
v -3.075386 5.747612 0.063348
v -3.078753 5.747612 0.064273
v -3.151926 5.639020 0.065371
v -3.149473 5.639020 0.062887
v -3.072933 5.747612 0.060864
v -3.075386 5.747612 0.063348
v -3.149473 5.639020 0.062887
v -3.148590 5.639020 0.059509
v -3.072050 5.747612 0.057486
v -3.072933 5.747612 0.060864
v -3.148590 5.639020 0.059509
v -3.149514 5.639020 0.056142
v -3.072974 5.747612 0.054120
v -3.072050 5.747612 0.057486
v -3.149514 5.639020 0.056142
v -3.151998 5.639020 0.053689
v -3.075458 5.747612 0.051666
v -3.072974 5.747612 0.054120
v -3.151998 5.639020 0.053689
v -3.155376 5.639020 0.052806
v -3.078836 5.747612 0.050783
v -3.075458 5.747612 0.051666
v -3.155376 5.639020 0.052806
v -3.158743 5.639020 0.053730
v -3.082203 5.747612 0.051708
v -3.078836 5.747612 0.050783
v -3.158743 5.639020 0.053730
v -3.161197 5.639020 0.056214
v -3.084656 5.747612 0.054192
v -3.082203 5.747612 0.051708
v -3.161197 5.639020 0.056214
v -3.162080 5.639020 0.059592
v -3.085540 5.747612 0.057570
v -3.084656 5.747612 0.054192
v -3.077420 5.852689 0.153043
v -3.076496 5.852689 0.156410
v -2.941170 6.066358 0.198613
v -2.942095 6.066358 0.195246
v -3.076496 5.852689 0.156410
v -3.074012 5.852689 0.158864
v -2.938686 6.066358 0.201067
v -2.941170 6.066358 0.198613
v -3.074012 5.852689 0.158864
v -3.070634 5.852689 0.159747
v -2.935308 6.066358 0.201950
v -2.938686 6.066358 0.201067
v -3.070634 5.852689 0.159747
v -3.067267 5.852689 0.158822
v -2.931942 6.066358 0.201025
v -2.935308 6.066358 0.201950
v -3.067267 5.852689 0.158822
v -3.064814 5.852689 0.156338
v -2.929488 6.066358 0.198541
v -2.931942 6.066358 0.201025
v -3.064814 5.852689 0.156338
v -3.063931 5.852689 0.152960
v -2.928605 6.066358 0.195163
v -2.929488 6.066358 0.198541
v -3.063931 5.852689 0.152960
v -3.064855 5.852689 0.149593
v -2.929530 6.066358 0.191796
v -2.928605 6.066358 0.195163
v -3.064855 5.852689 0.149593
v -3.067339 5.852689 0.147140
v -2.932014 6.066358 0.189343
v -2.929530 6.066358 0.191796
v -3.067339 5.852689 0.147140
v -3.070717 5.852689 0.146257
v -2.935392 6.066358 0.188460
v -2.932014 6.066358 0.189343
v -3.070717 5.852689 0.146257
v -3.074084 5.852689 0.147181
v -2.938759 6.066358 0.189384
v -2.935392 6.066358 0.188460
v -3.074084 5.852689 0.147181
v -3.076538 5.852689 0.149665
v -2.941212 6.066358 0.191868
v -2.938759 6.066358 0.189384
v -3.076538 5.852689 0.149665
v -3.077420 5.852689 0.153043
v -2.942095 6.066358 0.195246
v -2.941212 6.066358 0.191868
v -2.829800 6.280027 0.261999
v -2.830724 6.280027 0.258632
v -2.827316 6.280027 0.264453
v -2.829800 6.280027 0.261999
v -2.823938 6.280027 0.265336
v -2.827316 6.280027 0.264453
v -2.820571 6.280027 0.264411
v -2.823938 6.280027 0.265336
v -2.818118 6.280027 0.261927
v -2.820571 6.280027 0.264411
v -2.817235 6.280027 0.258549
v -2.818118 6.280027 0.261927
v -2.818159 6.280027 0.255182
v -2.817235 6.280027 0.258549
v -2.820643 6.280027 0.252729
v -2.818159 6.280027 0.255182
v -2.824021 6.280027 0.251846
v -2.820643 6.280027 0.252729
v -2.827388 6.280027 0.252770
v -2.824021 6.280027 0.251846
v -2.829842 6.280027 0.255254
v -2.827388 6.280027 0.252770
v -2.830724 6.280027 0.258632
v -2.829842 6.280027 0.255254
v -3.178110 5.425352 0.082159
v -3.178277 5.425352 0.083684
v -3.196008 5.529848 0.079581
v -3.195629 5.529848 0.076110
v -3.178277 5.425352 0.083684
v -3.177658 5.425352 0.085087
v -3.194600 5.529848 0.082776
v -3.196008 5.529848 0.079581
v -3.177658 5.425352 0.085087
v -3.176421 5.425352 0.085993
v -3.191784 5.529848 0.084839
v -3.194600 5.529848 0.082776
v -3.176421 5.425352 0.085993
v -3.174897 5.425352 0.086160
v -3.188313 5.529848 0.085218
v -3.191784 5.529848 0.084839
v -3.174897 5.425352 0.086160
v -3.173494 5.425352 0.085541
v -3.185117 5.529848 0.083810
v -3.188313 5.529848 0.085218
v -3.173494 5.425352 0.085541
v -3.172587 5.425352 0.084304
v -3.183054 5.529848 0.080993
v -3.185117 5.529848 0.083810
v -3.172587 5.425352 0.084304
v -3.172421 5.425352 0.082780
v -3.182676 5.529848 0.077522
v -3.183054 5.529848 0.080993
v -3.172421 5.425352 0.082780
v -3.173039 5.425352 0.081377
v -3.184083 5.529848 0.074327
v -3.182676 5.529848 0.077522
v -3.173039 5.425352 0.081377
v -3.174276 5.425352 0.080471
v -3.186900 5.529848 0.072264
v -3.184083 5.529848 0.074327
v -3.174276 5.425352 0.080471
v -3.175801 5.425352 0.080304
v -3.190371 5.529848 0.071885
v -3.186900 5.529848 0.072264
v -3.175801 5.425352 0.080304
v -3.177204 5.425352 0.080922
v -3.193566 5.529848 0.073293
v -3.190371 5.529848 0.071885
v -3.177204 5.425352 0.080922
v -3.178110 5.425352 0.082159
v -3.195629 5.529848 0.076110
v -3.193566 5.529848 0.073293
v -3.161108 5.639020 0.056480
v -3.161487 5.639020 0.059951
v -3.159066 5.747612 0.141499
v -3.158688 5.747612 0.138029
v -3.161487 5.639020 0.059951
v -3.160079 5.639020 0.063146
v -3.157659 5.747612 0.144695
v -3.159066 5.747612 0.141499
v -3.160079 5.639020 0.063146
v -3.157263 5.639020 0.065210
v -3.154842 5.747612 0.146758
v -3.157659 5.747612 0.144695
v -3.157263 5.639020 0.065210
v -3.153792 5.639020 0.065588
v -3.151371 5.747612 0.147136
v -3.154842 5.747612 0.146758
v -3.153792 5.639020 0.065588
v -3.150597 5.639020 0.064181
v -3.148176 5.747612 0.145729
v -3.151371 5.747612 0.147136
v -3.150597 5.639020 0.064181
v -3.148533 5.639020 0.061364
v -3.146112 5.747612 0.142912
v -3.148176 5.747612 0.145729
v -3.148533 5.639020 0.061364
v -3.148155 5.639020 0.057893
v -3.145734 5.747612 0.139441
v -3.146112 5.747612 0.142912
v -3.148155 5.639020 0.057893
v -3.149563 5.639020 0.054698
v -3.147141 5.747612 0.136246
v -3.145734 5.747612 0.139441
v -3.149563 5.639020 0.054698
v -3.152379 5.639020 0.052635
v -3.149958 5.747612 0.134183
v -3.147141 5.747612 0.136246
v -3.152379 5.639020 0.052635
v -3.155850 5.639020 0.052256
v -3.153429 5.747612 0.133804
v -3.149958 5.747612 0.134183
v -3.155850 5.639020 0.052256
v -3.159045 5.639020 0.053664
v -3.156624 5.747612 0.135212
v -3.153429 5.747612 0.133804
v -3.159045 5.639020 0.053664
v -3.161108 5.639020 0.056480
v -3.158688 5.747612 0.138029
v -3.156624 5.747612 0.135212
v -3.077494 5.852689 0.151796
v -3.077872 5.852689 0.155267
v -3.018085 6.066358 0.286477
v -3.017707 6.066358 0.283006
v -3.077872 5.852689 0.155267
v -3.076465 5.852689 0.158462
v -3.016677 6.066358 0.289672
v -3.018085 6.066358 0.286477
v -3.076465 5.852689 0.158462
v -3.073648 5.852689 0.160525
v -3.013861 6.066358 0.291735
v -3.016677 6.066358 0.289672
v -3.073648 5.852689 0.160525
v -3.070177 5.852689 0.160904
v -3.010390 6.066358 0.292114
v -3.013861 6.066358 0.291735
v -3.070177 5.852689 0.160904
v -3.066982 5.852689 0.159496
v -3.007195 6.066358 0.290706
v -3.010390 6.066358 0.292114
v -3.066982 5.852689 0.159496
v -3.064919 5.852689 0.156680
v -3.005131 6.066358 0.287890
v -3.007195 6.066358 0.290706
v -3.064919 5.852689 0.156680
v -3.064540 5.852689 0.153209
v -3.004753 6.066358 0.284419
v -3.005131 6.066358 0.287890
v -3.064540 5.852689 0.153209
v -3.065948 5.852689 0.150014
v -3.006160 6.066358 0.281224
v -3.004753 6.066358 0.284419
v -3.065948 5.852689 0.150014
v -3.068764 5.852689 0.147950
v -3.008977 6.066358 0.279160
v -3.006160 6.066358 0.281224
v -3.068764 5.852689 0.147950
v -3.072235 5.852689 0.147572
v -3.012448 6.066358 0.278782
v -3.008977 6.066358 0.279160
v -3.072235 5.852689 0.147572
v -3.075430 5.852689 0.148979
v -3.015643 6.066358 0.280189
v -3.012448 6.066358 0.278782
v -3.075430 5.852689 0.148979
v -3.077494 5.852689 0.151796
v -3.017707 6.066358 0.283006
v -3.015643 6.066358 0.280189
v -2.937832 6.280027 0.386379
v -2.937453 6.280027 0.382908
v -2.936424 6.280027 0.389575
v -2.937832 6.280027 0.386379
v -2.933607 6.280027 0.391638
v -2.936424 6.280027 0.389575
v -2.930136 6.280027 0.392016
v -2.933607 6.280027 0.391638
v -2.926941 6.280027 0.390609
v -2.930136 6.280027 0.392016
v -2.924878 6.280027 0.387792
v -2.926941 6.280027 0.390609
v -2.924499 6.280027 0.384321
v -2.924878 6.280027 0.387792
v -2.925907 6.280027 0.381126
v -2.924499 6.280027 0.384321
v -2.928724 6.280027 0.379063
v -2.925907 6.280027 0.381126
v -2.932194 6.280027 0.378684
v -2.928724 6.280027 0.379063
v -2.935390 6.280027 0.380092
v -2.932194 6.280027 0.378684
v -2.937453 6.280027 0.382908
v -2.935390 6.280027 0.380092
v -3.206496 5.425352 0.101104
v -3.207203 5.425352 0.102465
v -3.195939 5.529848 0.077124
v -3.194330 5.529848 0.074025
v -3.207203 5.425352 0.102465
v -3.207134 5.425352 0.103997
v -3.195783 5.529848 0.080612
v -3.195939 5.529848 0.077124
v -3.207134 5.425352 0.103997
v -3.206309 5.425352 0.105289
v -3.193904 5.529848 0.083555
v -3.195783 5.529848 0.080612
v -3.206309 5.425352 0.105289
v -3.204948 5.425352 0.105996
v -3.190805 5.529848 0.085163
v -3.193904 5.529848 0.083555
v -3.204948 5.425352 0.105996
v -3.203416 5.425352 0.105928
v -3.187317 5.529848 0.085007
v -3.190805 5.529848 0.085163
v -3.203416 5.425352 0.105928
v -3.202124 5.425352 0.105102
v -3.184375 5.529848 0.083128
v -3.187317 5.529848 0.085007
v -3.202124 5.425352 0.105102
v -3.201417 5.425352 0.103741
v -3.182766 5.529848 0.080030
v -3.184375 5.529848 0.083128
v -3.201417 5.425352 0.103741
v -3.201486 5.425352 0.102210
v -3.182921 5.529848 0.076542
v -3.182766 5.529848 0.080030
v -3.201486 5.425352 0.102210
v -3.202311 5.425352 0.100917
v -3.184800 5.529848 0.073599
v -3.182921 5.529848 0.076542
v -3.202311 5.425352 0.100917
v -3.203672 5.425352 0.100211
v -3.187899 5.529848 0.071990
v -3.184800 5.529848 0.073599
v -3.203672 5.425352 0.100211
v -3.205204 5.425352 0.100279
v -3.191387 5.529848 0.072146
v -3.187899 5.529848 0.071990
v -3.205204 5.425352 0.100279
v -3.206496 5.425352 0.101104
v -3.194330 5.529848 0.074025
v -3.191387 5.529848 0.072146
v -3.227657 5.639020 0.094271
v -3.229266 5.639020 0.097370
v -3.162294 5.747612 0.141123
v -3.160685 5.747612 0.138024
v -3.229266 5.639020 0.097370
v -3.229110 5.639020 0.100858
v -3.162138 5.747612 0.144611
v -3.162294 5.747612 0.141123
v -3.229110 5.639020 0.100858
v -3.227231 5.639020 0.103801
v -3.160259 5.747612 0.147554
v -3.162138 5.747612 0.144611
v -3.227231 5.639020 0.103801
v -3.224132 5.639020 0.105410
v -3.157161 5.747612 0.149163
v -3.160259 5.747612 0.147554
v -3.224132 5.639020 0.105410
v -3.220644 5.639020 0.105254
v -3.153673 5.747612 0.149007
v -3.157161 5.747612 0.149163
v -3.220644 5.639020 0.105254
v -3.217701 5.639020 0.103375
v -3.150730 5.747612 0.147128
v -3.153673 5.747612 0.149007
v -3.217701 5.639020 0.103375
v -3.216093 5.639020 0.100276
v -3.149121 5.747612 0.144029
v -3.150730 5.747612 0.147128
v -3.216093 5.639020 0.100276
v -3.216249 5.639020 0.096788
v -3.149277 5.747612 0.140541
v -3.149121 5.747612 0.144029
v -3.216249 5.639020 0.096788
v -3.218127 5.639020 0.093845
v -3.151156 5.747612 0.137598
v -3.149277 5.747612 0.140541
v -3.218127 5.639020 0.093845
v -3.221226 5.639020 0.092236
v -3.154255 5.747612 0.135989
v -3.151156 5.747612 0.137598
v -3.221226 5.639020 0.092236
v -3.224714 5.639020 0.092392
v -3.157743 5.747612 0.136145
v -3.154255 5.747612 0.135989
v -3.224714 5.639020 0.092392
v -3.227657 5.639020 0.094271
v -3.160685 5.747612 0.138024
v -3.157743 5.747612 0.136145
v -3.206333 5.852689 0.218680
v -3.207942 5.852689 0.221778
v -3.124127 6.066358 0.350755
v -3.122519 6.066358 0.347657
v -3.207942 5.852689 0.221778
v -3.207786 5.852689 0.225266
v -3.123971 6.066358 0.354243
v -3.124127 6.066358 0.350755
v -3.207786 5.852689 0.225266
v -3.205907 5.852689 0.228209
v -3.122092 6.066358 0.357186
v -3.123971 6.066358 0.354243
v -3.205907 5.852689 0.228209
v -3.202808 5.852689 0.229818
v -3.118994 6.066358 0.358795
v -3.122092 6.066358 0.357186
v -3.202808 5.852689 0.229818
v -3.199320 5.852689 0.229662
v -3.115506 6.066358 0.358639
v -3.118994 6.066358 0.358795
v -3.199320 5.852689 0.229662
v -3.196377 5.852689 0.227783
v -3.112563 6.066358 0.356760
v -3.115506 6.066358 0.358639
v -3.196377 5.852689 0.227783
v -3.194768 5.852689 0.224684
v -3.110954 6.066358 0.353661
v -3.112563 6.066358 0.356760
v -3.194768 5.852689 0.224684
v -3.194924 5.852689 0.221196
v -3.111110 6.066358 0.350173
v -3.110954 6.066358 0.353661
v -3.194924 5.852689 0.221196
v -3.196803 5.852689 0.218254
v -3.112989 6.066358 0.347231
v -3.111110 6.066358 0.350173
v -3.196803 5.852689 0.218254
v -3.199902 5.852689 0.216645
v -3.116088 6.066358 0.345622
v -3.112989 6.066358 0.347231
v -3.199902 5.852689 0.216645
v -3.203390 5.852689 0.216801
v -3.119576 6.066358 0.345778
v -3.116088 6.066358 0.345622
v -3.203390 5.852689 0.216801
v -3.206333 5.852689 0.218680
v -3.122519 6.066358 0.347657
v -3.119576 6.066358 0.345778
v -3.085465 6.280027 0.472929
v -3.083856 6.280027 0.469830
v -3.085309 6.280027 0.476417
v -3.085465 6.280027 0.472929
v -3.083430 6.280027 0.479360
v -3.085309 6.280027 0.476417
v -3.080332 6.280027 0.480969
v -3.083430 6.280027 0.479360
v -3.076844 6.280027 0.480813
v -3.080332 6.280027 0.480969
v -3.073901 6.280027 0.478934
v -3.076844 6.280027 0.480813
v -3.072292 6.280027 0.475835
v -3.073901 6.280027 0.478934
v -3.072448 6.280027 0.472347
v -3.072292 6.280027 0.475835
v -3.074327 6.280027 0.469404
v -3.072448 6.280027 0.472347
v -3.077426 6.280027 0.467795
v -3.074327 6.280027 0.469404
v -3.080914 6.280027 0.467951
v -3.077426 6.280027 0.467795
v -3.083856 6.280027 0.469830
v -3.080914 6.280027 0.467951
v -3.242591 5.425352 0.109413
v -3.243694 5.425352 0.110479
v -3.276283 5.529848 0.099542
v -3.273771 5.529848 0.097117
v -3.243694 5.425352 0.110479
v -3.244117 5.425352 0.111953
v -3.277245 5.529848 0.102898
v -3.276283 5.529848 0.099542
v -3.244117 5.425352 0.111953
v -3.243746 5.425352 0.113440
v -3.276401 5.529848 0.106286
v -3.277245 5.529848 0.102898
v -3.243746 5.425352 0.113440
v -3.242681 5.425352 0.114543
v -3.273975 5.529848 0.108798
v -3.276401 5.529848 0.106286
v -3.242681 5.425352 0.114543
v -3.241206 5.425352 0.114966
v -3.270619 5.529848 0.109760
v -3.273975 5.529848 0.108798
v -3.241206 5.425352 0.114966
v -3.239719 5.425352 0.114595
v -3.267231 5.529848 0.108915
v -3.270619 5.529848 0.109760
v -3.239719 5.425352 0.114595
v -3.238616 5.425352 0.113530
v -3.264719 5.529848 0.106490
v -3.267231 5.529848 0.108915
v -3.238616 5.425352 0.113530
v -3.238193 5.425352 0.112056
v -3.263757 5.529848 0.103134
v -3.264719 5.529848 0.106490
v -3.238193 5.425352 0.112056
v -3.238564 5.425352 0.110568
v -3.264602 5.529848 0.099746
v -3.263757 5.529848 0.103134
v -3.238564 5.425352 0.110568
v -3.239629 5.425352 0.109465
v -3.267027 5.529848 0.097234
v -3.264602 5.529848 0.099746
v -3.239629 5.425352 0.109465
v -3.241103 5.425352 0.109042
v -3.270383 5.529848 0.096272
v -3.267027 5.529848 0.097234
v -3.241103 5.425352 0.109042
v -3.242591 5.425352 0.109413
v -3.273771 5.529848 0.097117
v -3.270383 5.529848 0.096272
v -3.227061 5.639020 0.093836
v -3.229573 5.639020 0.096261
v -3.274941 5.747612 0.169988
v -3.272430 5.747612 0.167563
v -3.229573 5.639020 0.096261
v -3.230535 5.639020 0.099617
v -3.275903 5.747612 0.173344
v -3.274941 5.747612 0.169988
v -3.230535 5.639020 0.099617
v -3.229691 5.639020 0.103005
v -3.275059 5.747612 0.176732
v -3.275903 5.747612 0.173344
v -3.229691 5.639020 0.103005
v -3.227265 5.639020 0.105517
v -3.272633 5.747612 0.179244
v -3.275059 5.747612 0.176732
v -3.227265 5.639020 0.105517
v -3.223909 5.639020 0.106479
v -3.269277 5.747612 0.180206
v -3.272633 5.747612 0.179244
v -3.223909 5.639020 0.106479
v -3.220521 5.639020 0.105634
v -3.265889 5.747612 0.179361
v -3.269277 5.747612 0.180206
v -3.220521 5.639020 0.105634
v -3.218010 5.639020 0.103209
v -3.263378 5.747612 0.176936
v -3.265889 5.747612 0.179361
v -3.218010 5.639020 0.103209
v -3.217047 5.639020 0.099853
v -3.262416 5.747612 0.173580
v -3.263378 5.747612 0.176936
v -3.217047 5.639020 0.099853
v -3.217892 5.639020 0.096465
v -3.263260 5.747612 0.170192
v -3.262416 5.747612 0.173580
v -3.217892 5.639020 0.096465
v -3.220317 5.639020 0.093953
v -3.265686 5.747612 0.167680
v -3.263260 5.747612 0.170192
v -3.220317 5.639020 0.093953
v -3.223674 5.639020 0.092991
v -3.269042 5.747612 0.166718
v -3.265686 5.747612 0.167680
v -3.223674 5.639020 0.092991
v -3.227061 5.639020 0.093836
v -3.272430 5.747612 0.167563
v -3.269042 5.747612 0.166718
v -3.206000 5.852689 0.217832
v -3.208512 5.852689 0.220257
v -3.246725 6.066358 0.374751
v -3.244213 6.066358 0.372326
v -3.208512 5.852689 0.220257
v -3.209474 5.852689 0.223613
v -3.247687 6.066358 0.378107
v -3.246725 6.066358 0.374751
v -3.209474 5.852689 0.223613
v -3.208630 5.852689 0.227001
v -3.246842 6.066358 0.381495
v -3.247687 6.066358 0.378107
v -3.208630 5.852689 0.227001
v -3.206204 5.852689 0.229512
v -3.244417 6.066358 0.384007
v -3.246842 6.066358 0.381495
v -3.206204 5.852689 0.229512
v -3.202848 5.852689 0.230475
v -3.241061 6.066358 0.384969
v -3.244417 6.066358 0.384007
v -3.202848 5.852689 0.230475
v -3.199460 5.852689 0.229630
v -3.237673 6.066358 0.384124
v -3.241061 6.066358 0.384969
v -3.199460 5.852689 0.229630
v -3.196949 5.852689 0.227205
v -3.235161 6.066358 0.381699
v -3.237673 6.066358 0.384124
v -3.196949 5.852689 0.227205
v -3.195986 5.852689 0.223849
v -3.234199 6.066358 0.378343
v -3.235161 6.066358 0.381699
v -3.195986 5.852689 0.223849
v -3.196831 5.852689 0.220461
v -3.235044 6.066358 0.374955
v -3.234199 6.066358 0.378343
v -3.196831 5.852689 0.220461
v -3.199256 5.852689 0.217949
v -3.237469 6.066358 0.372443
v -3.235044 6.066358 0.374955
v -3.199256 5.852689 0.217949
v -3.202613 5.852689 0.216987
v -3.240825 6.066358 0.371481
v -3.237469 6.066358 0.372443
v -3.202613 5.852689 0.216987
v -3.206000 5.852689 0.217832
v -3.244213 6.066358 0.372326
v -3.240825 6.066358 0.371481
v -3.248961 6.280027 0.502877
v -3.246449 6.280027 0.500451
v -3.249923 6.280027 0.506233
v -3.248961 6.280027 0.502877
v -3.249079 6.280027 0.509621
v -3.249923 6.280027 0.506233
v -3.246653 6.280027 0.512132
v -3.249079 6.280027 0.509621
v -3.243297 6.280027 0.513095
v -3.246653 6.280027 0.512132
v -3.239909 6.280027 0.512250
v -3.243297 6.280027 0.513095
v -3.237397 6.280027 0.509825
v -3.239909 6.280027 0.512250
v -3.236435 6.280027 0.506468
v -3.237397 6.280027 0.509825
v -3.237280 6.280027 0.503081
v -3.236435 6.280027 0.506468
v -3.239705 6.280027 0.500569
v -3.237280 6.280027 0.503081
v -3.243061 6.280027 0.499607
v -3.239705 6.280027 0.500569
v -3.246449 6.280027 0.500451
v -3.243061 6.280027 0.499607
v -3.276918 5.425352 0.100727
v -3.278290 5.425352 0.101411
v -3.274893 5.529848 0.097764
v -3.271769 5.529848 0.096206
v -3.278290 5.425352 0.101411
v -3.279136 5.425352 0.102690
v -3.276820 5.529848 0.100675
v -3.274893 5.529848 0.097764
v -3.279136 5.425352 0.102690
v -3.279230 5.425352 0.104220
v -3.277033 5.529848 0.104160
v -3.276820 5.529848 0.100675
v -3.279230 5.425352 0.104220
v -3.278545 5.425352 0.105593
v -3.275475 5.529848 0.107285
v -3.277033 5.529848 0.104160
v -3.278545 5.425352 0.105593
v -3.277267 5.425352 0.106439
v -3.272563 5.529848 0.109212
v -3.275475 5.529848 0.107285
v -3.277267 5.425352 0.106439
v -3.275736 5.425352 0.106532
v -3.269078 5.529848 0.109425
v -3.272563 5.529848 0.109212
v -3.275736 5.425352 0.106532
v -3.274364 5.425352 0.105848
v -3.265953 5.529848 0.107866
v -3.269078 5.529848 0.109425
v -3.274364 5.425352 0.105848
v -3.273518 5.425352 0.104569
v -3.264027 5.529848 0.104955
v -3.265953 5.529848 0.107866
v -3.273518 5.425352 0.104569
v -3.273424 5.425352 0.103039
v -3.263814 5.529848 0.101470
v -3.264027 5.529848 0.104955
v -3.273424 5.425352 0.103039
v -3.274108 5.425352 0.101666
v -3.265372 5.529848 0.098345
v -3.263814 5.529848 0.101470
v -3.274108 5.425352 0.101666
v -3.275387 5.425352 0.100820
v -3.268284 5.529848 0.096418
v -3.265372 5.529848 0.098345
v -3.275387 5.425352 0.100820
v -3.276918 5.425352 0.100727
v -3.271769 5.529848 0.096206
v -3.268284 5.529848 0.096418
v -3.311349 5.639020 0.099644
v -3.314474 5.639020 0.101202
v -3.278410 5.747612 0.168171
v -3.275286 5.747612 0.166613
v -3.314474 5.639020 0.101202
v -3.316401 5.639020 0.104114
v -3.280337 5.747612 0.171083
v -3.278410 5.747612 0.168171
v -3.316401 5.639020 0.104114
v -3.316613 5.639020 0.107599
v -3.280550 5.747612 0.174568
v -3.280337 5.747612 0.171083
v -3.316613 5.639020 0.107599
v -3.315055 5.639020 0.110723
v -3.278992 5.747612 0.177693
v -3.280550 5.747612 0.174568
v -3.315055 5.639020 0.110723
v -3.312143 5.639020 0.112650
v -3.276080 5.747612 0.179619
v -3.278992 5.747612 0.177693
v -3.312143 5.639020 0.112650
v -3.308658 5.639020 0.112863
v -3.272595 5.747612 0.179832
v -3.276080 5.747612 0.179619
v -3.308658 5.639020 0.112863
v -3.305534 5.639020 0.111304
v -3.269471 5.747612 0.178274
v -3.272595 5.747612 0.179832
v -3.305534 5.639020 0.111304
v -3.303607 5.639020 0.108393
v -3.267544 5.747612 0.175362
v -3.269471 5.747612 0.178274
v -3.303607 5.639020 0.108393
v -3.303394 5.639020 0.104908
v -3.267331 5.747612 0.171877
v -3.267544 5.747612 0.175362
v -3.303394 5.639020 0.104908
v -3.304953 5.639020 0.101783
v -3.268889 5.747612 0.168753
v -3.267331 5.747612 0.171877
v -3.304953 5.639020 0.101783
v -3.307864 5.639020 0.099856
v -3.271801 5.747612 0.166826
v -3.268889 5.747612 0.168753
v -3.307864 5.639020 0.099856
v -3.311349 5.639020 0.099644
v -3.275286 5.747612 0.166613
v -3.271801 5.747612 0.166826
v -3.363869 5.852689 0.211093
v -3.366994 5.852689 0.212651
v -3.362606 6.066358 0.347731
v -3.359481 6.066358 0.346172
v -3.366994 5.852689 0.212651
v -3.368921 5.852689 0.215563
v -3.364533 6.066358 0.350642
v -3.362606 6.066358 0.347731
v -3.368921 5.852689 0.215563
v -3.369133 5.852689 0.219048
v -3.364745 6.066358 0.354127
v -3.364533 6.066358 0.350642
v -3.369133 5.852689 0.219048
v -3.367575 5.852689 0.222172
v -3.363187 6.066358 0.357252
v -3.364745 6.066358 0.354127
v -3.367575 5.852689 0.222172
v -3.364664 5.852689 0.224099
v -3.360276 6.066358 0.359179
v -3.363187 6.066358 0.357252
v -3.364664 5.852689 0.224099
v -3.361179 5.852689 0.224312
v -3.356791 6.066358 0.359391
v -3.360276 6.066358 0.359179
v -3.361179 5.852689 0.224312
v -3.358054 5.852689 0.222754
v -3.353666 6.066358 0.357833
v -3.356791 6.066358 0.359391
v -3.358054 5.852689 0.222754
v -3.356127 5.852689 0.219842
v -3.351739 6.066358 0.354921
v -3.353666 6.066358 0.357833
v -3.356127 5.852689 0.219842
v -3.355915 5.852689 0.216357
v -3.351526 6.066358 0.351436
v -3.351739 6.066358 0.354921
v -3.355915 5.852689 0.216357
v -3.357473 5.852689 0.213233
v -3.353085 6.066358 0.348312
v -3.351526 6.066358 0.351436
v -3.357473 5.852689 0.213233
v -3.360384 5.852689 0.211306
v -3.355996 6.066358 0.346385
v -3.353085 6.066358 0.348312
v -3.360384 5.852689 0.211306
v -3.363869 5.852689 0.211093
v -3.359481 6.066358 0.346172
v -3.355996 6.066358 0.346385
v -3.403255 6.280027 0.469258
v -3.400131 6.280027 0.467699
v -3.405182 6.280027 0.472169
v -3.403255 6.280027 0.469258
v -3.405395 6.280027 0.475654
v -3.405182 6.280027 0.472169
v -3.403836 6.280027 0.478779
v -3.405395 6.280027 0.475654
v -3.400925 6.280027 0.480706
v -3.403836 6.280027 0.478779
v -3.397440 6.280027 0.480918
v -3.400925 6.280027 0.480706
v -3.394315 6.280027 0.479360
v -3.397440 6.280027 0.480918
v -3.392388 6.280027 0.476448
v -3.394315 6.280027 0.479360
v -3.392176 6.280027 0.472963
v -3.392388 6.280027 0.476448
v -3.393734 6.280027 0.469839
v -3.392176 6.280027 0.472963
v -3.396646 6.280027 0.467912
v -3.393734 6.280027 0.469839
v -3.400131 6.280027 0.467699
v -3.396646 6.280027 0.467912
v -3.306726 5.425352 0.084313
v -3.308258 5.425352 0.084390
v -3.330723 5.529848 0.075571
v -3.327235 5.529848 0.075397
v -3.308258 5.425352 0.084390
v -3.309546 5.425352 0.085221
v -3.333655 5.529848 0.077466
v -3.330723 5.529848 0.075571
v -3.309546 5.425352 0.085221
v -3.310245 5.425352 0.086586
v -3.335248 5.529848 0.080573
v -3.333655 5.529848 0.077466
v -3.310245 5.425352 0.086586
v -3.310169 5.425352 0.088117
v -3.335074 5.529848 0.084060
v -3.335248 5.529848 0.080573
v -3.310169 5.425352 0.088117
v -3.309337 5.425352 0.089406
v -3.333180 5.529848 0.086993
v -3.335074 5.529848 0.084060
v -3.309337 5.425352 0.089406
v -3.307972 5.425352 0.090105
v -3.330073 5.529848 0.088586
v -3.333180 5.529848 0.086993
v -3.307972 5.425352 0.090105
v -3.306441 5.425352 0.090029
v -3.326586 5.529848 0.088412
v -3.330073 5.529848 0.088586
v -3.306441 5.425352 0.090029
v -3.305153 5.425352 0.089197
v -3.323653 5.529848 0.086517
v -3.326586 5.529848 0.088412
v -3.305153 5.425352 0.089197
v -3.304453 5.425352 0.087832
v -3.322060 5.529848 0.083410
v -3.323653 5.529848 0.086517
v -3.304453 5.425352 0.087832
v -3.304530 5.425352 0.086301
v -3.322234 5.529848 0.079923
v -3.322060 5.529848 0.083410
v -3.304530 5.425352 0.086301
v -3.305362 5.425352 0.085013
v -3.324129 5.529848 0.076990
v -3.322234 5.529848 0.079923
v -3.305362 5.425352 0.085013
v -3.306726 5.425352 0.084313
v -3.327235 5.529848 0.075397
v -3.324129 5.529848 0.076990
v -3.308679 5.639020 0.100266
v -3.312166 5.639020 0.100440
v -3.390492 5.747612 0.127237
v -3.387005 5.747612 0.127063
v -3.312166 5.639020 0.100440
v -3.315099 5.639020 0.102334
v -3.393425 5.747612 0.129131
v -3.390492 5.747612 0.127237
v -3.315099 5.639020 0.102334
v -3.316692 5.639020 0.105441
v -3.395018 5.747612 0.132238
v -3.393425 5.747612 0.129131
v -3.316692 5.639020 0.105441
v -3.316518 5.639020 0.108928
v -3.394844 5.747612 0.135725
v -3.395018 5.747612 0.132238
v -3.316518 5.639020 0.108928
v -3.314623 5.639020 0.111861
v -3.392949 5.747612 0.138658
v -3.394844 5.747612 0.135725
v -3.314623 5.639020 0.111861
v -3.311517 5.639020 0.113454
v -3.389843 5.747612 0.140251
v -3.392949 5.747612 0.138658
v -3.311517 5.639020 0.113454
v -3.308029 5.639020 0.113280
v -3.386355 5.747612 0.140077
v -3.389843 5.747612 0.140251
v -3.308029 5.639020 0.113280
v -3.305096 5.639020 0.111386
v -3.383422 5.747612 0.138183
v -3.386355 5.747612 0.140077
v -3.305096 5.639020 0.111386
v -3.303504 5.639020 0.108279
v -3.381830 5.747612 0.135076
v -3.383422 5.747612 0.138183
v -3.303504 5.639020 0.108279
v -3.303678 5.639020 0.104792
v -3.382004 5.747612 0.131589
v -3.381830 5.747612 0.135076
v -3.303678 5.639020 0.104792
v -3.305572 5.639020 0.101859
v -3.383898 5.747612 0.128656
v -3.382004 5.747612 0.131589
v -3.305572 5.639020 0.101859
v -3.308679 5.639020 0.100266
v -3.387005 5.747612 0.127063
v -3.383898 5.747612 0.128656
v -3.363216 5.852689 0.209124
v -3.366703 5.852689 0.209298
v -3.474635 6.066358 0.283362
v -3.471148 6.066358 0.283188
v -3.366703 5.852689 0.209298
v -3.369636 5.852689 0.211192
v -3.477568 6.066358 0.285257
v -3.474635 6.066358 0.283362
v -3.369636 5.852689 0.211192
v -3.371229 5.852689 0.214299
v -3.479161 6.066358 0.288364
v -3.477568 6.066358 0.285257
v -3.371229 5.852689 0.214299
v -3.371055 5.852689 0.217786
v -3.478987 6.066358 0.291851
v -3.479161 6.066358 0.288364
v -3.371055 5.852689 0.217786
v -3.369160 5.852689 0.220719
v -3.477093 6.066358 0.294784
v -3.478987 6.066358 0.291851
v -3.369160 5.852689 0.220719
v -3.366054 5.852689 0.222312
v -3.473985 6.066358 0.296377
v -3.477093 6.066358 0.294784
v -3.366054 5.852689 0.222312
v -3.362566 5.852689 0.222138
v -3.470498 6.066358 0.296203
v -3.473985 6.066358 0.296377
v -3.362566 5.852689 0.222138
v -3.359633 5.852689 0.220244
v -3.467566 6.066358 0.294308
v -3.470498 6.066358 0.296203
v -3.359633 5.852689 0.220244
v -3.358041 5.852689 0.217137
v -3.465972 6.066358 0.291201
v -3.467566 6.066358 0.294308
v -3.358041 5.852689 0.217137
v -3.358215 5.852689 0.213650
v -3.466146 6.066358 0.287714
v -3.465972 6.066358 0.291201
v -3.358215 5.852689 0.213650
v -3.360109 5.852689 0.210717
v -3.468041 6.066358 0.284781
v -3.466146 6.066358 0.287714
v -3.360109 5.852689 0.210717
v -3.363216 5.852689 0.209124
v -3.471148 6.066358 0.283188
v -3.468041 6.066358 0.284781
v -3.560619 6.280027 0.378378
v -3.557132 6.280027 0.378204
v -3.563552 6.280027 0.380272
v -3.560619 6.280027 0.378378
v -3.565145 6.280027 0.383379
v -3.563552 6.280027 0.380272
v -3.564971 6.280027 0.386866
v -3.565145 6.280027 0.383379
v -3.563076 6.280027 0.389799
v -3.564971 6.280027 0.386866
v -3.559969 6.280027 0.391392
v -3.563076 6.280027 0.389799
v -3.556482 6.280027 0.391218
v -3.559969 6.280027 0.391392
v -3.553549 6.280027 0.389324
v -3.556482 6.280027 0.391218
v -3.551956 6.280027 0.386217
v -3.553549 6.280027 0.389324
v -3.552130 6.280027 0.382730
v -3.551956 6.280027 0.386217
v -3.554025 6.280027 0.379797
v -3.552130 6.280027 0.382730
v -3.557132 6.280027 0.378204
v -3.554025 6.280027 0.379797
v -3.329688 5.425352 0.058452
v -3.331158 5.425352 0.058016
v -3.329440 5.529848 0.074326
v -3.326093 5.529848 0.075320
v -3.331158 5.425352 0.058016
v -3.332649 5.425352 0.058373
v -3.332835 5.529848 0.075139
v -3.329440 5.529848 0.074326
v -3.332649 5.425352 0.058373
v -3.333762 5.425352 0.059428
v -3.335370 5.529848 0.077541
v -3.332835 5.529848 0.075139
v -3.333762 5.425352 0.059428
v -3.334199 5.425352 0.060898
v -3.336364 5.529848 0.080888
v -3.335370 5.529848 0.077541
v -3.334199 5.425352 0.060898
v -3.333842 5.425352 0.062389
v -3.335551 5.529848 0.084283
v -3.336364 5.529848 0.080888
v -3.333842 5.425352 0.062389
v -3.332787 5.425352 0.063502
v -3.333149 5.529848 0.086817
v -3.335551 5.529848 0.084283
v -3.332787 5.425352 0.063502
v -3.331317 5.425352 0.063938
v -3.329802 5.529848 0.087811
v -3.333149 5.529848 0.086817
v -3.331317 5.425352 0.063938
v -3.329826 5.425352 0.063581
v -3.326407 5.529848 0.086999
v -3.329802 5.529848 0.087811
v -3.329826 5.425352 0.063581
v -3.328713 5.425352 0.062527
v -3.323872 5.529848 0.084597
v -3.326407 5.529848 0.086999
v -3.328713 5.425352 0.062527
v -3.328276 5.425352 0.061057
v -3.322878 5.529848 0.081250
v -3.323872 5.529848 0.084597
v -3.328276 5.425352 0.061057
v -3.328633 5.425352 0.059565
v -3.323691 5.529848 0.077854
v -3.322878 5.529848 0.081250
v -3.328633 5.425352 0.059565
v -3.329688 5.425352 0.058452
v -3.326093 5.529848 0.075320
v -3.323691 5.529848 0.077854
v -3.345056 5.639020 0.051886
v -3.348403 5.639020 0.050892
v -3.390575 5.747612 0.125000
v -3.387228 5.747612 0.125994
v -3.348403 5.639020 0.050892
v -3.351799 5.639020 0.051705
v -3.393971 5.747612 0.125813
v -3.390575 5.747612 0.125000
v -3.351799 5.639020 0.051705
v -3.354333 5.639020 0.054106
v -3.396505 5.747612 0.128214
v -3.393971 5.747612 0.125813
v -3.354333 5.639020 0.054106
v -3.355327 5.639020 0.057453
v -3.397499 5.747612 0.131561
v -3.396505 5.747612 0.128214
v -3.355327 5.639020 0.057453
v -3.354514 5.639020 0.060849
v -3.396686 5.747612 0.134957
v -3.397499 5.747612 0.131561
v -3.354514 5.639020 0.060849
v -3.352112 5.639020 0.063383
v -3.394284 5.747612 0.137491
v -3.396686 5.747612 0.134957
v -3.352112 5.639020 0.063383
v -3.348765 5.639020 0.064377
v -3.390938 5.747612 0.138485
v -3.394284 5.747612 0.137491
v -3.348765 5.639020 0.064377
v -3.345370 5.639020 0.063564
v -3.387542 5.747612 0.137672
v -3.390938 5.747612 0.138485
v -3.345370 5.639020 0.063564
v -3.342835 5.639020 0.061163
v -3.385008 5.747612 0.135271
v -3.387542 5.747612 0.137672
v -3.342835 5.639020 0.061163
v -3.341841 5.639020 0.057816
v -3.384014 5.747612 0.131924
v -3.385008 5.747612 0.135271
v -3.341841 5.639020 0.057816
v -3.342654 5.639020 0.054420
v -3.384826 5.747612 0.128528
v -3.384014 5.747612 0.131924
v -3.342654 5.639020 0.054420
v -3.345056 5.639020 0.051886
v -3.387228 5.747612 0.125994
v -3.384826 5.747612 0.128528
v -3.478814 5.852689 0.073482
v -3.482161 5.852689 0.072488
v -3.552546 6.066358 0.190518
v -3.549199 6.066358 0.191511
v -3.482161 5.852689 0.072488
v -3.485556 5.852689 0.073301
v -3.555942 6.066358 0.191330
v -3.552546 6.066358 0.190518
v -3.485556 5.852689 0.073301
v -3.488091 5.852689 0.075703
v -3.558476 6.066358 0.193732
v -3.555942 6.066358 0.191330
v -3.488091 5.852689 0.075703
v -3.489084 5.852689 0.079050
v -3.559470 6.066358 0.197079
v -3.558476 6.066358 0.193732
v -3.489084 5.852689 0.079050
v -3.488272 5.852689 0.082445
v -3.558657 6.066358 0.200475
v -3.559470 6.066358 0.197079
v -3.488272 5.852689 0.082445
v -3.485870 5.852689 0.084980
v -3.556255 6.066358 0.203009
v -3.558657 6.066358 0.200475
v -3.485870 5.852689 0.084980
v -3.482523 5.852689 0.085974
v -3.552908 6.066358 0.204003
v -3.556255 6.066358 0.203009
v -3.482523 5.852689 0.085974
v -3.479127 5.852689 0.085161
v -3.549513 6.066358 0.203190
v -3.552908 6.066358 0.204003
v -3.479127 5.852689 0.085161
v -3.476593 5.852689 0.082759
v -3.546978 6.066358 0.200788
v -3.549513 6.066358 0.203190
v -3.476593 5.852689 0.082759
v -3.475599 5.852689 0.079412
v -3.545985 6.066358 0.197441
v -3.546978 6.066358 0.200788
v -3.475599 5.852689 0.079412
v -3.476412 5.852689 0.076017
v -3.546797 6.066358 0.194046
v -3.545985 6.066358 0.197441
v -3.476412 5.852689 0.076017
v -3.478814 5.852689 0.073482
v -3.549199 6.066358 0.191511
v -3.546797 6.066358 0.194046
v -3.665204 6.280027 0.251586
v -3.661857 6.280027 0.252580
v -3.668599 6.280027 0.252399
v -3.665204 6.280027 0.251586
v -3.671134 6.280027 0.254800
v -3.668599 6.280027 0.252399
v -3.672127 6.280027 0.258148
v -3.671134 6.280027 0.254800
v -3.671315 6.280027 0.261543
v -3.672127 6.280027 0.258148
v -3.668913 6.280027 0.264077
v -3.671315 6.280027 0.261543
v -3.665566 6.280027 0.265071
v -3.668913 6.280027 0.264077
v -3.662171 6.280027 0.264259
v -3.665566 6.280027 0.265071
v -3.659636 6.280027 0.261857
v -3.662171 6.280027 0.264259
v -3.658643 6.280027 0.258510
v -3.659636 6.280027 0.261857
v -3.659455 6.280027 0.255114
v -3.658643 6.280027 0.258510
v -3.661857 6.280027 0.252580
v -3.659455 6.280027 0.255114
v -3.347041 5.425352 0.012094
v -3.348368 5.425352 0.011326
v -3.347166 5.529848 -0.006330
v -3.344144 5.529848 -0.004583
v -3.348368 5.425352 0.011326
v -3.349902 5.425352 0.011326
v -3.350658 5.529848 -0.006332
v -3.347166 5.529848 -0.006330
v -3.349902 5.425352 0.011326
v -3.351230 5.425352 0.012092
v -3.353682 5.529848 -0.004588
v -3.350658 5.529848 -0.006332
v -3.351230 5.425352 0.012092
v -3.351998 5.425352 0.013419
v -3.355429 5.529848 -0.001565
v -3.353682 5.529848 -0.004588
v -3.351998 5.425352 0.013419
v -3.351999 5.425352 0.014952
v -3.355431 5.529848 0.001926
v -3.355429 5.529848 -0.001565
v -3.351999 5.425352 0.014952
v -3.351233 5.425352 0.016281
v -3.353687 5.529848 0.004951
v -3.355431 5.529848 0.001926
v -3.351233 5.425352 0.016281
v -3.349905 5.425352 0.017048
v -3.350664 5.529848 0.006698
v -3.353687 5.529848 0.004951
v -3.349905 5.425352 0.017048
v -3.348372 5.425352 0.017049
v -3.347173 5.529848 0.006700
v -3.350664 5.529848 0.006698
v -3.348372 5.425352 0.017049
v -3.347043 5.425352 0.016283
v -3.344148 5.529848 0.004956
v -3.347173 5.529848 0.006700
v -3.347043 5.425352 0.016283
v -3.346276 5.425352 0.014955
v -3.342401 5.529848 0.001933
v -3.344148 5.529848 0.004956
v -3.346276 5.425352 0.014955
v -3.346275 5.425352 0.013422
v -3.342399 5.529848 -0.001558
v -3.342401 5.529848 0.001933
v -3.346275 5.425352 0.013422
v -3.347041 5.425352 0.012094
v -3.344144 5.529848 -0.004583
v -3.342399 5.529848 -0.001558
v -3.344336 5.639020 0.052204
v -3.347358 5.639020 0.050457
v -3.436193 5.747612 -0.006680
v -3.433171 5.747612 -0.004933
v -3.347358 5.639020 0.050457
v -3.350850 5.639020 0.050455
v -3.439685 5.747612 -0.006682
v -3.436193 5.747612 -0.006680
v -3.350850 5.639020 0.050455
v -3.353875 5.639020 0.052199
v -3.442710 5.747612 -0.004938
v -3.439685 5.747612 -0.006682
v -3.353875 5.639020 0.052199
v -3.355622 5.639020 0.055222
v -3.444457 5.747612 -0.001915
v -3.442710 5.747612 -0.004938
v -3.355622 5.639020 0.055222
v -3.355624 5.639020 0.058714
v -3.444459 5.747612 0.001577
v -3.444457 5.747612 -0.001915
v -3.355624 5.639020 0.058714
v -3.353879 5.639020 0.061738
v -3.442715 5.747612 0.004601
v -3.444459 5.747612 0.001577
v -3.353879 5.639020 0.061738
v -3.350857 5.639020 0.063486
v -3.439692 5.747612 0.006349
v -3.442715 5.747612 0.004601
v -3.350857 5.639020 0.063486
v -3.347365 5.639020 0.063487
v -3.436200 5.747612 0.006350
v -3.439692 5.747612 0.006349
v -3.347365 5.639020 0.063487
v -3.344341 5.639020 0.061743
v -3.433176 5.747612 0.004606
v -3.436200 5.747612 0.006350
v -3.344341 5.639020 0.061743
v -3.342593 5.639020 0.058720
v -3.431428 5.747612 0.001583
v -3.433176 5.747612 0.004606
v -3.342593 5.639020 0.058720
v -3.342592 5.639020 0.055229
v -3.431427 5.747612 -0.001908
v -3.431428 5.747612 0.001583
v -3.342592 5.639020 0.055229
v -3.344336 5.639020 0.052204
v -3.433171 5.747612 -0.004933
v -3.431427 5.747612 -0.001908
v -3.478381 5.852689 0.074849
v -3.481404 5.852689 0.073102
v -3.602493 6.066358 0.057191
v -3.599470 6.066358 0.058939
v -3.481404 5.852689 0.073102
v -3.484896 5.852689 0.073100
v -3.605984 6.066358 0.057190
v -3.602493 6.066358 0.057191
v -3.484896 5.852689 0.073100
v -3.487920 5.852689 0.074844
v -3.609009 6.066358 0.058934
v -3.605984 6.066358 0.057190
v -3.487920 5.852689 0.074844
v -3.489668 5.852689 0.077867
v -3.610756 6.066358 0.061957
v -3.609009 6.066358 0.058934
v -3.489668 5.852689 0.077867
v -3.489670 5.852689 0.081359
v -3.610758 6.066358 0.065448
v -3.610756 6.066358 0.061957
v -3.489670 5.852689 0.081359
v -3.487925 5.852689 0.084383
v -3.609014 6.066358 0.068473
v -3.610758 6.066358 0.065448
v -3.487925 5.852689 0.084383
v -3.484903 5.852689 0.086131
v -3.605991 6.066358 0.070220
v -3.609014 6.066358 0.068473
v -3.484903 5.852689 0.086131
v -3.481411 5.852689 0.086133
v -3.602500 6.066358 0.070222
v -3.605991 6.066358 0.070220
v -3.481411 5.852689 0.086133
v -3.478386 5.852689 0.084388
v -3.599475 6.066358 0.068478
v -3.602500 6.066358 0.070222
v -3.478386 5.852689 0.084388
v -3.476639 5.852689 0.081366
v -3.597728 6.066358 0.065455
v -3.599475 6.066358 0.068478
v -3.476639 5.852689 0.081366
v -3.476637 5.852689 0.077874
v -3.597726 6.066358 0.061963
v -3.597728 6.066358 0.065455
v -3.476637 5.852689 0.077874
v -3.478381 5.852689 0.074849
v -3.599470 6.066358 0.058939
v -3.597726 6.066358 0.061963
v -3.726289 6.280027 0.090294
v -3.723266 6.280027 0.092041
v -3.729780 6.280027 0.090292
v -3.726289 6.280027 0.090294
v -3.732805 6.280027 0.092036
v -3.729780 6.280027 0.090292
v -3.734552 6.280027 0.095059
v -3.732805 6.280027 0.092036
v -3.734554 6.280027 0.098550
v -3.734552 6.280027 0.095059
v -3.732810 6.280027 0.101575
v -3.734554 6.280027 0.098550
v -3.729787 6.280027 0.103322
v -3.732810 6.280027 0.101575
v -3.726295 6.280027 0.103324
v -3.729787 6.280027 0.103322
v -3.723271 6.280027 0.101580
v -3.726295 6.280027 0.103324
v -3.721524 6.280027 0.098557
v -3.723271 6.280027 0.101580
v -3.721522 6.280027 0.095065
v -3.721524 6.280027 0.098557
v -3.723266 6.280027 0.092041
v -3.721522 6.280027 0.095065
v -3.139765 5.425352 -0.013839
v -3.153198 5.529848 -0.036505
v -3.151484 5.529848 -0.039547
v -3.139011 5.425352 -0.015175
v -3.139011 5.425352 -0.015175
v -3.151484 5.529848 -0.039547
v -3.148478 5.529848 -0.041323
v -3.137691 5.425352 -0.015955
v -3.137691 5.425352 -0.015955
v -3.148478 5.529848 -0.041323
v -3.144987 5.529848 -0.041359
v -3.136158 5.425352 -0.015971
v -3.136158 5.425352 -0.015971
v -3.144987 5.529848 -0.041359
v -3.141946 5.529848 -0.039645
v -3.134822 5.425352 -0.015218
v -3.134822 5.425352 -0.015218
v -3.141946 5.529848 -0.039645
v -3.140169 5.529848 -0.036639
v -3.134042 5.425352 -0.013898
v -3.134042 5.425352 -0.013898
v -3.140169 5.529848 -0.036639
v -3.140133 5.529848 -0.033148
v -3.134026 5.425352 -0.012365
v -3.134026 5.425352 -0.012365
v -3.140133 5.529848 -0.033148
v -3.141847 5.529848 -0.030106
v -3.134779 5.425352 -0.011029
v -3.134779 5.425352 -0.011029
v -3.141847 5.529848 -0.030106
v -3.144853 5.529848 -0.028329
v -3.136099 5.425352 -0.010249
v -3.136099 5.425352 -0.010249
v -3.144853 5.529848 -0.028329
v -3.148344 5.529848 -0.028294
v -3.137632 5.425352 -0.010233
v -3.137632 5.425352 -0.010233
v -3.148344 5.529848 -0.028294
v -3.151386 5.529848 -0.030008
v -3.138968 5.425352 -0.010986
v -3.138968 5.425352 -0.010986
v -3.151386 5.529848 -0.030008
v -3.153163 5.529848 -0.033014
v -3.139749 5.425352 -0.012306
v -3.139749 5.425352 -0.012306
v -3.153163 5.529848 -0.033014
v -3.153198 5.529848 -0.036505
v -3.139765 5.425352 -0.013839
v -3.139843 5.639020 -0.002743
v -3.084033 5.747612 -0.056234
v -3.082318 5.747612 -0.059275
v -3.138129 5.639020 -0.005784
v -3.138129 5.639020 -0.005784
v -3.082318 5.747612 -0.059275
v -3.079313 5.747612 -0.061052
v -3.135123 5.639020 -0.007561
v -3.135123 5.639020 -0.007561
v -3.079313 5.747612 -0.061052
v -3.075821 5.747612 -0.061088
v -3.131632 5.639020 -0.007597
v -3.131632 5.639020 -0.007597
v -3.075821 5.747612 -0.061088
v -3.072780 5.747612 -0.059373
v -3.128590 5.639020 -0.005882
v -3.128590 5.639020 -0.005882
v -3.072780 5.747612 -0.059373
v -3.071003 5.747612 -0.056368
v -3.126813 5.639020 -0.002877
v -3.126813 5.639020 -0.002877
v -3.071003 5.747612 -0.056368
v -3.070967 5.747612 -0.052876
v -3.126778 5.639020 0.000615
v -3.126778 5.639020 0.000615
v -3.070967 5.747612 -0.052876
v -3.072682 5.747612 -0.049835
v -3.128492 5.639020 0.003656
v -3.128492 5.639020 0.003656
v -3.072682 5.747612 -0.049835
v -3.075688 5.747612 -0.048058
v -3.131498 5.639020 0.005433
v -3.131498 5.639020 0.005433
v -3.075688 5.747612 -0.048058
v -3.079179 5.747612 -0.048022
v -3.134989 5.639020 0.005469
v -3.134989 5.639020 0.005469
v -3.079179 5.747612 -0.048022
v -3.082220 5.747612 -0.049737
v -3.138031 5.639020 0.003754
v -3.138031 5.639020 0.003754
v -3.082220 5.747612 -0.049737
v -3.083997 5.747612 -0.052743
v -3.139807 5.639020 0.000748
v -3.139807 5.639020 0.000748
v -3.083997 5.747612 -0.052743
v -3.084033 5.747612 -0.056234
v -3.139843 5.639020 -0.002743
v -3.013396 5.852689 -0.002307
v -2.888684 6.066358 -0.064202
v -2.886969 6.066358 -0.067243
v -3.011682 5.852689 -0.005348
v -3.011682 5.852689 -0.005348
v -2.886969 6.066358 -0.067243
v -2.883964 6.066358 -0.069020
v -3.008676 5.852689 -0.007125
v -3.008676 5.852689 -0.007125
v -2.883964 6.066358 -0.069020
v -2.880472 6.066358 -0.069056
v -3.005185 5.852689 -0.007161
v -3.005185 5.852689 -0.007161
v -2.880472 6.066358 -0.069056
v -2.877431 6.066358 -0.067341
v -3.002143 5.852689 -0.005446
v -3.002143 5.852689 -0.005446
v -2.877431 6.066358 -0.067341
v -2.875654 6.066358 -0.064335
v -3.000366 5.852689 -0.002440
v -3.000366 5.852689 -0.002440
v -2.875654 6.066358 -0.064335
v -2.875618 6.066358 -0.060844
v -3.000330 5.852689 0.001051
v -3.000330 5.852689 0.001051
v -2.875618 6.066358 -0.060844
v -2.877333 6.066358 -0.057803
v -3.002045 5.852689 0.004092
v -3.002045 5.852689 0.004092
v -2.877333 6.066358 -0.057803
v -2.880339 6.066358 -0.056026
v -3.005051 5.852689 0.005869
v -3.005051 5.852689 0.005869
v -2.880339 6.066358 -0.056026
v -2.883830 6.066358 -0.055990
v -3.008542 5.852689 0.005905
v -3.008542 5.852689 0.005905
v -2.883830 6.066358 -0.055990
v -2.886871 6.066358 -0.057705
v -3.011584 5.852689 0.004190
v -3.011584 5.852689 0.004190
v -2.886871 6.066358 -0.057705
v -2.888648 6.066358 -0.060710
v -3.013360 5.852689 0.001185
v -3.013360 5.852689 0.001185
v -2.888648 6.066358 -0.060710
v -2.888684 6.066358 -0.064202
v -3.013396 5.852689 -0.002307
v -2.765252 6.280027 -0.098637
v -2.763538 6.280027 -0.101679
v -2.763538 6.280027 -0.101679
v -2.760532 6.280027 -0.103456
v -2.760532 6.280027 -0.103456
v -2.757041 6.280027 -0.103491
v -2.757041 6.280027 -0.103491
v -2.753999 6.280027 -0.101777
v -2.753999 6.280027 -0.101777
v -2.752223 6.280027 -0.098771
v -2.752223 6.280027 -0.098771
v -2.752187 6.280027 -0.095280
v -2.752187 6.280027 -0.095280
v -2.753901 6.280027 -0.092238
v -2.753901 6.280027 -0.092238
v -2.756907 6.280027 -0.090462
v -2.756907 6.280027 -0.090462
v -2.760398 6.280027 -0.090426
v -2.760398 6.280027 -0.090426
v -2.763440 6.280027 -0.092140
v -2.763440 6.280027 -0.092140
v -2.765217 6.280027 -0.095146
v -2.765217 6.280027 -0.095146
v -2.765252 6.280027 -0.098637
v -3.158105 5.425352 -0.059109
v -3.152740 5.529848 -0.033732
v -3.151816 5.529848 -0.037099
v -3.157699 5.425352 -0.060588
v -3.157699 5.425352 -0.060588
v -3.151816 5.529848 -0.037099
v -3.149332 5.529848 -0.039553
v -3.156608 5.425352 -0.061666
v -3.156608 5.425352 -0.061666
v -3.149332 5.529848 -0.039553
v -3.145954 5.529848 -0.040435
v -3.155124 5.425352 -0.062053
v -3.155124 5.425352 -0.062053
v -3.145954 5.529848 -0.040435
v -3.142587 5.529848 -0.039511
v -3.153645 5.425352 -0.061647
v -3.153645 5.425352 -0.061647
v -3.142587 5.529848 -0.039511
v -3.140134 5.529848 -0.037027
v -3.152568 5.425352 -0.060556
v -3.152568 5.425352 -0.060556
v -3.140134 5.529848 -0.037027
v -3.139251 5.529848 -0.033649
v -3.152180 5.425352 -0.059073
v -3.152180 5.425352 -0.059073
v -3.139251 5.529848 -0.033649
v -3.140175 5.529848 -0.030282
v -3.152586 5.425352 -0.057594
v -3.152586 5.425352 -0.057594
v -3.140175 5.529848 -0.030282
v -3.142659 5.529848 -0.027828
v -3.153677 5.425352 -0.056517
v -3.153677 5.425352 -0.056517
v -3.142659 5.529848 -0.027828
v -3.146038 5.529848 -0.026946
v -3.155161 5.425352 -0.056129
v -3.155161 5.425352 -0.056129
v -3.146038 5.529848 -0.026946
v -3.149404 5.529848 -0.027870
v -3.156639 5.425352 -0.056535
v -3.156639 5.425352 -0.056535
v -3.149404 5.529848 -0.027870
v -3.151858 5.529848 -0.030354
v -3.157717 5.425352 -0.057626
v -3.157717 5.425352 -0.057626
v -3.151858 5.529848 -0.030354
v -3.152740 5.529848 -0.033732
v -3.158105 5.425352 -0.059109
v -3.162080 5.639020 -0.059592
v -3.085540 5.747612 -0.057570
v -3.084615 5.747612 -0.060937
v -3.161155 5.639020 -0.062959
v -3.161155 5.639020 -0.062959
v -3.084615 5.747612 -0.060937
v -3.082131 5.747612 -0.063390
v -3.158671 5.639020 -0.065413
v -3.158671 5.639020 -0.065413
v -3.082131 5.747612 -0.063390
v -3.078753 5.747612 -0.064273
v -3.155293 5.639020 -0.066296
v -3.155293 5.639020 -0.066296
v -3.078753 5.747612 -0.064273
v -3.075386 5.747612 -0.063348
v -3.151926 5.639020 -0.065371
v -3.151926 5.639020 -0.065371
v -3.075386 5.747612 -0.063348
v -3.072933 5.747612 -0.060864
v -3.149473 5.639020 -0.062887
v -3.149473 5.639020 -0.062887
v -3.072933 5.747612 -0.060864
v -3.072050 5.747612 -0.057486
v -3.148590 5.639020 -0.059509
v -3.148590 5.639020 -0.059509
v -3.072050 5.747612 -0.057486
v -3.072974 5.747612 -0.054120
v -3.149514 5.639020 -0.056142
v -3.149514 5.639020 -0.056142
v -3.072974 5.747612 -0.054120
v -3.075458 5.747612 -0.051666
v -3.151998 5.639020 -0.053689
v -3.151998 5.639020 -0.053689
v -3.075458 5.747612 -0.051666
v -3.078836 5.747612 -0.050783
v -3.155376 5.639020 -0.052806
v -3.155376 5.639020 -0.052806
v -3.078836 5.747612 -0.050783
v -3.082203 5.747612 -0.051708
v -3.158743 5.639020 -0.053730
v -3.158743 5.639020 -0.053730
v -3.082203 5.747612 -0.051708
v -3.084656 5.747612 -0.054192
v -3.161197 5.639020 -0.056214
v -3.161197 5.639020 -0.056214
v -3.084656 5.747612 -0.054192
v -3.085540 5.747612 -0.057570
v -3.162080 5.639020 -0.059592
v -3.077420 5.852689 -0.153043
v -2.942095 6.066358 -0.195246
v -2.941170 6.066358 -0.198613
v -3.076496 5.852689 -0.156410
v -3.076496 5.852689 -0.156410
v -2.941170 6.066358 -0.198613
v -2.938686 6.066358 -0.201067
v -3.074012 5.852689 -0.158864
v -3.074012 5.852689 -0.158864
v -2.938686 6.066358 -0.201067
v -2.935308 6.066358 -0.201950
v -3.070634 5.852689 -0.159747
v -3.070634 5.852689 -0.159747
v -2.935308 6.066358 -0.201950
v -2.931942 6.066358 -0.201025
v -3.067267 5.852689 -0.158822
v -3.067267 5.852689 -0.158822
v -2.931942 6.066358 -0.201025
v -2.929488 6.066358 -0.198541
v -3.064814 5.852689 -0.156338
v -3.064814 5.852689 -0.156338
v -2.929488 6.066358 -0.198541
v -2.928605 6.066358 -0.195163
v -3.063931 5.852689 -0.152960
v -3.063931 5.852689 -0.152960
v -2.928605 6.066358 -0.195163
v -2.929530 6.066358 -0.191796
v -3.064855 5.852689 -0.149593
v -3.064855 5.852689 -0.149593
v -2.929530 6.066358 -0.191796
v -2.932014 6.066358 -0.189343
v -3.067339 5.852689 -0.147140
v -3.067339 5.852689 -0.147140
v -2.932014 6.066358 -0.189343
v -2.935392 6.066358 -0.188460
v -3.070717 5.852689 -0.146257
v -3.070717 5.852689 -0.146257
v -2.935392 6.066358 -0.188460
v -2.938759 6.066358 -0.189384
v -3.074084 5.852689 -0.147181
v -3.074084 5.852689 -0.147181
v -2.938759 6.066358 -0.189384
v -2.941212 6.066358 -0.191868
v -3.076538 5.852689 -0.149665
v -3.076538 5.852689 -0.149665
v -2.941212 6.066358 -0.191868
v -2.942095 6.066358 -0.195246
v -3.077420 5.852689 -0.153043
v -2.830724 6.280027 -0.258632
v -2.829800 6.280027 -0.261999
v -2.829800 6.280027 -0.261999
v -2.827316 6.280027 -0.264453
v -2.827316 6.280027 -0.264453
v -2.823938 6.280027 -0.265336
v -2.823938 6.280027 -0.265336
v -2.820571 6.280027 -0.264411
v -2.820571 6.280027 -0.264411
v -2.818118 6.280027 -0.261927
v -2.818118 6.280027 -0.261927
v -2.817235 6.280027 -0.258549
v -2.817235 6.280027 -0.258549
v -2.818159 6.280027 -0.255182
v -2.818159 6.280027 -0.255182
v -2.820643 6.280027 -0.252729
v -2.820643 6.280027 -0.252729
v -2.824021 6.280027 -0.251846
v -2.824021 6.280027 -0.251846
v -2.827388 6.280027 -0.252770
v -2.827388 6.280027 -0.252770
v -2.829842 6.280027 -0.255254
v -2.829842 6.280027 -0.255254
v -2.830724 6.280027 -0.258632
v -3.178110 5.425352 -0.082159
v -3.195629 5.529848 -0.076110
v -3.196008 5.529848 -0.079581
v -3.178277 5.425352 -0.083684
v -3.178277 5.425352 -0.083684
v -3.196008 5.529848 -0.079581
v -3.194600 5.529848 -0.082776
v -3.177658 5.425352 -0.085087
v -3.177658 5.425352 -0.085087
v -3.194600 5.529848 -0.082776
v -3.191784 5.529848 -0.084839
v -3.176421 5.425352 -0.085993
v -3.176421 5.425352 -0.085993
v -3.191784 5.529848 -0.084839
v -3.188313 5.529848 -0.085218
v -3.174897 5.425352 -0.086160
v -3.174897 5.425352 -0.086160
v -3.188313 5.529848 -0.085218
v -3.185117 5.529848 -0.083810
v -3.173494 5.425352 -0.085541
v -3.173494 5.425352 -0.085541
v -3.185117 5.529848 -0.083810
v -3.183054 5.529848 -0.080993
v -3.172587 5.425352 -0.084304
v -3.172587 5.425352 -0.084304
v -3.183054 5.529848 -0.080993
v -3.182676 5.529848 -0.077522
v -3.172421 5.425352 -0.082780
v -3.172421 5.425352 -0.082780
v -3.182676 5.529848 -0.077522
v -3.184083 5.529848 -0.074327
v -3.173039 5.425352 -0.081377
v -3.173039 5.425352 -0.081377
v -3.184083 5.529848 -0.074327
v -3.186900 5.529848 -0.072264
v -3.174276 5.425352 -0.080471
v -3.174276 5.425352 -0.080471
v -3.186900 5.529848 -0.072264
v -3.190371 5.529848 -0.071885
v -3.175801 5.425352 -0.080304
v -3.175801 5.425352 -0.080304
v -3.190371 5.529848 -0.071885
v -3.193566 5.529848 -0.073293
v -3.177204 5.425352 -0.080922
v -3.177204 5.425352 -0.080922
v -3.193566 5.529848 -0.073293
v -3.195629 5.529848 -0.076110
v -3.178110 5.425352 -0.082159
v -3.161108 5.639020 -0.056480
v -3.158688 5.747612 -0.138029
v -3.159066 5.747612 -0.141499
v -3.161487 5.639020 -0.059951
v -3.161487 5.639020 -0.059951
v -3.159066 5.747612 -0.141499
v -3.157659 5.747612 -0.144695
v -3.160079 5.639020 -0.063146
v -3.160079 5.639020 -0.063146
v -3.157659 5.747612 -0.144695
v -3.154842 5.747612 -0.146758
v -3.157263 5.639020 -0.065210
v -3.157263 5.639020 -0.065210
v -3.154842 5.747612 -0.146758
v -3.151371 5.747612 -0.147136
v -3.153792 5.639020 -0.065588
v -3.153792 5.639020 -0.065588
v -3.151371 5.747612 -0.147136
v -3.148176 5.747612 -0.145729
v -3.150597 5.639020 -0.064181
v -3.150597 5.639020 -0.064181
v -3.148176 5.747612 -0.145729
v -3.146112 5.747612 -0.142912
v -3.148533 5.639020 -0.061364
v -3.148533 5.639020 -0.061364
v -3.146112 5.747612 -0.142912
v -3.145734 5.747612 -0.139441
v -3.148155 5.639020 -0.057893
v -3.148155 5.639020 -0.057893
v -3.145734 5.747612 -0.139441
v -3.147141 5.747612 -0.136246
v -3.149563 5.639020 -0.054698
v -3.149563 5.639020 -0.054698
v -3.147141 5.747612 -0.136246
v -3.149958 5.747612 -0.134183
v -3.152379 5.639020 -0.052635
v -3.152379 5.639020 -0.052635
v -3.149958 5.747612 -0.134183
v -3.153429 5.747612 -0.133804
v -3.155850 5.639020 -0.052256
v -3.155850 5.639020 -0.052256
v -3.153429 5.747612 -0.133804
v -3.156624 5.747612 -0.135212
v -3.159045 5.639020 -0.053664
v -3.159045 5.639020 -0.053664
v -3.156624 5.747612 -0.135212
v -3.158688 5.747612 -0.138029
v -3.161108 5.639020 -0.056480
v -3.077494 5.852689 -0.151796
v -3.017707 6.066358 -0.283006
v -3.018085 6.066358 -0.286477
v -3.077872 5.852689 -0.155267
v -3.077872 5.852689 -0.155267
v -3.018085 6.066358 -0.286477
v -3.016677 6.066358 -0.289672
v -3.076465 5.852689 -0.158462
v -3.076465 5.852689 -0.158462
v -3.016677 6.066358 -0.289672
v -3.013861 6.066358 -0.291735
v -3.073648 5.852689 -0.160525
v -3.073648 5.852689 -0.160525
v -3.013861 6.066358 -0.291735
v -3.010390 6.066358 -0.292114
v -3.070177 5.852689 -0.160904
v -3.070177 5.852689 -0.160904
v -3.010390 6.066358 -0.292114
v -3.007195 6.066358 -0.290706
v -3.066982 5.852689 -0.159496
v -3.066982 5.852689 -0.159496
v -3.007195 6.066358 -0.290706
v -3.005131 6.066358 -0.287890
v -3.064919 5.852689 -0.156680
v -3.064919 5.852689 -0.156680
v -3.005131 6.066358 -0.287890
v -3.004753 6.066358 -0.284419
v -3.064540 5.852689 -0.153209
v -3.064540 5.852689 -0.153209
v -3.004753 6.066358 -0.284419
v -3.006160 6.066358 -0.281224
v -3.065948 5.852689 -0.150014
v -3.065948 5.852689 -0.150014
v -3.006160 6.066358 -0.281224
v -3.008977 6.066358 -0.279160
v -3.068764 5.852689 -0.147950
v -3.068764 5.852689 -0.147950
v -3.008977 6.066358 -0.279160
v -3.012448 6.066358 -0.278782
v -3.072235 5.852689 -0.147572
v -3.072235 5.852689 -0.147572
v -3.012448 6.066358 -0.278782
v -3.015643 6.066358 -0.280189
v -3.075430 5.852689 -0.148979
v -3.075430 5.852689 -0.148979
v -3.015643 6.066358 -0.280189
v -3.017707 6.066358 -0.283006
v -3.077494 5.852689 -0.151796
v -2.937453 6.280027 -0.382908
v -2.937832 6.280027 -0.386379
v -2.937832 6.280027 -0.386379
v -2.936424 6.280027 -0.389575
v -2.936424 6.280027 -0.389575
v -2.933607 6.280027 -0.391638
v -2.933607 6.280027 -0.391638
v -2.930136 6.280027 -0.392016
v -2.930136 6.280027 -0.392016
v -2.926941 6.280027 -0.390609
v -2.926941 6.280027 -0.390609
v -2.924878 6.280027 -0.387792
v -2.924878 6.280027 -0.387792
v -2.924499 6.280027 -0.384321
v -2.924499 6.280027 -0.384321
v -2.925907 6.280027 -0.381126
v -2.925907 6.280027 -0.381126
v -2.928724 6.280027 -0.379063
v -2.928724 6.280027 -0.379063
v -2.932194 6.280027 -0.378684
v -2.932194 6.280027 -0.378684
v -2.935390 6.280027 -0.380092
v -2.935390 6.280027 -0.380092
v -2.937453 6.280027 -0.382908
v -3.206496 5.425352 -0.101104
v -3.194330 5.529848 -0.074025
v -3.195939 5.529848 -0.077124
v -3.207203 5.425352 -0.102465
v -3.207203 5.425352 -0.102465
v -3.195939 5.529848 -0.077124
v -3.195783 5.529848 -0.080612
v -3.207134 5.425352 -0.103997
v -3.207134 5.425352 -0.103997
v -3.195783 5.529848 -0.080612
v -3.193904 5.529848 -0.083555
v -3.206309 5.425352 -0.105289
v -3.206309 5.425352 -0.105289
v -3.193904 5.529848 -0.083555
v -3.190805 5.529848 -0.085163
v -3.204948 5.425352 -0.105996
v -3.204948 5.425352 -0.105996
v -3.190805 5.529848 -0.085163
v -3.187317 5.529848 -0.085007
v -3.203416 5.425352 -0.105928
v -3.203416 5.425352 -0.105928
v -3.187317 5.529848 -0.085007
v -3.184375 5.529848 -0.083128
v -3.202124 5.425352 -0.105102
v -3.202124 5.425352 -0.105102
v -3.184375 5.529848 -0.083128
v -3.182766 5.529848 -0.080030
v -3.201417 5.425352 -0.103741
v -3.201417 5.425352 -0.103741
v -3.182766 5.529848 -0.080030
v -3.182921 5.529848 -0.076542
v -3.201486 5.425352 -0.102210
v -3.201486 5.425352 -0.102210
v -3.182921 5.529848 -0.076542
v -3.184800 5.529848 -0.073599
v -3.202311 5.425352 -0.100917
v -3.202311 5.425352 -0.100917
v -3.184800 5.529848 -0.073599
v -3.187899 5.529848 -0.071990
v -3.203672 5.425352 -0.100211
v -3.203672 5.425352 -0.100211
v -3.187899 5.529848 -0.071990
v -3.191387 5.529848 -0.072146
v -3.205204 5.425352 -0.100279
v -3.205204 5.425352 -0.100279
v -3.191387 5.529848 -0.072146
v -3.194330 5.529848 -0.074025
v -3.206496 5.425352 -0.101104
v -3.227657 5.639020 -0.094271
v -3.160685 5.747612 -0.138024
v -3.162294 5.747612 -0.141123
v -3.229266 5.639020 -0.097370
v -3.229266 5.639020 -0.097370
v -3.162294 5.747612 -0.141123
v -3.162138 5.747612 -0.144611
v -3.229110 5.639020 -0.100858
v -3.229110 5.639020 -0.100858
v -3.162138 5.747612 -0.144611
v -3.160259 5.747612 -0.147554
v -3.227231 5.639020 -0.103801
v -3.227231 5.639020 -0.103801
v -3.160259 5.747612 -0.147554
v -3.157161 5.747612 -0.149163
v -3.224132 5.639020 -0.105410
v -3.224132 5.639020 -0.105410
v -3.157161 5.747612 -0.149163
v -3.153673 5.747612 -0.149007
v -3.220644 5.639020 -0.105254
v -3.220644 5.639020 -0.105254
v -3.153673 5.747612 -0.149007
v -3.150730 5.747612 -0.147128
v -3.217701 5.639020 -0.103375
v -3.217701 5.639020 -0.103375
v -3.150730 5.747612 -0.147128
v -3.149121 5.747612 -0.144029
v -3.216093 5.639020 -0.100276
v -3.216093 5.639020 -0.100276
v -3.149121 5.747612 -0.144029
v -3.149277 5.747612 -0.140541
v -3.216249 5.639020 -0.096788
v -3.216249 5.639020 -0.096788
v -3.149277 5.747612 -0.140541
v -3.151156 5.747612 -0.137598
v -3.218127 5.639020 -0.093845
v -3.218127 5.639020 -0.093845
v -3.151156 5.747612 -0.137598
v -3.154255 5.747612 -0.135989
v -3.221226 5.639020 -0.092236
v -3.221226 5.639020 -0.092236
v -3.154255 5.747612 -0.135989
v -3.157743 5.747612 -0.136145
v -3.224714 5.639020 -0.092392
v -3.224714 5.639020 -0.092392
v -3.157743 5.747612 -0.136145
v -3.160685 5.747612 -0.138024
v -3.227657 5.639020 -0.094271
v -3.206333 5.852689 -0.218680
v -3.122519 6.066358 -0.347657
v -3.124127 6.066358 -0.350755
v -3.207942 5.852689 -0.221778
v -3.207942 5.852689 -0.221778
v -3.124127 6.066358 -0.350755
v -3.123971 6.066358 -0.354243
v -3.207786 5.852689 -0.225266
v -3.207786 5.852689 -0.225266
v -3.123971 6.066358 -0.354243
v -3.122092 6.066358 -0.357186
v -3.205907 5.852689 -0.228209
v -3.205907 5.852689 -0.228209
v -3.122092 6.066358 -0.357186
v -3.118994 6.066358 -0.358795
v -3.202808 5.852689 -0.229818
v -3.202808 5.852689 -0.229818
v -3.118994 6.066358 -0.358795
v -3.115506 6.066358 -0.358639
v -3.199320 5.852689 -0.229662
v -3.199320 5.852689 -0.229662
v -3.115506 6.066358 -0.358639
v -3.112563 6.066358 -0.356760
v -3.196377 5.852689 -0.227783
v -3.196377 5.852689 -0.227783
v -3.112563 6.066358 -0.356760
v -3.110954 6.066358 -0.353661
v -3.194768 5.852689 -0.224684
v -3.194768 5.852689 -0.224684
v -3.110954 6.066358 -0.353661
v -3.111110 6.066358 -0.350173
v -3.194924 5.852689 -0.221196
v -3.194924 5.852689 -0.221196
v -3.111110 6.066358 -0.350173
v -3.112989 6.066358 -0.347231
v -3.196803 5.852689 -0.218254
v -3.196803 5.852689 -0.218254
v -3.112989 6.066358 -0.347231
v -3.116088 6.066358 -0.345622
v -3.199902 5.852689 -0.216645
v -3.199902 5.852689 -0.216645
v -3.116088 6.066358 -0.345622
v -3.119576 6.066358 -0.345778
v -3.203390 5.852689 -0.216801
v -3.203390 5.852689 -0.216801
v -3.119576 6.066358 -0.345778
v -3.122519 6.066358 -0.347657
v -3.206333 5.852689 -0.218680
v -3.083856 6.280027 -0.469830
v -3.085465 6.280027 -0.472929
v -3.085465 6.280027 -0.472929
v -3.085309 6.280027 -0.476417
v -3.085309 6.280027 -0.476417
v -3.083430 6.280027 -0.479360
v -3.083430 6.280027 -0.479360
v -3.080332 6.280027 -0.480969
v -3.080332 6.280027 -0.480969
v -3.076844 6.280027 -0.480813
v -3.076844 6.280027 -0.480813
v -3.073901 6.280027 -0.478934
v -3.073901 6.280027 -0.478934
v -3.072292 6.280027 -0.475835
v -3.072292 6.280027 -0.475835
v -3.072448 6.280027 -0.472347
v -3.072448 6.280027 -0.472347
v -3.074327 6.280027 -0.469404
v -3.074327 6.280027 -0.469404
v -3.077426 6.280027 -0.467795
v -3.077426 6.280027 -0.467795
v -3.080914 6.280027 -0.467951
v -3.080914 6.280027 -0.467951
v -3.083856 6.280027 -0.469830
v -3.242591 5.425352 -0.109413
v -3.273771 5.529848 -0.097117
v -3.276283 5.529848 -0.099542
v -3.243694 5.425352 -0.110479
v -3.243694 5.425352 -0.110479
v -3.276283 5.529848 -0.099542
v -3.277245 5.529848 -0.102898
v -3.244117 5.425352 -0.111953
v -3.244117 5.425352 -0.111953
v -3.277245 5.529848 -0.102898
v -3.276401 5.529848 -0.106286
v -3.243746 5.425352 -0.113440
v -3.243746 5.425352 -0.113440
v -3.276401 5.529848 -0.106286
v -3.273975 5.529848 -0.108798
v -3.242681 5.425352 -0.114543
v -3.242681 5.425352 -0.114543
v -3.273975 5.529848 -0.108798
v -3.270619 5.529848 -0.109760
v -3.241206 5.425352 -0.114966
v -3.241206 5.425352 -0.114966
v -3.270619 5.529848 -0.109760
v -3.267231 5.529848 -0.108915
v -3.239719 5.425352 -0.114595
v -3.239719 5.425352 -0.114595
v -3.267231 5.529848 -0.108915
v -3.264719 5.529848 -0.106490
v -3.238616 5.425352 -0.113530
v -3.238616 5.425352 -0.113530
v -3.264719 5.529848 -0.106490
v -3.263757 5.529848 -0.103134
v -3.238193 5.425352 -0.112056
v -3.238193 5.425352 -0.112056
v -3.263757 5.529848 -0.103134
v -3.264602 5.529848 -0.099746
v -3.238564 5.425352 -0.110568
v -3.238564 5.425352 -0.110568
v -3.264602 5.529848 -0.099746
v -3.267027 5.529848 -0.097234
v -3.239629 5.425352 -0.109465
v -3.239629 5.425352 -0.109465
v -3.267027 5.529848 -0.097234
v -3.270383 5.529848 -0.096272
v -3.241103 5.425352 -0.109042
v -3.241103 5.425352 -0.109042
v -3.270383 5.529848 -0.096272
v -3.273771 5.529848 -0.097117
v -3.242591 5.425352 -0.109413
v -3.227061 5.639020 -0.093836
v -3.272430 5.747612 -0.167563
v -3.274941 5.747612 -0.169988
v -3.229573 5.639020 -0.096261
v -3.229573 5.639020 -0.096261
v -3.274941 5.747612 -0.169988
v -3.275903 5.747612 -0.173344
v -3.230535 5.639020 -0.099617
v -3.230535 5.639020 -0.099617
v -3.275903 5.747612 -0.173344
v -3.275059 5.747612 -0.176732
v -3.229691 5.639020 -0.103005
v -3.229691 5.639020 -0.103005
v -3.275059 5.747612 -0.176732
v -3.272633 5.747612 -0.179244
v -3.227265 5.639020 -0.105517
v -3.227265 5.639020 -0.105517
v -3.272633 5.747612 -0.179244
v -3.269277 5.747612 -0.180206
v -3.223909 5.639020 -0.106479
v -3.223909 5.639020 -0.106479
v -3.269277 5.747612 -0.180206
v -3.265889 5.747612 -0.179361
v -3.220521 5.639020 -0.105634
v -3.220521 5.639020 -0.105634
v -3.265889 5.747612 -0.179361
v -3.263378 5.747612 -0.176936
v -3.218010 5.639020 -0.103209
v -3.218010 5.639020 -0.103209
v -3.263378 5.747612 -0.176936
v -3.262416 5.747612 -0.173580
v -3.217047 5.639020 -0.099853
v -3.217047 5.639020 -0.099853
v -3.262416 5.747612 -0.173580
v -3.263260 5.747612 -0.170192
v -3.217892 5.639020 -0.096465
v -3.217892 5.639020 -0.096465
v -3.263260 5.747612 -0.170192
v -3.265686 5.747612 -0.167680
v -3.220317 5.639020 -0.093953
v -3.220317 5.639020 -0.093953
v -3.265686 5.747612 -0.167680
v -3.269042 5.747612 -0.166718
v -3.223674 5.639020 -0.092991
v -3.223674 5.639020 -0.092991
v -3.269042 5.747612 -0.166718
v -3.272430 5.747612 -0.167563
v -3.227061 5.639020 -0.093836
v -3.206000 5.852689 -0.217832
v -3.244213 6.066358 -0.372326
v -3.246725 6.066358 -0.374751
v -3.208512 5.852689 -0.220257
v -3.208512 5.852689 -0.220257
v -3.246725 6.066358 -0.374751
v -3.247687 6.066358 -0.378107
v -3.209474 5.852689 -0.223613
v -3.209474 5.852689 -0.223613
v -3.247687 6.066358 -0.378107
v -3.246842 6.066358 -0.381495
v -3.208630 5.852689 -0.227001
v -3.208630 5.852689 -0.227001
v -3.246842 6.066358 -0.381495
v -3.244417 6.066358 -0.384007
v -3.206204 5.852689 -0.229512
v -3.206204 5.852689 -0.229512
v -3.244417 6.066358 -0.384007
v -3.241061 6.066358 -0.384969
v -3.202848 5.852689 -0.230475
v -3.202848 5.852689 -0.230475
v -3.241061 6.066358 -0.384969
v -3.237673 6.066358 -0.384124
v -3.199460 5.852689 -0.229630
v -3.199460 5.852689 -0.229630
v -3.237673 6.066358 -0.384124
v -3.235161 6.066358 -0.381699
v -3.196949 5.852689 -0.227205
v -3.196949 5.852689 -0.227205
v -3.235161 6.066358 -0.381699
v -3.234199 6.066358 -0.378343
v -3.195986 5.852689 -0.223849
v -3.195986 5.852689 -0.223849
v -3.234199 6.066358 -0.378343
v -3.235044 6.066358 -0.374955
v -3.196831 5.852689 -0.220461
v -3.196831 5.852689 -0.220461
v -3.235044 6.066358 -0.374955
v -3.237469 6.066358 -0.372443
v -3.199256 5.852689 -0.217949
v -3.199256 5.852689 -0.217949
v -3.237469 6.066358 -0.372443
v -3.240825 6.066358 -0.371481
v -3.202613 5.852689 -0.216987
v -3.202613 5.852689 -0.216987
v -3.240825 6.066358 -0.371481
v -3.244213 6.066358 -0.372326
v -3.206000 5.852689 -0.217832
v -3.246449 6.280027 -0.500451
v -3.248961 6.280027 -0.502877
v -3.248961 6.280027 -0.502877
v -3.249923 6.280027 -0.506233
v -3.249923 6.280027 -0.506233
v -3.249079 6.280027 -0.509621
v -3.249079 6.280027 -0.509621
v -3.246653 6.280027 -0.512132
v -3.246653 6.280027 -0.512132
v -3.243297 6.280027 -0.513095
v -3.243297 6.280027 -0.513095
v -3.239909 6.280027 -0.512250
v -3.239909 6.280027 -0.512250
v -3.237397 6.280027 -0.509825
v -3.237397 6.280027 -0.509825
v -3.236435 6.280027 -0.506468
v -3.236435 6.280027 -0.506468
v -3.237280 6.280027 -0.503081
v -3.237280 6.280027 -0.503081
v -3.239705 6.280027 -0.500569
v -3.239705 6.280027 -0.500569
v -3.243061 6.280027 -0.499607
v -3.243061 6.280027 -0.499607
v -3.246449 6.280027 -0.500451
v -3.276918 5.425352 -0.100727
v -3.271769 5.529848 -0.096206
v -3.274893 5.529848 -0.097764
v -3.278290 5.425352 -0.101411
v -3.278290 5.425352 -0.101411
v -3.274893 5.529848 -0.097764
v -3.276820 5.529848 -0.100675
v -3.279136 5.425352 -0.102690
v -3.279136 5.425352 -0.102690
v -3.276820 5.529848 -0.100675
v -3.277033 5.529848 -0.104160
v -3.279230 5.425352 -0.104220
v -3.279230 5.425352 -0.104220
v -3.277033 5.529848 -0.104160
v -3.275475 5.529848 -0.107285
v -3.278545 5.425352 -0.105593
v -3.278545 5.425352 -0.105593
v -3.275475 5.529848 -0.107285
v -3.272563 5.529848 -0.109212
v -3.277267 5.425352 -0.106439
v -3.277267 5.425352 -0.106439
v -3.272563 5.529848 -0.109212
v -3.269078 5.529848 -0.109425
v -3.275736 5.425352 -0.106532
v -3.275736 5.425352 -0.106532
v -3.269078 5.529848 -0.109425
v -3.265953 5.529848 -0.107866
v -3.274364 5.425352 -0.105848
v -3.274364 5.425352 -0.105848
v -3.265953 5.529848 -0.107866
v -3.264027 5.529848 -0.104955
v -3.273518 5.425352 -0.104569
v -3.273518 5.425352 -0.104569
v -3.264027 5.529848 -0.104955
v -3.263814 5.529848 -0.101470
v -3.273424 5.425352 -0.103039
v -3.273424 5.425352 -0.103039
v -3.263814 5.529848 -0.101470
v -3.265372 5.529848 -0.098345
v -3.274108 5.425352 -0.101666
v -3.274108 5.425352 -0.101666
v -3.265372 5.529848 -0.098345
v -3.268284 5.529848 -0.096418
v -3.275387 5.425352 -0.100820
v -3.275387 5.425352 -0.100820
v -3.268284 5.529848 -0.096418
v -3.271769 5.529848 -0.096206
v -3.276918 5.425352 -0.100727
v -3.311349 5.639020 -0.099644
v -3.275286 5.747612 -0.166613
v -3.278410 5.747612 -0.168171
v -3.314474 5.639020 -0.101202
v -3.314474 5.639020 -0.101202
v -3.278410 5.747612 -0.168171
v -3.280337 5.747612 -0.171083
v -3.316401 5.639020 -0.104114
v -3.316401 5.639020 -0.104114
v -3.280337 5.747612 -0.171083
v -3.280550 5.747612 -0.174568
v -3.316613 5.639020 -0.107599
v -3.316613 5.639020 -0.107599
v -3.280550 5.747612 -0.174568
v -3.278992 5.747612 -0.177693
v -3.315055 5.639020 -0.110723
v -3.315055 5.639020 -0.110723
v -3.278992 5.747612 -0.177693
v -3.276080 5.747612 -0.179619
v -3.312143 5.639020 -0.112650
v -3.312143 5.639020 -0.112650
v -3.276080 5.747612 -0.179619
v -3.272595 5.747612 -0.179832
v -3.308658 5.639020 -0.112863
v -3.308658 5.639020 -0.112863
v -3.272595 5.747612 -0.179832
v -3.269471 5.747612 -0.178274
v -3.305534 5.639020 -0.111304
v -3.305534 5.639020 -0.111304
v -3.269471 5.747612 -0.178274
v -3.267544 5.747612 -0.175362
v -3.303607 5.639020 -0.108393
v -3.303607 5.639020 -0.108393
v -3.267544 5.747612 -0.175362
v -3.267331 5.747612 -0.171877
v -3.303394 5.639020 -0.104908
v -3.303394 5.639020 -0.104908
v -3.267331 5.747612 -0.171877
v -3.268889 5.747612 -0.168753
v -3.304953 5.639020 -0.101783
v -3.304953 5.639020 -0.101783
v -3.268889 5.747612 -0.168753
v -3.271801 5.747612 -0.166826
v -3.307864 5.639020 -0.099856
v -3.307864 5.639020 -0.099856
v -3.271801 5.747612 -0.166826
v -3.275286 5.747612 -0.166613
v -3.311349 5.639020 -0.099644
v -3.363869 5.852689 -0.211093
v -3.359481 6.066358 -0.346172
v -3.362606 6.066358 -0.347731
v -3.366994 5.852689 -0.212651
v -3.366994 5.852689 -0.212651
v -3.362606 6.066358 -0.347731
v -3.364533 6.066358 -0.350642
v -3.368921 5.852689 -0.215563
v -3.368921 5.852689 -0.215563
v -3.364533 6.066358 -0.350642
v -3.364745 6.066358 -0.354127
v -3.369133 5.852689 -0.219048
v -3.369133 5.852689 -0.219048
v -3.364745 6.066358 -0.354127
v -3.363187 6.066358 -0.357252
v -3.367575 5.852689 -0.222172
v -3.367575 5.852689 -0.222172
v -3.363187 6.066358 -0.357252
v -3.360276 6.066358 -0.359179
v -3.364664 5.852689 -0.224099
v -3.364664 5.852689 -0.224099
v -3.360276 6.066358 -0.359179
v -3.356791 6.066358 -0.359391
v -3.361179 5.852689 -0.224312
v -3.361179 5.852689 -0.224312
v -3.356791 6.066358 -0.359391
v -3.353666 6.066358 -0.357833
v -3.358054 5.852689 -0.222754
v -3.358054 5.852689 -0.222754
v -3.353666 6.066358 -0.357833
v -3.351739 6.066358 -0.354921
v -3.356127 5.852689 -0.219842
v -3.356127 5.852689 -0.219842
v -3.351739 6.066358 -0.354921
v -3.351526 6.066358 -0.351436
v -3.355915 5.852689 -0.216357
v -3.355915 5.852689 -0.216357
v -3.351526 6.066358 -0.351436
v -3.353085 6.066358 -0.348312
v -3.357473 5.852689 -0.213233
v -3.357473 5.852689 -0.213233
v -3.353085 6.066358 -0.348312
v -3.355996 6.066358 -0.346385
v -3.360384 5.852689 -0.211306
v -3.360384 5.852689 -0.211306
v -3.355996 6.066358 -0.346385
v -3.359481 6.066358 -0.346172
v -3.363869 5.852689 -0.211093
v -3.400131 6.280027 -0.467699
v -3.403255 6.280027 -0.469258
v -3.403255 6.280027 -0.469258
v -3.405182 6.280027 -0.472169
v -3.405182 6.280027 -0.472169
v -3.405395 6.280027 -0.475654
v -3.405395 6.280027 -0.475654
v -3.403836 6.280027 -0.478779
v -3.403836 6.280027 -0.478779
v -3.400925 6.280027 -0.480706
v -3.400925 6.280027 -0.480706
v -3.397440 6.280027 -0.480918
v -3.397440 6.280027 -0.480918
v -3.394315 6.280027 -0.479360
v -3.394315 6.280027 -0.479360
v -3.392388 6.280027 -0.476448
v -3.392388 6.280027 -0.476448
v -3.392176 6.280027 -0.472963
v -3.392176 6.280027 -0.472963
v -3.393734 6.280027 -0.469839
v -3.393734 6.280027 -0.469839
v -3.396646 6.280027 -0.467912
v -3.396646 6.280027 -0.467912
v -3.400131 6.280027 -0.467699
v -3.306726 5.425352 -0.084313
v -3.327235 5.529848 -0.075397
v -3.330723 5.529848 -0.075571
v -3.308258 5.425352 -0.084390
v -3.308258 5.425352 -0.084390
v -3.330723 5.529848 -0.075571
v -3.333655 5.529848 -0.077466
v -3.309546 5.425352 -0.085221
v -3.309546 5.425352 -0.085221
v -3.333655 5.529848 -0.077466
v -3.335248 5.529848 -0.080573
v -3.310245 5.425352 -0.086586
v -3.310245 5.425352 -0.086586
v -3.335248 5.529848 -0.080573
v -3.335074 5.529848 -0.084060
v -3.310169 5.425352 -0.088117
v -3.310169 5.425352 -0.088117
v -3.335074 5.529848 -0.084060
v -3.333180 5.529848 -0.086993
v -3.309337 5.425352 -0.089406
v -3.309337 5.425352 -0.089406
v -3.333180 5.529848 -0.086993
v -3.330073 5.529848 -0.088586
v -3.307972 5.425352 -0.090105
v -3.307972 5.425352 -0.090105
v -3.330073 5.529848 -0.088586
v -3.326586 5.529848 -0.088412
v -3.306441 5.425352 -0.090029
v -3.306441 5.425352 -0.090029
v -3.326586 5.529848 -0.088412
v -3.323653 5.529848 -0.086517
v -3.305153 5.425352 -0.089197
v -3.305153 5.425352 -0.089197
v -3.323653 5.529848 -0.086517
v -3.322060 5.529848 -0.083410
v -3.304453 5.425352 -0.087832
v -3.304453 5.425352 -0.087832
v -3.322060 5.529848 -0.083410
v -3.322234 5.529848 -0.079923
v -3.304530 5.425352 -0.086301
v -3.304530 5.425352 -0.086301
v -3.322234 5.529848 -0.079923
v -3.324129 5.529848 -0.076990
v -3.305362 5.425352 -0.085013
v -3.305362 5.425352 -0.085013
v -3.324129 5.529848 -0.076990
v -3.327235 5.529848 -0.075397
v -3.306726 5.425352 -0.084313
v -3.308679 5.639020 -0.100266
v -3.387005 5.747612 -0.127063
v -3.390492 5.747612 -0.127237
v -3.312166 5.639020 -0.100440
v -3.312166 5.639020 -0.100440
v -3.390492 5.747612 -0.127237
v -3.393425 5.747612 -0.129131
v -3.315099 5.639020 -0.102334
v -3.315099 5.639020 -0.102334
v -3.393425 5.747612 -0.129131
v -3.395018 5.747612 -0.132238
v -3.316692 5.639020 -0.105441
v -3.316692 5.639020 -0.105441
v -3.395018 5.747612 -0.132238
v -3.394844 5.747612 -0.135725
v -3.316518 5.639020 -0.108928
v -3.316518 5.639020 -0.108928
v -3.394844 5.747612 -0.135725
v -3.392949 5.747612 -0.138658
v -3.314623 5.639020 -0.111861
v -3.314623 5.639020 -0.111861
v -3.392949 5.747612 -0.138658
v -3.389843 5.747612 -0.140251
v -3.311517 5.639020 -0.113454
v -3.311517 5.639020 -0.113454
v -3.389843 5.747612 -0.140251
v -3.386355 5.747612 -0.140077
v -3.308029 5.639020 -0.113280
v -3.308029 5.639020 -0.113280
v -3.386355 5.747612 -0.140077
v -3.383422 5.747612 -0.138183
v -3.305096 5.639020 -0.111386
v -3.305096 5.639020 -0.111386
v -3.383422 5.747612 -0.138183
v -3.381830 5.747612 -0.135076
v -3.303504 5.639020 -0.108279
v -3.303504 5.639020 -0.108279
v -3.381830 5.747612 -0.135076
v -3.382004 5.747612 -0.131589
v -3.303678 5.639020 -0.104792
v -3.303678 5.639020 -0.104792
v -3.382004 5.747612 -0.131589
v -3.383898 5.747612 -0.128656
v -3.305572 5.639020 -0.101859
v -3.305572 5.639020 -0.101859
v -3.383898 5.747612 -0.128656
v -3.387005 5.747612 -0.127063
v -3.308679 5.639020 -0.100266
v -3.363216 5.852689 -0.209124
v -3.471148 6.066358 -0.283188
v -3.474635 6.066358 -0.283362
v -3.366703 5.852689 -0.209298
v -3.366703 5.852689 -0.209298
v -3.474635 6.066358 -0.283362
v -3.477568 6.066358 -0.285257
v -3.369636 5.852689 -0.211192
v -3.369636 5.852689 -0.211192
v -3.477568 6.066358 -0.285257
v -3.479161 6.066358 -0.288364
v -3.371229 5.852689 -0.214299
v -3.371229 5.852689 -0.214299
v -3.479161 6.066358 -0.288364
v -3.478987 6.066358 -0.291851
v -3.371055 5.852689 -0.217786
v -3.371055 5.852689 -0.217786
v -3.478987 6.066358 -0.291851
v -3.477093 6.066358 -0.294784
v -3.369160 5.852689 -0.220719
v -3.369160 5.852689 -0.220719
v -3.477093 6.066358 -0.294784
v -3.473985 6.066358 -0.296377
v -3.366054 5.852689 -0.222312
v -3.366054 5.852689 -0.222312
v -3.473985 6.066358 -0.296377
v -3.470498 6.066358 -0.296203
v -3.362566 5.852689 -0.222138
v -3.362566 5.852689 -0.222138
v -3.470498 6.066358 -0.296203
v -3.467566 6.066358 -0.294308
v -3.359633 5.852689 -0.220244
v -3.359633 5.852689 -0.220244
v -3.467566 6.066358 -0.294308
v -3.465972 6.066358 -0.291201
v -3.358041 5.852689 -0.217137
v -3.358041 5.852689 -0.217137
v -3.465972 6.066358 -0.291201
v -3.466146 6.066358 -0.287714
v -3.358215 5.852689 -0.213650
v -3.358215 5.852689 -0.213650
v -3.466146 6.066358 -0.287714
v -3.468041 6.066358 -0.284781
v -3.360109 5.852689 -0.210717
v -3.360109 5.852689 -0.210717
v -3.468041 6.066358 -0.284781
v -3.471148 6.066358 -0.283188
v -3.363216 5.852689 -0.209124
v -3.557132 6.280027 -0.378204
v -3.560619 6.280027 -0.378378
v -3.560619 6.280027 -0.378378
v -3.563552 6.280027 -0.380272
v -3.563552 6.280027 -0.380272
v -3.565145 6.280027 -0.383379
v -3.565145 6.280027 -0.383379
v -3.564971 6.280027 -0.386866
v -3.564971 6.280027 -0.386866
v -3.563076 6.280027 -0.389799
v -3.563076 6.280027 -0.389799
v -3.559969 6.280027 -0.391392
v -3.559969 6.280027 -0.391392
v -3.556482 6.280027 -0.391218
v -3.556482 6.280027 -0.391218
v -3.553549 6.280027 -0.389324
v -3.553549 6.280027 -0.389324
v -3.551956 6.280027 -0.386217
v -3.551956 6.280027 -0.386217
v -3.552130 6.280027 -0.382730
v -3.552130 6.280027 -0.382730
v -3.554025 6.280027 -0.379797
v -3.554025 6.280027 -0.379797
v -3.557132 6.280027 -0.378204
v -3.329688 5.425352 -0.058452
v -3.326093 5.529848 -0.075320
v -3.329440 5.529848 -0.074326
v -3.331158 5.425352 -0.058016
v -3.331158 5.425352 -0.058016
v -3.329440 5.529848 -0.074326
v -3.332835 5.529848 -0.075139
v -3.332649 5.425352 -0.058373
v -3.332649 5.425352 -0.058373
v -3.332835 5.529848 -0.075139
v -3.335370 5.529848 -0.077541
v -3.333762 5.425352 -0.059428
v -3.333762 5.425352 -0.059428
v -3.335370 5.529848 -0.077541
v -3.336364 5.529848 -0.080888
v -3.334199 5.425352 -0.060898
v -3.334199 5.425352 -0.060898
v -3.336364 5.529848 -0.080888
v -3.335551 5.529848 -0.084283
v -3.333842 5.425352 -0.062389
v -3.333842 5.425352 -0.062389
v -3.335551 5.529848 -0.084283
v -3.333149 5.529848 -0.086817
v -3.332787 5.425352 -0.063502
v -3.332787 5.425352 -0.063502
v -3.333149 5.529848 -0.086817
v -3.329802 5.529848 -0.087811
v -3.331317 5.425352 -0.063938
v -3.331317 5.425352 -0.063938
v -3.329802 5.529848 -0.087811
v -3.326407 5.529848 -0.086999
v -3.329826 5.425352 -0.063581
v -3.329826 5.425352 -0.063581
v -3.326407 5.529848 -0.086999
v -3.323872 5.529848 -0.084597
v -3.328713 5.425352 -0.062527
v -3.328713 5.425352 -0.062527
v -3.323872 5.529848 -0.084597
v -3.322878 5.529848 -0.081250
v -3.328276 5.425352 -0.061057
v -3.328276 5.425352 -0.061057
v -3.322878 5.529848 -0.081250
v -3.323691 5.529848 -0.077854
v -3.328633 5.425352 -0.059565
v -3.328633 5.425352 -0.059565
v -3.323691 5.529848 -0.077854
v -3.326093 5.529848 -0.075320
v -3.329688 5.425352 -0.058452
v -3.345056 5.639020 -0.051886
v -3.387228 5.747612 -0.125994
v -3.390575 5.747612 -0.125000
v -3.348403 5.639020 -0.050892
v -3.348403 5.639020 -0.050892
v -3.390575 5.747612 -0.125000
v -3.393971 5.747612 -0.125813
v -3.351799 5.639020 -0.051705
v -3.351799 5.639020 -0.051705
v -3.393971 5.747612 -0.125813
v -3.396505 5.747612 -0.128214
v -3.354333 5.639020 -0.054106
v -3.354333 5.639020 -0.054106
v -3.396505 5.747612 -0.128214
v -3.397499 5.747612 -0.131561
v -3.355327 5.639020 -0.057453
v -3.355327 5.639020 -0.057453
v -3.397499 5.747612 -0.131561
v -3.396686 5.747612 -0.134957
v -3.354514 5.639020 -0.060849
v -3.354514 5.639020 -0.060849
v -3.396686 5.747612 -0.134957
v -3.394284 5.747612 -0.137491
v -3.352112 5.639020 -0.063383
v -3.352112 5.639020 -0.063383
v -3.394284 5.747612 -0.137491
v -3.390938 5.747612 -0.138485
v -3.348765 5.639020 -0.064377
v -3.348765 5.639020 -0.064377
v -3.390938 5.747612 -0.138485
v -3.387542 5.747612 -0.137672
v -3.345370 5.639020 -0.063564
v -3.345370 5.639020 -0.063564
v -3.387542 5.747612 -0.137672
v -3.385008 5.747612 -0.135271
v -3.342835 5.639020 -0.061163
v -3.342835 5.639020 -0.061163
v -3.385008 5.747612 -0.135271
v -3.384014 5.747612 -0.131924
v -3.341841 5.639020 -0.057816
v -3.341841 5.639020 -0.057816
v -3.384014 5.747612 -0.131924
v -3.384826 5.747612 -0.128528
v -3.342654 5.639020 -0.054420
v -3.342654 5.639020 -0.054420
v -3.384826 5.747612 -0.128528
v -3.387228 5.747612 -0.125994
v -3.345056 5.639020 -0.051886
v -3.478814 5.852689 -0.073482
v -3.549199 6.066358 -0.191511
v -3.552546 6.066358 -0.190518
v -3.482161 5.852689 -0.072488
v -3.482161 5.852689 -0.072488
v -3.552546 6.066358 -0.190518
v -3.555942 6.066358 -0.191330
v -3.485556 5.852689 -0.073301
v -3.485556 5.852689 -0.073301
v -3.555942 6.066358 -0.191330
v -3.558476 6.066358 -0.193732
v -3.488091 5.852689 -0.075703
v -3.488091 5.852689 -0.075703
v -3.558476 6.066358 -0.193732
v -3.559470 6.066358 -0.197079
v -3.489084 5.852689 -0.079050
v -3.489084 5.852689 -0.079050
v -3.559470 6.066358 -0.197079
v -3.558657 6.066358 -0.200475
v -3.488272 5.852689 -0.082445
v -3.488272 5.852689 -0.082445
v -3.558657 6.066358 -0.200475
v -3.556255 6.066358 -0.203009
v -3.485870 5.852689 -0.084980
v -3.485870 5.852689 -0.084980
v -3.556255 6.066358 -0.203009
v -3.552908 6.066358 -0.204003
v -3.482523 5.852689 -0.085974
v -3.482523 5.852689 -0.085974
v -3.552908 6.066358 -0.204003
v -3.549513 6.066358 -0.203190
v -3.479127 5.852689 -0.085161
v -3.479127 5.852689 -0.085161
v -3.549513 6.066358 -0.203190
v -3.546978 6.066358 -0.200788
v -3.476593 5.852689 -0.082759
v -3.476593 5.852689 -0.082759
v -3.546978 6.066358 -0.200788
v -3.545985 6.066358 -0.197441
v -3.475599 5.852689 -0.079412
v -3.475599 5.852689 -0.079412
v -3.545985 6.066358 -0.197441
v -3.546797 6.066358 -0.194046
v -3.476412 5.852689 -0.076017
v -3.476412 5.852689 -0.076017
v -3.546797 6.066358 -0.194046
v -3.549199 6.066358 -0.191511
v -3.478814 5.852689 -0.073482
v -3.661857 6.280027 -0.252580
v -3.665204 6.280027 -0.251586
v -3.665204 6.280027 -0.251586
v -3.668599 6.280027 -0.252399
v -3.668599 6.280027 -0.252399
v -3.671134 6.280027 -0.254800
v -3.671134 6.280027 -0.254800
v -3.672127 6.280027 -0.258148
v -3.672127 6.280027 -0.258148
v -3.671315 6.280027 -0.261543
v -3.671315 6.280027 -0.261543
v -3.668913 6.280027 -0.264077
v -3.668913 6.280027 -0.264077
v -3.665566 6.280027 -0.265071
v -3.665566 6.280027 -0.265071
v -3.662171 6.280027 -0.264259
v -3.662171 6.280027 -0.264259
v -3.659636 6.280027 -0.261857
v -3.659636 6.280027 -0.261857
v -3.658643 6.280027 -0.258510
v -3.658643 6.280027 -0.258510
v -3.659455 6.280027 -0.255114
v -3.659455 6.280027 -0.255114
v -3.661857 6.280027 -0.252580
v -3.347041 5.425352 -0.012094
v -3.344144 5.529848 0.004583
v -3.347166 5.529848 0.006330
v -3.348368 5.425352 -0.011326
v -3.348368 5.425352 -0.011326
v -3.347166 5.529848 0.006330
v -3.350658 5.529848 0.006332
v -3.349902 5.425352 -0.011326
v -3.349902 5.425352 -0.011326
v -3.350658 5.529848 0.006332
v -3.353682 5.529848 0.004588
v -3.351230 5.425352 -0.012092
v -3.351230 5.425352 -0.012092
v -3.353682 5.529848 0.004588
v -3.355429 5.529848 0.001565
v -3.351998 5.425352 -0.013419
v -3.351998 5.425352 -0.013419
v -3.355429 5.529848 0.001565
v -3.355431 5.529848 -0.001926
v -3.351999 5.425352 -0.014952
v -3.351999 5.425352 -0.014952
v -3.355431 5.529848 -0.001926
v -3.353687 5.529848 -0.004951
v -3.351233 5.425352 -0.016281
v -3.351233 5.425352 -0.016281
v -3.353687 5.529848 -0.004951
v -3.350664 5.529848 -0.006698
v -3.349905 5.425352 -0.017048
v -3.349905 5.425352 -0.017048
v -3.350664 5.529848 -0.006698
v -3.347173 5.529848 -0.006700
v -3.348372 5.425352 -0.017049
v -3.348372 5.425352 -0.017049
v -3.347173 5.529848 -0.006700
v -3.344148 5.529848 -0.004956
v -3.347043 5.425352 -0.016283
v -3.347043 5.425352 -0.016283
v -3.344148 5.529848 -0.004956
v -3.342401 5.529848 -0.001933
v -3.346276 5.425352 -0.014955
v -3.346276 5.425352 -0.014955
v -3.342401 5.529848 -0.001933
v -3.342399 5.529848 0.001558
v -3.346275 5.425352 -0.013422
v -3.346275 5.425352 -0.013422
v -3.342399 5.529848 0.001558
v -3.344144 5.529848 0.004583
v -3.347041 5.425352 -0.012094
v -3.344336 5.639020 -0.052204
v -3.433171 5.747612 0.004933
v -3.436193 5.747612 0.006680
v -3.347358 5.639020 -0.050457
v -3.347358 5.639020 -0.050457
v -3.436193 5.747612 0.006680
v -3.439685 5.747612 0.006682
v -3.350850 5.639020 -0.050455
v -3.350850 5.639020 -0.050455
v -3.439685 5.747612 0.006682
v -3.442710 5.747612 0.004938
v -3.353875 5.639020 -0.052199
v -3.353875 5.639020 -0.052199
v -3.442710 5.747612 0.004938
v -3.444457 5.747612 0.001915
v -3.355622 5.639020 -0.055222
v -3.355622 5.639020 -0.055222
v -3.444457 5.747612 0.001915
v -3.444459 5.747612 -0.001577
v -3.355624 5.639020 -0.058714
v -3.355624 5.639020 -0.058714
v -3.444459 5.747612 -0.001577
v -3.442715 5.747612 -0.004601
v -3.353879 5.639020 -0.061738
v -3.353879 5.639020 -0.061738
v -3.442715 5.747612 -0.004601
v -3.439692 5.747612 -0.006349
v -3.350857 5.639020 -0.063486
v -3.350857 5.639020 -0.063486
v -3.439692 5.747612 -0.006349
v -3.436200 5.747612 -0.006350
v -3.347365 5.639020 -0.063487
v -3.347365 5.639020 -0.063487
v -3.436200 5.747612 -0.006350
v -3.433176 5.747612 -0.004606
v -3.344341 5.639020 -0.061743
v -3.344341 5.639020 -0.061743
v -3.433176 5.747612 -0.004606
v -3.431428 5.747612 -0.001583
v -3.342593 5.639020 -0.058720
v -3.342593 5.639020 -0.058720
v -3.431428 5.747612 -0.001583
v -3.431427 5.747612 0.001908
v -3.342592 5.639020 -0.055229
v -3.342592 5.639020 -0.055229
v -3.431427 5.747612 0.001908
v -3.433171 5.747612 0.004933
v -3.344336 5.639020 -0.052204
v -3.478381 5.852689 -0.074849
v -3.599470 6.066358 -0.058939
v -3.602493 6.066358 -0.057191
v -3.481404 5.852689 -0.073102
v -3.481404 5.852689 -0.073102
v -3.602493 6.066358 -0.057191
v -3.605984 6.066358 -0.057190
v -3.484896 5.852689 -0.073100
v -3.484896 5.852689 -0.073100
v -3.605984 6.066358 -0.057190
v -3.609009 6.066358 -0.058934
v -3.487920 5.852689 -0.074844
v -3.487920 5.852689 -0.074844
v -3.609009 6.066358 -0.058934
v -3.610756 6.066358 -0.061957
v -3.489668 5.852689 -0.077867
v -3.489668 5.852689 -0.077867
v -3.610756 6.066358 -0.061957
v -3.610758 6.066358 -0.065448
v -3.489670 5.852689 -0.081359
v -3.489670 5.852689 -0.081359
v -3.610758 6.066358 -0.065448
v -3.609014 6.066358 -0.068473
v -3.487925 5.852689 -0.084383
v -3.487925 5.852689 -0.084383
v -3.609014 6.066358 -0.068473
v -3.605991 6.066358 -0.070220
v -3.484903 5.852689 -0.086131
v -3.484903 5.852689 -0.086131
v -3.605991 6.066358 -0.070220
v -3.602500 6.066358 -0.070222
v -3.481411 5.852689 -0.086133
v -3.481411 5.852689 -0.086133
v -3.602500 6.066358 -0.070222
v -3.599475 6.066358 -0.068478
v -3.478386 5.852689 -0.084388
v -3.478386 5.852689 -0.084388
v -3.599475 6.066358 -0.068478
v -3.597728 6.066358 -0.065455
v -3.476639 5.852689 -0.081366
v -3.476639 5.852689 -0.081366
v -3.597728 6.066358 -0.065455
v -3.597726 6.066358 -0.061963
v -3.476637 5.852689 -0.077874
v -3.476637 5.852689 -0.077874
v -3.597726 6.066358 -0.061963
v -3.599470 6.066358 -0.058939
v -3.478381 5.852689 -0.074849
v -3.723266 6.280027 -0.092041
v -3.726289 6.280027 -0.090294
v -3.726289 6.280027 -0.090294
v -3.729780 6.280027 -0.090292
v -3.729780 6.280027 -0.090292
v -3.732805 6.280027 -0.092036
v -3.732805 6.280027 -0.092036
v -3.734552 6.280027 -0.095059
v -3.734552 6.280027 -0.095059
v -3.734554 6.280027 -0.098550
v -3.734554 6.280027 -0.098550
v -3.732810 6.280027 -0.101575
v -3.732810 6.280027 -0.101575
v -3.729787 6.280027 -0.103322
v -3.729787 6.280027 -0.103322
v -3.726295 6.280027 -0.103324
v -3.726295 6.280027 -0.103324
v -3.723271 6.280027 -0.101580
v -3.723271 6.280027 -0.101580
v -3.721524 6.280027 -0.098557
v -3.721524 6.280027 -0.098557
v -3.721522 6.280027 -0.095065
v -3.721522 6.280027 -0.095065
v -3.723266 6.280027 -0.092041
v -2.513776 8.282206 -1.564878
v -0.709789 6.097327 -0.188442
v -0.643751 6.160009 -0.188442
v -2.447738 8.344888 -1.564878
v -0.709426 6.097672 -0.312539
v -2.513413 8.282550 -1.688976
v -2.447376 8.345232 -1.688976
v -0.643390 6.160354 -0.312539
v -2.435572 8.356436 -1.583491
v -0.631587 6.171557 -0.207054
v -0.631587 6.171557 -0.294481
v -2.435572 8.356436 -1.670918
v -2.525579 8.271002 -1.670363
v -0.721593 6.086123 -0.293926
v -0.721593 6.086123 -0.206500
v -2.525579 8.271002 -1.582936
v -0.718136 6.089405 -0.193730
v -2.522122 8.274283 -1.570167
v -0.709789 6.097327 -0.188442
v -2.513776 8.282206 -1.564878
v -0.635148 6.168174 -0.193893
v -2.439136 8.353053 -1.570330
v -0.631587 6.171557 -0.207054
v -2.435572 8.356436 -1.583491
v -2.525579 8.271002 -1.670363
v -2.522016 8.274384 -1.683524
v -0.718029 6.089506 -0.307088
v -0.721593 6.086123 -0.293926
v -2.447376 8.345232 -1.688976
v -2.439030 8.353154 -1.683687
v -0.635043 6.168276 -0.307250
v -0.643390 6.160354 -0.312539
v -2.513776 8.282206 1.564878
v -2.447738 8.344888 1.564878
v -0.643751 6.160009 0.188442
v -0.709789 6.097327 0.188442
v -0.709426 6.097672 0.312539
v -0.643390 6.160354 0.312539
v -2.447376 8.345232 1.688976
v -2.513413 8.282550 1.688976
v -2.435572 8.356436 1.583491
v -2.435572 8.356436 1.670918
v -0.631587 6.171557 0.294481
v -0.631587 6.171557 0.207054
v -2.525579 8.271002 1.670363
v -2.525579 8.271002 1.582936
v -0.721593 6.086123 0.206500
v -0.721593 6.086123 0.293927
v -2.522122 8.274283 1.570167
v -0.718136 6.089405 0.193730
v -2.513776 8.282206 1.564878
v -0.709789 6.097327 0.188442
v -2.439136 8.353053 1.570330
v -0.635148 6.168174 0.193893
v -2.435572 8.356436 1.583491
v -0.631587 6.171557 0.207054
v -2.525579 8.271002 1.670363
v -0.721593 6.086123 0.293927
v -0.718029 6.089506 0.307088
v -2.522016 8.274384 1.683524
v -2.447376 8.345232 1.688976
v -0.643390 6.160354 0.312539
v -0.635043 6.168276 0.307250
v -2.439030 8.353154 1.683687
v -1.905472 8.715907 0.162753
v -1.905472 6.357877 0.162753
v -1.612513 6.357877 0.162753
v -1.612513 8.715907 0.162753
v -1.905472 6.357877 -0.162753
v -1.905472 8.715907 -0.162753
v -1.612513 8.715907 -0.162753
v -1.612513 6.357877 -0.162753
v -1.596240 8.715907 0.146479
v -1.596240 6.357877 0.146479
v -1.596240 6.357877 -0.146479
v -1.596240 8.715907 -0.146479
v -1.921745 8.715907 -0.146479
v -1.921745 6.357877 -0.146479
v -1.921745 6.357877 0.146479
v -1.921745 8.715907 0.146479
v -1.916979 6.357877 0.157986
v -1.916979 8.715907 0.157986
v -1.916979 6.357877 0.157986
v -1.916979 8.715907 0.157986
v -1.601006 6.357877 0.157986
v -1.601006 8.715907 0.157986
v -1.601006 6.357877 0.157986
v -1.601006 8.715907 0.157986
v -1.916979 8.715907 -0.157986
v -1.916979 6.357877 -0.157986
v -1.916979 8.715907 -0.157986
v -1.916979 6.357877 -0.157986
v -1.601006 8.715907 -0.157986
v -1.601006 6.357877 -0.157986
v -1.601006 8.715907 -0.157986
v -1.601006 6.357877 -0.157986
v -1.958498 7.733019 0.221670
v -1.958498 7.599457 0.221670
v -1.559487 7.599457 0.221670
v -1.559487 7.733019 0.221670
v -1.958498 7.599457 -0.221670
v -1.958498 7.733019 -0.221670
v -1.559487 7.733019 -0.221670
v -1.559487 7.599457 -0.221670
v -1.537322 7.733019 0.199505
v -1.537322 7.599457 0.199505
v -1.537322 7.599457 -0.199505
v -1.537322 7.733019 -0.199505
v -1.980662 7.733019 -0.199505
v -1.980662 7.599457 -0.199505
v -1.980662 7.599457 0.199505
v -1.980662 7.733019 0.199505
v -1.974170 7.599457 0.215178
v -1.974170 7.733019 0.215178
v -1.974170 7.599457 0.215178
v -1.974170 7.733019 0.215178
v -1.543814 7.599457 0.215178
v -1.543814 7.733019 0.215178
v -1.543814 7.599457 0.215178
v -1.543814 7.733019 0.215178
v -1.974170 7.733019 -0.215178
v -1.974170 7.599457 -0.215178
v -1.974170 7.733019 -0.215178
v -1.974170 7.599457 -0.215178
v -1.543814 7.733019 -0.215178
v -1.543814 7.599457 -0.215178
v -1.543814 7.733019 -0.215178
v -1.543814 7.599457 -0.215178
v -1.944270 8.710295 0.578288
v -1.944270 9.800406 0.578288
v -1.944270 8.710295 0.578288
v -1.928791 8.709020 0.584700
v -1.928791 9.801679 0.584700
v -1.944270 9.800406 0.578288
v -1.589194 8.709020 0.584700
v -1.573714 8.710295 0.578288
v -1.573714 9.800406 0.578288
v -1.589194 9.801679 0.584700
v -1.573714 8.710295 0.578288
v -1.573714 9.800406 0.578288
v -1.944270 9.853729 0.524960
v -1.944270 9.853729 -0.524960
v -1.944270 9.853729 0.524960
v -1.928791 9.860141 0.526236
v -1.928791 9.860141 -0.526236
v -1.944270 9.853729 -0.524960
v -1.589194 9.860141 0.526236
v -1.573714 9.853729 0.524960
v -1.573714 9.853729 -0.524960
v -1.589194 9.860141 -0.526236
v -1.573714 9.853729 0.524960
v -1.573714 9.853729 -0.524960
v -1.944270 9.800406 -0.578288
v -1.944270 8.710295 -0.578288
v -1.944270 9.800406 -0.578288
v -1.928791 9.801679 -0.584700
v -1.928791 8.709020 -0.584700
v -1.944270 8.710295 -0.578288
v -1.589194 9.801679 -0.584700
v -1.573714 9.800406 -0.578288
v -1.573714 8.710295 -0.578288
v -1.589194 8.709020 -0.584700
v -1.573714 9.800406 -0.578288
v -1.573714 8.710295 -0.578288
v -1.928791 8.650552 0.526236
v -1.944270 8.656965 0.524960
v -1.944270 8.656965 -0.524960
v -1.928791 8.650552 -0.526236
v -1.944270 8.656965 0.524960
v -1.944270 8.656965 -0.524960
v -1.573714 8.656965 0.524960
v -1.573714 8.656965 -0.524960
v -1.573714 8.656965 0.524960
v -1.589194 8.650552 0.526236
v -1.589194 8.650552 -0.526236
v -1.573714 8.656965 -0.524960
v -1.928791 8.667680 0.567576
v -1.589194 8.667680 0.567576
v -1.928791 8.667680 0.567576
v -1.589194 8.667680 0.567576
v -1.928791 9.843019 0.567576
v -1.589194 9.843019 0.567576
v -1.928791 9.843019 0.567576
v -1.589194 9.843019 0.567576
v -1.928791 9.843019 -0.567576
v -1.589194 9.843019 -0.567576
v -1.928791 9.843019 -0.567576
v -1.589194 9.843019 -0.567576
v -1.928791 8.667680 -0.567576
v -1.589194 8.667680 -0.567576
v -1.928791 8.667680 -0.567576
v -1.589194 8.667680 -0.567576
v -1.944270 8.672587 0.562668
v -1.944270 8.672587 0.562668
v -1.573714 8.672587 0.562668
v -1.573714 8.672587 0.562668
v -1.944270 9.838113 0.562668
v -1.944270 9.838113 0.562668
v -1.573714 9.838113 0.562668
v -1.573714 9.838113 0.562668
v -1.944270 9.838113 -0.562668
v -1.944270 9.838113 -0.562668
v -1.573714 9.838113 -0.562668
v -1.573714 9.838113 -0.562668
v -1.944270 8.672587 -0.562668
v -1.944270 8.672587 -0.562668
v -1.573714 8.672587 -0.562668
v -1.573714 8.672587 -0.562668
v -1.944270 8.672587 0.562668
v -1.573714 8.672587 0.562668
v -1.944270 9.838113 0.562668
v -1.573714 9.838113 0.562668
v -1.944270 9.838113 -0.562668
v -1.573714 9.838113 -0.562668
v -1.944270 8.672587 -0.562668
v -1.573714 8.672587 -0.562668
v 1.551785 3.866827 -0.233678
v 1.578988 3.846868 -0.235135
v 1.592119 3.794454 -0.212795
v 1.551942 3.820540 -0.199224
v -0.986336 0.899268 -0.844124
v -0.986336 0.000844 -0.847733
v -0.986336 0.000844 0.847733
v -0.986336 0.899268 0.845674
v 1.551942 3.820540 -0.199224
v 1.551919 1.670454 -0.201141
v 1.551919 1.670454 0.211878
v 1.551942 3.820541 0.210081
v 1.551942 3.820540 -0.199224
v 1.551942 3.820541 0.210081
v -0.975786 0.000844 0.900774
v -0.974265 0.889618 0.867772
v -0.945740 0.000844 0.945740
v -0.942769 0.878490 0.911092
v -0.900774 0.000844 0.975786
v -0.901962 0.878461 0.952534
v -0.900774 0.000844 0.975786
v -0.847733 0.000844 0.986336
v -0.901962 0.878461 0.952534
v 2.852523 0.000844 0.986336
v 2.905563 0.000844 0.975786
v 2.903038 0.888415 0.977094
v 2.905563 0.000844 0.975786
v 2.903038 0.888415 0.977094
v -0.847733 0.000844 -0.986336
v -0.900774 0.000844 -0.975786
v -0.901975 0.878263 -0.952321
v -0.900774 0.000844 -0.975786
v -0.945740 0.000844 -0.945740
v -0.942553 0.878537 -0.910404
v -0.901975 0.878263 -0.952321
v -0.975786 0.000844 -0.900774
v -0.974038 0.889874 -0.866420
v 2.946075 0.897278 -0.941285
v 2.178062 1.304518 -0.864156
v 2.896174 0.898751 -0.974628
v 2.127110 1.297992 -0.899596
v 2.896174 0.898751 -0.974628
v 2.127110 1.297992 -0.899596
v -0.763382 3.706659 0.235083
v -0.717985 5.502748 0.235781
v 0.986633 1.967766 0.702822
v 1.541252 1.667213 0.751181
v 0.950713 1.970835 0.750313
v 1.510766 1.657950 0.801040
v 0.900404 1.972827 0.783876
v 1.464789 1.643981 0.835568
v 0.900404 1.972827 0.783876
v 0.841421 1.973517 0.799753
v 1.464789 1.643981 0.835568
v -0.014612 3.706659 -0.236318
v -0.025448 3.706659 -0.289154
v -0.053134 5.217484 -0.295112
v -0.052886 5.207711 -0.210180
v -0.056305 3.706659 -0.333946
v -0.101546 5.229297 -0.326290
v -0.102486 3.706659 -0.363875
v -0.155445 5.253206 -0.361885
v -0.102486 3.706659 -0.363875
v -0.156960 3.706659 -0.374385
v -0.219023 5.281409 -0.374385
v -0.155445 5.253206 -0.361885
v -0.840037 1.973517 -0.971402
v -0.894850 1.973517 -0.965526
v -0.677279 3.706659 -0.363839
v -0.623903 3.706659 -0.374385
v -0.942541 1.973517 -0.937956
v -0.722529 3.706659 -0.333808
v -0.942541 1.973517 -0.937956
v -0.974894 1.973517 -0.893441
v -0.752765 3.706659 -0.288863
v -0.722529 3.706659 -0.333808
v -0.986336 1.973517 -0.839657
v -0.763382 3.706659 -0.235846
v -0.058664 5.434361 0.374384
v -0.056453 5.347627 0.361618
v 1.551473 3.959100 0.313292
v -0.054578 5.274097 0.325262
v 1.551629 3.912914 0.278888
v -0.053325 5.224964 0.270851
v 1.551786 3.866728 0.244484
v 1.551786 3.866728 0.244484
v 1.551785 3.866827 -0.233678
v 1.551629 3.913113 -0.268132
v 1.551785 3.866827 -0.233678
v 1.551472 3.959400 -0.302587
v -0.069398 5.855343 -0.235830
v -0.075727 5.846888 -0.288853
v -0.703312 6.268263 -0.288822
v -0.698399 6.277671 -0.235781
v -0.093749 5.822813 -0.333803
v -0.717305 6.241468 -0.333788
v -0.093749 5.822813 -0.333803
v -0.120721 5.786782 -0.363838
v -0.738247 6.201367 -0.363834
v -0.717305 6.241468 -0.333788
v 1.687709 1.597693 -0.342503
v 1.635406 1.625719 -0.330142
v 1.649480 3.805312 -0.294509
v 1.687748 3.821001 -0.342451
v 1.591401 1.649298 -0.299115
v 1.622295 3.792337 -0.248548
v 1.562157 1.664968 -0.253943
v 1.592119 3.794454 -0.212795
v 1.562147 1.664974 0.264673
v 1.591857 3.794506 0.224686
v 1.591366 1.649317 0.309850
v 1.622111 3.792058 0.260711
v 1.635340 1.625754 0.340908
v 1.649547 3.804808 0.306309
v 1.687619 1.597741 0.353325
v 1.687665 3.821001 0.353272
v 2.082640 1.386072 0.369715
v 2.136319 1.357309 0.361069
v 2.142695 3.822542 0.361080
v 2.089024 3.822360 0.369764
v 2.136319 1.357309 0.361069
v 2.182196 1.332726 0.332060
v 2.188663 3.822697 0.332043
v 2.142695 3.822542 0.361080
v 2.213026 1.316207 0.287308
v 2.219562 3.822802 0.287306
v 2.223888 1.310387 0.234010
v 2.230444 3.822839 0.234036
v 2.223888 1.310387 -0.222596
v 2.213035 1.316202 -0.275886
v 2.219573 3.822802 -0.275884
v 2.230444 3.822839 -0.222620
v 2.182231 1.332708 -0.320644
v 2.188699 3.822698 -0.320628
v 2.136384 1.357274 -0.349685
v 2.142762 3.822542 -0.349695
v 2.136384 1.357274 -0.349685
v 2.082726 1.386026 -0.358390
v 2.089109 3.822360 -0.358437
v 2.142762 3.822542 -0.349695
v 2.089511 4.509936 0.231159
v 2.142583 4.499565 0.233658
v 2.142583 4.499565 -0.222255
v 2.089510 4.509936 -0.219833
v 2.142583 4.499565 0.233658
v 2.187650 4.469671 0.235640
v 2.187650 4.469671 -0.224175
v 2.142583 4.499565 -0.222255
v 2.217850 4.424805 0.236803
v 2.217850 4.424805 -0.225302
v 2.228583 4.371803 0.236972
v 2.228583 4.371803 -0.225463
v 2.090005 4.424373 0.359334
v 1.537899 4.421530 0.336995
v 2.090005 4.424373 0.359334
v 2.089860 4.469338 0.329264
v 1.544056 4.467037 0.305849
v 1.537899 4.421530 0.336995
v 2.089687 4.499385 0.284255
v 1.548169 4.497434 0.259307
v 1.549613 4.508107 0.204435
v 2.089681 4.499385 -0.272925
v 1.548197 4.497441 -0.248744
v 1.549613 4.508107 -0.193899
v 2.089852 4.469338 -0.317932
v 1.544167 4.467060 -0.295272
v 2.089995 4.424373 -0.348000
v 1.538132 4.421571 -0.326426
v 2.089995 4.424373 -0.348000
v 1.538132 4.421571 -0.326426
v -0.698399 6.277671 0.235781
v -0.069398 5.855343 0.235780
v 2.852523 0.000844 -0.986336
v -0.986336 1.973517 0.839657
v 0.859888 1.950608 -0.806526
v -0.840037 1.973517 0.971402
v -0.156960 3.706659 0.374385
v -0.623903 3.706659 0.374385
v -0.014612 3.706659 0.236318
v 1.004187 1.963952 0.646585
v 1.003027 1.964573 -0.655575
v -0.014612 3.706659 -0.236318
v -0.156960 3.706659 -0.374385
v -0.763382 3.706659 0.235083
v -0.164153 5.257069 0.374384
v 1.687665 3.821001 0.353272
v 1.687619 1.597741 0.353325
v 1.687709 1.597693 -0.342503
v 1.687748 3.821001 -0.342451
v 2.230444 3.822839 0.234036
v 2.230444 3.822839 -0.222620
v 2.089109 3.822360 -0.358437
v 1.687748 3.821001 -0.342451
v -0.156960 3.706659 0.374385
v -0.164153 5.257069 0.374384
v -0.014612 3.706659 0.236318
v -0.052886 5.207711 0.206492
v -0.717985 5.502748 -0.235781
v -0.763382 3.706659 -0.235846
v -2.447447 6.958591 -0.235781
v -2.447447 6.958591 0.235781
v -2.451170 6.811304 -0.374385
v -2.467033 6.183668 -0.235781
v -0.717985 5.502748 -0.235781
v -0.717985 5.502748 0.235781
v -2.467033 6.183668 0.235781
v -2.451170 6.811304 0.374385
v -0.121573 5.238181 0.361604
v 0.911840 1.959167 -0.788639
v 1.464789 1.643981 -0.835568
v 0.911840 1.959167 -0.788639
v 0.955825 1.964662 -0.754987
v 1.510766 1.657950 -0.801040
v 1.464789 1.643981 -0.835568
v 0.987306 1.966529 -0.709046
v 1.541252 1.667213 -0.751181
v 2.127110 1.297992 0.899596
v 2.903038 0.888415 0.977094
v 2.949389 0.892457 0.944184
v 2.178062 1.304518 0.864156
v 2.127110 1.297992 0.899596
v 2.980575 0.000844 -0.900774
v 2.950530 0.000844 -0.945740
v 2.946075 0.897278 -0.941285
v 2.979418 0.895073 -0.891385
v 2.905563 0.000844 -0.975786
v 2.896174 0.898751 -0.974628
v 2.905563 0.000844 -0.975786
v -0.974894 1.973517 0.893441
v -0.942541 1.973517 0.937956
v -0.894850 1.973517 0.965526
v -0.894850 1.973517 0.965526
v -0.752765 3.706659 0.288391
v -0.722529 3.706659 0.333584
v -0.942541 1.973517 0.937956
v -0.677279 3.706659 0.363781
v -0.722529 3.706659 0.333584
v 0.986633 1.967766 0.702822
v -0.025448 3.706659 0.289154
v 0.950713 1.970835 0.750313
v -0.056305 3.706659 0.333946
v -0.102486 3.706659 0.363875
v 0.950713 1.970835 0.750313
v -0.056305 3.706659 0.333946
v -0.025448 3.706659 0.289154
v -0.053325 5.224964 0.270851
v -0.056305 3.706659 0.333946
v -0.085475 5.222169 0.325210
v -0.102486 3.706659 0.363875
v -0.121573 5.238181 0.361604
v -0.102486 3.706659 0.363875
v -0.121573 5.238181 0.361604
v 0.987306 1.966529 -0.709046
v -0.025448 3.706659 -0.289154
v 0.955825 1.964662 -0.754987
v -0.056305 3.706659 -0.333946
v 0.955825 1.964662 -0.754987
v -0.102486 3.706659 -0.363875
v -0.056305 3.706659 -0.333946
v -0.894850 1.973517 -0.965526
v -0.703312 6.268263 0.288822
v -2.447731 6.947381 0.288822
v -0.717305 6.241468 0.333788
v -2.448538 6.915453 0.333788
v -0.738247 6.201367 0.363834
v -2.449745 6.867670 0.363834
v -0.738247 6.201367 0.363834
v -2.449745 6.867670 0.363834
v -0.075729 5.846885 0.288821
v -0.093759 5.822802 0.333788
v -0.717305 6.241468 0.333788
v -0.120743 5.786757 0.363834
v -0.093759 5.822802 0.333788
v -2.449745 6.867670 -0.363834
v -0.738247 6.201367 -0.363834
v -2.449745 6.867670 -0.363834
v -2.448538 6.915453 -0.333788
v -2.447731 6.947381 -0.288822
v 2.219562 3.822802 0.287306
v 2.217934 4.371827 0.289075
v 2.188663 3.822697 0.332043
v 2.187687 4.371746 0.332851
v 2.089024 3.822360 0.369764
v 2.142695 3.822542 0.361080
v 2.142678 4.371572 0.361303
v 2.142695 3.822542 0.361080
v 2.142678 4.371572 0.361303
v 2.142762 3.822542 -0.349695
v 2.142689 4.371571 -0.349901
v 2.188699 3.822698 -0.320628
v 2.142762 3.822542 -0.349695
v 2.142689 4.371571 -0.349901
v 2.187697 4.371744 -0.321399
v 2.219573 3.822802 -0.275884
v 2.217937 4.371825 -0.277589
v 1.544056 4.467037 0.305849
v 1.544167 4.467060 -0.295272
v 1.578988 3.846868 -0.235135
v 1.581507 3.890576 -0.263902
v 1.591998 3.929181 -0.302194
v 1.591998 3.929181 -0.302194
v 1.606012 3.961236 -0.338597
v 1.649822 3.920098 -0.340397
v 1.626714 3.893661 -0.315692
v 1.678034 3.875571 -0.341860
v 1.642854 3.851663 -0.304270
v 1.687748 3.821001 -0.342451
v 1.649480 3.805312 -0.294509
v 1.622295 3.792337 -0.248548
v 1.608180 3.832381 -0.268111
v 1.592119 3.794454 -0.212795
v 1.578988 3.846868 -0.235135
v 1.581507 3.890576 -0.263902
v 1.605680 3.867941 -0.287823
v 1.591887 3.927685 0.313273
v 1.581280 3.890387 0.275067
v 1.579053 3.846403 0.246729
v 1.551786 3.866728 0.244484
v 1.551942 3.820541 0.210081
v 1.591857 3.794506 0.224686
v 1.579053 3.846403 0.246729
v 1.622111 3.792058 0.260711
v 1.608272 3.833133 0.279537
v 1.649547 3.804808 0.306309
v 1.643032 3.850907 0.315828
v 1.687665 3.821001 0.353272
v 1.677940 3.874778 0.352708
v 1.649665 3.918096 0.351272
v 1.626759 3.892168 0.326927
v 1.605798 3.959012 0.349427
v 1.591887 3.927685 0.313273
v 1.581280 3.890387 0.275067
v 1.605736 3.866921 0.299258
v 2.210672 4.419619 0.283837
v 2.183251 4.465285 0.275731
v 2.137435 4.492427 0.281115
v 2.137435 4.492427 0.281115
v 2.130219 4.465108 0.326513
v 2.137432 4.419369 0.354036
v 2.137432 4.419369 0.354036
v 2.137432 4.419369 0.354036
v 2.183224 4.412319 0.328419
v 2.169564 4.451624 0.314401
v 2.183251 4.465285 0.275731
v 2.169564 4.451624 0.314401
v 2.130219 4.465108 0.326513
v 2.137432 4.419369 0.354036
v 2.183224 4.412319 0.328419
v 2.169564 4.451624 0.314401
v 2.137439 4.419368 -0.342640
v 2.137439 4.419368 -0.342640
v 2.130220 4.465108 -0.315127
v 2.137434 4.492427 -0.269720
v 2.137434 4.492427 -0.269720
v 2.183252 4.465284 -0.264279
v 2.210674 4.419618 -0.272356
v 2.183233 4.412315 -0.316970
v 2.137439 4.419368 -0.342640
v 2.183233 4.412315 -0.316970
v 2.137439 4.419368 -0.342640
v 2.130220 4.465108 -0.315127
v 2.169569 4.451623 -0.302967
v 2.183252 4.465284 -0.264279
v 2.169569 4.451623 -0.302967
v 2.169569 4.451623 -0.302967
v -0.056453 5.347627 0.361618
v -0.121573 5.238181 0.361604
v -0.155445 5.253206 -0.361885
v -0.219023 5.281409 -0.374385
v 1.687665 3.821001 0.353272
v 1.687619 1.597741 0.353325
vn 0.0420 0.0001 0.9991
vn -0.0000 -0.0000 1.0000
vn 0.0115 0.0095 0.9999
vn -0.0115 0.0095 -0.9999
vn -0.0419 0.0001 -0.9991
vn -0.0000 -0.0000 -1.0000
vn 1.0000 -0.0000 -0.0000
vn -1.0000 -0.0000 -0.0000
vn -0.9238 0.0012 -0.3828
vn -0.7067 0.0032 -0.7075
vn 0.0115 0.0096 -0.9999
vn 0.0421 0.0001 -0.9991
vn 0.7072 0.0032 -0.7070
vn 0.9239 0.0012 -0.3827
vn 0.9238 0.0012 0.3828
vn 0.7070 0.0032 0.7072
vn 0.0420 0.0002 0.9991
vn -0.0115 0.0095 0.9999
vn -0.0420 0.0001 0.9991
vn -0.7070 0.0032 0.7073
vn -0.9239 0.0012 0.3827
vn 0.0115 0.0095 -0.9999
vn 0.0002 -1.0000 -0.0000
vn -0.0000 -1.0000 -0.0000
vn -0.0001 -1.0000 -0.0000
vn -0.0000 -1.0000 0.0001
vn -0.0001 -1.0000 0.0002
vn -0.0000 -1.0000 0.0003
vn -0.0000 -1.0000 -0.0002
vn -0.0002 1.0000 -0.0000
vn -0.0000 1.0000 -0.0000
vn 0.0002 1.0000 -0.0000
vn 0.0001 1.0000 -0.0000
vn -0.0001 1.0000 -0.0000
vn 0.0001 -1.0000 0.0003
vn 0.0003 -1.0000 -0.0000
vn 0.0001 -1.0000 -0.0000
vn -0.0000 -1.0000 0.0002
vn -0.0001 -1.0000 0.0003
vn -0.0000 1.0000 -0.0001
vn -0.0000 1.0000 0.0001
vn -0.0001 -1.0000 0.0001
vn -0.0000 -1.0000 -0.0001
vn 0.0001 -1.0000 0.0002
vn 0.0002 -1.0000 0.0002
vn -0.0001 -1.0000 -0.0001
vn 0.0001 -1.0000 0.0001
vn -0.0000 -1.0000 0.0005
vn -0.0000 -1.0000 -0.0005
vn -0.0001 -1.0000 -0.0002
vn -0.0002 -1.0000 -0.0000
vn 0.0001 1.0000 0.0002
vn -0.0001 1.0000 -0.0003
vn -0.0001 1.0000 -0.0002
vn -0.0001 1.0000 -0.0001
vn -0.0000 1.0000 0.0003
vn 0.0003 -1.0000 -0.0001
vn 0.0002 -1.0000 -0.0003
vn -0.0000 -1.0000 -0.0003
vn 0.0001 -1.0000 -0.0003
vn 0.0002 -1.0000 -0.0002
vn 0.0001 -1.0000 -0.0001
vn -0.0002 -1.0000 0.0002
vn 0.0001 1.0000 -0.0002
vn 0.0002 1.0000 0.0001
vn -0.0001 1.0000 0.0002
vn -0.0002 1.0000 -0.0001
vn -0.0000 1.0000 -0.0002
vn -0.0000 1.0000 -0.0003
vn -0.9556 -0.2083 -0.2083
vn -1.0000 -0.0001 -0.0064
vn 0.9796 0.2007 -0.0026
vn 0.9556 0.2083 -0.2083
vn -0.9796 0.2007 0.0026
vn -0.9556 0.2083 0.2083
vn -1.0000 0.0001 0.0064
vn -0.9556 0.2083 -0.2083
vn -0.9796 0.2007 -0.0026
vn -1.0000 0.0001 -0.0064
vn 1.0000 0.0001 -0.0064
vn 0.9556 0.2083 0.2083
vn 0.9796 0.2007 0.0026
vn 1.0000 0.0001 0.0064
vn 0.9796 -0.2007 0.0026
vn 0.9556 -0.2083 0.2083
vn 1.0000 -0.0001 0.0064
vn 0.9556 -0.2083 -0.2083
vn 0.9796 -0.2007 -0.0026
vn 1.0000 -0.0001 -0.0064
vn -0.9796 -0.2007 -0.0026
vn -0.9796 -0.2007 0.0026
vn -0.9556 -0.2083 0.2083
vn -1.0000 -0.0001 0.0064
vn 0.4738 0.8806 0.0044
vn 0.9324 0.0256 0.3606
vn 0.5046 0.8622 0.0440
vn 0.8458 0.5334 0.0120
vn 0.9993 -0.0185 0.0337
vn 0.9666 0.2555 0.0184
vn 0.5975 0.5020 0.6254
vn 0.9660 0.2583 -0.0126
vn 0.4409 0.8666 -0.2337
vn 0.4802 0.8771 -0.0089
vn -0.9277 0.1493 0.3422
vn -0.6843 0.2272 0.6929
vn -0.1316 -0.0925 0.9870
vn -0.3469 0.2494 0.9041
vn 0.0223 0.2212 0.9750
vn 0.0054 0.1943 0.9809
vn 0.0073 0.0212 0.9997
vn 0.0046 0.0165 0.9999
vn 0.8050 0.5932 0.0138
vn 0.4855 0.8713 0.0714
vn 0.4551 0.8904 -0.0101
vn 0.0344 0.1404 0.9895
vn 0.4804 0.8770 0.0091
vn 0.8454 0.5340 -0.0116
vn 0.4735 0.8808 -0.0044
vn 0.4685 0.8834 -0.0070
vn 0.8058 0.5920 -0.0146
vn 0.4550 0.8904 0.0114
vn 0.4860 0.8711 -0.0708
vn 0.0071 0.0220 -0.9997
vn 0.0336 0.1392 -0.9897
vn 0.0055 0.1945 -0.9809
vn 0.0048 0.0176 -0.9998
vn -0.0002 0.0177 -0.9998
vn -0.1350 -0.0952 -0.9863
vn -0.0052 -0.0558 -0.9984
vn -0.0885 -0.1111 0.9899
vn 0.0002 0.0406 0.9992
vn 0.0206 0.0209 0.9996
vn -0.5271 -0.6530 -0.5438
vn 0.5974 0.0020 -0.8019
vn -0.4377 -0.5690 -0.6962
vn 0.4396 0.8651 0.2416
vn -0.6829 0.2274 -0.6942
vn -0.9273 0.1496 -0.3432
vn -0.1350 -0.0951 -0.9863
vn 0.0224 0.2243 -0.9743
vn -0.3457 0.2494 -0.9046
vn -0.0088 -0.0794 0.9968
vn -0.0983 -0.3184 0.9428
vn -0.1317 -0.0925 0.9870
vn -0.2412 -0.6376 0.7317
vn -0.3418 -0.8780 0.3350
vn -0.1349 -0.0952 -0.9863
vn -0.3418 -0.8780 -0.3350
vn -0.2412 -0.6376 -0.7317
vn -0.0983 -0.3184 -0.9428
vn -0.0088 -0.0794 -0.9968
vn 0.7177 0.6931 0.0671
vn 0.6802 0.7273 0.0915
vn 0.5039 0.8202 -0.2710
vn 0.5262 0.8160 -0.2391
vn 0.4866 0.8710 0.0676
vn 0.4876 0.8730 -0.0002
vn -0.0107 0.0151 0.9998
vn -0.0052 -0.0558 0.9984
vn 0.0086 -0.0201 -0.9998
vn -0.1203 0.0114 -0.9927
vn 0.9399 0.0193 0.3409
vn -0.3930 -0.5224 0.7568
vn 0.7414 0.0031 0.6711
vn -0.6523 -0.7560 0.0543
vn -0.5312 -0.6363 0.5594
vn -0.9994 -0.0353 0.0026
vn -0.3222 -0.4484 -0.8337
vn -0.0949 -0.0628 0.9935
vn 0.0014 0.0405 -0.9992
vn -0.0688 -0.1005 -0.9926
vn 0.0264 0.0191 -0.9995
vn -0.0986 -0.0416 0.9943
vn -0.0921 -0.0640 -0.9937
vn -0.0552 -0.0059 0.9985
vn -0.0988 -0.0413 -0.9943
vn -0.0547 -0.0060 -0.9985
vn 0.4680 0.8837 0.0066
vn 0.8458 0.5334 0.0119
vn -0.9997 -0.0256 -0.0000
vn -0.6519 -0.7567 -0.0492
vn 0.6811 0.7264 -0.0921
vn 0.5892 0.7927 0.1562
vn 0.5902 0.7917 -0.1577
vn 0.5257 0.8174 0.2356
vn 0.5245 0.8511 -0.0240
vn 0.4878 0.8730 0.0001
vn 0.4865 0.8711 -0.0667
vn 0.5046 0.8623 0.0440
vn 0.5044 0.8624 -0.0436
vn 0.9325 0.0257 -0.3603
vn 0.4865 0.8711 -0.0668
vn -0.9240 0.3825 0.0015
vn -0.6948 0.7192 0.0029
vn -0.6953 0.7188 -0.0029
vn -0.9240 0.3825 -0.0015
vn -0.0533 0.9986 0.0041
vn -0.0533 0.9986 -0.0041
vn 0.0533 0.9986 0.0041
vn 0.6953 0.7187 0.0029
vn 0.6948 0.7192 -0.0029
vn 0.0533 0.9986 -0.0041
vn 0.9240 0.3825 0.0015
vn 0.9240 0.3825 -0.0015
vn -0.9239 0.0025 -0.3826
vn -0.6940 0.0049 -0.7200
vn -0.9238 0.0011 -0.3828
vn -0.0532 0.0070 -0.9986
vn 0.0533 0.0070 -0.9986
vn 0.6947 0.0049 -0.7193
vn 0.0421 0.0003 -0.9991
vn 0.9240 0.0025 -0.3825
vn -0.0522 0.9226 0.3822
vn 0.0523 0.9227 0.3821
vn -0.0521 0.7062 0.7061
vn 0.0521 0.7062 0.7061
vn -0.0523 0.3822 0.9226
vn 0.0522 0.3821 0.9226
vn -0.0533 0.0069 0.9986
vn 0.0532 0.0069 0.9986
vn -0.0522 0.3822 -0.9226
vn 0.0522 0.3821 -0.9226
vn -0.0521 0.7061 -0.7062
vn 0.0521 0.7062 -0.7061
vn -0.0521 0.7062 -0.7061
vn -0.0523 0.9226 -0.3821
vn 0.0522 0.9226 -0.3821
vn -0.0420 -0.0001 0.9991
vn -0.6787 0.6788 0.2803
vn -0.9265 0.3481 0.1431
vn 0.6788 0.6787 0.2804
vn 0.9265 0.3479 0.1436
vn -0.6787 0.2802 -0.6789
vn -0.9264 0.1428 -0.3483
vn 0.6787 0.2803 -0.6788
vn 0.9265 0.1432 -0.3481
vn -0.6772 0.5203 0.5203
vn -0.9265 0.2661 0.2661
vn 0.6772 0.5202 0.5204
vn 0.9265 0.2659 0.2664
vn -0.6787 0.2803 0.6788
vn -0.9265 0.1432 0.3481
vn 0.6787 0.2802 0.6789
vn 0.9265 0.1429 0.3482
vn -0.6947 0.0049 0.7193
vn -0.9240 0.0025 0.3825
vn 0.6940 0.0048 0.7200
vn 0.9239 0.0025 0.3825
vn -0.7070 0.0032 0.7072
vn -0.6772 0.5202 -0.5204
vn -0.9265 0.2659 -0.2664
vn 0.6772 0.5203 -0.5203
vn 0.9265 0.2661 -0.2661
vn -0.6788 0.6787 -0.2804
vn -0.9265 0.3479 -0.1435
vn 0.6787 0.6788 -0.2803
vn 0.9265 0.3481 -0.1431
vn -0.0000 0.0489 -0.9988
vn -0.0000 -0.0936 0.9956
vn -0.0000 0.0489 0.9988
vn -0.0000 -0.0936 -0.9956
vn -0.0000 0.9239 0.3827
vn -0.0000 0.7071 0.7071
vn -0.0000 0.9239 -0.3827
vn -0.0000 0.7071 -0.7071
vn -0.0000 -0.7071 0.7071
vn -0.0000 -0.9239 0.3827
vn -0.0000 -0.9239 -0.3827
vn -0.0000 -0.7071 -0.7071
vn -0.0000 -1.0000 -0.0009
vn -0.6830 0.2588 0.6830
vn -0.8924 0.2588 0.3696
vn -0.3696 0.2588 0.8924
vn -0.0000 0.2588 0.9659
vn 0.3696 0.2588 0.8924
vn 0.6830 0.2588 0.6830
vn 0.8924 0.2588 0.3696
vn 0.9659 0.2588 -0.0000
vn 0.8924 0.2588 -0.3696
vn 0.6830 0.2588 -0.6830
vn 0.3696 0.2588 -0.8924
vn -0.0000 0.2588 -0.9659
vn -0.3696 0.2588 -0.8924
vn -0.6830 0.2588 -0.6830
vn -0.8924 0.2588 -0.3697
vn -0.9659 0.2588 -0.0000
vn -0.5000 0.7071 0.5000
vn -0.6533 0.7071 0.2706
vn -0.2706 0.7071 0.6533
vn 0.2706 0.7071 0.6533
vn 0.5000 0.7071 0.5000
vn 0.6533 0.7071 0.2706
vn 0.7071 0.7071 -0.0000
vn 0.6533 0.7071 -0.2706
vn 0.5000 0.7071 -0.5000
vn 0.2706 0.7071 -0.6533
vn -0.2706 0.7071 -0.6533
vn -0.5000 0.7071 -0.5000
vn -0.6533 0.7071 -0.2706
vn -0.7071 0.7071 -0.0000
vn -0.1830 0.9659 0.1830
vn -0.2391 0.9659 0.0990
vn -0.0990 0.9659 0.2391
vn -0.0000 0.9659 0.2588
vn 0.0991 0.9659 0.2391
vn 0.1830 0.9659 0.1830
vn 0.2391 0.9659 0.0990
vn 0.2588 0.9659 -0.0000
vn 0.2391 0.9659 -0.0990
vn 0.1830 0.9659 -0.1830
vn 0.0990 0.9659 -0.2391
vn -0.0000 0.9659 -0.2588
vn -0.0991 0.9659 -0.2391
vn -0.1830 0.9659 -0.1830
vn -0.2391 0.9659 -0.0990
vn -0.2588 0.9659 -0.0000
vn 0.0991 0.9659 -0.2391
vn -0.0990 0.9659 -0.2391
vn -0.0991 0.9659 0.2391
vn 0.0990 0.9659 0.2391
vn 0.3697 0.2588 -0.8924
vn -0.8924 0.2588 -0.3696
vn -0.3697 0.2588 0.8924
vn 0.3697 0.2588 0.8924
vn 0.8924 0.2588 0.3697
vn 0.8924 0.2588 -0.3697
vn 0.6830 -0.2588 -0.6830
vn 0.8924 -0.2588 -0.3696
vn 0.3697 -0.2588 -0.8924
vn -0.0000 -0.2588 -0.9659
vn -0.3696 -0.2588 -0.8924
vn -0.6830 -0.2588 -0.6830
vn -0.8924 -0.2588 -0.3696
vn -0.9659 -0.2588 -0.0000
vn -0.8924 -0.2588 0.3696
vn -0.8924 -0.2588 0.3697
vn -0.6830 -0.2588 0.6830
vn -0.3696 -0.2588 0.8924
vn -0.0000 -0.2588 0.9659
vn 0.3696 -0.2588 0.8924
vn 0.6830 -0.2588 0.6830
vn 0.8924 -0.2588 0.3696
vn 0.9659 -0.2588 -0.0000
vn 0.8924 -0.2588 -0.3697
vn 0.5000 -0.7071 -0.5000
vn 0.6533 -0.7071 -0.2706
vn 0.2706 -0.7071 -0.6533
vn -0.2706 -0.7071 -0.6533
vn -0.5000 -0.7071 -0.5000
vn -0.6533 -0.7071 -0.2706
vn -0.7071 -0.7071 -0.0000
vn -0.6533 -0.7071 0.2706
vn -0.5000 -0.7071 0.5000
vn -0.2706 -0.7071 0.6533
vn 0.2706 -0.7071 0.6533
vn 0.5000 -0.7071 0.5000
vn 0.6533 -0.7071 0.2706
vn 0.7071 -0.7071 -0.0000
vn 0.1830 -0.9659 -0.1830
vn 0.2391 -0.9659 -0.0990
vn 0.0990 -0.9659 -0.2391
vn -0.0000 -0.9659 -0.2588
vn -0.0990 -0.9659 -0.2391
vn -0.1830 -0.9659 -0.1830
vn -0.2390 -0.9659 -0.0990
vn -0.2588 -0.9659 -0.0000
vn -0.2391 -0.9659 0.0990
vn -0.1830 -0.9659 0.1830
vn -0.0990 -0.9659 0.2391
vn -0.0000 -0.9659 0.2588
vn 0.0991 -0.9659 0.2391
vn 0.1830 -0.9659 0.1830
vn 0.2391 -0.9659 0.0990
vn 0.2588 -0.9659 -0.0000
vn 0.0990 -0.9659 0.2391
vn 0.2392 -0.9659 -0.0990
vn -0.2391 -0.9659 -0.0990
vn -0.2391 -0.9659 0.0991
vn 0.3697 -0.2588 0.8924
vn 0.8924 -0.2588 0.3697
vn 0.3696 -0.2588 -0.8924
vn 0.2391 0.9659 -0.0991
vn -0.3697 -0.2588 -0.8924
vn -0.8924 -0.2588 -0.3697
vn -0.3697 -0.2588 0.8924
vn -0.0991 -0.9659 -0.2391
vn 0.2587 -0.9660 -0.0000
vn -0.0991 -0.9659 0.2391
vn -0.8511 -0.2135 0.4796
vn -0.8509 -0.2135 0.4800
vn -0.8696 0.0588 0.4902
vn -0.8690 0.0688 0.4899
vn -0.4923 -0.2530 0.8328
vn -0.5070 0.0861 0.8576
vn -0.5068 0.0905 0.8573
vn -0.0099 -0.2368 0.9715
vn -0.0102 0.0868 0.9962
vn -0.0102 0.0827 0.9965
vn 0.4840 -0.1677 0.8588
vn 0.4902 0.0585 0.8696
vn 0.4905 0.0504 0.8700
vn 0.8594 -0.0601 0.5077
vn 0.8595 -0.0601 0.5077
vn 0.8608 0.0077 0.5088
vn 0.8608 0.0044 0.5088
vn 0.9984 0.0563 0.0104
vn 0.9987 -0.0498 0.0102
vn 0.9989 -0.0448 0.0103
vn 0.8615 0.1469 -0.4859
vn 0.8618 0.1470 -0.4855
vn 0.8671 -0.0963 -0.4888
vn 0.8678 -0.0880 -0.4891
vn 0.4997 0.1882 -0.8455
vn 0.5053 -0.1181 -0.8548
vn 0.5055 -0.1143 -0.8552
vn 0.0101 0.1714 -0.9852
vn 0.0102 -0.1111 -0.9938
vn 0.0102 -0.1145 -0.9934
vn -0.4887 0.0998 -0.8667
vn -0.4884 0.0997 -0.8669
vn -0.4895 -0.0796 -0.8684
vn -0.4892 -0.0859 -0.8679
vn -0.8607 -0.0097 -0.5091
vn -0.8604 -0.0341 -0.5086
vn -0.8603 -0.0353 -0.5085
vn -0.9921 -0.1253 -0.0103
vn -0.9998 0.0151 -0.0103
vn -0.9997 0.0224 -0.0103
vn -0.8478 0.2300 0.4778
vn -0.8491 0.2236 0.4785
vn -0.7533 0.5021 0.4247
vn -0.7868 0.4292 0.4435
vn -0.5041 0.1365 0.8528
vn -0.5083 0.0479 0.8598
vn -0.4645 0.4082 0.7859
vn -0.5000 0.1858 0.8459
vn -0.0103 -0.0096 0.9999
vn -0.0102 -0.1490 0.9888
vn -0.0101 0.1578 0.9874
vn -0.0102 -0.1500 0.9886
vn 0.4835 -0.1746 0.8577
vn 0.4710 -0.2833 0.8354
vn 0.4820 -0.1910 0.8551
vn 0.4528 -0.3870 0.8032
vn 0.8244 -0.2877 0.4873
vn 0.8138 -0.3262 0.4810
vn 0.7749 -0.4356 0.4580
vn 0.7547 -0.4810 0.4461
vn 0.9512 -0.3084 0.0097
vn 0.9552 -0.2957 0.0098
vn 0.8607 -0.5091 0.0089
vn 0.8606 -0.5092 0.0088
vn 0.8491 -0.2236 -0.4786
vn 0.8478 -0.2300 -0.4779
vn 0.7868 -0.4293 -0.4435
vn 0.7533 -0.5022 -0.4247
vn 0.5083 -0.0479 -0.8599
vn 0.5041 -0.1365 -0.8528
vn 0.5000 -0.1857 -0.8459
vn 0.4646 -0.4081 -0.7859
vn 0.0102 0.1490 -0.9888
vn 0.0103 0.0095 -0.9999
vn 0.0102 0.1499 -0.9886
vn 0.0101 -0.1578 -0.9874
vn -0.4710 0.2834 -0.8354
vn -0.4835 0.1747 -0.8577
vn -0.4528 0.3870 -0.8032
vn -0.4820 0.1911 -0.8551
vn -0.8138 0.3262 -0.4810
vn -0.8244 0.2877 -0.4873
vn -0.7547 0.4810 -0.4461
vn -0.7749 0.4356 -0.4580
vn -0.9552 0.2957 -0.0098
vn -0.9512 0.3084 -0.0097
vn -0.8606 0.5092 -0.0088
vn -0.7621 0.4844 0.4296
vn -0.7788 0.4479 0.4391
vn -0.8080 0.3736 0.4556
vn -0.8123 0.3612 0.4580
vn -0.4731 0.3681 0.8004
vn -0.4971 0.2141 0.8409
vn -0.5052 0.1194 0.8547
vn -0.5071 0.0825 0.8579
vn -0.0102 0.1133 0.9935
vn -0.0102 -0.1247 0.9921
vn -0.0101 -0.1945 0.9808
vn -0.0100 -0.2339 0.9722
vn 0.4785 -0.2252 0.8487
vn 0.4533 -0.3847 0.8041
vn 0.4446 -0.4247 0.7886
vn 0.4402 -0.4431 0.7809
vn 0.7663 -0.4556 0.4530
vn 0.7458 -0.4994 0.4409
vn 0.7341 -0.5224 0.4339
vn 0.7329 -0.5245 0.4332
vn 0.8519 -0.5237 0.0087
vn 0.8534 -0.5212 0.0088
vn 0.8637 -0.5039 0.0087
vn 0.8641 -0.5033 0.0087
vn 0.7789 -0.4479 -0.4390
vn 0.7621 -0.4845 -0.4296
vn 0.8123 -0.3612 -0.4579
vn 0.8079 -0.3740 -0.4554
vn 0.4970 -0.2141 -0.8409
vn 0.4731 -0.3680 -0.8004
vn 0.5071 -0.0825 -0.8579
vn 0.5052 -0.1194 -0.8547
vn 0.0102 0.1248 -0.9921
vn 0.0102 -0.1133 -0.9935
vn 0.0100 0.2341 -0.9722
vn 0.0101 0.1944 -0.9809
vn -0.4533 0.3847 -0.8041
vn -0.4785 0.2252 -0.8488
vn -0.4403 0.4430 -0.7810
vn -0.4446 0.4248 -0.7886
vn -0.7458 0.4994 -0.4409
vn -0.7663 0.4556 -0.4530
vn -0.7329 0.5245 -0.4333
vn -0.7342 0.5221 -0.4340
vn -0.8534 0.5212 -0.0088
vn -0.8519 0.5237 -0.0088
vn -0.8640 0.5033 -0.0090
vn -0.8637 0.5039 -0.0090
vn -0.8020 0.3904 0.4521
vn -0.5029 0.1534 0.8506
vn -0.0101 -0.1534 0.9881
vn 0.4521 -0.3904 0.8019
vn 0.7449 -0.5013 0.4403
vn 0.8653 -0.5013 0.0090
vn 0.8020 -0.3905 -0.4520
vn 0.5028 -0.1534 -0.8507
vn 0.0101 0.1534 -0.9881
vn -0.4521 0.3904 -0.8020
vn -0.7449 0.5013 -0.4403
vn -0.8652 0.5013 -0.0090
vn -0.9582 0.1131 0.2629
vn -0.9581 0.1131 0.2632
vn -0.9636 -0.0396 0.2645
vn -0.9635 -0.0402 0.2645
vn -0.6891 0.1956 0.6978
vn -0.7017 -0.0543 0.7104
vn -0.7016 -0.0548 0.7104
vn -0.2468 0.2171 0.9444
vn -0.2524 -0.0585 0.9659
vn -0.2530 -0.0584 0.9657
vn 0.2607 0.1735 0.9497
vn 0.2644 -0.0507 0.9631
vn 0.2644 -0.0502 0.9631
vn 0.7096 0.0734 0.7007
vn 0.7111 -0.0330 0.7023
vn 0.7111 -0.0326 0.7023
vn 0.9658 -0.0581 0.2528
vn 0.9658 -0.0581 0.2525
vn 0.9674 -0.0100 0.2529
vn 0.9674 -0.0101 0.2529
vn 0.9484 -0.1807 -0.2604
vn 0.9643 0.0118 -0.2647
vn 0.9643 0.0112 -0.2647
vn 0.6785 -0.2601 -0.6870
vn 0.7025 0.0264 -0.7112
vn 0.7025 0.0260 -0.7112
vn 0.2427 -0.2803 -0.9287
vn 0.2427 -0.2806 -0.9286
vn 0.2527 0.0300 -0.9671
vn -0.2571 -0.2390 -0.9364
vn -0.2647 0.0219 -0.9641
vn -0.2647 0.0223 -0.9641
vn -0.7042 -0.1421 -0.6956
vn -0.7114 0.0042 -0.7027
vn -0.7114 0.0046 -0.7027
vn -0.9674 -0.0118 -0.2529
vn -0.9673 -0.0118 -0.2533
vn -0.9674 -0.0182 -0.2528
vn -0.9409 0.2192 0.2583
vn -0.9199 0.2999 0.2526
vn -0.9511 0.1652 0.2612
vn -0.8926 0.3785 0.2451
vn -0.7009 0.0720 0.7096
vn -0.6899 0.1903 0.6984
vn -0.6900 -0.1891 0.6987
vn -0.6960 0.1384 0.7046
vn -0.2521 -0.0774 0.9646
vn -0.2528 0.0058 0.9675
vn -0.2281 -0.4313 0.8729
vn -0.2479 -0.1969 0.9486
vn 0.2601 -0.1873 0.9472
vn 0.2604 -0.1819 0.9482
vn 0.2273 -0.5129 0.8278
vn 0.2385 -0.4345 0.8685
vn 0.6850 -0.2703 0.6766
vn 0.6802 -0.2933 0.6718
vn 0.6132 -0.5070 0.6057
vn 0.6128 -0.5081 0.6053
vn 0.9168 -0.3194 0.2396
vn 0.9220 -0.3029 0.2410
vn 0.8525 -0.4728 0.2228
vn 0.8759 -0.4248 0.2289
vn 0.9200 -0.2999 -0.2525
vn 0.9409 -0.2192 -0.2583
vn 0.8926 -0.3786 -0.2450
vn 0.9511 -0.1653 -0.2611
vn 0.6899 -0.1903 -0.6985
vn 0.7009 -0.0720 -0.7096
vn 0.6959 -0.1387 -0.7046
vn 0.6899 0.1897 -0.6986
vn 0.2528 -0.0058 -0.9675
vn 0.2521 0.0774 -0.9646
vn 0.2479 0.1969 -0.9486
vn 0.2281 0.4313 -0.8729
vn -0.2604 0.1819 -0.9482
vn -0.2601 0.1876 -0.9472
vn -0.2385 0.4344 -0.8686
vn -0.2273 0.5129 -0.8278
vn -0.6802 0.2933 -0.6718
vn -0.6850 0.2703 -0.6766
vn -0.6129 0.5080 -0.6053
vn -0.6133 0.5070 -0.6057
vn -0.9220 0.3029 -0.2410
vn -0.9168 0.3194 -0.2396
vn -0.8758 0.4249 -0.2290
vn -0.8525 0.4729 -0.2229
vn -0.9423 0.2122 0.2587
vn -0.8870 0.3925 0.2435
vn -0.8703 0.4306 0.2390
vn -0.8604 0.4515 0.2362
vn -0.6960 -0.1381 0.7046
vn -0.6970 0.1278 0.7056
vn -0.6884 0.2011 0.6969
vn -0.6810 0.2467 0.6895
vn -0.2329 -0.3894 0.8912
vn -0.2467 -0.2198 0.9438
vn -0.2512 -0.1147 0.9611
vn -0.2522 -0.0712 0.9651
vn 0.2299 -0.4961 0.8373
vn 0.2355 -0.4568 0.8578
vn 0.2459 -0.3715 0.8953
vn 0.2473 -0.3569 0.9008
vn 0.6046 -0.5270 0.5972
vn 0.6030 -0.5307 0.5956
vn 0.6145 -0.5041 0.6069
vn 0.6141 -0.5049 0.6066
vn 0.8347 -0.5057 0.2182
vn 0.8609 -0.4564 0.2250
vn 0.8211 -0.5288 0.2146
vn 0.8228 -0.5261 0.2150
vn 0.8869 -0.3925 -0.2435
vn 0.9423 -0.2123 -0.2587
vn 0.8605 -0.4514 -0.2363
vn 0.8703 -0.4307 -0.2390
vn 0.6970 -0.1278 -0.7056
vn 0.6960 0.1382 -0.7047
vn 0.6810 -0.2465 -0.6895
vn 0.6884 -0.2011 -0.6969
vn 0.2467 0.2198 -0.9438
vn 0.2329 0.3894 -0.8912
vn 0.2522 0.0712 -0.9651
vn 0.2512 0.1147 -0.9611
vn -0.2355 0.4568 -0.8578
vn -0.2299 0.4961 -0.8373
vn -0.2473 0.3574 -0.9006
vn -0.2458 0.3715 -0.8953
vn -0.6030 0.5306 -0.5956
vn -0.6046 0.5270 -0.5972
vn -0.6142 0.5049 -0.6065
vn -0.6145 0.5041 -0.6068
vn -0.8609 0.4564 -0.2250
vn -0.8347 0.5057 -0.2182
vn -0.8227 0.5262 -0.2150
vn -0.8212 0.5288 -0.2146
vn -0.8878 0.3904 0.2436
vn -0.6944 0.1534 0.7030
vn -0.2499 -0.1534 0.9561
vn 0.2437 -0.3904 0.8878
vn 0.6156 -0.5013 0.6081
vn 0.8372 -0.5013 0.2187
vn 0.8877 -0.3904 -0.2440
vn 0.8877 -0.3904 -0.2439
vn 0.6944 -0.1534 -0.7030
vn 0.2499 0.1534 -0.9561
vn -0.2438 0.3904 -0.8878
vn -0.6156 0.5013 -0.6081
vn -0.8372 0.5013 -0.2187
vn -0.9795 -0.1704 -0.1070
vn -0.9796 -0.1704 -0.1068
vn -0.9904 0.0865 -0.1080
vn -0.9870 0.1194 -0.1077
vn -0.9063 -0.1381 0.3994
vn -0.9052 0.1466 0.3988
vn -0.9025 0.1658 0.3976
vn -0.5891 -0.0777 0.8043
vn -0.5830 0.1634 0.7959
vn -0.5831 0.1627 0.7960
vn -0.1084 -0.0050 0.9941
vn -0.1075 0.1276 0.9860
vn -0.1077 0.1180 0.9872
vn 0.4025 0.0599 0.9135
vn 0.4028 0.0456 0.9142
vn 0.4027 0.0473 0.9141
vn 0.8027 0.0990 0.5881
vn 0.8054 -0.0571 0.5900
vn 0.8062 -0.0358 0.5906
vn 0.9889 0.1025 0.1079
vn 0.9836 -0.1449 0.1073
vn 0.9873 -0.1172 0.1077
vn 0.9129 0.0693 -0.4022
vn 0.8982 -0.1916 -0.3957
vn 0.9010 -0.1753 -0.3969
vn 0.5910 0.0080 -0.8066
vn 0.5802 -0.1899 -0.7920
vn 0.5801 -0.1905 -0.7919
vn 0.1082 -0.0648 -0.9920
vn 0.1072 -0.1474 -0.9832
vn 0.1071 -0.1538 -0.9823
vn -0.3997 -0.1288 -0.9076
vn -0.4019 -0.0787 -0.9123
vn -0.4021 -0.0716 -0.9128
vn -0.7955 -0.1671 -0.5824
vn -0.8067 0.0040 -0.5909
vn -0.8063 0.0313 -0.5906
vn -0.9714 0.2126 -0.1060
vn -0.9768 0.1856 -0.1066
vn -0.8792 0.4667 -0.0959
vn -0.9304 0.3523 -0.1015
vn -0.9095 0.1110 0.4007
vn -0.9151 -0.0069 0.4031
vn -0.8689 0.3137 0.3828
vn -0.9140 0.0492 0.4027
vn -0.5903 -0.0466 0.8058
vn -0.5795 -0.1962 0.7910
vn -0.5909 0.0076 0.8067
vn -0.5687 -0.2718 0.7763
vn -0.1061 -0.2076 0.9725
vn -0.1032 -0.3077 0.9459
vn -0.1029 -0.3141 0.9438
vn -0.0969 -0.4488 0.8884
vn 0.3843 -0.3020 0.8724
vn 0.3810 -0.3267 0.8649
vn 0.3524 -0.4855 0.8000
vn 0.3482 -0.5039 0.7905
vn 0.7701 -0.2978 0.5641
vn 0.7742 -0.2812 0.5671
vn 0.7000 -0.4970 0.5128
vn 0.6948 -0.5082 0.5089
vn 0.9768 -0.1855 0.1065
vn 0.9714 -0.2126 0.1059
vn 0.9304 -0.3523 0.1015
vn 0.8792 -0.4667 0.0959
vn 0.9151 0.0069 -0.4031
vn 0.9095 -0.1110 -0.4007
vn 0.9140 -0.0493 -0.4027
vn 0.8689 -0.3138 -0.3828
vn 0.5795 0.1962 -0.7910
vn 0.5903 0.0466 -0.8058
vn 0.5687 0.2718 -0.7763
vn 0.5909 -0.0076 -0.8067
vn 0.1032 0.3077 -0.9459
vn 0.1061 0.2075 -0.9725
vn 0.0969 0.4487 -0.8884
vn 0.1029 0.3141 -0.9438
vn -0.3810 0.3266 -0.8649
vn -0.3843 0.3020 -0.8724
vn -0.3482 0.5039 -0.7905
vn -0.3524 0.4855 -0.8000
vn -0.7742 0.2812 -0.5671
vn -0.7701 0.2977 -0.5641
vn -0.6948 0.5082 -0.5089
vn -0.7000 0.4970 -0.5128
vn -0.8781 0.4688 -0.0957
vn -0.9026 0.4190 -0.0984
vn -0.9245 0.3677 -0.1007
vn -0.9313 0.3497 -0.1014
vn -0.8702 0.3096 0.3833
vn -0.9051 0.1474 0.3988
vn -0.9098 0.1075 0.4008
vn -0.9137 0.0560 0.4026
vn -0.5909 0.0102 0.8067
vn -0.5793 -0.1973 0.7908
vn -0.5779 -0.2093 0.7888
vn -0.5703 -0.2619 0.7785
vn -0.1029 -0.3166 0.9430
vn -0.0979 -0.4305 0.8973
vn -0.0975 -0.4372 0.8941
vn -0.0962 -0.4606 0.8824
vn 0.3491 -0.5002 0.7924
vn 0.3433 -0.5242 0.7793
vn 0.3419 -0.5299 0.7761
vn 0.3412 -0.5325 0.7746
vn 0.6839 -0.5304 0.5010
vn 0.6839 -0.5303 0.5010
vn 0.6965 -0.5046 0.5102
vn 0.6968 -0.5038 0.5105
vn 0.9026 -0.4190 0.0984
vn 0.8781 -0.4688 0.0958
vn 0.9312 -0.3502 0.1016
vn 0.9243 -0.3680 0.1008
vn 0.9051 -0.1474 -0.3988
vn 0.8702 -0.3096 -0.3833
vn 0.9137 -0.0560 -0.4025
vn 0.9098 -0.1075 -0.4008
vn 0.5793 0.1973 -0.7909
vn 0.5909 -0.0102 -0.8067
vn 0.5704 0.2617 -0.7786
vn 0.5778 0.2094 -0.7888
vn 0.0979 0.4305 -0.8973
vn 0.1028 0.3166 -0.9430
vn 0.0962 0.4607 -0.8823
vn 0.0975 0.4372 -0.8941
vn -0.3433 0.5243 -0.7793
vn -0.3489 0.5002 -0.7925
vn -0.3412 0.5326 -0.7746
vn -0.3419 0.5300 -0.7761
vn -0.6839 0.5303 -0.5010
vn -0.6839 0.5304 -0.5010
vn -0.6968 0.5039 -0.5104
vn -0.6965 0.5047 -0.5101
vn -0.9152 0.3904 -0.0999
vn -0.9043 0.1534 0.3984
vn -0.5838 -0.1533 0.7973
vn -0.5841 -0.1534 0.7971
vn -0.0998 -0.3904 0.9152
vn 0.3488 -0.5012 0.7919
vn 0.6980 -0.5013 0.5114
vn 0.9152 -0.3905 0.0999
vn 0.9043 -0.1534 -0.3984
vn 0.5839 0.1534 -0.7972
vn 0.0998 0.3904 -0.9152
vn -0.3488 0.5013 -0.7919
vn -0.6981 0.5013 -0.5113
vn -0.8874 -0.0161 -0.4608
vn -0.8815 -0.1163 -0.4577
vn -0.8816 -0.1151 -0.4577
vn -0.9921 0.1177 0.0443
vn -0.9901 -0.1329 0.0443
vn -0.9890 -0.1410 0.0443
vn -0.8245 0.2074 0.5265
vn -0.8373 -0.1143 0.5347
vn -0.8350 -0.1358 0.5332
vn -0.4481 0.2327 0.8631
vn -0.4597 -0.0696 0.8853
vn -0.4592 -0.0957 0.8832
vn 0.0438 0.1897 0.9809
vn 0.0447 -0.0135 0.9989
vn 0.0446 -0.0306 0.9985
vn 0.5361 0.0855 0.8398
vn 0.5377 0.0411 0.8421
vn 0.5378 0.0386 0.8422
vn 0.8862 -0.0538 0.4602
vn 0.8842 0.0868 0.4590
vn 0.8840 0.0885 0.4590
vn 0.9817 -0.1852 -0.0438
vn 0.9817 -0.1852 -0.0440
vn 0.9925 0.1138 -0.0444
vn 0.9935 0.1046 -0.0444
vn 0.8112 -0.2713 -0.5180
vn 0.8375 0.1092 -0.5354
vn 0.8398 0.0852 -0.5362
vn 0.4401 -0.2954 -0.8479
vn 0.4597 0.0692 -0.8854
vn 0.4604 0.0395 -0.8868
vn -0.0432 -0.2544 -0.9661
vn -0.0447 0.0037 -0.9990
vn -0.0447 -0.0170 -0.9989
vn -0.5318 -0.1539 -0.8328
vn -0.5370 -0.0659 -0.8410
vn -0.5368 -0.0707 -0.8407
vn -0.8659 0.2193 -0.4496
vn -0.8433 0.3116 -0.4379
vn -0.8550 0.2680 -0.4440
vn -0.8011 0.4304 -0.4160
vn -0.9971 0.0615 0.0446
vn -0.9773 0.2072 0.0438
vn -0.9961 -0.0763 0.0445
vn -0.9698 0.2399 0.0434
vn -0.8386 -0.0999 0.5355
vn -0.8426 0.0221 0.5381
vn -0.7835 -0.3684 0.5004
vn -0.8395 -0.0884 0.5361
vn -0.4508 -0.2076 0.8682
vn -0.4538 -0.1736 0.8740
vn -0.4004 -0.4951 0.7711
vn -0.4269 -0.3765 0.8222
vn 0.0429 -0.2779 0.9597
vn 0.0427 -0.2936 0.9550
vn 0.0384 -0.5120 0.8581
vn 0.0386 -0.5020 0.8640
vn 0.5090 -0.3250 0.7971
vn 0.5123 -0.3065 0.8023
vn 0.4684 -0.4925 0.7335
vn 0.4751 -0.4698 0.7440
vn 0.8433 -0.3116 0.4378
vn 0.8659 -0.2194 0.4496
vn 0.8011 -0.4304 0.4159
vn 0.8550 -0.2680 0.4440
vn 0.9773 -0.2072 -0.0437
vn 0.9971 -0.0615 -0.0446
vn 0.9698 -0.2399 -0.0434
vn 0.9961 0.0763 -0.0445
vn 0.8426 -0.0221 -0.5380
vn 0.8386 0.1000 -0.5355
vn 0.8395 0.0884 -0.5360
vn 0.7836 0.3683 -0.5003
vn 0.4538 0.1735 -0.8740
vn 0.4508 0.2076 -0.8682
vn 0.4269 0.3764 -0.8222
vn 0.4004 0.4951 -0.7711
vn -0.0427 0.2936 -0.9550
vn -0.0429 0.2779 -0.9597
vn -0.0386 0.5020 -0.8640
vn -0.0384 0.5120 -0.8581
vn -0.5123 0.3065 -0.8022
vn -0.5090 0.3250 -0.7971
vn -0.4751 0.4698 -0.7440
vn -0.4684 0.4925 -0.7335
vn -0.8458 0.3030 -0.4392
vn -0.7919 0.4514 -0.4112
vn -0.7924 0.4503 -0.4115
vn -0.7786 0.4800 -0.4043
vn -0.9974 -0.0560 0.0446
vn -0.9777 0.2054 0.0437
vn -0.9746 0.2195 0.0436
vn -0.9582 0.2829 0.0428
vn -0.7871 -0.3574 0.5027
vn -0.8313 -0.1644 0.5309
vn -0.8382 -0.1046 0.5352
vn -0.8419 -0.0459 0.5377
vn -0.3990 -0.5002 0.7685
vn -0.4125 -0.4457 0.7945
vn -0.4280 -0.3711 0.8241
vn -0.4308 -0.3550 0.8297
vn 0.0373 -0.5514 0.8334
vn 0.0372 -0.5527 0.8326
vn 0.0383 -0.5124 0.8579
vn 0.0383 -0.5163 0.8556
vn 0.4513 -0.5448 0.7068
vn 0.4625 -0.5114 0.7243
vn 0.4507 -0.5465 0.7058
vn 0.4519 -0.5430 0.7077
vn 0.7919 -0.4514 0.4112
vn 0.8458 -0.3029 0.4392
vn 0.7786 -0.4799 0.4043
vn 0.7924 -0.4503 0.4115
vn 0.9777 -0.2054 -0.0437
vn 0.9974 0.0560 -0.0446
vn 0.9582 -0.2829 -0.0428
vn 0.9746 -0.2195 -0.0436
vn 0.8314 0.1644 -0.5309
vn 0.7872 0.3574 -0.5026
vn 0.8419 0.0463 -0.5376
vn 0.8383 0.1041 -0.5352
vn 0.4125 0.4457 -0.7945
vn 0.3990 0.5002 -0.7685
vn 0.4309 0.3549 -0.8297
vn 0.4281 0.3711 -0.8240
vn -0.0372 0.5527 -0.8326
vn -0.0373 0.5515 -0.8334
vn -0.0383 0.5161 -0.8557
vn -0.0384 0.5125 -0.8579
vn -0.4625 0.5115 -0.7242
vn -0.4511 0.5448 -0.7069
vn -0.4519 0.5432 -0.7077
vn -0.4507 0.5466 -0.7058
vn -0.8171 0.3904 -0.4242
vn -0.9872 0.1534 0.0444
vn -0.8329 -0.1534 0.5318
vn -0.4242 -0.3905 0.8171
vn 0.0387 -0.5012 0.8644
vn 0.4657 -0.5013 0.7293
vn 0.8171 -0.3904 0.4242
vn 0.9872 -0.1534 -0.0442
vn 0.8328 0.1534 -0.5319
vn 0.4242 0.3904 -0.8171
vn -0.0387 0.5012 -0.8644
vn -0.4657 0.5012 -0.7293
vn -0.6668 -0.2802 -0.6905
vn -0.6944 0.0274 -0.7190
vn -0.6935 0.0577 -0.7181
vn -0.9132 -0.3122 -0.2619
vn -0.9575 0.0887 -0.2746
vn -0.9543 0.1198 -0.2737
vn -0.9328 -0.2756 0.2324
vn -0.9627 0.1253 0.2400
vn -0.9605 0.1417 0.2394
vn -0.7086 -0.1746 0.6837
vn -0.7084 -0.1745 0.6839
vn -0.7139 0.1225 0.6895
vn -0.7140 0.1214 0.6896
vn -0.2755 -0.0297 0.9608
vn -0.2748 0.0769 0.9584
vn -0.2749 0.0716 0.9588
vn 0.2402 0.1156 0.9638
vn 0.2419 -0.0005 0.9703
vn 0.2419 0.0089 0.9703
vn 0.6781 0.2167 0.7023
vn 0.6922 -0.0842 0.7168
vn 0.6935 -0.0581 0.7181
vn 0.9306 0.2504 0.2668
vn 0.9510 -0.1461 0.2726
vn 0.9546 -0.1182 0.2734
vn 0.9483 0.2118 -0.2363
vn 0.9564 -0.1685 -0.2384
vn 0.9588 -0.1535 -0.2390
vn 0.7153 0.1067 -0.6906
vn 0.7112 -0.1494 -0.6869
vn 0.7112 -0.1500 -0.6868
vn 0.2755 -0.0402 -0.9605
vn 0.2742 -0.1011 -0.9563
vn 0.2742 -0.1042 -0.9560
vn -0.2377 -0.1832 -0.9539
vn -0.2417 -0.0395 -0.9695
vn -0.2418 -0.0265 -0.9700
vn -0.6751 0.2361 -0.6990
vn -0.6764 0.2276 -0.7004
vn -0.6078 0.4843 -0.6293
vn -0.6348 0.4061 -0.6573
vn -0.9490 0.1594 -0.2721
vn -0.9598 0.0550 -0.2752
vn -0.8901 0.3776 -0.2552
vn -0.9522 0.1374 -0.2730
vn -0.9701 0.0211 0.2418
vn -0.9602 -0.1439 0.2393
vn -0.9639 0.1149 0.2403
vn -0.9498 -0.2047 0.2368
vn -0.7113 -0.1487 0.6870
vn -0.6899 -0.2828 0.6664
vn -0.7008 -0.2258 0.6767
vn -0.6510 -0.4253 0.6287
vn -0.2652 -0.2724 0.9249
vn -0.2604 -0.3274 0.9083
vn -0.2462 -0.4494 0.8587
vn -0.2388 -0.4995 0.8327
vn 0.2305 -0.3040 0.9244
vn 0.2312 -0.2950 0.9271
vn 0.2087 -0.5060 0.8369
vn 0.2086 -0.5068 0.8365
vn 0.6765 -0.2272 0.7005
vn 0.6750 -0.2361 0.6990
vn 0.6348 -0.4061 0.6573
vn 0.6078 -0.4843 0.6294
vn 0.9598 -0.0549 0.2752
vn 0.9490 -0.1595 0.2721
vn 0.9522 -0.1374 0.2730
vn 0.8901 -0.3776 0.2552
vn 0.9602 0.1440 -0.2393
vn 0.9701 -0.0211 -0.2418
vn 0.9498 0.2047 -0.2368
vn 0.9639 -0.1149 -0.2403
vn 0.6899 0.2827 -0.6664
vn 0.7113 0.1487 -0.6870
vn 0.6510 0.4254 -0.6287
vn 0.7008 0.2258 -0.6767
vn 0.2605 0.3274 -0.9083
vn 0.2652 0.2724 -0.9249
vn 0.2388 0.4995 -0.8328
vn 0.2463 0.4494 -0.8587
vn -0.2312 0.2950 -0.9271
vn -0.2305 0.3040 -0.9244
vn -0.2085 0.5068 -0.8365
vn -0.2087 0.5060 -0.8369
vn -0.6074 0.4853 -0.6289
vn -0.6202 0.4505 -0.6422
vn -0.6417 0.3826 -0.6647
vn -0.6436 0.3762 -0.6666
vn -0.9003 0.3505 -0.2581
vn -0.9441 0.1880 -0.2707
vn -0.9549 0.1147 -0.2737
vn -0.9591 0.0681 -0.2749
vn -0.9675 0.0756 0.2413
vn -0.9547 -0.1783 0.2381
vn -0.9480 -0.2133 0.2363
vn -0.9332 -0.2737 0.2327
vn -0.6930 -0.2682 0.6692
vn -0.6467 -0.4378 0.6245
vn -0.6421 -0.4508 0.6201
vn -0.6301 -0.4824 0.6085
vn -0.2409 -0.4861 0.8400
vn -0.2322 -0.5391 0.8096
vn -0.2303 -0.5496 0.8031
vn -0.2294 -0.5543 0.8000
vn 0.2034 -0.5416 0.8157
vn 0.2032 -0.5424 0.8152
vn 0.2053 -0.5291 0.8233
vn 0.2064 -0.5224 0.8274
vn 0.6202 -0.4505 0.6422
vn 0.6074 -0.4853 0.6290
vn 0.6437 -0.3762 0.6664
vn 0.6419 -0.3827 0.6645
vn 0.9441 -0.1879 0.2707
vn 0.9003 -0.3504 0.2581
vn 0.9590 -0.0684 0.2750
vn 0.9549 -0.1151 0.2738
vn 0.9548 0.1782 -0.2381
vn 0.9675 -0.0757 -0.2413
vn 0.9333 0.2736 -0.2327
vn 0.9480 0.2133 -0.2363
vn 0.6467 0.4378 -0.6245
vn 0.6930 0.2682 -0.6692
vn 0.6301 0.4824 -0.6085
vn 0.6421 0.4507 -0.6201
vn 0.2322 0.5391 -0.8096
vn 0.2409 0.4861 -0.8401
vn 0.2294 0.5543 -0.8001
vn 0.2303 0.5496 -0.8031
vn -0.2032 0.5424 -0.8152
vn -0.2034 0.5416 -0.8157
vn -0.2062 0.5228 -0.8271
vn -0.2053 0.5293 -0.8232
vn -0.6397 0.3905 -0.6621
vn -0.9499 0.1534 -0.2724
vn -0.9588 -0.1534 0.2391
vn -0.6622 -0.3904 0.6395
vn -0.2385 -0.5012 0.8318
vn 0.2093 -0.5012 0.8396
vn 0.6395 -0.3904 0.6623
vn 0.9499 -0.1534 0.2724
vn 0.9588 0.1533 -0.2391
vn 0.9589 0.1534 -0.2388
vn 0.6622 0.3904 -0.6395
vn 0.2385 0.5012 -0.8318
vn -0.2094 0.5013 -0.8395
vn -0.4463 -0.0167 -0.8947
vn -0.4445 -0.0900 -0.8913
vn -0.4448 -0.0802 -0.8920
vn -0.8340 0.0078 -0.5517
vn -0.8217 -0.1707 -0.5438
vn -0.8238 -0.1553 -0.5452
vn -0.9979 0.0209 -0.0610
vn -0.9773 -0.2031 -0.0596
vn -0.9782 -0.1988 -0.0597
vn -0.8947 0.0191 0.4463
vn -0.8949 0.0191 0.4458
vn -0.8797 -0.1838 0.4386
vn -0.8779 -0.1950 0.4373
vn -0.5517 0.0027 0.8340
vn -0.5520 0.0027 0.8338
vn -0.5476 -0.1233 0.8276
vn -0.5465 -0.1391 0.8259
vn -0.0609 -0.0237 0.9979
vn -0.0609 -0.0398 0.9973
vn -0.0609 -0.0425 0.9972
vn 0.4458 -0.0531 0.8936
vn 0.4455 -0.0531 0.8937
vn 0.4458 0.0487 0.8938
vn 0.4454 0.0644 0.8930
vn 0.8314 -0.0775 0.5503
vn 0.8274 0.1257 0.5474
vn 0.8252 0.1450 0.5460
vn 0.9940 -0.0905 0.0608
vn 0.9834 0.1714 0.0601
vn 0.9824 0.1766 0.0601
vn 0.8913 -0.0886 -0.4447
vn 0.8915 -0.0887 -0.4443
vn 0.8820 0.1690 -0.4399
vn 0.8840 0.1554 -0.4409
vn 0.5504 -0.0725 -0.8318
vn 0.5483 0.1135 -0.8285
vn 0.5495 0.0926 -0.8304
vn 0.0609 -0.0462 -0.9971
vn 0.0609 0.0169 -0.9980
vn 0.0609 0.0078 -0.9981
vn -0.4334 0.2385 -0.8691
vn -0.4241 0.3114 -0.8504
vn -0.4285 0.2796 -0.8592
vn -0.4046 0.4218 -0.8114
vn -0.8303 0.0930 -0.5495
vn -0.8120 0.2277 -0.5374
vn -0.8325 -0.0590 -0.5508
vn -0.8071 0.2518 -0.5341
vn -0.9956 -0.0718 -0.0607
vn -0.9963 0.0601 -0.0608
vn -0.9314 -0.3595 -0.0569
vn -0.9964 -0.0595 -0.0609
vn -0.8784 -0.1914 0.4380
vn -0.8867 -0.1349 0.4421
vn -0.7775 -0.4951 0.3877
vn -0.8382 -0.3504 0.4179
vn -0.5324 -0.2631 0.8046
vn -0.5311 -0.2712 0.8027
vn -0.4752 -0.5082 0.7182
vn -0.4815 -0.4884 0.7278
vn -0.0579 -0.3115 0.9485
vn -0.0580 -0.3056 0.9504
vn -0.0535 -0.4783 0.8766
vn -0.0538 -0.4687 0.8817
vn 0.4241 -0.3114 0.8504
vn 0.4334 -0.2385 0.8691
vn 0.4046 -0.4218 0.8114
vn 0.4285 -0.2795 0.8592
vn 0.8121 -0.2277 0.5373
vn 0.8304 -0.0930 0.5494
vn 0.8071 -0.2519 0.5341
vn 0.8325 0.0590 0.5509
vn 0.9963 -0.0601 0.0609
vn 0.9956 0.0718 0.0608
vn 0.9964 0.0595 0.0608
vn 0.9314 0.3595 0.0569
vn 0.8867 0.1349 -0.4422
vn 0.8783 0.1914 -0.4381
vn 0.8382 0.3504 -0.4179
vn 0.7775 0.4952 -0.3877
vn 0.5312 0.2714 -0.8026
vn 0.5324 0.2631 -0.8045
vn 0.4816 0.4884 -0.7277
vn 0.4752 0.5083 -0.7182
vn 0.0580 0.3056 -0.9504
vn 0.0579 0.3116 -0.9485
vn 0.0538 0.4688 -0.8817
vn 0.0535 0.4783 -0.8766
vn -0.4260 0.2978 -0.8543
vn -0.4038 0.4258 -0.8097
vn -0.4014 0.4369 -0.8050
vn -0.3968 0.4575 -0.7958
vn -0.8331 -0.0453 -0.5512
vn -0.8159 0.2069 -0.5399
vn -0.8129 0.2229 -0.5380
vn -0.8001 0.2820 -0.5295
vn -0.9379 -0.3420 -0.0573
vn -0.9894 -0.1317 -0.0604
vn -0.9946 -0.0847 -0.0607
vn -0.9981 -0.0116 -0.0609
vn -0.7842 -0.4819 0.3910
vn -0.8168 -0.4087 0.4073
vn -0.8400 -0.3447 0.4189
vn -0.8517 -0.3068 0.4248
vn -0.4703 -0.5230 0.7108
vn -0.4697 -0.5249 0.7098
vn -0.4831 -0.4833 0.7301
vn -0.4849 -0.4771 0.7329
vn -0.0524 -0.5104 0.8583
vn -0.0530 -0.4934 0.8682
vn -0.0522 -0.5179 0.8539
vn -0.0522 -0.5170 0.8544
vn 0.4038 -0.4257 0.8097
vn 0.4261 -0.2977 0.8543
vn 0.3969 -0.4575 0.7958
vn 0.4014 -0.4370 0.8049
vn 0.8159 -0.2069 0.5399
vn 0.8331 0.0453 0.5513
vn 0.8001 -0.2820 0.5295
vn 0.8129 -0.2230 0.5380
vn 0.9894 0.1318 0.0604
vn 0.9379 0.3421 0.0572
vn 0.9981 0.0119 0.0609
vn 0.9946 0.0847 0.0608
vn 0.8168 0.4086 -0.4074
vn 0.7842 0.4818 -0.3910
vn 0.8517 0.3068 -0.4247
vn 0.8400 0.3448 -0.4189
vn 0.4697 0.5249 -0.7098
vn 0.4703 0.5231 -0.7108
vn 0.4850 0.4771 -0.7329
vn 0.4831 0.4833 -0.7301
vn 0.0530 0.4934 -0.8682
vn 0.0524 0.5104 -0.8583
vn 0.0522 0.5168 -0.8545
vn 0.0522 0.5176 -0.8540
vn -0.4109 0.3905 -0.8238
vn -0.8240 0.1534 -0.5455
vn -0.9863 -0.1534 -0.0602
vn -0.8240 -0.3904 0.4107
vn -0.4774 -0.5012 0.7217
vn -0.0528 -0.5013 0.8637
vn 0.4108 -0.3904 0.8239
vn 0.8241 -0.1534 0.5452
vn 0.9863 0.1534 0.0602
vn 0.8239 0.3903 -0.4110
vn 0.8239 0.3906 -0.4106
vn 0.4775 0.5013 -0.7216
vn 0.0528 0.5012 -0.8637
vn -0.0496 -0.0946 -0.9943
vn -0.0496 0.1035 -0.9934
vn -0.0496 0.0988 -0.9939
vn -0.5333 -0.1843 -0.8256
vn -0.5398 0.1009 -0.8357
vn -0.5407 0.0833 -0.8371
vn -0.8655 -0.2326 -0.4436
vn -0.8879 0.0664 -0.4552
vn -0.8891 0.0410 -0.4559
vn -0.9720 -0.2298 0.0485
vn -0.9987 0.0074 0.0498
vn -0.9987 -0.0134 0.0498
vn -0.8269 -0.1764 0.5339
vn -0.8270 -0.1764 0.5339
vn -0.8386 -0.0580 0.5417
vn -0.8382 -0.0658 0.5414
vn -0.4547 -0.0833 0.8868
vn -0.4536 -0.1078 0.8847
vn -0.4536 -0.1072 0.8847
vn 0.0498 0.0251 0.9984
vn 0.0494 -0.1271 0.9907
vn 0.0494 -0.1308 0.9902
vn 0.5389 0.1168 0.8343
vn 0.5389 0.1168 0.8342
vn 0.5391 -0.1124 0.8347
vn 0.5381 -0.1275 0.8332
vn 0.8775 0.1669 0.4497
vn 0.8773 0.1669 0.4500
vn 0.8876 -0.0711 0.4551
vn 0.8860 -0.0929 0.4543
vn 0.9852 0.1639 -0.0492
vn 0.9986 -0.0171 -0.0499
vn 0.9982 -0.0341 -0.0498
vn 0.8352 0.1086 -0.5392
vn 0.8395 0.0358 -0.5422
vn 0.8396 0.0308 -0.5423
vn 0.4560 0.0136 -0.8899
vn 0.4563 0.0136 -0.8897
vn 0.4548 0.0787 -0.8871
vn 0.4548 0.0802 -0.8870
vn -0.0486 0.2202 -0.9742
vn -0.0486 0.2164 -0.9751
vn -0.0436 0.4850 -0.8734
vn -0.0453 0.4185 -0.9071
vn -0.5394 0.1070 -0.8352
vn -0.5425 0.0127 -0.8399
vn -0.4975 0.3990 -0.7703
vn -0.5339 0.1781 -0.8266
vn -0.8885 -0.0561 -0.4555
vn -0.8725 -0.1967 -0.4473
vn -0.8779 0.1632 -0.4501
vn -0.8793 -0.1539 -0.4508
vn -0.9732 -0.2248 0.0485
vn -0.9446 -0.3248 0.0471
vn -0.9838 -0.1724 0.0490
vn -0.9197 -0.3900 0.0458
vn -0.7939 -0.3266 0.5128
vn -0.7859 -0.3530 0.5077
vn -0.7636 -0.4168 0.4932
vn -0.7376 -0.4784 0.4765
vn -0.4311 -0.3276 0.8408
vn -0.4345 -0.3050 0.8474
vn -0.3963 -0.4952 0.7731
vn -0.3964 -0.4951 0.7732
vn 0.0486 -0.2164 0.9751
vn 0.0486 -0.2202 0.9742
vn 0.0453 -0.4185 0.9071
vn 0.0436 -0.4850 0.8734
vn 0.5425 -0.0127 0.8400
vn 0.5394 -0.1070 0.8352
vn 0.5339 -0.1782 0.8266
vn 0.4975 -0.3989 0.7703
vn 0.8725 0.1968 0.4473
vn 0.8885 0.0561 0.4555
vn 0.8793 0.1539 0.4508
vn 0.8779 -0.1632 0.4501
vn 0.9446 0.3248 -0.0471
vn 0.9732 0.2248 -0.0486
vn 0.9197 0.3900 -0.0459
vn 0.9838 0.1724 -0.0491
vn 0.7859 0.3530 -0.5076
vn 0.7940 0.3265 -0.5128
vn 0.7377 0.4784 -0.4764
vn 0.7636 0.4168 -0.4932
vn 0.4345 0.3050 -0.8474
vn 0.4311 0.3276 -0.8408
vn 0.3965 0.4951 -0.7731
vn 0.3964 0.4952 -0.7730
vn -0.0445 0.4494 -0.8922
vn -0.0453 0.4172 -0.9077
vn -0.0465 0.3604 -0.9316
vn -0.0469 0.3381 -0.9399
vn -0.5095 0.3435 -0.7889
vn -0.5317 0.1986 -0.8233
vn -0.5394 0.1089 -0.8350
vn -0.5414 0.0630 -0.8384
vn -0.8840 0.1150 -0.4532
vn -0.8841 -0.1140 -0.4532
vn -0.8723 -0.1979 -0.4472
vn -0.8643 -0.2381 -0.4431
vn -0.9800 -0.1927 0.0489
vn -0.9325 -0.3582 0.0465
vn -0.9063 -0.4201 0.0452
vn -0.8992 -0.4351 0.0449
vn -0.7643 -0.4150 0.4936
vn -0.7428 -0.4670 0.4798
vn -0.7219 -0.5113 0.4662
vn -0.7214 -0.5123 0.4659
vn -0.3985 -0.4870 0.7772
vn -0.3990 -0.4849 0.7782
vn -0.3986 -0.4863 0.7776
vn -0.3978 -0.4896 0.7759
vn 0.0453 -0.4172 0.9077
vn 0.0445 -0.4494 0.8922
vn 0.0469 -0.3381 0.9399
vn 0.0465 -0.3605 0.9316
vn 0.5318 -0.1987 0.8233
vn 0.5095 -0.3435 0.7889
vn 0.5414 -0.0624 0.8384
vn 0.5393 -0.1093 0.8350
vn 0.8840 0.1140 0.4533
vn 0.8839 -0.1150 0.4533
vn 0.8642 0.2381 0.4432
vn 0.8723 0.1979 0.4472
vn 0.9325 0.3582 -0.0465
vn 0.9800 0.1927 -0.0489
vn 0.8992 0.4353 -0.0449
vn 0.9062 0.4203 -0.0452
vn 0.7428 0.4670 -0.4798
vn 0.7643 0.4150 -0.4936
vn 0.7214 0.5123 -0.4660
vn 0.7219 0.5113 -0.4663
vn 0.3990 0.4849 -0.7783
vn 0.3985 0.4869 -0.7772
vn 0.3978 0.4896 -0.7760
vn 0.3986 0.4863 -0.7776
vn -0.0458 0.3904 -0.9195
vn -0.5361 0.1534 -0.8301
vn -0.8793 -0.1534 -0.4509
vn -0.8794 -0.1533 -0.4507
vn -0.9195 -0.3904 0.0460
vn -0.7269 -0.5012 0.4695
vn -0.7269 -0.5015 0.4691
vn -0.3948 -0.5013 0.7700
vn 0.0458 -0.3904 0.9195
vn 0.5362 -0.1534 0.8300
vn 0.8793 0.1534 0.4509
vn 0.8793 0.1534 0.4510
vn 0.9195 0.3905 -0.0458
vn 0.9195 0.3904 -0.0462
vn 0.7270 0.5013 -0.4693
vn 0.3948 0.5013 -0.7700
vn 0.2818 0.1435 -0.9487
vn 0.2844 -0.0403 -0.9579
vn 0.2846 -0.0261 -0.9583
vn -0.2300 0.1538 -0.9610
vn -0.2318 -0.0930 -0.9683
vn -0.2321 -0.0751 -0.9698
vn -0.6834 0.1145 -0.7210
vn -0.6827 -0.1219 -0.7204
vn -0.6837 -0.1101 -0.7214
vn -0.9581 0.0346 -0.2844
vn -0.9515 -0.1214 -0.2825
vn -0.9518 -0.1192 -0.2826
vn -0.9705 -0.0645 0.2324
vn -0.9681 -0.0959 0.2317
vn -0.9680 -0.0968 0.2317
vn -0.7172 -0.1541 0.6796
vn -0.7248 -0.0544 0.6869
vn -0.7250 -0.0477 0.6871
vn -0.2784 -0.2101 0.9372
vn -0.2847 -0.0042 0.9586
vn -0.2847 0.0133 0.9585
vn 0.2272 -0.2201 0.9487
vn 0.2269 -0.2200 0.9488
vn 0.2325 0.0453 0.9715
vn 0.2323 0.0663 0.9704
vn 0.6764 -0.1821 0.7137
vn 0.6764 -0.1821 0.7136
vn 0.6856 0.0811 0.7235
vn 0.6847 0.0949 0.7226
vn 0.9534 -0.1040 0.2833
vn 0.9534 -0.1040 0.2834
vn 0.9546 0.0910 0.2835
vn 0.9544 0.0937 0.2834
vn 0.9725 -0.0052 -0.2327
vn 0.9702 0.0692 -0.2322
vn 0.9703 0.0671 -0.2323
vn 0.7230 0.0857 -0.6855
vn 0.7257 0.0205 -0.6877
vn 0.7256 0.0245 -0.6876
vn 0.2761 0.2437 -0.9297
vn 0.2680 0.3366 -0.9027
vn 0.2813 0.1535 -0.9473
vn 0.2594 0.4119 -0.8735
vn -0.2320 0.0804 -0.9694
vn -0.2270 0.2208 -0.9485
vn -0.2264 -0.2318 -0.9460
vn -0.2300 0.1529 -0.9611
vn -0.6853 -0.0858 -0.7232
vn -0.6878 0.0163 -0.7257
vn -0.6048 -0.4764 -0.6381
vn -0.6721 -0.2132 -0.7091
vn -0.9385 -0.2036 -0.2788
vn -0.9401 -0.1957 -0.2792
vn -0.8022 -0.5474 -0.2382
vn -0.8496 -0.4632 -0.2523
vn -0.9295 -0.2942 0.2225
vn -0.9210 -0.3214 0.2204
vn -0.8227 -0.5333 0.1969
vn -0.8217 -0.5350 0.1966
vn -0.6793 -0.3524 0.6437
vn -0.6841 -0.3340 0.6484
vn -0.6271 -0.5034 0.5943
vn -0.6514 -0.4412 0.6173
vn -0.2681 -0.3366 0.9027
vn -0.2761 -0.2438 0.9297
vn -0.2594 -0.4120 0.8735
vn -0.2813 -0.1535 0.9473
vn 0.2270 -0.2208 0.9485
vn 0.2320 -0.0804 0.9694
vn 0.2300 -0.1529 0.9611
vn 0.2264 0.2318 0.9460
vn 0.6878 -0.0164 0.7258
vn 0.6853 0.0857 0.7232
vn 0.6720 0.2131 0.7092
vn 0.6048 0.4763 0.6382
vn 0.9401 0.1957 0.2792
vn 0.9385 0.2039 0.2787
vn 0.8496 0.4632 0.2523
vn 0.8022 0.5474 0.2382
vn 0.9209 0.3214 -0.2204
vn 0.9295 0.2942 -0.2225
vn 0.8216 0.5350 -0.1966
vn 0.8227 0.5333 -0.1968
vn 0.6842 0.3340 -0.6484
vn 0.6793 0.3523 -0.6437
vn 0.6514 0.4412 -0.6173
vn 0.6272 0.5034 -0.5943
vn 0.2765 0.2372 -0.9313
vn 0.2585 0.4190 -0.8704
vn 0.2537 0.4534 -0.8544
vn 0.2504 0.4758 -0.8432
vn -0.2321 -0.0766 -0.9697
vn -0.2271 0.2190 -0.9489
vn -0.2250 0.2567 -0.9399
vn -0.2194 0.3336 -0.9168
vn -0.6495 -0.3296 -0.6853
vn -0.6845 -0.0988 -0.7223
vn -0.6872 -0.0471 -0.7250
vn -0.6864 0.0650 -0.7243
vn -0.8609 -0.4399 -0.2556
vn -0.8921 -0.3661 -0.2649
vn -0.9096 -0.3157 -0.2701
vn -0.9290 -0.2465 -0.2759
vn -0.8572 -0.4724 0.2051
vn -0.8538 -0.4789 0.2043
vn -0.8606 -0.4657 0.2060
vn -0.8685 -0.4500 0.2079
vn -0.6371 -0.4791 0.6038
vn -0.6525 -0.4381 0.6183
vn -0.6227 -0.5138 0.5901
vn -0.6227 -0.5139 0.5901
vn -0.2585 -0.4190 0.8704
vn -0.2766 -0.2372 0.9313
vn -0.2504 -0.4759 0.8431
vn -0.2537 -0.4534 0.8544
vn 0.2271 -0.2191 0.9489
vn 0.2321 0.0766 0.9697
vn 0.2194 -0.3336 0.9168
vn 0.2250 -0.2567 0.9399
vn 0.6845 0.0987 0.7223
vn 0.6494 0.3296 0.6853
vn 0.6864 -0.0651 0.7243
vn 0.6871 0.0471 0.7251
vn 0.8921 0.3661 0.2649
vn 0.8609 0.4399 0.2556
vn 0.9290 0.2465 0.2759
vn 0.9096 0.3157 0.2701
vn 0.8538 0.4788 -0.2043
vn 0.8572 0.4724 -0.2051
vn 0.8685 0.4500 -0.2079
vn 0.8607 0.4656 -0.2060
vn 0.6525 0.4382 -0.6183
vn 0.6371 0.4792 -0.6037
vn 0.6227 0.5139 -0.5901
vn 0.6227 0.5138 -0.5901
vn 0.2621 0.3904 -0.8825
vn -0.2300 0.1534 -0.9610
vn -0.6798 -0.1534 -0.7171
vn -0.6796 -0.1534 -0.7174
vn -0.8825 -0.3904 -0.2621
vn -0.8415 -0.5013 0.2015
vn -0.6280 -0.5013 0.5952
vn -0.2621 -0.3905 0.8825
vn 0.2301 -0.1534 0.9610
vn 0.6797 0.1534 0.7172
vn 0.8825 0.3904 0.2621
vn 0.8415 0.5013 -0.2015
vn 0.6280 0.5012 -0.5953
vn 0.6282 0.5015 -0.5949
vn 0.4949 -0.1504 -0.8558
vn 0.4918 0.1855 -0.8507
vn 0.4888 0.2149 -0.8455
vn 0.0005 -0.1666 -0.9860
vn 0.0006 -0.1666 -0.9860
vn 0.0004 0.2334 -0.9724
vn 0.0005 0.2335 -0.9724
vn -0.4939 -0.1483 -0.8567
vn -0.4879 0.2147 -0.8461
vn -0.4909 0.1856 -0.8512
vn -0.8615 -0.0997 -0.4979
vn -0.8616 -0.0997 -0.4977
vn -0.8589 0.1256 -0.4965
vn -0.8621 0.0925 -0.4983
vn -0.9995 -0.0329 -0.0004
vn -0.9995 -0.0329 -0.0007
vn -0.9999 -0.0129 -0.0006
vn -0.9999 -0.0164 -0.0006
vn -0.8658 0.0338 0.4993
vn -0.8563 -0.1510 0.4938
vn -0.8596 -0.1241 0.4957
vn -0.4988 0.0818 0.8628
vn -0.4859 -0.2396 0.8405
vn -0.4889 -0.2142 0.8457
vn -0.0005 0.0985 0.9951
vn -0.0005 -0.2594 0.9658
vn 0.0001 -0.2592 0.9658
vn 0.4979 0.0798 0.8635
vn 0.4879 -0.2143 0.8462
vn 0.4850 -0.2394 0.8411
vn 0.8654 0.0303 0.5001
vn 0.8653 0.0302 0.5004
vn 0.8591 -0.1242 0.4965
vn 0.8559 -0.1506 0.4947
vn 0.9993 -0.0370 0.0004
vn 0.9999 -0.0168 0.0006
vn 0.9999 -0.0125 0.0006
vn 0.8617 -0.1032 -0.4969
vn 0.8626 0.0923 -0.4974
vn 0.8594 0.1260 -0.4956
vn 0.4837 0.2569 -0.8367
vn 0.4933 0.1684 -0.8534
vn 0.4378 0.4853 -0.7569
vn 0.4771 0.3016 -0.8254
vn 0.0005 0.1280 -0.9918
vn 0.0005 -0.0882 -0.9961
vn 0.0005 0.3078 -0.9514
vn 0.0005 -0.0715 -0.9974
vn -0.4977 -0.0849 -0.8632
vn -0.4759 -0.3042 -0.8252
vn -0.4991 -0.0434 -0.8655
vn -0.4586 -0.3966 -0.7952
vn -0.8316 -0.2784 -0.4806
vn -0.7921 -0.4037 -0.4578
vn -0.8028 -0.3744 -0.4640
vn -0.7327 -0.5327 -0.4235
vn -0.9287 -0.3708 -0.0005
vn -0.9201 -0.3916 -0.0005
vn -0.8511 -0.5250 -0.0005
vn -0.8394 -0.5434 -0.0005
vn -0.8153 -0.3379 0.4702
vn -0.8197 -0.3234 0.4727
vn -0.7480 -0.5044 0.4314
vn -0.7363 -0.5269 0.4246
vn -0.4933 -0.1684 0.8534
vn -0.4837 -0.2569 0.8367
vn -0.4772 -0.3016 0.8254
vn -0.4376 -0.4853 0.7570
vn -0.0005 0.0883 0.9961
vn -0.0005 -0.1280 0.9918
vn -0.0005 0.0714 0.9974
vn -0.0005 -0.3079 0.9514
vn 0.4758 0.3042 0.8253
vn 0.4977 0.0849 0.8632
vn 0.4586 0.3966 0.7952
vn 0.4991 0.0434 0.8655
vn 0.7921 0.4036 0.4578
vn 0.8316 0.2784 0.4806
vn 0.7327 0.5328 0.4235
vn 0.8028 0.3744 0.4640
vn 0.9201 0.3916 0.0005
vn 0.9287 0.3708 0.0005
vn 0.8394 0.5435 0.0005
vn 0.8511 0.5250 0.0005
vn 0.8197 0.3234 -0.4727
vn 0.8153 0.3379 -0.4702
vn 0.7362 0.5270 -0.4246
vn 0.7479 0.5045 -0.4313
vn 0.4493 0.4392 -0.7779
vn 0.4649 0.3703 -0.8042
vn 0.4723 0.3306 -0.8171
vn 0.4800 0.2828 -0.8304
vn 0.0005 0.3023 -0.9532
vn 0.0005 0.1138 -0.9935
vn 0.0005 0.0779 -0.9970
vn 0.0005 0.0026 -1.0000
vn -0.4993 0.0304 -0.8659
vn -0.4904 -0.1905 -0.8504
vn -0.4875 -0.2186 -0.8453
vn -0.4810 -0.2704 -0.8340
vn -0.8321 -0.2762 -0.4810
vn -0.7968 -0.3911 -0.4606
vn -0.7844 -0.4232 -0.4534
vn -0.7788 -0.4368 -0.4502
vn -0.8899 -0.4561 -0.0005
vn -0.8821 -0.4711 -0.0005
vn -0.8676 -0.4973 -0.0005
vn -0.8677 -0.4971 -0.0005
vn -0.7580 -0.4841 0.4371
vn -0.7589 -0.4821 0.4377
vn -0.7723 -0.4531 0.4453
vn -0.7668 -0.4654 0.4422
vn -0.4649 -0.3703 0.8042
vn -0.4496 -0.4393 0.7778
vn -0.4800 -0.2828 0.8304
vn -0.4723 -0.3305 0.8171
vn -0.0005 -0.1139 0.9935
vn -0.0005 -0.3024 0.9532
vn -0.0005 -0.0022 1.0000
vn -0.0005 -0.0775 0.9970
vn 0.4904 0.1905 0.8504
vn 0.4993 -0.0304 0.8659
vn 0.4809 0.2703 0.8340
vn 0.4874 0.2187 0.8453
vn 0.7968 0.3911 0.4606
vn 0.8321 0.2762 0.4810
vn 0.7788 0.4368 0.4502
vn 0.7844 0.4232 0.4534
vn 0.8821 0.4711 0.0004
vn 0.8899 0.4561 0.0004
vn 0.8677 0.4971 0.0004
vn 0.8676 0.4973 0.0004
vn 0.7590 0.4821 -0.4376
vn 0.7580 0.4841 -0.4371
vn 0.7668 0.4654 -0.4422
vn 0.7723 0.4530 -0.4454
vn 0.4607 0.3904 -0.7971
vn 0.0005 0.1534 -0.9882
vn -0.4937 -0.1534 -0.8560
vn -0.7971 -0.3904 -0.4607
vn -0.8653 -0.5013 -0.0004
vn -0.7496 -0.5013 0.4322
vn -0.4607 -0.3904 0.7971
vn -0.0005 -0.1534 0.9882
vn 0.4936 0.1534 0.8561
vn 0.7971 0.3904 0.4607
vn 0.8653 0.5013 0.0004
vn 0.7496 0.5013 -0.4322
vn -0.8510 -0.2135 -0.4797
vn -0.8690 0.0689 -0.4899
vn -0.8696 0.0588 -0.4902
vn -0.8509 -0.2135 -0.4800
vn -0.4923 -0.2530 -0.8328
vn -0.5068 0.0905 -0.8573
vn -0.5070 0.0861 -0.8576
vn -0.0099 -0.2368 -0.9715
vn -0.0102 0.0827 -0.9965
vn -0.0102 0.0868 -0.9962
vn 0.4843 -0.1678 -0.8587
vn 0.4905 0.0504 -0.8700
vn 0.4902 0.0585 -0.8696
vn 0.4840 -0.1677 -0.8588
vn 0.8593 -0.0602 -0.5080
vn 0.8608 0.0044 -0.5088
vn 0.8608 0.0077 -0.5088
vn 0.9984 0.0563 -0.0104
vn 0.9989 -0.0447 -0.0103
vn 0.9987 -0.0499 -0.0102
vn 0.8617 0.1470 0.4857
vn 0.8678 -0.0881 0.4891
vn 0.8671 -0.0963 0.4888
vn 0.4997 0.1882 0.8455
vn 0.5055 -0.1143 0.8552
vn 0.5053 -0.1181 0.8548
vn 0.0101 0.1714 0.9852
vn 0.0102 -0.1145 0.9934
vn 0.0102 -0.1111 0.9938
vn -0.4887 0.0998 0.8667
vn -0.4892 -0.0859 0.8679
vn -0.4895 -0.0796 0.8684
vn -0.8607 -0.0097 0.5091
vn -0.8603 -0.0353 0.5085
vn -0.8603 -0.0341 0.5086
vn -0.9921 -0.1253 0.0103
vn -0.9997 0.0224 0.0103
vn -0.9998 0.0151 0.0103
vn -0.8477 0.2302 -0.4780
vn -0.7868 0.4293 -0.4435
vn -0.7533 0.5022 -0.4247
vn -0.8491 0.2236 -0.4785
vn -0.5041 0.1365 -0.8528
vn -0.5000 0.1858 -0.8459
vn -0.4645 0.4081 -0.7859
vn -0.5083 0.0479 -0.8598
vn -0.0103 -0.0096 -0.9999
vn -0.0102 -0.1499 -0.9886
vn -0.0101 0.1578 -0.9874
vn -0.0102 -0.1490 -0.9888
vn 0.4835 -0.1746 -0.8577
vn 0.4528 -0.3870 -0.8032
vn 0.4820 -0.1910 -0.8551
vn 0.4710 -0.2833 -0.8354
vn 0.8244 -0.2877 -0.4874
vn 0.7547 -0.4810 -0.4461
vn 0.7749 -0.4356 -0.4580
vn 0.8138 -0.3261 -0.4810
vn 0.9512 -0.3084 -0.0097
vn 0.8606 -0.5092 -0.0088
vn 0.9552 -0.2957 -0.0098
vn 0.8490 -0.2236 0.4787
vn 0.7533 -0.5022 0.4247
vn 0.7867 -0.4293 0.4435
vn 0.8477 -0.2300 0.4780
vn 0.5083 -0.0479 0.8599
vn 0.4646 -0.4081 0.7859
vn 0.5000 -0.1858 0.8459
vn 0.5041 -0.1365 0.8528
vn 0.0102 0.1489 0.9888
vn 0.0101 -0.1578 0.9874
vn 0.0102 0.1499 0.9886
vn 0.0103 0.0095 0.9999
vn -0.4710 0.2834 0.8354
vn -0.4820 0.1911 0.8551
vn -0.4528 0.3870 0.8032
vn -0.4835 0.1747 0.8577
vn -0.8138 0.3262 0.4810
vn -0.7749 0.4356 0.4580
vn -0.7547 0.4810 0.4461
vn -0.8244 0.2877 0.4874
vn -0.9552 0.2957 0.0098
vn -0.8606 0.5092 0.0088
vn -0.8605 0.5093 0.0088
vn -0.9512 0.3084 0.0097
vn -0.7621 0.4845 -0.4296
vn -0.8123 0.3612 -0.4580
vn -0.8080 0.3736 -0.4556
vn -0.7788 0.4479 -0.4391
vn -0.4731 0.3681 -0.8004
vn -0.5071 0.0825 -0.8579
vn -0.5052 0.1194 -0.8547
vn -0.4971 0.2141 -0.8409
vn -0.0102 0.1133 -0.9935
vn -0.0100 -0.2339 -0.9722
vn -0.0101 -0.1943 -0.9809
vn -0.0102 -0.1248 -0.9921
vn 0.4785 -0.2252 -0.8487
vn 0.4403 -0.4430 -0.7810
vn 0.4446 -0.4248 -0.7886
vn 0.4533 -0.3847 -0.8041
vn 0.7663 -0.4556 -0.4530
vn 0.7328 -0.5248 -0.4332
vn 0.7342 -0.5221 -0.4340
vn 0.7458 -0.4994 -0.4409
vn 0.8519 -0.5236 -0.0087
vn 0.8641 -0.5033 -0.0087
vn 0.8637 -0.5039 -0.0087
vn 0.8534 -0.5212 -0.0087
vn 0.7789 -0.4479 0.4390
vn 0.8080 -0.3737 0.4555
vn 0.8123 -0.3612 0.4579
vn 0.7621 -0.4845 0.4296
vn 0.4970 -0.2141 0.8409
vn 0.5052 -0.1199 0.8546
vn 0.5071 -0.0825 0.8579
vn 0.4731 -0.3681 0.8004
vn 0.0102 0.1248 0.9921
vn 0.0101 0.1946 0.9808
vn 0.0100 0.2340 0.9722
vn 0.0102 -0.1133 0.9935
vn -0.4533 0.3847 0.8041
vn -0.4446 0.4247 0.7887
vn -0.4403 0.4430 0.7810
vn -0.4785 0.2252 0.8487
vn -0.7458 0.4994 0.4409
vn -0.7342 0.5221 0.4340
vn -0.7327 0.5249 0.4331
vn -0.7663 0.4556 0.4530
vn -0.8534 0.5212 0.0088
vn -0.8637 0.5039 0.0090
vn -0.8640 0.5033 0.0090
vn -0.8519 0.5237 0.0088
vn -0.8020 0.3904 -0.4521
vn -0.5029 0.1534 -0.8506
vn -0.0101 -0.1534 -0.9881
vn 0.4521 -0.3904 -0.8019
vn 0.7449 -0.5013 -0.4403
vn 0.8652 -0.5013 -0.0087
vn 0.8653 -0.5013 -0.0090
vn 0.8020 -0.3905 0.4520
vn 0.5028 -0.1534 0.8507
vn 0.0101 0.1534 0.9881
vn -0.4521 0.3904 0.8020
vn -0.7449 0.5013 0.4403
vn -0.8652 0.5013 0.0087
vn -0.8653 0.5013 0.0090
vn -0.9581 0.1131 -0.2631
vn -0.9635 -0.0402 -0.2645
vn -0.9636 -0.0396 -0.2645
vn -0.9581 0.1131 -0.2630
vn -0.6891 0.1956 -0.6978
vn -0.7016 -0.0548 -0.7104
vn -0.7017 -0.0543 -0.7104
vn -0.2468 0.2171 -0.9444
vn -0.2524 -0.0583 -0.9659
vn -0.2524 -0.0584 -0.9659
vn 0.2607 0.1735 -0.9497
vn 0.2644 -0.0501 -0.9631
vn 0.2644 -0.0507 -0.9631
vn 0.7096 0.0734 -0.7007
vn 0.7111 -0.0326 -0.7023
vn 0.7111 -0.0330 -0.7023
vn 0.9658 -0.0581 -0.2528
vn 0.9674 -0.0101 -0.2529
vn 0.9674 -0.0100 -0.2529
vn 0.9658 -0.0581 -0.2525
vn 0.9484 -0.1807 0.2604
vn 0.9643 0.0113 0.2647
vn 0.9643 0.0118 0.2647
vn 0.6785 -0.2601 0.6870
vn 0.7025 0.0260 0.7112
vn 0.7025 0.0264 0.7112
vn 0.2427 -0.2806 0.9286
vn 0.2527 0.0300 0.9671
vn -0.2571 -0.2390 0.9364
vn -0.2647 0.0223 0.9641
vn -0.2647 0.0218 0.9641
vn -0.7042 -0.1421 0.6956
vn -0.7114 0.0046 0.7027
vn -0.7114 0.0041 0.7027
vn -0.9674 -0.0118 0.2529
vn -0.9673 -0.0183 0.2528
vn -0.9673 -0.0118 0.2533
vn -0.9409 0.2192 -0.2583
vn -0.8925 0.3785 -0.2451
vn -0.9511 0.1652 -0.2612
vn -0.9199 0.2999 -0.2526
vn -0.7009 0.0721 -0.7096
vn -0.6960 0.1382 -0.7046
vn -0.6901 -0.1894 -0.6985
vn -0.6899 0.1903 -0.6985
vn -0.2521 -0.0774 -0.9646
vn -0.2479 -0.1969 -0.9486
vn -0.2281 -0.4313 -0.8729
vn -0.2528 0.0058 -0.9675
vn 0.2601 -0.1873 -0.9472
vn 0.2385 -0.4345 -0.8685
vn 0.2273 -0.5129 -0.8278
vn 0.2604 -0.1819 -0.9482
vn 0.6850 -0.2703 -0.6766
vn 0.6128 -0.5081 -0.6053
vn 0.6133 -0.5069 -0.6057
vn 0.6802 -0.2933 -0.6718
vn 0.9168 -0.3194 -0.2396
vn 0.8758 -0.4249 -0.2289
vn 0.8525 -0.4729 -0.2228
vn 0.9220 -0.3029 -0.2410
vn 0.9200 -0.2999 0.2525
vn 0.9511 -0.1653 0.2611
vn 0.8926 -0.3786 0.2450
vn 0.9409 -0.2192 0.2583
vn 0.6899 -0.1903 0.6985
vn 0.6899 0.1896 0.6986
vn 0.6959 -0.1383 0.7047
vn 0.7009 -0.0720 0.7096
vn 0.2528 -0.0058 0.9675
vn 0.2281 0.4313 0.8729
vn 0.2479 0.1969 0.9486
vn 0.2521 0.0774 0.9646
vn -0.2603 0.1819 0.9482
vn -0.2273 0.5129 0.8278
vn -0.2385 0.4344 0.8686
vn -0.2601 0.1873 0.9473
vn -0.6802 0.2933 0.6718
vn -0.6133 0.5069 0.6057
vn -0.6128 0.5080 0.6053
vn -0.6850 0.2703 0.6766
vn -0.9220 0.3030 0.2410
vn -0.8525 0.4728 0.2229
vn -0.8758 0.4249 0.2289
vn -0.9168 0.3194 0.2396
vn -0.9423 0.2123 -0.2587
vn -0.8604 0.4515 -0.2363
vn -0.8703 0.4306 -0.2390
vn -0.8869 0.3925 -0.2435
vn -0.6960 -0.1381 -0.7046
vn -0.6810 0.2466 -0.6895
vn -0.6884 0.2011 -0.6969
vn -0.6970 0.1278 -0.7056
vn -0.2329 -0.3893 -0.8912
vn -0.2522 -0.0712 -0.9651
vn -0.2512 -0.1148 -0.9611
vn -0.2466 -0.2198 -0.9438
vn 0.2299 -0.4961 -0.8373
vn 0.2473 -0.3569 -0.9008
vn 0.2458 -0.3718 -0.8952
vn 0.2356 -0.4568 -0.8578
vn 0.6046 -0.5270 -0.5972
vn 0.6141 -0.5049 -0.6066
vn 0.6145 -0.5041 -0.6069
vn 0.6030 -0.5307 -0.5956
vn 0.8347 -0.5057 -0.2182
vn 0.8227 -0.5262 -0.2150
vn 0.8212 -0.5287 -0.2146
vn 0.8609 -0.4564 -0.2250
vn 0.8869 -0.3925 0.2435
vn 0.8703 -0.4307 0.2390
vn 0.8605 -0.4514 0.2363
vn 0.9423 -0.2123 0.2587
vn 0.6969 -0.1277 0.7057
vn 0.6884 -0.2012 0.6969
vn 0.6810 -0.2464 0.6895
vn 0.6960 0.1382 0.7047
vn 0.2467 0.2198 0.9438
vn 0.2512 0.1143 0.9612
vn 0.2522 0.0712 0.9651
vn 0.2329 0.3893 0.8912
vn -0.2355 0.4568 0.8578
vn -0.2458 0.3718 0.8952
vn -0.2474 0.3570 0.9008
vn -0.2299 0.4961 0.8373
vn -0.6030 0.5306 0.5956
vn -0.6145 0.5041 0.6068
vn -0.6142 0.5049 0.6065
vn -0.6047 0.5270 0.5972
vn -0.8609 0.4564 0.2250
vn -0.8212 0.5288 0.2146
vn -0.8227 0.5262 0.2150
vn -0.8347 0.5057 0.2182
vn -0.8878 0.3904 -0.2436
vn -0.6944 0.1534 -0.7030
vn -0.2499 -0.1534 -0.9561
vn 0.2437 -0.3904 -0.8878
vn 0.6156 -0.5013 -0.6081
vn 0.8372 -0.5013 -0.2187
vn 0.8878 -0.3904 0.2436
vn 0.8877 -0.3904 0.2440
vn 0.6944 -0.1534 0.7030
vn 0.2499 0.1534 0.9561
vn -0.2438 0.3904 0.8878
vn -0.6156 0.5013 0.6081
vn -0.8372 0.5013 0.2187
vn -0.9795 -0.1704 0.1074
vn -0.9870 0.1194 0.1077
vn -0.9904 0.0866 0.1081
vn -0.9796 -0.1704 0.1069
vn -0.9063 -0.1381 -0.3994
vn -0.9025 0.1658 -0.3976
vn -0.9052 0.1467 -0.3988
vn -0.5891 -0.0777 -0.8043
vn -0.5831 0.1627 -0.7960
vn -0.5830 0.1634 -0.7959
vn -0.1084 -0.0050 -0.9941
vn -0.1077 0.1180 -0.9872
vn -0.1075 0.1276 -0.9860
vn 0.4025 0.0599 -0.9135
vn 0.4027 0.0473 -0.9141
vn 0.4028 0.0456 -0.9142
vn 0.8027 0.0990 -0.5881
vn 0.8062 -0.0358 -0.5906
vn 0.8054 -0.0570 -0.5900
vn 0.9889 0.1025 -0.1078
vn 0.9873 -0.1172 -0.1077
vn 0.9836 -0.1448 -0.1073
vn 0.9889 0.1025 -0.1079
vn 0.9129 0.0693 0.4022
vn 0.9010 -0.1753 0.3969
vn 0.8982 -0.1916 0.3957
vn 0.5910 0.0080 0.8066
vn 0.5801 -0.1905 0.7919
vn 0.5802 -0.1899 0.7920
vn 0.1082 -0.0648 0.9920
vn 0.1071 -0.1539 0.9823
vn 0.1072 -0.1474 0.9832
vn -0.3997 -0.1288 0.9076
vn -0.4021 -0.0716 0.9128
vn -0.4019 -0.0787 0.9123
vn -0.4000 -0.1289 0.9074
vn -0.7953 -0.1671 0.5827
vn -0.8063 0.0313 0.5906
vn -0.8067 0.0040 0.5909
vn -0.9714 0.2126 0.1060
vn -0.9303 0.3524 0.1015
vn -0.8792 0.4667 0.0959
vn -0.9768 0.1858 0.1066
vn -0.9095 0.1110 -0.4007
vn -0.9140 0.0493 -0.4027
vn -0.8689 0.3138 -0.3828
vn -0.9151 -0.0069 -0.4031
vn -0.5903 -0.0466 -0.8058
vn -0.5687 -0.2718 -0.7763
vn -0.5909 0.0076 -0.8067
vn -0.5795 -0.1962 -0.7910
vn -0.1061 -0.2076 -0.9725
vn -0.0969 -0.4488 -0.8884
vn -0.1029 -0.3141 -0.9438
vn -0.1032 -0.3077 -0.9459
vn 0.3843 -0.3020 -0.8724
vn 0.3482 -0.5039 -0.7905
vn 0.3524 -0.4855 -0.8000
vn 0.3810 -0.3267 -0.8649
vn 0.7701 -0.2977 -0.5641
vn 0.6948 -0.5083 -0.5089
vn 0.7000 -0.4970 -0.5128
vn 0.7742 -0.2812 -0.5671
vn 0.9768 -0.1857 -0.1065
vn 0.8792 -0.4667 -0.0959
vn 0.9304 -0.3523 -0.1015
vn 0.9714 -0.2126 -0.1060
vn 0.9151 0.0069 0.4031
vn 0.8689 -0.3137 0.3828
vn 0.9140 -0.0493 0.4027
vn 0.9095 -0.1110 0.4006
vn 0.5795 0.1962 0.7910
vn 0.5909 -0.0076 0.8067
vn 0.5687 0.2718 0.7763
vn 0.5903 0.0466 0.8058
vn 0.1032 0.3077 0.9459
vn 0.1029 0.3141 0.9438
vn 0.0969 0.4487 0.8884
vn 0.1061 0.2076 0.9725
vn -0.3810 0.3267 0.8649
vn -0.3524 0.4855 0.8000
vn -0.3482 0.5039 0.7904
vn -0.3843 0.3020 0.8724
vn -0.7742 0.2812 0.5671
vn -0.7000 0.4970 0.5128
vn -0.6948 0.5082 0.5089
vn -0.7701 0.2977 0.5641
vn -0.8781 0.4688 0.0957
vn -0.9312 0.3500 0.1015
vn -0.9243 0.3680 0.1007
vn -0.9026 0.4190 0.0984
vn -0.8702 0.3096 -0.3833
vn -0.9137 0.0560 -0.4026
vn -0.9098 0.1078 -0.4008
vn -0.9051 0.1474 -0.3988
vn -0.5909 0.0103 -0.8067
vn -0.5704 -0.2617 -0.7786
vn -0.5779 -0.2093 -0.7888
vn -0.5794 -0.1973 -0.7908
vn -0.1029 -0.3166 -0.9430
vn -0.0962 -0.4606 -0.8824
vn -0.0975 -0.4372 -0.8941
vn -0.0979 -0.4304 -0.8973
vn 0.3491 -0.5002 -0.7924
vn 0.3412 -0.5326 -0.7745
vn 0.3419 -0.5298 -0.7762
vn 0.3433 -0.5243 -0.7793
vn 0.6839 -0.5304 -0.5010
vn 0.6968 -0.5038 -0.5105
vn 0.6965 -0.5046 -0.5102
vn 0.9026 -0.4191 -0.0985
vn 0.9243 -0.3680 -0.1008
vn 0.9313 -0.3497 -0.1016
vn 0.8781 -0.4688 -0.0958
vn 0.9051 -0.1474 0.3988
vn 0.9098 -0.1079 0.4008
vn 0.9137 -0.0564 0.4025
vn 0.8702 -0.3096 0.3833
vn 0.5793 0.1973 0.7909
vn 0.5779 0.2093 0.7888
vn 0.5703 0.2619 0.7786
vn 0.5909 -0.0102 0.8067
vn 0.0979 0.4304 0.8973
vn 0.0975 0.4371 0.8941
vn 0.0962 0.4606 0.8824
vn 0.1028 0.3165 0.9430
vn -0.3431 0.5242 0.7794
vn -0.3419 0.5299 0.7761
vn -0.3412 0.5326 0.7746
vn -0.3491 0.5002 0.7924
vn -0.6839 0.5303 0.5010
vn -0.6965 0.5047 0.5101
vn -0.6968 0.5039 0.5104
vn -0.6839 0.5304 0.5010
vn -0.9152 0.3904 0.0999
vn -0.9043 0.1534 -0.3984
vn -0.5841 -0.1534 -0.7971
vn -0.5838 -0.1533 -0.7973
vn -0.0998 -0.3904 -0.9152
vn 0.3488 -0.5012 -0.7919
vn 0.6980 -0.5013 -0.5114
vn 0.9152 -0.3905 -0.0999
vn 0.9043 -0.1534 0.3984
vn 0.5839 0.1534 0.7972
vn 0.0998 0.3904 0.9152
vn -0.3488 0.5013 0.7919
vn -0.6981 0.5013 0.5113
vn -0.8874 -0.0161 0.4608
vn -0.8816 -0.1151 0.4577
vn -0.8815 -0.1163 0.4577
vn -0.9921 0.1177 -0.0443
vn -0.9890 -0.1410 -0.0443
vn -0.9901 -0.1329 -0.0443
vn -0.8245 0.2074 -0.5265
vn -0.8350 -0.1358 -0.5332
vn -0.8373 -0.1143 -0.5347
vn -0.4481 0.2327 -0.8631
vn -0.4587 -0.0958 -0.8834
vn -0.4597 -0.0696 -0.8853
vn 0.0438 0.1897 -0.9809
vn 0.0446 -0.0306 -0.9985
vn 0.0447 -0.0135 -0.9989
vn 0.5364 0.0855 -0.8396
vn 0.5378 0.0386 -0.8422
vn 0.5377 0.0411 -0.8421
vn 0.8862 -0.0538 -0.4602
vn 0.8840 0.0885 -0.4590
vn 0.8842 0.0868 -0.4590
vn 0.9817 -0.1852 0.0440
vn 0.9935 0.1047 0.0444
vn 0.9925 0.1137 0.0443
vn 0.9817 -0.1852 0.0438
vn 0.8112 -0.2713 0.5180
vn 0.8395 0.0852 0.5367
vn 0.8378 0.1091 0.5349
vn 0.4401 -0.2954 0.8479
vn 0.4604 0.0394 0.8868
vn 0.4597 0.0692 0.8854
vn -0.0432 -0.2544 0.9661
vn -0.0447 -0.0170 0.9989
vn -0.0447 0.0037 0.9990
vn -0.5318 -0.1539 0.8328
vn -0.5369 -0.0707 0.8407
vn -0.5370 -0.0660 0.8410
vn -0.8659 0.2194 0.4496
vn -0.8011 0.4304 0.4160
vn -0.8550 0.2680 0.4440
vn -0.8433 0.3116 0.4379
vn -0.9971 0.0615 -0.0446
vn -0.9698 0.2399 -0.0434
vn -0.9961 -0.0762 -0.0445
vn -0.9773 0.2071 -0.0437
vn -0.8386 -0.1000 -0.5355
vn -0.8395 -0.0884 -0.5361
vn -0.7835 -0.3684 -0.5004
vn -0.8426 0.0221 -0.5381
vn -0.4508 -0.2077 -0.8681
vn -0.4269 -0.3765 -0.8222
vn -0.4004 -0.4951 -0.7711
vn -0.4538 -0.1736 -0.8740
vn 0.0429 -0.2778 -0.9597
vn 0.0386 -0.5019 -0.8640
vn 0.0384 -0.5120 -0.8581
vn 0.0427 -0.2936 -0.9550
vn 0.5090 -0.3250 -0.7971
vn 0.4751 -0.4699 -0.7440
vn 0.4684 -0.4925 -0.7335
vn 0.5123 -0.3066 -0.8022
vn 0.8433 -0.3116 -0.4379
vn 0.8550 -0.2680 -0.4440
vn 0.8011 -0.4304 -0.4159
vn 0.8659 -0.2194 -0.4496
vn 0.9773 -0.2072 0.0437
vn 0.9961 0.0763 0.0445
vn 0.9698 -0.2399 0.0434
vn 0.9971 -0.0614 0.0446
vn 0.8426 -0.0221 0.5380
vn 0.7836 0.3684 0.5003
vn 0.8395 0.0884 0.5360
vn 0.8386 0.1000 0.5355
vn 0.4538 0.1736 0.8740
vn 0.4004 0.4951 0.7711
vn 0.4269 0.3764 0.8222
vn 0.4508 0.2076 0.8682
vn -0.0427 0.2936 0.9550
vn -0.0384 0.5120 0.8581
vn -0.0386 0.5020 0.8640
vn -0.0429 0.2779 0.9597
vn -0.5123 0.3066 0.8022
vn -0.4684 0.4925 0.7335
vn -0.4751 0.4698 0.7440
vn -0.5090 0.3250 0.7971
vn -0.8458 0.3030 0.4392
vn -0.7786 0.4800 0.4043
vn -0.7924 0.4503 0.4114
vn -0.7919 0.4514 0.4112
vn -0.9974 -0.0559 -0.0446
vn -0.9582 0.2829 -0.0428
vn -0.9746 0.2196 -0.0436
vn -0.9777 0.2054 -0.0437
vn -0.7871 -0.3574 -0.5027
vn -0.8419 -0.0464 -0.5376
vn -0.8382 -0.1045 -0.5352
vn -0.8314 -0.1644 -0.5309
vn -0.3990 -0.5002 -0.7685
vn -0.4308 -0.3550 -0.8297
vn -0.4280 -0.3711 -0.8241
vn -0.4125 -0.4458 -0.7944
vn 0.0373 -0.5514 -0.8334
vn 0.0382 -0.5160 -0.8557
vn 0.0383 -0.5124 -0.8579
vn 0.0372 -0.5527 -0.8326
vn 0.4513 -0.5448 -0.7068
vn 0.4519 -0.5430 -0.7077
vn 0.4507 -0.5465 -0.7058
vn 0.4625 -0.5114 -0.7243
vn 0.7919 -0.4514 -0.4112
vn 0.7924 -0.4503 -0.4115
vn 0.7786 -0.4800 -0.4043
vn 0.8458 -0.3030 -0.4392
vn 0.9777 -0.2054 0.0437
vn 0.9746 -0.2195 0.0436
vn 0.9582 -0.2829 0.0428
vn 0.9974 0.0559 0.0446
vn 0.8314 0.1644 0.5309
vn 0.8383 0.1041 0.5352
vn 0.8419 0.0463 0.5376
vn 0.7871 0.3574 0.5026
vn 0.4125 0.4457 0.7945
vn 0.4281 0.3711 0.8240
vn 0.4309 0.3549 0.8297
vn 0.3990 0.5002 0.7685
vn -0.0372 0.5527 0.8325
vn -0.0384 0.5125 0.8578
vn -0.0383 0.5161 0.8557
vn -0.0373 0.5514 0.8334
vn -0.4623 0.5114 0.7244
vn -0.4507 0.5466 0.7058
vn -0.4519 0.5432 0.7077
vn -0.4513 0.5447 0.7068
vn -0.8171 0.3904 0.4242
vn -0.9872 0.1534 -0.0444
vn -0.8329 -0.1534 -0.5318
vn -0.4242 -0.3905 -0.8171
vn 0.0387 -0.5012 -0.8644
vn 0.4657 -0.5013 -0.7293
vn 0.8171 -0.3904 -0.4242
vn 0.9872 -0.1534 0.0442
vn 0.8328 0.1534 0.5319
vn 0.4242 0.3904 0.8171
vn -0.0387 0.5012 0.8644
vn -0.4657 0.5012 0.7293
vn -0.6668 -0.2802 0.6905
vn -0.6935 0.0577 0.7181
vn -0.6944 0.0274 0.7190
vn -0.9132 -0.3122 0.2619
vn -0.9543 0.1198 0.2737
vn -0.9575 0.0886 0.2746
vn -0.9328 -0.2756 -0.2324
vn -0.9605 0.1417 -0.2394
vn -0.9627 0.1253 -0.2400
vn -0.7082 -0.1745 -0.6841
vn -0.7140 0.1215 -0.6895
vn -0.7139 0.1225 -0.6895
vn -0.2755 -0.0297 -0.9608
vn -0.2749 0.0717 -0.9588
vn -0.2748 0.0769 -0.9584
vn 0.2402 0.1156 -0.9638
vn 0.2419 0.0089 -0.9703
vn 0.2419 -0.0005 -0.9703
vn 0.6781 0.2167 -0.7023
vn 0.6935 -0.0581 -0.7181
vn 0.6922 -0.0842 -0.7168
vn 0.9306 0.2504 -0.2668
vn 0.9545 -0.1182 -0.2736
vn 0.9510 -0.1461 -0.2726
vn 0.9483 0.2118 0.2363
vn 0.9588 -0.1535 0.2390
vn 0.9564 -0.1685 0.2384
vn 0.9482 0.2118 0.2366
vn 0.7153 0.1067 0.6906
vn 0.7112 -0.1500 0.6868
vn 0.7112 -0.1494 0.6869
vn 0.2755 -0.0402 0.9605
vn 0.2742 -0.1041 0.9560
vn 0.2742 -0.1011 0.9563
vn -0.2377 -0.1832 0.9539
vn -0.2418 -0.0265 0.9700
vn -0.2417 -0.0395 0.9695
vn -0.6750 0.2361 0.6990
vn -0.6348 0.4061 0.6573
vn -0.6078 0.4843 0.6293
vn -0.6766 0.2272 0.7004
vn -0.9490 0.1595 0.2721
vn -0.9522 0.1374 0.2730
vn -0.8901 0.3776 0.2552
vn -0.9598 0.0549 0.2752
vn -0.9701 0.0211 -0.2418
vn -0.9498 -0.2046 -0.2368
vn -0.9639 0.1149 -0.2403
vn -0.9602 -0.1440 -0.2393
vn -0.7113 -0.1487 -0.6870
vn -0.6510 -0.4253 -0.6287
vn -0.7008 -0.2257 -0.6767
vn -0.6899 -0.2828 -0.6664
vn -0.2652 -0.2724 -0.9249
vn -0.2388 -0.4995 -0.8328
vn -0.2462 -0.4494 -0.8587
vn -0.2605 -0.3274 -0.9083
vn 0.2305 -0.3041 -0.9244
vn 0.2087 -0.5068 -0.8365
vn 0.2088 -0.5060 -0.8369
vn 0.2312 -0.2950 -0.9271
vn 0.6764 -0.2275 -0.7005
vn 0.6078 -0.4843 -0.6294
vn 0.6348 -0.4061 -0.6573
vn 0.6750 -0.2362 -0.6990
vn 0.9598 -0.0550 -0.2752
vn 0.8901 -0.3776 -0.2552
vn 0.9522 -0.1374 -0.2730
vn 0.9490 -0.1595 -0.2721
vn 0.9602 0.1440 0.2393
vn 0.9639 -0.1149 0.2403
vn 0.9498 0.2047 0.2368
vn 0.9701 -0.0211 0.2418
vn 0.6899 0.2827 0.6664
vn 0.7007 0.2258 0.6767
vn 0.6510 0.4253 0.6287
vn 0.7113 0.1487 0.6870
vn 0.2605 0.3274 0.9083
vn 0.2463 0.4494 0.8587
vn 0.2388 0.4995 0.8328
vn 0.2652 0.2724 0.9249
vn -0.2312 0.2950 0.9271
vn -0.2086 0.5059 0.8370
vn -0.2085 0.5067 0.8365
vn -0.2305 0.3041 0.9244
vn -0.6074 0.4853 0.6289
vn -0.6436 0.3762 0.6666
vn -0.6417 0.3826 0.6647
vn -0.6202 0.4505 0.6422
vn -0.9003 0.3504 0.2581
vn -0.9591 0.0681 0.2749
vn -0.9549 0.1147 0.2737
vn -0.9441 0.1880 0.2707
vn -0.9675 0.0757 -0.2413
vn -0.9333 -0.2737 -0.2327
vn -0.9480 -0.2133 -0.2364
vn -0.9548 -0.1782 -0.2381
vn -0.6930 -0.2682 -0.6692
vn -0.6301 -0.4824 -0.6085
vn -0.6421 -0.4508 -0.6201
vn -0.6467 -0.4378 -0.6245
vn -0.2409 -0.4861 -0.8400
vn -0.2294 -0.5543 -0.8001
vn -0.2303 -0.5496 -0.8031
vn -0.2322 -0.5391 -0.8096
vn 0.2034 -0.5416 -0.8157
vn 0.2063 -0.5227 -0.8272
vn 0.2053 -0.5292 -0.8233
vn 0.2033 -0.5424 -0.8152
vn 0.6202 -0.4505 -0.6422
vn 0.6419 -0.3827 -0.6645
vn 0.6437 -0.3762 -0.6664
vn 0.6074 -0.4853 -0.6290
vn 0.9441 -0.1880 -0.2707
vn 0.9549 -0.1147 -0.2737
vn 0.9590 -0.0684 -0.2750
vn 0.9003 -0.3504 -0.2581
vn 0.9548 0.1782 0.2380
vn 0.9480 0.2133 0.2363
vn 0.9333 0.2736 0.2327
vn 0.9675 -0.0757 0.2413
vn 0.6467 0.4378 0.6245
vn 0.6421 0.4508 0.6201
vn 0.6301 0.4824 0.6085
vn 0.6930 0.2682 0.6692
vn 0.2322 0.5391 0.8096
vn 0.2303 0.5496 0.8031
vn 0.2294 0.5543 0.8001
vn 0.2409 0.4861 0.8401
vn -0.2033 0.5424 0.8152
vn -0.2053 0.5293 0.8232
vn -0.2062 0.5230 0.8270
vn -0.2034 0.5415 0.8157
vn -0.6397 0.3905 0.6621
vn -0.9499 0.1534 0.2724
vn -0.9588 -0.1534 -0.2391
vn -0.6622 -0.3904 -0.6395
vn -0.2385 -0.5012 -0.8318
vn 0.2093 -0.5012 -0.8396
vn 0.6395 -0.3904 -0.6623
vn 0.9499 -0.1534 -0.2724
vn 0.9589 0.1534 0.2388
vn 0.9588 0.1533 0.2392
vn 0.6622 0.3904 0.6395
vn 0.2385 0.5012 0.8318
vn -0.2094 0.5013 0.8395
vn -0.4463 -0.0167 0.8947
vn -0.4448 -0.0802 0.8920
vn -0.4445 -0.0900 0.8913
vn -0.8338 0.0078 0.5520
vn -0.8238 -0.1553 0.5452
vn -0.8217 -0.1707 0.5438
vn -0.8340 0.0078 0.5517
vn -0.9979 0.0209 0.0610
vn -0.9782 -0.1988 0.0597
vn -0.9774 -0.2031 0.0595
vn -0.8947 0.0191 -0.4463
vn -0.8777 -0.1950 -0.4377
vn -0.8797 -0.1837 -0.4386
vn -0.8948 0.0191 -0.4460
vn -0.5520 0.0027 -0.8338
vn -0.5465 -0.1391 -0.8259
vn -0.5476 -0.1232 -0.8276
vn -0.0609 -0.0237 -0.9979
vn -0.0609 -0.0426 -0.9972
vn -0.0609 -0.0398 -0.9973
vn 0.4458 -0.0531 -0.8936
vn 0.4454 0.0644 -0.8930
vn 0.4458 0.0487 -0.8938
vn 0.4453 -0.0531 -0.8938
vn 0.8314 -0.0775 -0.5503
vn 0.8252 0.1450 -0.5460
vn 0.8274 0.1257 -0.5474
vn 0.9940 -0.0905 -0.0608
vn 0.9825 0.1765 -0.0601
vn 0.9834 0.1714 -0.0601
vn 0.8913 -0.0886 0.4447
vn 0.8840 0.1554 0.4409
vn 0.8820 0.1690 0.4399
vn 0.8913 -0.0886 0.4446
vn 0.5504 -0.0725 0.8318
vn 0.5495 0.0926 0.8304
vn 0.5483 0.1135 0.8285
vn 0.0609 -0.0462 0.9971
vn 0.0609 0.0078 0.9981
vn 0.0609 0.0169 0.9980
vn -0.4334 0.2384 0.8691
vn -0.4047 0.4218 0.8114
vn -0.4285 0.2796 0.8592
vn -0.4241 0.3113 0.8504
vn -0.8303 0.0930 0.5495
vn -0.8071 0.2518 0.5341
vn -0.8325 -0.0590 0.5508
vn -0.8120 0.2277 0.5374
vn -0.9955 -0.0725 0.0607
vn -0.9964 -0.0595 0.0609
vn -0.9314 -0.3595 0.0569
vn -0.9963 0.0602 0.0608
vn -0.8784 -0.1914 -0.4380
vn -0.8382 -0.3504 -0.4179
vn -0.7775 -0.4952 -0.3876
vn -0.8867 -0.1349 -0.4421
vn -0.5324 -0.2630 -0.8046
vn -0.4815 -0.4883 -0.7278
vn -0.4752 -0.5083 -0.7182
vn -0.5311 -0.2715 -0.8026
vn -0.0579 -0.3115 -0.9485
vn -0.0538 -0.4688 -0.8817
vn -0.0535 -0.4782 -0.8766
vn -0.0580 -0.3056 -0.9504
vn 0.4241 -0.3114 -0.8504
vn 0.4285 -0.2795 -0.8592
vn 0.4046 -0.4219 -0.8114
vn 0.4334 -0.2385 -0.8691
vn 0.8120 -0.2277 -0.5373
vn 0.8325 0.0590 -0.5509
vn 0.8071 -0.2519 -0.5341
vn 0.8304 -0.0930 -0.5494
vn 0.9963 -0.0599 -0.0609
vn 0.9314 0.3596 -0.0569
vn 0.9964 0.0596 -0.0608
vn 0.9955 0.0721 -0.0608
vn 0.8867 0.1350 0.4422
vn 0.7775 0.4952 0.3877
vn 0.8382 0.3504 0.4179
vn 0.8783 0.1914 0.4381
vn 0.5311 0.2715 0.8026
vn 0.4753 0.5083 0.7182
vn 0.4816 0.4884 0.7277
vn 0.5324 0.2631 0.8045
vn 0.0580 0.3056 0.9504
vn 0.0535 0.4783 0.8766
vn 0.0538 0.4688 0.8817
vn 0.0579 0.3115 0.9485
vn -0.4260 0.2978 0.8543
vn -0.3968 0.4575 0.7958
vn -0.4014 0.4369 0.8050
vn -0.4038 0.4258 0.8097
vn -0.8331 -0.0453 0.5512
vn -0.8001 0.2819 0.5295
vn -0.8129 0.2230 0.5380
vn -0.8159 0.2069 0.5399
vn -0.9379 -0.3421 0.0573
vn -0.9981 -0.0116 0.0609
vn -0.9946 -0.0847 0.0607
vn -0.9894 -0.1318 0.0604
vn -0.7842 -0.4819 -0.3910
vn -0.8517 -0.3068 -0.4248
vn -0.8400 -0.3448 -0.4189
vn -0.8168 -0.4087 -0.4073
vn -0.4703 -0.5230 -0.7108
vn -0.4849 -0.4771 -0.7329
vn -0.4830 -0.4836 -0.7300
vn -0.4697 -0.5249 -0.7098
vn -0.0524 -0.5104 -0.8583
vn -0.0521 -0.5168 -0.8545
vn -0.0521 -0.5176 -0.8540
vn -0.0530 -0.4934 -0.8682
vn 0.4038 -0.4257 -0.8098
vn 0.4014 -0.4369 -0.8050
vn 0.3968 -0.4575 -0.7957
vn 0.4260 -0.2977 -0.8543
vn 0.8159 -0.2069 -0.5399
vn 0.8129 -0.2230 -0.5380
vn 0.8001 -0.2820 -0.5295
vn 0.8331 0.0453 -0.5513
vn 0.9894 0.1318 -0.0604
vn 0.9945 0.0850 -0.0607
vn 0.9981 0.0116 -0.0609
vn 0.9379 0.3421 -0.0572
vn 0.8168 0.4086 0.4073
vn 0.8400 0.3448 0.4189
vn 0.8517 0.3068 0.4247
vn 0.7842 0.4818 0.3911
vn 0.4697 0.5250 0.7098
vn 0.4831 0.4833 0.7301
vn 0.4850 0.4771 0.7329
vn 0.4703 0.5231 0.7107
vn 0.0530 0.4934 0.8682
vn 0.0522 0.5176 0.8540
vn 0.0522 0.5168 0.8545
vn 0.0524 0.5104 0.8583
vn -0.4108 0.3901 0.8241
vn -0.4109 0.3905 0.8238
vn -0.8241 0.1535 0.5452
vn -0.8240 0.1534 0.5455
vn -0.9863 -0.1534 0.0602
vn -0.8240 -0.3904 -0.4107
vn -0.4774 -0.5012 -0.7217
vn -0.0528 -0.5013 -0.8637
vn 0.4108 -0.3904 -0.8239
vn 0.8241 -0.1534 -0.5452
vn 0.8239 -0.1535 -0.5455
vn 0.9863 0.1534 -0.0602
vn 0.8239 0.3905 0.4107
vn 0.8239 0.3903 0.4110
vn 0.4775 0.5013 0.7216
vn 0.0528 0.5012 0.8637
vn -0.0496 -0.0946 0.9943
vn -0.0496 0.0989 0.9939
vn -0.0496 0.1035 0.9934
vn -0.5333 -0.1843 0.8256
vn -0.5407 0.0833 0.8371
vn -0.5398 0.1009 0.8357
vn -0.8655 -0.2326 0.4436
vn -0.8891 0.0410 0.4559
vn -0.8879 0.0665 0.4552
vn -0.9720 -0.2298 -0.0485
vn -0.9987 -0.0134 -0.0498
vn -0.9987 0.0074 -0.0498
vn -0.8269 -0.1764 -0.5339
vn -0.8382 -0.0658 -0.5414
vn -0.8386 -0.0580 -0.5417
vn -0.8270 -0.1764 -0.5339
vn -0.4547 -0.0833 -0.8868
vn -0.4536 -0.1073 -0.8847
vn -0.4536 -0.1079 -0.8847
vn 0.0498 0.0251 -0.9984
vn 0.0494 -0.1308 -0.9902
vn 0.0494 -0.1271 -0.9907
vn 0.5389 0.1168 -0.8343
vn 0.5381 -0.1275 -0.8332
vn 0.5391 -0.1124 -0.8347
vn 0.5389 0.1168 -0.8342
vn 0.8775 0.1669 -0.4497
vn 0.8860 -0.0929 -0.4543
vn 0.8876 -0.0711 -0.4551
vn 0.9852 0.1639 0.0492
vn 0.9982 -0.0341 0.0498
vn 0.9986 -0.0171 0.0499
vn 0.8352 0.1086 0.5392
vn 0.8396 0.0308 0.5423
vn 0.8395 0.0359 0.5422
vn 0.4560 0.0136 0.8899
vn 0.4548 0.0802 0.8870
vn 0.4548 0.0787 0.8871
vn 0.4563 0.0136 0.8897
vn -0.0486 0.2202 0.9742
vn -0.0453 0.4186 0.9071
vn -0.0436 0.4850 0.8734
vn -0.0486 0.2165 0.9751
vn -0.5394 0.1070 0.8352
vn -0.5339 0.1782 0.8266
vn -0.4975 0.3989 0.7703
vn -0.5425 0.0127 0.8400
vn -0.8885 -0.0561 0.4555
vn -0.8793 -0.1539 0.4508
vn -0.8780 0.1631 0.4501
vn -0.8725 -0.1967 0.4473
vn -0.9732 -0.2248 -0.0485
vn -0.9197 -0.3900 -0.0458
vn -0.9838 -0.1724 -0.0490
vn -0.9446 -0.3248 -0.0471
vn -0.7940 -0.3266 -0.5128
vn -0.7376 -0.4784 -0.4765
vn -0.7636 -0.4168 -0.4932
vn -0.7859 -0.3531 -0.5076
vn -0.4311 -0.3275 -0.8408
vn -0.3964 -0.4951 -0.7731
vn -0.3964 -0.4952 -0.7731
vn -0.4345 -0.3051 -0.8474
vn 0.0487 -0.2165 -0.9751
vn 0.0436 -0.4850 -0.8734
vn 0.0453 -0.4185 -0.9071
vn 0.0486 -0.2202 -0.9742
vn 0.5425 -0.0127 -0.8400
vn 0.4975 -0.3989 -0.7703
vn 0.5339 -0.1782 -0.8266
vn 0.5394 -0.1070 -0.8352
vn 0.8725 0.1967 -0.4473
vn 0.8779 -0.1632 -0.4501
vn 0.8793 0.1539 -0.4508
vn 0.8885 0.0561 -0.4555
vn 0.9446 0.3248 0.0471
vn 0.9838 0.1724 0.0491
vn 0.9197 0.3900 0.0459
vn 0.9732 0.2248 0.0486
vn 0.7859 0.3531 0.5076
vn 0.7636 0.4168 0.4932
vn 0.7377 0.4784 0.4764
vn 0.7940 0.3266 0.5128
vn 0.4345 0.3050 0.8475
vn 0.3964 0.4949 0.7732
vn 0.3965 0.4947 0.7734
vn 0.4311 0.3275 0.8408
vn -0.0445 0.4494 0.8922
vn -0.0469 0.3381 0.9399
vn -0.0465 0.3605 0.9316
vn -0.0453 0.4172 0.9077
vn -0.5095 0.3435 0.7889
vn -0.5414 0.0629 0.8384
vn -0.5394 0.1089 0.8350
vn -0.5317 0.1986 0.8233
vn -0.8840 0.1150 0.4532
vn -0.8643 -0.2381 0.4431
vn -0.8723 -0.1978 0.4472
vn -0.8841 -0.1140 0.4532
vn -0.9800 -0.1927 -0.0489
vn -0.8992 -0.4351 -0.0449
vn -0.9063 -0.4202 -0.0452
vn -0.9325 -0.3582 -0.0465
vn -0.7642 -0.4151 -0.4936
vn -0.7214 -0.5123 -0.4659
vn -0.7219 -0.5113 -0.4662
vn -0.7428 -0.4670 -0.4797
vn -0.3985 -0.4870 -0.7772
vn -0.3978 -0.4896 -0.7759
vn -0.3985 -0.4867 -0.7774
vn -0.3990 -0.4849 -0.7782
vn 0.0453 -0.4172 -0.9077
vn 0.0465 -0.3606 -0.9316
vn 0.0469 -0.3381 -0.9400
vn 0.0445 -0.4494 -0.8922
vn 0.5318 -0.1987 -0.8233
vn 0.5393 -0.1089 -0.8351
vn 0.5414 -0.0624 -0.8384
vn 0.5095 -0.3435 -0.7889
vn 0.8840 0.1140 -0.4533
vn 0.8723 0.1979 -0.4472
vn 0.8642 0.2381 -0.4432
vn 0.8839 -0.1150 -0.4532
vn 0.9325 0.3581 0.0466
vn 0.9063 0.4202 0.0453
vn 0.8992 0.4351 0.0449
vn 0.9801 0.1926 0.0489
vn 0.7428 0.4670 0.4797
vn 0.7219 0.5113 0.4663
vn 0.7214 0.5123 0.4660
vn 0.7643 0.4150 0.4936
vn 0.3990 0.4849 0.7783
vn 0.3986 0.4863 0.7776
vn 0.3978 0.4899 0.7758
vn 0.3985 0.4869 0.7773
vn -0.0458 0.3904 0.9195
vn -0.5361 0.1534 0.8301
vn -0.8793 -0.1534 0.4509
vn -0.8795 -0.1532 0.4506
vn -0.9195 -0.3904 -0.0460
vn -0.7269 -0.5012 -0.4695
vn -0.3948 -0.5013 -0.7700
vn 0.0458 -0.3904 -0.9195
vn 0.5362 -0.1534 -0.8300
vn 0.8794 0.1534 -0.4507
vn 0.9195 0.3904 0.0461
vn 0.9195 0.3905 0.0458
vn 0.7270 0.5013 0.4693
vn 0.3948 0.5013 0.7700
vn 0.2818 0.1435 0.9487
vn 0.2846 -0.0261 0.9583
vn 0.2844 -0.0403 0.9579
vn -0.2300 0.1538 0.9610
vn -0.2321 -0.0752 0.9698
vn -0.2318 -0.0929 0.9683
vn -0.6834 0.1145 0.7210
vn -0.6837 -0.1101 0.7214
vn -0.6827 -0.1219 0.7204
vn -0.9581 0.0346 0.2844
vn -0.9518 -0.1192 0.2826
vn -0.9515 -0.1214 0.2825
vn -0.9705 -0.0645 -0.2324
vn -0.9680 -0.0968 -0.2317
vn -0.9681 -0.0959 -0.2317
vn -0.7172 -0.1541 -0.6796
vn -0.7250 -0.0477 -0.6871
vn -0.7248 -0.0544 -0.6869
vn -0.2784 -0.2101 -0.9372
vn -0.2847 0.0133 -0.9585
vn -0.2847 -0.0043 -0.9586
vn 0.2272 -0.2201 -0.9487
vn 0.2323 0.0662 -0.9704
vn 0.2325 0.0453 -0.9715
vn 0.6764 -0.1821 -0.7137
vn 0.6847 0.0949 -0.7226
vn 0.6856 0.0812 -0.7235
vn 0.6764 -0.1821 -0.7136
vn 0.9534 -0.1040 -0.2833
vn 0.9544 0.0938 -0.2834
vn 0.9546 0.0910 -0.2835
vn 0.9534 -0.1040 -0.2834
vn 0.9725 -0.0052 0.2329
vn 0.9703 0.0671 0.2323
vn 0.9702 0.0692 0.2322
vn 0.9725 -0.0052 0.2327
vn 0.7230 0.0857 0.6855
vn 0.7256 0.0245 0.6876
vn 0.7257 0.0205 0.6877
vn 0.2761 0.2437 0.9297
vn 0.2594 0.4120 0.8735
vn 0.2813 0.1535 0.9473
vn 0.2681 0.3366 0.9027
vn -0.2320 0.0805 0.9694
vn -0.2300 0.1530 0.9611
vn -0.2264 -0.2318 0.9460
vn -0.2270 0.2208 0.9485
vn -0.6853 -0.0857 0.7232
vn -0.6721 -0.2132 0.7091
vn -0.6048 -0.4764 0.6381
vn -0.6878 0.0163 0.7257
vn -0.9385 -0.2039 0.2786
vn -0.8496 -0.4632 0.2523
vn -0.8022 -0.5474 0.2382
vn -0.9400 -0.1960 0.2791
vn -0.9295 -0.2942 -0.2225
vn -0.8217 -0.5350 -0.1966
vn -0.8227 -0.5333 -0.1968
vn -0.9209 -0.3214 -0.2204
vn -0.6793 -0.3523 -0.6438
vn -0.6514 -0.4412 -0.6173
vn -0.6271 -0.5034 -0.5943
vn -0.6842 -0.3340 -0.6484
vn -0.2681 -0.3366 -0.9027
vn -0.2813 -0.1535 -0.9473
vn -0.2594 -0.4119 -0.8735
vn -0.2761 -0.2438 -0.9297
vn 0.2270 -0.2208 -0.9485
vn 0.2264 0.2318 -0.9460
vn 0.2300 -0.1529 -0.9611
vn 0.2320 -0.0805 -0.9694
vn 0.6878 -0.0164 -0.7258
vn 0.6048 0.4764 -0.6382
vn 0.6720 0.2131 -0.7092
vn 0.6853 0.0857 -0.7232
vn 0.9401 0.1957 -0.2792
vn 0.8022 0.5475 -0.2382
vn 0.8496 0.4632 -0.2523
vn 0.9385 0.2036 -0.2788
vn 0.9209 0.3214 0.2204
vn 0.8227 0.5333 0.1969
vn 0.8216 0.5351 0.1966
vn 0.9295 0.2942 0.2225
vn 0.6842 0.3340 0.6484
vn 0.6272 0.5034 0.5943
vn 0.6514 0.4412 0.6173
vn 0.6793 0.3523 0.6437
vn 0.2765 0.2372 0.9313
vn 0.2504 0.4759 0.8431
vn 0.2537 0.4535 0.8544
vn 0.2585 0.4191 0.8704
vn -0.2321 -0.0766 0.9697
vn -0.2194 0.3336 0.9168
vn -0.2250 0.2567 0.9399
vn -0.2271 0.2191 0.9489
vn -0.6494 -0.3296 0.6852
vn -0.6865 0.0647 0.7243
vn -0.6872 -0.0471 0.7250
vn -0.6845 -0.0988 0.7223
vn -0.8609 -0.4400 0.2556
vn -0.9290 -0.2465 0.2759
vn -0.9096 -0.3157 0.2701
vn -0.8921 -0.3661 0.2649
vn -0.8572 -0.4724 -0.2051
vn -0.8685 -0.4500 -0.2079
vn -0.8607 -0.4657 -0.2060
vn -0.8538 -0.4789 -0.2043
vn -0.6371 -0.4791 -0.6038
vn -0.6227 -0.5139 -0.5901
vn -0.6227 -0.5138 -0.5901
vn -0.6525 -0.4381 -0.6183
vn -0.2585 -0.4191 -0.8704
vn -0.2537 -0.4535 -0.8544
vn -0.2504 -0.4759 -0.8431
vn -0.2766 -0.2372 -0.9313
vn 0.2271 -0.2191 -0.9489
vn 0.2250 -0.2567 -0.9400
vn 0.2194 -0.3336 -0.9168
vn 0.2321 0.0766 -0.9697
vn 0.6845 0.0988 -0.7223
vn 0.6871 0.0466 -0.7251
vn 0.6864 -0.0647 -0.7243
vn 0.6494 0.3296 -0.6853
vn 0.8921 0.3661 -0.2649
vn 0.9096 0.3157 -0.2701
vn 0.9290 0.2465 -0.2759
vn 0.8609 0.4399 -0.2556
vn 0.8538 0.4789 0.2043
vn 0.8607 0.4656 0.2060
vn 0.8685 0.4499 0.2079
vn 0.8572 0.4724 0.2051
vn 0.6525 0.4382 0.6183
vn 0.6227 0.5138 0.5901
vn 0.6227 0.5139 0.5901
vn 0.6371 0.4791 0.6038
vn 0.2621 0.3904 0.8825
vn -0.2300 0.1534 0.9610
vn -0.6796 -0.1534 0.7174
vn -0.8825 -0.3904 0.2621
vn -0.8415 -0.5013 -0.2015
vn -0.6280 -0.5013 -0.5952
vn -0.2621 -0.3905 -0.8825
vn 0.2301 -0.1534 -0.9610
vn 0.6797 0.1534 -0.7172
vn 0.8825 0.3904 -0.2621
vn 0.8415 0.5013 0.2015
vn 0.6281 0.5014 0.5950
vn 0.6280 0.5012 0.5953
vn 0.4949 -0.1504 0.8558
vn 0.4888 0.2149 0.8455
vn 0.4918 0.1855 0.8507
vn 0.4946 -0.1503 0.8560
vn 0.0005 -0.1666 0.9860
vn 0.0005 0.2335 0.9723
vn 0.0005 0.2334 0.9724
vn 0.0006 -0.1666 0.9860
vn -0.4939 -0.1483 0.8567
vn -0.4909 0.1856 0.8512
vn -0.4879 0.2147 0.8461
vn -0.8616 -0.0997 0.4977
vn -0.8621 0.0925 0.4983
vn -0.8589 0.1256 0.4965
vn -0.9995 -0.0329 0.0004
vn -0.9999 -0.0164 0.0006
vn -0.9999 -0.0129 0.0006
vn -0.9995 -0.0329 0.0007
vn -0.8658 0.0338 -0.4993
vn -0.8596 -0.1240 -0.4957
vn -0.8563 -0.1510 -0.4938
vn -0.4988 0.0818 -0.8628
vn -0.4889 -0.2142 -0.8457
vn -0.4859 -0.2396 -0.8405
vn -0.0005 0.0985 -0.9951
vn -0.0005 -0.2592 -0.9658
vn -0.0014 -0.2594 -0.9658
vn 0.4979 0.0798 -0.8635
vn 0.4850 -0.2394 -0.8411
vn 0.4879 -0.2143 -0.8462
vn 0.8653 0.0302 -0.5004
vn 0.8559 -0.1506 -0.4947
vn 0.8591 -0.1243 -0.4965
vn 0.9993 -0.0370 -0.0004
vn 0.9999 -0.0125 -0.0006
vn 0.9999 -0.0168 -0.0006
vn 0.8617 -0.1032 0.4969
vn 0.8594 0.1260 0.4956
vn 0.8626 0.0922 0.4974
vn 0.4837 0.2569 0.8367
vn 0.4775 0.3016 0.8252
vn 0.4376 0.4852 0.7570
vn 0.4933 0.1684 0.8534
vn 0.0005 0.1280 0.9918
vn 0.0005 -0.0714 0.9974
vn 0.0005 0.3079 0.9514
vn 0.0005 -0.0882 0.9961
vn -0.4977 -0.0849 0.8632
vn -0.4586 -0.3966 0.7952
vn -0.4991 -0.0435 0.8655
vn -0.4759 -0.3042 0.8252
vn -0.8316 -0.2784 0.4806
vn -0.7327 -0.5328 0.4235
vn -0.8028 -0.3744 0.4640
vn -0.7921 -0.4037 0.4578
vn -0.9287 -0.3708 0.0005
vn -0.8395 -0.5434 0.0005
vn -0.8511 -0.5249 0.0005
vn -0.9201 -0.3916 0.0005
vn -0.8153 -0.3379 -0.4702
vn -0.7363 -0.5269 -0.4246
vn -0.7480 -0.5045 -0.4313
vn -0.8197 -0.3234 -0.4727
vn -0.4933 -0.1684 -0.8534
vn -0.4376 -0.4853 -0.7570
vn -0.4772 -0.3016 -0.8254
vn -0.4837 -0.2569 -0.8367
vn -0.0005 0.0883 -0.9961
vn -0.0005 -0.3079 -0.9514
vn -0.0005 0.0714 -0.9974
vn -0.0005 -0.1280 -0.9918
vn 0.4758 0.3042 -0.8252
vn 0.4991 0.0434 -0.8655
vn 0.4586 0.3966 -0.7952
vn 0.4977 0.0849 -0.8632
vn 0.7921 0.4036 -0.4578
vn 0.8028 0.3744 -0.4640
vn 0.7327 0.5327 -0.4235
vn 0.8316 0.2783 -0.4806
vn 0.9202 0.3916 -0.0005
vn 0.8511 0.5250 -0.0004
vn 0.8394 0.5435 -0.0004
vn 0.9287 0.3709 -0.0005
vn 0.8197 0.3234 0.4727
vn 0.7480 0.5045 0.4313
vn 0.7363 0.5269 0.4246
vn 0.8153 0.3378 0.4702
vn 0.4496 0.4392 0.7778
vn 0.4800 0.2828 0.8304
vn 0.4723 0.3306 0.8171
vn 0.4646 0.3703 0.8044
vn 0.0005 0.3023 0.9532
vn 0.0005 0.0026 1.0000
vn 0.0005 0.0775 0.9970
vn 0.0005 0.1138 0.9935
vn -0.4993 0.0304 0.8659
vn -0.4810 -0.2703 0.8340
vn -0.4875 -0.2186 0.8453
vn -0.4904 -0.1905 0.8504
vn -0.8321 -0.2762 0.4810
vn -0.7787 -0.4370 0.4501
vn -0.7844 -0.4233 0.4534
vn -0.7968 -0.3911 0.4606
vn -0.8899 -0.4561 0.0005
vn -0.8677 -0.4971 0.0005
vn -0.8676 -0.4973 0.0005
vn -0.8821 -0.4711 0.0005
vn -0.7580 -0.4841 -0.4371
vn -0.7667 -0.4654 -0.4422
vn -0.7723 -0.4531 -0.4453
vn -0.7589 -0.4821 -0.4377
vn -0.4649 -0.3704 -0.8042
vn -0.4723 -0.3305 -0.8171
vn -0.4800 -0.2828 -0.8304
vn -0.4496 -0.4393 -0.7778
vn -0.0005 -0.1139 -0.9935
vn -0.0005 -0.0775 -0.9970
vn -0.0005 -0.0022 -1.0000
vn -0.0005 -0.3024 -0.9532
vn 0.4904 0.1905 -0.8504
vn 0.4874 0.2187 -0.8453
vn 0.4809 0.2703 -0.8340
vn 0.4993 -0.0304 -0.8659
vn 0.7968 0.3911 -0.4606
vn 0.7844 0.4232 -0.4534
vn 0.7788 0.4369 -0.4501
vn 0.8321 0.2762 -0.4810
vn 0.8821 0.4711 -0.0004
vn 0.8676 0.4973 -0.0004
vn 0.8677 0.4971 -0.0004
vn 0.8899 0.4561 -0.0004
vn 0.7590 0.4821 0.4376
vn 0.7723 0.4529 0.4454
vn 0.7667 0.4654 0.4422
vn 0.7580 0.4841 0.4371
vn 0.4607 0.3904 0.7971
vn 0.0005 0.1534 0.9882
vn -0.4937 -0.1534 0.8560
vn -0.7971 -0.3904 0.4607
vn -0.8653 -0.5013 0.0004
vn -0.7496 -0.5013 -0.4322
vn -0.4607 -0.3904 -0.7971
vn -0.0005 -0.1534 -0.9882
vn 0.4936 0.1534 -0.8561
vn 0.7971 0.3904 -0.4607
vn 0.8653 0.5013 -0.0004
vn 0.7496 0.5013 0.4322
vn -0.3376 0.2862 0.8967
vn -0.3351 0.2884 0.8970
vn -0.2709 0.3430 0.8994
vn -0.2582 0.3533 0.8992
vn 0.2582 -0.3533 -0.8992
vn 0.2709 -0.3430 -0.8994
vn 0.3351 -0.2884 -0.8970
vn 0.3376 -0.2862 -0.8967
vn 0.7711 0.6367 -0.0000
vn 0.7797 0.6255 -0.0290
vn 0.7918 0.6061 -0.0757
vn -0.7711 -0.6367 -0.0000
vn -0.7918 -0.6061 0.0757
vn -0.7797 -0.6255 0.0290
vn -0.7205 -0.1716 0.6719
vn -0.7665 -0.2641 0.5854
vn 0.2614 0.6597 0.7046
vn 0.4012 0.7020 0.5884
vn 0.6036 0.7174 0.3478
vn 0.6035 0.7175 0.3478
vn -0.6035 -0.7175 -0.3478
vn -0.2614 -0.6597 -0.7046
vn -0.4012 -0.7020 -0.5884
vn -0.6036 -0.7175 -0.3478
vn 0.7205 0.1716 -0.6719
vn 0.7665 0.2642 -0.5853
vn -0.3376 0.2862 -0.8967
vn -0.2582 0.3533 -0.8992
vn -0.2709 0.3430 -0.8994
vn -0.3351 0.2884 -0.8970
vn 0.2582 -0.3533 0.8992
vn 0.3376 -0.2862 0.8967
vn 0.3351 -0.2884 0.8970
vn 0.2709 -0.3430 0.8994
vn 0.7918 0.6061 0.0757
vn 0.7797 0.6255 0.0290
vn -0.7797 -0.6255 -0.0290
vn -0.7918 -0.6061 -0.0757
vn -0.7665 -0.2641 -0.5854
vn -0.7205 -0.1716 -0.6719
vn 0.4012 0.7020 -0.5884
vn 0.2614 0.6597 -0.7046
vn 0.6035 0.7175 -0.3478
vn 0.6036 0.7174 -0.3478
vn -0.6035 -0.7175 0.3478
vn -0.6036 -0.7175 0.3478
vn -0.4012 -0.7020 0.5884
vn -0.2614 -0.6597 0.7046
vn 0.7665 0.2642 0.5853
vn 0.7205 0.1716 0.6719
vn -0.0157 -0.0000 0.9999
vn 0.0157 -0.0000 0.9999
vn -0.0157 -0.0000 -0.9999
vn 0.0157 -0.0000 -0.9999
vn 0.9999 -0.0000 0.0157
vn 0.9999 -0.0000 -0.0157
vn -0.9999 -0.0000 -0.0157
vn -0.9999 -0.0000 0.0157
vn -0.7071 -0.0000 0.7071
vn 0.7071 -0.0000 0.7071
vn -0.7071 -0.0000 -0.7071
vn 0.7071 -0.0000 -0.7071
vn 0.0157 -0.0001 -0.9999
vn -0.7071 -0.0001 -0.7071
vn -0.6813 -0.0102 0.7319
vn -0.6813 0.0102 0.7319
vn -0.0172 -0.0151 0.9997
vn -0.0172 0.0151 0.9997
vn 0.0172 -0.0151 0.9997
vn 0.6813 -0.0102 0.7319
vn 0.6813 0.0102 0.7319
vn 0.0172 0.0151 0.9997
vn -0.6813 0.7320 0.0106
vn -0.6813 0.7320 -0.0106
vn -0.0172 0.9997 0.0156
vn -0.0172 0.9997 -0.0156
vn 0.0172 0.9997 0.0156
vn 0.6813 0.7320 0.0106
vn 0.6813 0.7319 -0.0106
vn 0.0172 0.9997 -0.0156
vn 0.6813 0.7319 0.0106
vn 0.6813 0.7320 -0.0106
vn -0.6813 0.0102 -0.7319
vn -0.6813 -0.0102 -0.7319
vn -0.0172 0.0151 -0.9997
vn -0.0172 -0.0151 -0.9997
vn 0.0172 0.0151 -0.9997
vn 0.6813 0.0102 -0.7319
vn 0.6813 -0.0102 -0.7319
vn 0.0172 -0.0151 -0.9997
vn -0.0172 -0.9997 0.0156
vn -0.6813 -0.7319 0.0106
vn -0.6813 -0.7319 -0.0106
vn -0.0172 -0.9997 -0.0156
vn 0.6813 -0.7319 0.0106
vn 0.6813 -0.7319 -0.0106
vn 0.0172 -0.9997 0.0156
vn 0.0172 -0.9997 -0.0156
vn -0.0169 -0.7070 0.7070
vn 0.0169 -0.7070 0.7070
vn -0.0169 0.7070 0.7070
vn 0.0169 0.7070 0.7070
vn -0.0169 0.7070 -0.7070
vn 0.0169 0.7070 -0.7070
vn -0.0169 -0.7070 -0.7070
vn 0.0169 -0.7070 -0.7070
vn -0.6574 -0.5328 0.5328
vn 0.6574 -0.5328 0.5328
vn -0.6574 0.5329 0.5328
vn -0.6574 0.5329 0.5329
vn 0.6574 0.5329 0.5328
vn -0.6574 0.5329 -0.5328
vn 0.6574 0.5329 -0.5329
vn 0.6574 0.5329 -0.5328
vn -0.6574 -0.5328 -0.5329
vn -0.6574 -0.5328 -0.5328
vn 0.6574 -0.5328 -0.5328
vn 0.6574 -0.5328 0.5329
vn -0.4917 -0.4831 -0.7245
vn -1.0000 -0.0000 -0.0069
vn -1.0000 0.0004 -0.0066
vn -1.0000 0.0001 0.0065
vn -1.0000 -0.0000 0.0069
vn -0.9034 -0.4272 -0.0366
vn -0.9982 0.0012 -0.0601
vn -0.9982 0.0011 0.0597
vn -0.9036 -0.4265 0.0399
vn -0.9036 -0.4266 0.0399
vn -0.8870 0.0175 0.4614
vn -0.8848 0.0011 0.4660
vn -0.7328 0.0253 0.6800
vn -0.7262 0.0050 0.6874
vn -0.5136 0.0189 0.8578
vn -0.5018 0.0064 0.8650
vn -0.0064 -0.0016 1.0000
vn -0.5018 0.0064 0.8649
vn 0.0026 -0.0018 1.0000
vn 0.3968 -0.0002 0.9179
vn 0.3890 0.3202 0.8638
vn -0.0059 0.0002 -1.0000
vn -0.5163 0.0191 -0.8562
vn -0.5046 0.0065 -0.8633
vn -0.7357 0.0258 -0.6768
vn -0.7292 0.0050 -0.6843
vn -0.8874 0.0177 -0.4606
vn -0.8854 0.0011 -0.4649
vn 0.6466 0.4337 -0.6276
vn 0.3817 0.8043 -0.4553
vn 0.3844 0.3241 -0.8644
vn 0.2497 0.6166 -0.7466
vn 0.2497 0.6166 -0.7467
vn -0.9949 0.1000 0.0105
vn -0.9994 0.0252 0.0218
vn 0.7053 0.6317 0.3217
vn 0.4430 0.8642 0.2386
vn 0.5712 0.5729 0.5878
vn 0.3771 0.7828 0.4950
vn 0.3621 0.4468 0.8180
vn 0.2467 0.5826 0.7744
vn 0.3622 0.4468 0.8180
vn 0.0746 0.1602 0.9843
vn 0.9214 0.3886 -0.0106
vn 0.8660 0.3276 -0.3778
vn 0.9051 0.0211 -0.4247
vn 0.9996 0.0251 -0.0111
vn 0.6233 0.3030 -0.7209
vn 0.5974 0.0019 -0.8019
vn 0.3588 0.2319 -0.9041
vn 0.3137 -0.0044 -0.9495
vn 0.0473 0.2334 -0.9712
vn -0.0774 0.0200 -0.9968
vn 0.3136 -0.0044 -0.9495
vn 0.0569 0.1967 -0.9788
vn -0.3953 0.2118 -0.8938
vn -0.3457 0.2495 -0.9046
vn -0.6795 0.1955 -0.7072
vn -0.6829 0.2275 -0.6942
vn -0.6795 0.1955 -0.7071
vn -0.8845 0.1630 -0.4371
vn -0.9981 0.0613 -0.0103
vn -0.9949 0.1000 -0.0105
vn -0.0297 -0.0164 0.9994
vn -0.2686 -0.3634 0.8921
vn -0.3503 -0.4340 0.8300
vn -0.4582 -0.5613 0.6892
vn -0.5545 -0.6582 0.5093
vn -0.5458 -0.6664 -0.5079
vn -0.4698 -0.5969 -0.6503
vn -0.3814 -0.4962 -0.7799
vn 0.6173 0.7864 -0.0203
vn 0.5804 0.7297 -0.3614
vn 0.3895 0.8395 -0.3789
vn 0.4208 0.9069 -0.0199
vn 0.4592 0.5703 -0.6811
vn 0.3000 0.6466 -0.7013
vn 0.2625 0.3164 -0.9116
vn 0.1658 0.3572 -0.9192
vn 0.3000 0.6467 -0.7013
vn -0.0734 0.0006 -0.9973
vn -0.6196 0.0130 -0.7848
vn -0.6333 0.0073 -0.7738
vn -0.0870 0.0003 -0.9962
vn -0.7604 0.0224 -0.6491
vn -0.7666 0.0149 -0.6420
vn -0.7995 0.0193 -0.6004
vn -0.7983 0.0128 -0.6021
vn -0.8023 0.0189 0.5966
vn -0.8009 0.0097 0.5987
vn -0.7593 0.0220 0.6504
vn -0.7658 0.0147 0.6429
vn -0.6156 0.0128 0.7879
vn -0.6295 0.0073 0.7770
vn -0.0740 0.0006 0.9973
vn -0.0870 0.0003 0.9962
vn 0.0017 -0.0000 1.0000
vn 0.4102 -0.0011 0.9120
vn 0.3552 -0.0008 0.9348
vn -0.0143 -0.0004 0.9999
vn 0.7274 -0.0019 0.6862
vn 0.6932 -0.0016 0.7208
vn 0.9202 -0.0017 0.3914
vn 0.9998 -0.0015 0.0212
vn 0.9325 0.0257 -0.3604
vn 0.9203 -0.0017 -0.3911
vn 0.9998 -0.0026 -0.0212
vn 0.7277 -0.0019 -0.6859
vn 0.6937 -0.0015 -0.7202
vn 0.4110 -0.0011 -0.9116
vn 0.3561 -0.0008 -0.9345
vn 0.0030 -0.0000 -1.0000
vn -0.0130 -0.0000 -0.9999
vn 0.0147 0.9996 0.0228
vn 0.3823 0.9239 0.0160
vn 0.3822 0.9239 -0.0160
vn 0.0147 0.9996 -0.0227
vn 0.7069 0.7071 0.0148
vn 0.7069 0.7072 -0.0148
vn 0.9235 0.3832 0.0160
vn 0.9235 0.3832 -0.0160
vn 0.9996 0.0206 0.0208
vn 0.9996 0.0206 -0.0208
vn -0.0259 0.3852 0.9225
vn 0.1778 0.2915 0.9399
vn -0.0206 0.7091 0.7048
vn 0.3656 0.5863 0.7229
vn -0.0072 0.9240 0.3822
vn 0.4905 0.7798 0.3889
vn 0.5297 0.8479 0.0219
vn -0.0066 0.9241 -0.3821
vn 0.4922 0.7791 -0.3882
vn 0.5301 0.8477 -0.0218
vn -0.0196 0.7092 -0.7048
vn 0.3687 0.5853 -0.7221
vn -0.0246 0.3853 -0.9224
vn 0.1819 0.2905 -0.9394
vn 0.4208 0.9070 0.0199
vn 0.6173 0.7865 0.0203
vn 0.0030 0.0001 -1.0000
vn -0.9981 0.0613 0.0103
vn 0.0736 0.1570 -0.9849
vn 0.0573 0.1961 0.9789
vn 0.0466 0.2305 0.9720
vn 0.0222 0.2212 0.9750
vn 0.9205 0.3905 0.0103
vn 0.8050 0.5931 0.0138
vn 0.9214 0.3886 -0.0105
vn -0.9949 0.1001 0.0105
vn -0.0702 0.0190 0.9974
vn 0.9998 -0.0016 -0.0212
vn -0.0131 -0.0004 -0.9999
vn -0.0702 0.0189 0.9974
vn 0.9996 0.0252 0.0122
vn -0.9994 0.0253 -0.0218
vn 0.3627 0.9317 -0.0193
vn 0.3627 0.9317 0.0193
vn 0.0030 -0.0405 -0.9992
vn -0.3627 -0.9317 -0.0210
vn -0.3627 -0.9317 -0.0217
vn -0.3627 -0.9317 0.0217
vn -0.3627 -0.9317 0.0210
vn 0.0030 -0.0405 0.9992
vn 0.3991 -0.0102 0.9169
vn 0.3486 0.4425 -0.8262
vn 0.2413 0.5755 -0.7814
vn 0.5614 0.5683 -0.6015
vn 0.3733 0.7781 -0.5052
vn 0.7032 0.6287 -0.3321
vn 0.4419 0.8629 -0.2450
vn 0.2427 0.6027 0.7602
vn 0.3891 0.3202 0.8638
vn 0.5975 0.5019 0.6254
vn 0.3773 0.7969 0.4718
vn 0.9998 -0.0152 -0.0094
vn 0.7071 0.0070 -0.7071
vn 0.3837 0.0052 -0.9234
vn -0.8846 0.1635 0.4367
vn -0.6787 0.1959 0.7078
vn -0.3946 0.2119 0.8941
vn 0.8754 0.3330 0.3503
vn 0.6798 0.3087 0.6652
vn 0.3856 0.2458 0.8893
vn 0.8755 0.3330 0.3503
vn 0.7414 0.0031 0.6710
vn 0.3991 -0.0102 0.9168
vn 0.8660 0.3277 -0.3778
vn 0.6233 0.3029 -0.7209
vn 0.3589 0.2319 -0.9041
vn 0.3895 0.8395 0.3789
vn 0.3376 0.8673 0.3658
vn 0.3001 0.6467 0.7013
vn 0.2648 0.6801 0.6837
vn 0.1658 0.3572 0.9192
vn 0.1527 0.3922 0.9071
vn 0.5794 0.7305 0.3614
vn 0.4571 0.5715 0.6815
vn 0.3001 0.6466 0.7013
vn 0.2593 0.3176 0.9121
vn 0.1527 0.3922 -0.9071
vn 0.2648 0.6801 -0.6836
vn 0.3376 0.8672 -0.3660
vn 0.9201 0.0149 0.3914
vn 0.6933 -0.0014 0.7206
vn 0.6924 0.0127 0.7214
vn -0.0143 -0.0000 0.9999
vn 0.3536 0.0131 0.9353
vn 0.3551 -0.0008 0.9348
vn 0.3545 0.0131 -0.9350
vn 0.6938 -0.0014 -0.7202
vn 0.3560 -0.0008 -0.9345
vn 0.3544 0.0131 -0.9350
vn 0.6928 0.0127 -0.7210
vn 0.9202 0.0150 -0.3911
vn -0.6767 -0.4347 -0.5942
vn -0.5701 -0.4477 -0.6889
vn -0.5137 -0.4802 -0.7110
vn -0.5137 -0.4803 -0.7110
vn -0.0922 -0.0640 -0.9937
vn -0.5738 -0.3725 -0.7294
vn -0.0546 -0.0060 -0.9985
vn -0.6266 -0.3050 -0.7172
vn -0.6334 0.0073 -0.7738
vn -0.7666 0.0149 -0.6419
vn -0.6993 -0.3954 -0.5955
vn -0.5701 -0.4476 -0.6889
vn -0.6707 -0.3571 -0.6501
vn -0.5243 -0.4780 0.7047
vn -0.5754 -0.4472 0.6848
vn -0.6173 -0.4516 0.6442
vn -0.5544 -0.6582 0.5093
vn -0.7015 -0.3906 0.5961
vn -0.6255 -0.3054 0.7180
vn -0.0986 -0.0417 0.9943
vn -0.5728 -0.3759 0.7284
vn -0.6713 -0.3623 0.6467
vn 0.8736 0.3424 0.3458
vn 0.6640 0.6796 0.3118
vn 0.3228 0.8831 0.3404
vn 0.2809 0.6781 0.6791
vn 0.3082 0.3404 0.8884
vn 0.3081 0.3404 0.8884
vn 0.6573 0.3105 0.6867
vn 0.5607 0.5835 0.5874
vn 0.6640 0.6796 0.3119
vn 0.3091 0.3403 -0.8881
vn 0.2817 0.6780 -0.6790
vn 0.3231 0.8830 -0.3403
vn 0.6642 0.6795 -0.3117
vn 0.8737 0.3423 -0.3456
vn 0.6578 0.3104 -0.6863
vn 0.5612 0.5834 -0.5872
vn 0.5245 0.8510 0.0273
vt 0.925851 0.930472
vt 0.903654 0.948512
vt 0.925380 0.948058
vt 0.924824 0.931244
vt 0.925063 0.913653
vt 0.903130 0.931980
vt 0.800939 0.806202
vt 0.801477 0.806735
vt 0.800939 0.792408
vt 0.554597 0.789708
vt 0.556305 0.791398
vt 0.554597 0.745841
vt 0.926015 0.931231
vt 0.925536 0.926072
vt 0.798576 0.882266
vt 0.823146 0.882212
vt 0.805810 0.881354
vt 0.798613 0.880603
vt 0.874323 0.882174
vt 0.874290 0.880512
vt 0.867092 0.881250
vt 0.849756 0.882076
vt 0.922936 0.830868
vt 0.924139 0.848419
vt 0.923930 0.835993
vt 0.924125 0.830815
vt 0.791185 0.745841
vt 0.789477 0.791345
vt 0.791185 0.789654
vt 0.901207 0.831322
vt 0.899153 0.814832
vt 0.922269 0.831630
vt 0.920833 0.814096
vt 0.875475 0.792406
vt 0.874938 0.806757
vt 0.875476 0.806225
vt 0.566593 0.980038
vt 0.564635 0.978916
vt 0.562565 0.978916
vt 0.559292 0.975855
vt 0.783223 0.978914
vt 0.781153 0.978914
vt 0.779195 0.980037
vt 0.786495 0.975849
vt 0.801731 0.863430
vt 0.802420 0.864873
vt 0.803293 0.864873
vt 0.803451 0.865838
vt 0.804720 0.866191
vt 0.804337 0.865838
vt 0.872969 0.865835
vt 0.872083 0.865835
vt 0.871700 0.866189
vt 0.874687 0.863425
vt 0.873126 0.864869
vt 0.873999 0.864869
vt 0.131920 0.278427
vt 0.128529 0.277610
vt 0.159997 0.278906
vt 0.014468 0.296761
vt 0.022707 0.297101
vt 0.014468 0.295115
vt 0.203113 0.262869
vt 0.121794 0.260568
vt 0.203113 0.260568
vt 0.320848 0.298399
vt 0.263349 0.295116
vt 0.263794 0.298399
vt 0.179291 0.263846
vt 0.121789 0.260573
vt 0.121646 0.263847
vt 0.344680 0.297413
vt 0.263351 0.295121
vt 0.344680 0.295121
vt 0.203118 0.260572
vt 0.203118 0.262864
vt 0.196135 0.263563
vt 0.196139 0.263558
vt 0.179289 0.263851
vt 0.121651 0.263851
vt 0.320852 0.298395
vt 0.263797 0.298394
vt 0.337696 0.298112
vt 0.337701 0.298107
vt 0.344675 0.297418
vt 0.344675 0.295116
vt 0.022702 0.297099
vt 0.054175 0.298393
vt 0.026095 0.297914
vt 0.054179 0.298398
vt 0.014463 0.296756
vt 0.026099 0.297919
vt 0.014463 0.295119
vt 0.128527 0.277605
vt 0.120288 0.275628
vt 0.120288 0.277265
vt 0.120291 0.275624
vt 0.131919 0.278422
vt 0.120290 0.277270
vt 0.160000 0.278902
vt 0.022869 0.076167
vt 0.083857 0.071651
vt 0.022869 0.071651
vt 0.022869 0.071651
vt 0.083857 0.071651
vt 0.022869 0.076110
vt 0.989007 0.039962
vt 0.989011 0.036738
vt 0.982990 0.038344
vt 0.987392 0.042755
vt 0.984598 0.044364
vt 0.981373 0.044364
vt 0.978583 0.042748
vt 0.976971 0.039955
vt 0.976973 0.036731
vt 0.978589 0.033935
vt 0.981382 0.032329
vt 0.984608 0.032332
vt 0.987400 0.033945
vt 0.987395 0.033942
vt 0.984604 0.032329
vt 0.982990 0.038347
vt 0.981378 0.032327
vt 0.978585 0.033942
vt 0.976973 0.036731
vt 0.976969 0.039962
vt 0.978585 0.042755
vt 0.981378 0.044364
vt 0.984601 0.044364
vt 0.987396 0.042751
vt 0.989006 0.039959
vt 0.989007 0.036734
vt 0.989009 0.039959
vt 0.984601 0.044364
vt 0.978584 0.042755
vt 0.976973 0.036734
vt 0.978584 0.033942
vt 0.981379 0.032327
vt 0.984602 0.032329
vt 0.987397 0.033942
vt 0.984604 0.032332
vt 0.982990 0.038349
vt 0.976969 0.039962
vt 0.981375 0.044364
vt 0.989007 0.039959
vt 0.989007 0.036738
vt 0.989007 0.039956
vt 0.982990 0.038344
vt 0.987394 0.042751
vt 0.984599 0.044364
vt 0.981375 0.044364
vt 0.976969 0.039953
vt 0.976969 0.036731
vt 0.978584 0.033938
vt 0.981378 0.032329
vt 0.987397 0.033938
vt 0.984604 0.032327
vt 0.978585 0.033938
vt 0.976973 0.036734
vt 0.978585 0.042748
vt 0.981378 0.044361
vt 0.987396 0.042748
vt 0.989007 0.036731
vt 0.984601 0.044362
vt 0.978582 0.042751
vt 0.976973 0.036731
vt 0.978586 0.033938
vt 0.981379 0.032329
vt 0.982991 0.038347
vt 0.976969 0.039955
vt 0.978584 0.042751
vt 0.981379 0.044361
vt 0.984602 0.044364
vt 0.987396 0.042755
vt 0.981376 0.044364
vt 0.978582 0.042755
vt 0.976969 0.039959
vt 0.978585 0.033945
vt 0.981378 0.032332
vt 0.984602 0.032327
vt 0.987395 0.033938
vt 0.976971 0.036731
vt 0.978583 0.042751
vt 0.989009 0.039956
vt 0.989006 0.039962
vt 0.984599 0.044367
vt 0.976969 0.039959
vt 0.981376 0.032327
vt 0.976971 0.036734
vt 0.984601 0.044362
vt 0.984599 0.044362
vt 0.978584 0.042748
vt 0.978586 0.033942
vt 0.976974 0.036731
vt 0.976973 0.039955
vt 0.978585 0.042751
vt 0.984602 0.044364
vt 0.989009 0.036734
vt 0.987397 0.042748
vt 0.981378 0.044361
vt 0.978585 0.042751
vt 0.984602 0.044362
vt 0.981378 0.044364
vt 0.976973 0.039962
vt 0.976973 0.036734
vt 0.978584 0.033945
vt 0.987398 0.033942
vt 0.976973 0.039953
vt 0.987394 0.042755
vt 0.981375 0.044364
vt 0.978582 0.042748
vt 0.987395 0.033945
vt 0.981379 0.032332
vt 0.978586 0.033945
vt 0.976974 0.036734
vt 0.981379 0.044364
vt 0.982991 0.038344
vt 0.976969 0.039953
vt 0.976969 0.039955
vt 0.978586 0.033945
vt 0.976973 0.036738
vt 0.989009 0.036738
vt 0.981376 0.044366
vt 0.976971 0.039959
vt 0.976969 0.036734
vt 0.987397 0.033945
vt 0.984601 0.044367
vt 0.987398 0.033938
vt 0.984599 0.044364
vt 0.978583 0.042755
vt 0.976971 0.039962
vt 0.989009 0.039962
vt 0.981378 0.044366
vt 0.976973 0.039955
vt 0.664987 0.419369
vt 0.666178 0.420560
vt 0.667862 0.420560
vt 0.588917 0.499505
vt 0.588917 0.497820
vt 0.587727 0.496630
vt 0.667862 0.420560
vt 0.667862 0.422244
vt 0.669053 0.423435
vt 0.664987 0.419369
vt 0.591792 0.500695
vt 0.588918 0.422244
vt 0.591793 0.419369
vt 0.588918 0.420560
vt 0.587727 0.423435
vt 0.667862 0.497821
vt 0.664987 0.500696
vt 0.667862 0.499505
vt 0.669053 0.496630
vt 0.669053 0.423435
vt 0.588917 0.499505
vt 0.591792 0.500696
vt 0.590602 0.499505
vt 0.587726 0.496630
vt 0.666178 0.499505
vt 0.664987 0.500696
vt 0.667862 0.499505
vt 0.669053 0.496630
vt 0.588917 0.420560
vt 0.590602 0.420560
vt 0.591792 0.419369
vt 0.587727 0.423435
vt 0.702996 0.729188
vt 0.703023 0.728040
vt 0.701080 0.730031
vt 0.593713 0.516089
vt 0.594519 0.515268
vt 0.594546 0.514120
vt 0.625451 0.654551
vt 0.626257 0.653731
vt 0.626283 0.652583
vt 0.628199 0.651743
vt 0.626271 0.729185
vt 0.626244 0.728037
vt 0.625438 0.727216
vt 0.628186 0.730026
vt 0.596462 0.513279
vt 0.594537 0.590713
vt 0.594510 0.589565
vt 0.593704 0.588745
vt 0.596452 0.591552
vt 0.672081 0.588768
vt 0.671275 0.589588
vt 0.671248 0.590735
vt 0.669333 0.591575
vt 0.671269 0.514135
vt 0.671296 0.515284
vt 0.672102 0.516104
vt 0.669354 0.513295
vt 0.703829 0.727218
vt 0.703019 0.653745
vt 0.703825 0.654564
vt 0.702992 0.652597
vt 0.701077 0.651759
vt 0.268384 0.866090
vt 0.273854 0.874500
vt 0.273904 0.871970
vt 0.274489 0.877273
vt 0.163269 0.824927
vt 0.165361 0.788087
vt 0.162990 0.788170
vt 0.345643 0.987889
vt 0.342461 0.951686
vt 0.339912 0.952106
vt 0.018051 0.669195
vt 0.018210 0.671441
vt 0.092341 0.668328
vt 0.018291 0.673683
vt 0.108149 0.633275
vt 0.108275 0.631033
vt 0.033940 0.633275
vt 0.133389 0.938888
vt 0.013188 0.955143
vt 0.165354 0.956030
vt 0.282166 0.894770
vt 0.280173 0.920501
vt 0.290459 0.917624
vt 0.106445 0.924685
vt 0.271264 0.987916
vt 0.289345 0.954874
vt 0.277959 0.951793
vt 0.318023 0.952559
vt 0.327927 0.954856
vt 0.300101 0.920433
vt 0.335729 0.894640
vt 0.326905 0.917634
vt 0.337595 0.920480
vt 0.013495 0.955596
vt 0.106655 0.924821
vt 0.133648 0.938928
vt 0.165219 0.955255
vt 0.099853 0.791601
vt 0.075040 0.793334
vt 0.081413 0.767277
vt 0.135765 0.914477
vt 0.161523 0.906882
vt 0.139521 0.899964
vt 0.096101 0.814578
vt 0.095041 0.812799
vt 0.097173 0.812751
vt 0.275419 0.951324
vt 0.017807 0.642947
vt 0.017680 0.645187
vt 0.092133 0.644462
vt 0.191546 0.631034
vt 0.191390 0.633275
vt 0.117320 0.632194
vt 0.017843 0.640709
vt 0.065962 0.826559
vt 0.008684 0.770721
vt 0.007852 0.772935
vt 0.345357 0.746018
vt 0.266283 0.745286
vt 0.267051 0.747483
vt 0.267603 0.749689
vt 0.346484 0.769891
vt 0.268730 0.773563
vt 0.268389 0.775811
vt 0.016451 0.740342
vt 0.017262 0.738121
vt 0.267831 0.778071
vt 0.317152 0.920483
vt 0.319338 0.921001
vt 0.294237 0.926842
vt 0.294771 0.924394
vt 0.294026 0.947872
vt 0.293642 0.945381
vt 0.090894 0.824671
vt 0.072564 0.800505
vt 0.098527 0.808803
vt 0.096754 0.807102
vt 0.511114 0.819797
vt 0.509092 0.817675
vt 0.508539 0.820135
vt 0.259777 0.797719
vt 0.259330 0.795010
vt 0.259776 0.797727
vt 0.097937 0.810788
vt 0.137348 0.916974
vt 0.171635 0.872620
vt 0.146043 0.880763
vt 0.149519 0.866187
vt 0.138560 0.919137
vt 0.147713 0.883153
vt 0.139129 0.921196
vt 0.148967 0.885296
vt 0.149565 0.887390
vt 0.298938 0.953584
vt 0.259411 0.814940
vt 0.259162 0.818463
vt 0.259476 0.816417
vt 0.297929 0.920947
vt 0.321212 0.922385
vt 0.296063 0.922329
vt 0.322505 0.924450
vt 0.323030 0.926906
vt 0.323686 0.945522
vt 0.323419 0.947998
vt 0.295190 0.949972
vt 0.268519 0.866413
vt 0.274031 0.872416
vt 0.274005 0.874883
vt 0.274693 0.877599
vt 0.289618 0.954836
vt 0.294383 0.947894
vt 0.295459 0.949911
vt 0.802527 0.966037
vt 0.877063 0.966037
vt 0.877063 0.891500
vt 0.802527 0.891500
vt 0.942939 0.963763
vt 0.944595 0.963704
vt 0.944598 0.695308
vt 0.942939 0.695242
vt 0.948546 0.963873
vt 0.948547 0.695139
vt 0.974630 0.963877
vt 0.978579 0.963708
vt 0.978582 0.695313
vt 0.974631 0.695143
vt 0.980237 0.963775
vt 0.980238 0.695254
vt 0.929718 0.696100
vt 0.924541 0.696102
vt 0.925320 0.782524
vt 0.930499 0.782466
vt 0.912130 0.696177
vt 0.912891 0.782658
vt 0.830185 0.696863
vt 0.817773 0.696981
vt 0.818330 0.783311
vt 0.830762 0.783248
vt 0.812596 0.697056
vt 0.813151 0.783336
vt 0.948542 0.969806
vt 0.974632 0.969809
vt 0.948534 0.976440
vt 0.974640 0.976440
vt 0.830139 0.690789
vt 0.830179 0.693736
vt 0.912119 0.692942
vt 0.912100 0.689994
vt 0.830216 0.696905
vt 0.912150 0.696112
vt 0.912113 0.693007
vt 0.830155 0.693693
vt 0.912099 0.690059
vt 0.830121 0.690746
vt 0.948532 0.682576
vt 0.948540 0.689208
vt 0.974634 0.689210
vt 0.974642 0.682576
vt 0.789478 0.965623
vt 0.556304 0.965635
vt 0.801478 0.861654
vt 0.874939 0.861648
vt 0.831011 0.783359
vt 0.913138 0.782457
vt 0.944586 0.969398
vt 0.942934 0.969137
vt 0.978588 0.969402
vt 0.980241 0.969149
vt 0.924522 0.693045
vt 0.929696 0.693256
vt 0.817745 0.693924
vt 0.812572 0.694213
vt 0.944546 0.975709
vt 0.942882 0.974799
vt 0.978627 0.975714
vt 0.980293 0.974814
vt 0.817686 0.691182
vt 0.817770 0.693999
vt 0.812493 0.691777
vt 0.812598 0.694301
vt 0.929771 0.690622
vt 0.924566 0.690130
vt 0.924539 0.692948
vt 0.929719 0.693148
vt 0.817805 0.697056
vt 0.812628 0.697144
vt 0.924568 0.696005
vt 0.929747 0.695991
vt 0.818579 0.783446
vt 0.813400 0.783482
vt 0.925565 0.782298
vt 0.930744 0.782229
vt 0.924554 0.690227
vt 0.929754 0.690731
vt 0.817667 0.691107
vt 0.812474 0.691690
vt 0.944548 0.683302
vt 0.944587 0.689614
vt 0.942884 0.684202
vt 0.942935 0.689867
vt 0.980294 0.684218
vt 0.978630 0.683308
vt 0.978591 0.689618
vt 0.980242 0.689880
vt 0.788679 0.971264
vt 0.557106 0.971274
vt 0.014998 0.289643
vt 0.096324 0.289643
vt 0.096325 0.214874
vt 0.014998 0.214874
vt 0.085138 0.318153
vt 0.085726 0.399479
vt 0.294754 0.399479
vt 0.294754 0.318153
vt 0.168239 0.484779
vt 0.249565 0.484779
vt 0.249565 0.410010
vt 0.168239 0.410010
vt 0.014998 0.289643
vt 0.096324 0.289643
vt 0.096324 0.214874
vt 0.014998 0.214874
vt 0.096325 0.214874
vt 0.014998 0.214874
vt 0.096324 0.289643
vt 0.115971 0.245593
vt 0.197297 0.245594
vt 0.197297 0.243947
vt 0.115971 0.243947
vt 0.249565 0.407709
vt 0.168239 0.407709
vt 0.168239 0.487071
vt 0.249565 0.487071
vt 0.197302 0.243952
vt 0.115966 0.243952
vt 0.115966 0.245589
vt 0.197302 0.245589
vt 0.028083 0.318153
vt 0.028083 0.399479
vt 0.085138 0.399479
vt 0.085727 0.318153
vt 0.353969 0.231995
vt 0.353969 0.150668
vt 0.105087 0.150669
vt 0.105087 0.231995
vt 0.353969 0.231995
vt 0.353969 0.150669
vt 0.105087 0.150668
vt 0.105087 0.231994
vt 0.294754 0.399479
vt 0.294754 0.318153
vt 0.028083 0.318153
vt 0.028083 0.399479
vt 0.334527 0.318153
vt 0.322839 0.318153
vt 0.322838 0.399479
vt 0.334527 0.399479
vt 0.334527 0.318153
vt 0.322838 0.318153
vt 0.322838 0.399479
vt 0.334527 0.399479
vt 0.053142 0.309208
vt 0.262174 0.309208
vt 0.262318 0.305935
vt 0.013430 0.305934
vt 0.011233 0.318153
vt 0.011233 0.399479
vt 0.004220 0.318153
vt 0.004220 0.399479
vt 0.004220 0.399479
vt 0.011233 0.399479
vt 0.011233 0.318153
vt 0.004219 0.318153
vt 0.013432 0.305930
vt 0.262315 0.305930
vt 0.262172 0.309213
vt 0.053144 0.309213
vt 0.273982 0.474940
vt 0.334969 0.474941
vt 0.334969 0.413953
vt 0.273982 0.413953
vt 0.083857 0.132639
vt 0.022869 0.132639
vt 0.273982 0.474941
vt 0.334969 0.474941
vt 0.334969 0.413953
vt 0.229594 0.040285
vt 0.290582 0.040342
vt 0.290582 0.035826
vt 0.229594 0.035826
vt 0.027092 0.200682
vt 0.087856 0.200682
vt 0.087856 0.144416
vt 0.027092 0.144360
vt 0.378724 0.135091
vt 0.378724 0.074103
vt 0.100511 0.074103
vt 0.100511 0.135091
vt 0.017446 0.050950
vt 0.017446 0.055465
vt 0.295659 0.055465
vt 0.295659 0.050950
vt 0.378724 0.135091
vt 0.378724 0.074103
vt 0.100511 0.074103
vt 0.100511 0.135091
vt 0.017418 0.050976
vt 0.017418 0.055436
vt 0.295687 0.055439
vt 0.295687 0.050979
vt 0.022869 0.132639
vt 0.083857 0.132639
vt 0.196544 0.037302
vt 0.208202 0.037363
vt 0.208241 0.036727
vt 0.196548 0.036667
vt 0.184722 0.037317
vt 0.184722 0.036682
vt 0.172892 0.037318
vt 0.172892 0.036683
vt 0.161061 0.037318
vt 0.161062 0.036683
vt 0.149231 0.037318
vt 0.149231 0.036683
vt 0.137401 0.037317
vt 0.137401 0.036682
vt 0.125570 0.037317
vt 0.125571 0.036682
vt 0.113740 0.037316
vt 0.113740 0.036681
vt 0.101910 0.037316
vt 0.101910 0.036681
vt 0.090079 0.037315
vt 0.090080 0.036680
vt 0.078249 0.037315
vt 0.078249 0.036680
vt 0.066419 0.037314
vt 0.066419 0.036679
vt 0.054588 0.037313
vt 0.054589 0.036679
vt 0.042758 0.037311
vt 0.042758 0.036677
vt 0.030935 0.037294
vt 0.030932 0.036659
vt 0.019281 0.037363
vt 0.019242 0.036728
vt 0.208337 0.036095
vt 0.196552 0.036039
vt 0.184722 0.036054
vt 0.172891 0.036055
vt 0.161061 0.036055
vt 0.149231 0.036054
vt 0.137401 0.036054
vt 0.125570 0.036053
vt 0.113740 0.036053
vt 0.101910 0.036052
vt 0.090079 0.036052
vt 0.078249 0.036051
vt 0.066419 0.036051
vt 0.054588 0.036050
vt 0.042758 0.036048
vt 0.030927 0.036032
vt 0.019145 0.036098
vt 0.208465 0.035464
vt 0.196555 0.035419
vt 0.184721 0.035433
vt 0.172891 0.035434
vt 0.161060 0.035433
vt 0.149230 0.035433
vt 0.137400 0.035432
vt 0.125569 0.035432
vt 0.113739 0.035431
vt 0.101909 0.035431
vt 0.090078 0.035430
vt 0.078248 0.035430
vt 0.066418 0.035429
vt 0.054587 0.035429
vt 0.042757 0.035427
vt 0.030922 0.035414
vt 0.019017 0.035470
vt 0.208591 0.034830
vt 0.196558 0.034801
vt 0.184720 0.034812
vt 0.172890 0.034812
vt 0.161059 0.034812
vt 0.149229 0.034811
vt 0.137399 0.034811
vt 0.125568 0.034810
vt 0.113738 0.034810
vt 0.101908 0.034809
vt 0.090077 0.034809
vt 0.078247 0.034808
vt 0.066417 0.034808
vt 0.054586 0.034807
vt 0.042756 0.034806
vt 0.030917 0.034796
vt 0.018889 0.034840
vt 0.208683 0.034188
vt 0.196560 0.034177
vt 0.184720 0.034184
vt 0.172889 0.034184
vt 0.161059 0.034183
vt 0.149229 0.034183
vt 0.137398 0.034182
vt 0.125568 0.034182
vt 0.113738 0.034181
vt 0.101907 0.034181
vt 0.090077 0.034180
vt 0.078247 0.034180
vt 0.066416 0.034179
vt 0.054586 0.034179
vt 0.042756 0.034178
vt 0.030915 0.034174
vt 0.018796 0.034200
vt 0.208715 0.033540
vt 0.196561 0.033548
vt 0.184720 0.033549
vt 0.172890 0.033549
vt 0.161059 0.033548
vt 0.149229 0.033548
vt 0.137399 0.033547
vt 0.125569 0.033547
vt 0.113738 0.033546
vt 0.101908 0.033546
vt 0.090078 0.033545
vt 0.078247 0.033545
vt 0.066417 0.033544
vt 0.054587 0.033544
vt 0.042756 0.033543
vt 0.030915 0.033545
vt 0.018761 0.033553
vt 0.208680 0.032892
vt 0.196561 0.032919
vt 0.184721 0.032915
vt 0.172890 0.032914
vt 0.161060 0.032913
vt 0.149230 0.032913
vt 0.137399 0.032912
vt 0.125569 0.032912
vt 0.113739 0.032911
vt 0.101908 0.032911
vt 0.090078 0.032911
vt 0.078248 0.032910
vt 0.066417 0.032910
vt 0.054587 0.032909
vt 0.042756 0.032909
vt 0.030916 0.032916
vt 0.018793 0.032904
vt 0.208587 0.032253
vt 0.196559 0.032296
vt 0.184720 0.032287
vt 0.172890 0.032286
vt 0.161060 0.032285
vt 0.149229 0.032285
vt 0.137399 0.032284
vt 0.125569 0.032284
vt 0.113738 0.032283
vt 0.101908 0.032283
vt 0.090078 0.032282
vt 0.078247 0.032282
vt 0.066417 0.032281
vt 0.054587 0.032281
vt 0.042756 0.032281
vt 0.030918 0.032292
vt 0.018885 0.032262
vt 0.208459 0.031622
vt 0.196555 0.031679
vt 0.184719 0.031666
vt 0.172889 0.031664
vt 0.161059 0.031663
vt 0.149228 0.031663
vt 0.137398 0.031663
vt 0.125568 0.031662
vt 0.113737 0.031661
vt 0.101907 0.031661
vt 0.090077 0.031660
vt 0.078246 0.031660
vt 0.066416 0.031659
vt 0.054586 0.031659
vt 0.042755 0.031660
vt 0.030921 0.031673
vt 0.019011 0.031628
vt 0.208331 0.030994
vt 0.196550 0.031060
vt 0.184718 0.031044
vt 0.172888 0.031042
vt 0.161058 0.031042
vt 0.149227 0.031041
vt 0.137397 0.031041
vt 0.125567 0.031040
vt 0.113736 0.031040
vt 0.101906 0.031039
vt 0.090076 0.031039
vt 0.078245 0.031038
vt 0.066415 0.031038
vt 0.054585 0.031037
vt 0.042755 0.031038
vt 0.030924 0.031053
vt 0.019139 0.030998
vt 0.208235 0.030364
vt 0.196545 0.030433
vt 0.184718 0.030416
vt 0.172888 0.030414
vt 0.161057 0.030414
vt 0.149227 0.030413
vt 0.137397 0.030412
vt 0.125566 0.030412
vt 0.113736 0.030412
vt 0.101906 0.030411
vt 0.090075 0.030411
vt 0.078245 0.030410
vt 0.066415 0.030410
vt 0.054585 0.030409
vt 0.042754 0.030410
vt 0.030928 0.030425
vt 0.019235 0.030365
vt 0.208195 0.029729
vt 0.196541 0.029799
vt 0.184718 0.029781
vt 0.172888 0.029779
vt 0.161058 0.029779
vt 0.149227 0.029778
vt 0.137397 0.029778
vt 0.125567 0.029777
vt 0.113736 0.029777
vt 0.101906 0.029776
vt 0.090076 0.029776
vt 0.078245 0.029775
vt 0.066415 0.029775
vt 0.054585 0.029774
vt 0.042755 0.029775
vt 0.030932 0.029790
vt 0.019274 0.029729
vt 0.196544 0.037302
vt 0.208202 0.037363
vt 0.208241 0.036727
vt 0.196548 0.036667
vt 0.184722 0.037317
vt 0.184722 0.036682
vt 0.172892 0.037318
vt 0.172892 0.036683
vt 0.161061 0.037318
vt 0.161062 0.036683
vt 0.149231 0.037317
vt 0.149231 0.036682
vt 0.137401 0.037317
vt 0.137401 0.036682
vt 0.125570 0.037316
vt 0.125571 0.036682
vt 0.113740 0.037316
vt 0.113740 0.036681
vt 0.101910 0.037316
vt 0.078249 0.037315
vt 0.066419 0.037314
vt 0.066419 0.036679
vt 0.054588 0.037314
vt 0.054589 0.036679
vt 0.042758 0.037311
vt 0.042758 0.036677
vt 0.030935 0.037294
vt 0.030932 0.036659
vt 0.019281 0.037364
vt 0.019242 0.036729
vt 0.208337 0.036094
vt 0.196552 0.036039
vt 0.184722 0.036054
vt 0.172891 0.036055
vt 0.161061 0.036055
vt 0.149231 0.036054
vt 0.137401 0.036054
vt 0.125570 0.036053
vt 0.113740 0.036053
vt 0.101910 0.036052
vt 0.090079 0.036052
vt 0.078249 0.036051
vt 0.054588 0.036050
vt 0.042758 0.036049
vt 0.030927 0.036032
vt 0.019145 0.036098
vt 0.208465 0.035464
vt 0.196555 0.035419
vt 0.184721 0.035433
vt 0.172891 0.035433
vt 0.161060 0.035433
vt 0.149230 0.035432
vt 0.137400 0.035432
vt 0.125569 0.035432
vt 0.113739 0.035431
vt 0.090078 0.035430
vt 0.078248 0.035430
vt 0.066418 0.035429
vt 0.054587 0.035429
vt 0.042757 0.035427
vt 0.030922 0.035414
vt 0.019017 0.035471
vt 0.208591 0.034830
vt 0.196558 0.034800
vt 0.184720 0.034811
vt 0.172890 0.034812
vt 0.161059 0.034811
vt 0.149229 0.034811
vt 0.137399 0.034810
vt 0.125568 0.034810
vt 0.113738 0.034809
vt 0.101908 0.034809
vt 0.090077 0.034809
vt 0.078247 0.034808
vt 0.066417 0.034808
vt 0.054586 0.034807
vt 0.042756 0.034806
vt 0.030917 0.034797
vt 0.018889 0.034840
vt 0.208683 0.034188
vt 0.196560 0.034177
vt 0.184720 0.034183
vt 0.172889 0.034183
vt 0.161059 0.034183
vt 0.149229 0.034183
vt 0.137398 0.034182
vt 0.125568 0.034182
vt 0.113738 0.034181
vt 0.101907 0.034181
vt 0.090077 0.034180
vt 0.078247 0.034180
vt 0.066416 0.034179
vt 0.054586 0.034179
vt 0.042756 0.034178
vt 0.030915 0.034174
vt 0.018796 0.034200
vt 0.208715 0.033540
vt 0.196561 0.033547
vt 0.184720 0.033549
vt 0.172890 0.033548
vt 0.161059 0.033548
vt 0.149229 0.033548
vt 0.137399 0.033547
vt 0.125569 0.033547
vt 0.113738 0.033546
vt 0.101908 0.033546
vt 0.090078 0.033545
vt 0.066417 0.033544
vt 0.054587 0.033544
vt 0.042756 0.033544
vt 0.030915 0.033545
vt 0.018761 0.033553
vt 0.208680 0.032892
vt 0.196561 0.032919
vt 0.184721 0.032914
vt 0.172890 0.032914
vt 0.161060 0.032913
vt 0.149230 0.032913
vt 0.137399 0.032912
vt 0.125569 0.032912
vt 0.113739 0.032911
vt 0.101908 0.032911
vt 0.090078 0.032910
vt 0.078248 0.032910
vt 0.054587 0.032909
vt 0.042756 0.032909
vt 0.030916 0.032916
vt 0.018793 0.032905
vt 0.208587 0.032253
vt 0.196559 0.032296
vt 0.184720 0.032287
vt 0.172890 0.032285
vt 0.161060 0.032285
vt 0.149229 0.032284
vt 0.137399 0.032284
vt 0.125569 0.032283
vt 0.113738 0.032283
vt 0.101908 0.032283
vt 0.090078 0.032282
vt 0.066417 0.032281
vt 0.054587 0.032281
vt 0.042756 0.032281
vt 0.030918 0.032292
vt 0.018885 0.032263
vt 0.208459 0.031622
vt 0.196555 0.031679
vt 0.184719 0.031665
vt 0.172889 0.031664
vt 0.161059 0.031663
vt 0.149228 0.031663
vt 0.137398 0.031662
vt 0.125568 0.031662
vt 0.113737 0.031661
vt 0.101907 0.031661
vt 0.090077 0.031660
vt 0.078246 0.031660
vt 0.066416 0.031660
vt 0.054586 0.031659
vt 0.042755 0.031660
vt 0.030921 0.031674
vt 0.019011 0.031629
vt 0.208331 0.030994
vt 0.196550 0.031060
vt 0.184718 0.031044
vt 0.172888 0.031042
vt 0.161058 0.031042
vt 0.149227 0.031041
vt 0.137397 0.031041
vt 0.125567 0.031040
vt 0.113736 0.031040
vt 0.101906 0.031039
vt 0.078245 0.031038
vt 0.066415 0.031038
vt 0.054585 0.031038
vt 0.042754 0.031038
vt 0.030924 0.031053
vt 0.019139 0.030998
vt 0.208235 0.030364
vt 0.196545 0.030433
vt 0.184718 0.030416
vt 0.172888 0.030414
vt 0.161057 0.030413
vt 0.149227 0.030413
vt 0.137397 0.030412
vt 0.125566 0.030412
vt 0.113736 0.030411
vt 0.101906 0.030411
vt 0.066415 0.030410
vt 0.054584 0.030409
vt 0.042754 0.030410
vt 0.030928 0.030425
vt 0.019235 0.030365
vt 0.208195 0.029729
vt 0.196541 0.029799
vt 0.184718 0.029781
vt 0.172888 0.029779
vt 0.161058 0.029778
vt 0.149227 0.029778
vt 0.137397 0.029777
vt 0.125567 0.029777
vt 0.113736 0.029777
vt 0.101906 0.029776
vt 0.090076 0.029776
vt 0.078245 0.029775
vt 0.066415 0.029775
vt 0.054585 0.029774
vt 0.042755 0.029776
vt 0.030932 0.029790
vt 0.019274 0.029729
vt 0.722185 0.027858
vt 0.722225 0.028028
vt 0.734151 0.026912
vt 0.734145 0.026526
vt 0.722245 0.028203
vt 0.734163 0.027305
vt 0.722242 0.028378
vt 0.734182 0.027697
vt 0.722220 0.028552
vt 0.734206 0.028081
vt 0.722188 0.028722
vt 0.734234 0.028459
vt 0.722156 0.028893
vt 0.734257 0.028841
vt 0.722132 0.029064
vt 0.734269 0.029233
vt 0.722124 0.029237
vt 0.734268 0.029635
vt 0.722132 0.029409
vt 0.734255 0.030037
vt 0.722153 0.029581
vt 0.734230 0.030431
vt 0.722178 0.029753
vt 0.734196 0.030816
vt 0.722195 0.029926
vt 0.734158 0.031201
vt 0.746721 0.026593
vt 0.746814 0.026944
vt 0.761054 0.027035
vt 0.760944 0.026680
vt 0.746940 0.027302
vt 0.761216 0.027385
vt 0.747054 0.027684
vt 0.761389 0.027731
vt 0.747138 0.028080
vt 0.761566 0.028066
vt 0.747179 0.028467
vt 0.761686 0.028409
vt 0.747154 0.028834
vt 0.761688 0.028768
vt 0.747062 0.029180
vt 0.761574 0.029130
vt 0.746942 0.029526
vt 0.761402 0.029492
vt 0.746837 0.029893
vt 0.761216 0.029852
vt 0.746762 0.030277
vt 0.761031 0.030199
vt 0.746727 0.030656
vt 0.760911 0.030550
vt 0.746754 0.031020
vt 0.760912 0.030908
vt 0.775715 0.026623
vt 0.775818 0.026989
vt 0.804656 0.026907
vt 0.804494 0.026545
vt 0.775997 0.027340
vt 0.804862 0.027245
vt 0.776198 0.027687
vt 0.805056 0.027591
vt 0.776392 0.028035
vt 0.805189 0.027965
vt 0.776524 0.028395
vt 0.805224 0.028362
vt 0.776541 0.028767
vt 0.805150 0.028752
vt 0.776440 0.029130
vt 0.804987 0.029116
vt 0.776270 0.029475
vt 0.804780 0.029457
vt 0.776080 0.029815
vt 0.804584 0.029804
vt 0.775893 0.030158
vt 0.804450 0.030181
vt 0.775763 0.030516
vt 0.804415 0.030578
vt 0.775747 0.030889
vt 0.804489 0.030969
vt 0.833034 0.026897
vt 0.832889 0.026526
vt 0.833232 0.027243
vt 0.833430 0.027589
vt 0.833574 0.027959
vt 0.833627 0.028354
vt 0.833575 0.028749
vt 0.833430 0.029119
vt 0.833232 0.029465
vt 0.833034 0.029810
vt 0.832890 0.030180
vt 0.832837 0.030575
vt 0.832890 0.030969
vt 0.556699 0.071663
vt 0.556679 0.071836
vt 0.568888 0.070776
vt 0.568870 0.070385
vt 0.556674 0.072011
vt 0.568904 0.071175
vt 0.556688 0.072185
vt 0.568917 0.071572
vt 0.556720 0.072356
vt 0.568927 0.071962
vt 0.556764 0.072526
vt 0.568934 0.072343
vt 0.556808 0.072695
vt 0.568936 0.072720
vt 0.556841 0.072869
vt 0.568933 0.073100
vt 0.556854 0.073045
vt 0.568927 0.073488
vt 0.556842 0.073222
vt 0.568917 0.073877
vt 0.556807 0.073395
vt 0.568903 0.074262
vt 0.556755 0.073562
vt 0.568884 0.074642
vt 0.556695 0.073727
vt 0.568862 0.075020
vt 0.581261 0.070476
vt 0.581324 0.070869
vt 0.595704 0.071018
vt 0.595519 0.070683
vt 0.581423 0.071246
vt 0.595882 0.071373
vt 0.581546 0.071603
vt 0.596045 0.071733
vt 0.581654 0.071957
vt 0.596153 0.072088
vt 0.581701 0.072333
vt 0.596146 0.072435
vt 0.581683 0.072731
vt 0.596020 0.072762
vt 0.581614 0.073137
vt 0.595844 0.073086
vt 0.581509 0.073528
vt 0.595679 0.073426
vt 0.581382 0.073895
vt 0.595528 0.073774
vt 0.581275 0.074256
vt 0.595425 0.074121
vt 0.581228 0.074630
vt 0.595433 0.074468
vt 0.581244 0.075020
vt 0.595560 0.074803
vt 0.610726 0.070644
vt 0.610921 0.070986
vt 0.639526 0.070884
vt 0.639393 0.070508
vt 0.611112 0.071329
vt 0.639722 0.071231
vt 0.611284 0.071676
vt 0.639931 0.071569
vt 0.611384 0.072040
vt 0.640097 0.071930
vt 0.611362 0.072411
vt 0.640175 0.072319
vt 0.611220 0.072769
vt 0.640144 0.072715
vt 0.611020 0.073118
vt 0.640014 0.073089
vt 0.610819 0.073470
vt 0.639821 0.073434
vt 0.610638 0.073825
vt 0.639615 0.073771
vt 0.610535 0.074193
vt 0.639451 0.074131
vt 0.610558 0.074566
vt 0.639376 0.074521
vt 0.610700 0.074921
vt 0.639409 0.074917
vt 0.668017 0.070802
vt 0.667871 0.070431
vt 0.668216 0.071147
vt 0.668415 0.071493
vt 0.668561 0.071864
vt 0.668615 0.072259
vt 0.668562 0.072655
vt 0.668418 0.073027
vt 0.668221 0.073375
vt 0.668023 0.073722
vt 0.667879 0.074094
vt 0.667826 0.074489
vt 0.667880 0.074884
vt 0.699088 0.069324
vt 0.699101 0.069499
vt 0.710890 0.068385
vt 0.710915 0.067994
vt 0.699101 0.069674
vt 0.710882 0.068779
vt 0.699090 0.069848
vt 0.710898 0.069169
vt 0.699075 0.070021
vt 0.710938 0.069553
vt 0.699063 0.070194
vt 0.710996 0.069933
vt 0.699058 0.070368
vt 0.711055 0.070319
vt 0.699063 0.070540
vt 0.711100 0.070715
vt 0.699075 0.070712
vt 0.711119 0.071116
vt 0.699091 0.070885
vt 0.711110 0.071516
vt 0.699104 0.071057
vt 0.711070 0.071907
vt 0.699107 0.071231
vt 0.711005 0.072293
vt 0.699097 0.071405
vt 0.710931 0.072679
vt 0.723605 0.068094
vt 0.723712 0.068436
vt 0.738197 0.068499
vt 0.738053 0.068151
vt 0.723838 0.068795
vt 0.738369 0.068845
vt 0.723943 0.069180
vt 0.738546 0.069189
vt 0.724019 0.069575
vt 0.738705 0.069531
vt 0.724047 0.069954
vt 0.738780 0.069886
vt 0.724004 0.070308
vt 0.738730 0.070247
vt 0.723899 0.070644
vt 0.738581 0.070603
vt 0.723781 0.070992
vt 0.738398 0.070962
vt 0.723686 0.071363
vt 0.738211 0.071320
vt 0.723620 0.071746
vt 0.738047 0.071674
vt 0.723597 0.072119
vt 0.737973 0.072035
vt 0.723642 0.072472
vt 0.738026 0.072394
vt 0.752488 0.068085
vt 0.752618 0.068448
vt 0.781754 0.068377
vt 0.781586 0.068019
vt 0.752813 0.068792
vt 0.781963 0.068713
vt 0.753020 0.069134
vt 0.782157 0.069058
vt 0.753202 0.069488
vt 0.782285 0.069434
vt 0.753303 0.069859
vt 0.782313 0.069829
vt 0.753285 0.070236
vt 0.782232 0.070218
vt 0.753157 0.070594
vt 0.782063 0.070578
vt 0.752972 0.070933
vt 0.781852 0.070916
vt 0.752774 0.071270
vt 0.781656 0.071264
vt 0.752597 0.071619
vt 0.781526 0.071640
vt 0.752497 0.071989
vt 0.781498 0.072037
vt 0.752517 0.072366
vt 0.781579 0.072425
vt 0.810089 0.068365
vt 0.809944 0.067994
vt 0.810286 0.068710
vt 0.810484 0.069055
vt 0.810629 0.069426
vt 0.810681 0.069820
vt 0.810629 0.070215
vt 0.810484 0.070585
vt 0.810287 0.070930
vt 0.810089 0.071274
vt 0.809945 0.071644
vt 0.809892 0.072038
vt 0.809945 0.072431
vt 0.555093 0.110421
vt 0.555063 0.110593
vt 0.567322 0.109554
vt 0.567300 0.109169
vt 0.555038 0.110765
vt 0.567325 0.109948
vt 0.555027 0.110939
vt 0.567313 0.110349
vt 0.555037 0.111113
vt 0.567290 0.110744
vt 0.555067 0.111285
vt 0.567263 0.111126
vt 0.555108 0.111455
vt 0.567241 0.111498
vt 0.555151 0.111625
vt 0.567232 0.111871
vt 0.555183 0.111799
vt 0.567237 0.112254
vt 0.555194 0.111975
vt 0.567250 0.112643
vt 0.555180 0.112152
vt 0.567266 0.113031
vt 0.555141 0.112323
vt 0.567281 0.113410
vt 0.555083 0.112489
vt 0.567283 0.113782
vt 0.579853 0.109300
vt 0.579917 0.109690
vt 0.594372 0.109818
vt 0.594198 0.109481
vt 0.580012 0.110070
vt 0.594555 0.110171
vt 0.580132 0.110427
vt 0.594727 0.110530
vt 0.580241 0.110773
vt 0.594862 0.110882
vt 0.580291 0.111133
vt 0.594896 0.111232
vt 0.580269 0.111519
vt 0.594804 0.111567
vt 0.580196 0.111921
vt 0.594636 0.111893
vt 0.580092 0.112316
vt 0.594466 0.112231
vt 0.579966 0.112687
vt 0.594306 0.112577
vt 0.579854 0.113041
vt 0.594178 0.112921
vt 0.579803 0.113403
vt 0.594144 0.113269
vt 0.579823 0.113782
vt 0.594238 0.113611
vt 0.609270 0.109460
vt 0.609462 0.109805
vt 0.638900 0.109742
vt 0.638770 0.109365
vt 0.609665 0.110142
vt 0.639100 0.110088
vt 0.609856 0.110480
vt 0.639316 0.110422
vt 0.609985 0.110838
vt 0.639491 0.110778
vt 0.609994 0.111213
vt 0.639578 0.111165
vt 0.609874 0.111581
vt 0.639553 0.111560
vt 0.609676 0.111931
vt 0.639424 0.111935
vt 0.609463 0.112276
vt 0.639229 0.112279
vt 0.609262 0.112622
vt 0.639015 0.112611
vt 0.609129 0.112984
vt 0.638840 0.112966
vt 0.609120 0.113360
vt 0.638755 0.113352
vt 0.609239 0.113725
vt 0.638782 0.113749
vt 0.667453 0.109677
vt 0.667308 0.109305
vt 0.667652 0.110023
vt 0.667852 0.110369
vt 0.667997 0.110740
vt 0.668051 0.111137
vt 0.667998 0.111533
vt 0.667853 0.111906
vt 0.667655 0.112253
vt 0.667456 0.112601
vt 0.667311 0.112973
vt 0.667258 0.113370
vt 0.667312 0.113765
vt 0.693511 0.105014
vt 0.693551 0.105185
vt 0.705611 0.104081
vt 0.705628 0.103699
vt 0.693565 0.105361
vt 0.705601 0.104474
vt 0.693553 0.105537
vt 0.705601 0.104867
vt 0.693520 0.105709
vt 0.705612 0.105247
vt 0.693478 0.105878
vt 0.705639 0.105617
vt 0.693439 0.106047
vt 0.705677 0.105990
vt 0.693415 0.106219
vt 0.705711 0.106378
vt 0.693412 0.106392
vt 0.705734 0.106780
vt 0.693431 0.106564
vt 0.705742 0.107185
vt 0.693463 0.106734
vt 0.705731 0.107577
vt 0.693499 0.106904
vt 0.705697 0.107957
vt 0.693523 0.107077
vt 0.705646 0.108333
vt 0.718380 0.103778
vt 0.718469 0.104114
vt 0.733180 0.104191
vt 0.733055 0.103846
vt 0.718593 0.104464
vt 0.733348 0.104535
vt 0.718702 0.104846
vt 0.733518 0.104883
vt 0.718786 0.105244
vt 0.733683 0.105225
vt 0.718833 0.105628
vt 0.733789 0.105571
vt 0.718817 0.105982
vt 0.733775 0.105926
vt 0.718729 0.106313
vt 0.733645 0.106276
vt 0.718612 0.106651
vt 0.733465 0.106632
vt 0.718513 0.107018
vt 0.733283 0.106995
vt 0.718441 0.107401
vt 0.733109 0.107351
vt 0.718400 0.107775
vt 0.733002 0.107706
vt 0.718419 0.108128
vt 0.733019 0.108061
vt 0.747455 0.103798
vt 0.747574 0.104155
vt 0.777667 0.104089
vt 0.777492 0.103733
vt 0.747770 0.104497
vt 0.777884 0.104420
vt 0.747976 0.104842
vt 0.778086 0.104762
vt 0.748165 0.105197
vt 0.778220 0.105137
vt 0.748287 0.105564
vt 0.778251 0.105534
vt 0.748291 0.105936
vt 0.778168 0.105924
vt 0.748173 0.106291
vt 0.777993 0.106281
vt 0.747987 0.106626
vt 0.777773 0.106615
vt 0.747793 0.106964
vt 0.777569 0.106959
vt 0.747612 0.107313
vt 0.777432 0.107337
vt 0.747491 0.107677
vt 0.777400 0.107735
vt 0.747488 0.108048
vt 0.777483 0.108125
vt 0.806179 0.104072
vt 0.806034 0.103699
vt 0.806378 0.104419
vt 0.806577 0.104767
vt 0.806722 0.105140
vt 0.806775 0.105536
vt 0.806722 0.105933
vt 0.806576 0.106305
vt 0.806377 0.106652
vt 0.806178 0.106998
vt 0.806033 0.107370
vt 0.805979 0.107765
vt 0.806033 0.108162
vt 0.848384 0.027792
vt 0.848392 0.027966
vt 0.860377 0.026930
vt 0.860303 0.026543
vt 0.848399 0.028141
vt 0.860428 0.027325
vt 0.848408 0.028315
vt 0.860449 0.027726
vt 0.848418 0.028489
vt 0.860437 0.028122
vt 0.848429 0.028664
vt 0.860395 0.028509
vt 0.848439 0.028839
vt 0.860336 0.028888
vt 0.848446 0.029015
vt 0.860278 0.029267
vt 0.848447 0.029191
vt 0.860236 0.029653
vt 0.848440 0.029367
vt 0.860217 0.030044
vt 0.848424 0.029543
vt 0.860224 0.030434
vt 0.848402 0.029718
vt 0.860252 0.030819
vt 0.848374 0.029891
vt 0.860291 0.031201
vt 0.873013 0.026679
vt 0.873071 0.027066
vt 0.887267 0.027207
vt 0.887095 0.026879
vt 0.873160 0.027451
vt 0.887449 0.027558
vt 0.873273 0.027816
vt 0.887614 0.027923
vt 0.873384 0.028166
vt 0.887748 0.028283
vt 0.873447 0.028524
vt 0.887790 0.028632
vt 0.873437 0.028903
vt 0.887707 0.028964
vt 0.873371 0.029301
vt 0.887539 0.029283
vt 0.873273 0.029700
vt 0.887369 0.029618
vt 0.873154 0.030079
vt 0.887218 0.029969
vt 0.873039 0.030438
vt 0.887091 0.030318
vt 0.872976 0.030798
vt 0.887049 0.030664
vt 0.872984 0.031173
vt 0.887133 0.030999
vt 0.902520 0.026856
vt 0.902711 0.027196
vt 0.931000 0.027140
vt 0.930881 0.026760
vt 0.902907 0.027537
vt 0.931186 0.027494
vt 0.903085 0.027884
vt 0.931391 0.027837
vt 0.903210 0.028245
vt 0.931562 0.028196
vt 0.903224 0.028618
vt 0.931651 0.028583
vt 0.903110 0.028980
vt 0.931634 0.028978
vt 0.902913 0.029325
vt 0.931517 0.029357
vt 0.902707 0.029673
vt 0.931334 0.029708
vt 0.902517 0.030029
vt 0.931131 0.030048
vt 0.902388 0.030396
vt 0.930962 0.030406
vt 0.902373 0.030772
vt 0.930874 0.030791
vt 0.902487 0.031134
vt 0.930891 0.031187
vt 0.959499 0.027115
vt 0.959354 0.026744
vt 0.959697 0.027461
vt 0.959895 0.027807
vt 0.960040 0.028178
vt 0.960093 0.028574
vt 0.960041 0.028970
vt 0.959896 0.029342
vt 0.959698 0.029690
vt 0.959500 0.030037
vt 0.959355 0.030410
vt 0.959302 0.030806
vt 0.959355 0.031201
vt 0.564787 0.028843
vt 0.564839 0.029011
vt 0.576785 0.027891
vt 0.576756 0.027506
vt 0.564878 0.029182
vt 0.576826 0.028280
vt 0.564898 0.029357
vt 0.576873 0.028671
vt 0.564897 0.029532
vt 0.576917 0.029058
vt 0.564877 0.029706
vt 0.576950 0.029441
vt 0.564845 0.029877
vt 0.576963 0.029825
vt 0.564810 0.030048
vt 0.576952 0.030216
vt 0.564782 0.030219
vt 0.576921 0.030613
vt 0.564766 0.030392
vt 0.576879 0.031014
vt 0.564766 0.030565
vt 0.576833 0.031410
vt 0.564778 0.030739
vt 0.576792 0.031801
vt 0.564796 0.030912
vt 0.576764 0.032191
vt 0.589296 0.027580
vt 0.589408 0.027927
vt 0.603933 0.028014
vt 0.603823 0.027667
vt 0.589547 0.028281
vt 0.604093 0.028361
vt 0.589665 0.028661
vt 0.604258 0.028711
vt 0.589746 0.029059
vt 0.604424 0.029052
vt 0.589776 0.029451
vt 0.604542 0.029393
vt 0.589733 0.029819
vt 0.604546 0.029745
vt 0.589623 0.030163
vt 0.604432 0.030099
vt 0.589490 0.030507
vt 0.604262 0.030457
vt 0.589381 0.030873
vt 0.604085 0.030822
vt 0.589309 0.031258
vt 0.603910 0.031176
vt 0.589285 0.031640
vt 0.603791 0.031526
vt 0.589329 0.032004
vt 0.603790 0.031878
vt 0.618282 0.027579
vt 0.618374 0.027944
vt 0.646700 0.027872
vt 0.646540 0.027509
vt 0.618539 0.028302
vt 0.646901 0.028214
vt 0.618724 0.028658
vt 0.647089 0.028563
vt 0.618905 0.029013
vt 0.647216 0.028940
vt 0.619033 0.029372
vt 0.647246 0.029337
vt 0.619055 0.029741
vt 0.647169 0.029727
vt 0.618966 0.030102
vt 0.647008 0.030093
vt 0.618809 0.030453
vt 0.646806 0.030437
vt 0.618635 0.030802
vt 0.646615 0.030788
vt 0.618462 0.031151
vt 0.646487 0.031167
vt 0.618335 0.031508
vt 0.646457 0.031565
vt 0.618314 0.031877
vt 0.646533 0.031955
vt 0.675063 0.027878
vt 0.674918 0.027506
vt 0.675261 0.028224
vt 0.675459 0.028569
vt 0.675603 0.028940
vt 0.675656 0.029336
vt 0.675603 0.029730
vt 0.675459 0.030101
vt 0.675261 0.030446
vt 0.675063 0.030792
vt 0.674918 0.031162
vt 0.674865 0.031557
vt 0.674919 0.031951
vt 0.811103 0.098415
vt 0.811107 0.098591
vt 0.823293 0.097556
vt 0.823243 0.097160
vt 0.811126 0.098766
vt 0.823338 0.097955
vt 0.811157 0.098939
vt 0.823371 0.098352
vt 0.811195 0.099111
vt 0.823385 0.098742
vt 0.811232 0.099284
vt 0.823378 0.099124
vt 0.811258 0.099459
vt 0.823352 0.099506
vt 0.811267 0.099637
vt 0.823318 0.099891
vt 0.811257 0.099815
vt 0.823283 0.100280
vt 0.811228 0.099991
vt 0.823253 0.100669
vt 0.811187 0.100163
vt 0.823233 0.101055
vt 0.811140 0.100334
vt 0.823226 0.101438
vt 0.811097 0.100505
vt 0.823230 0.101824
vt 0.835775 0.097294
vt 0.835841 0.097689
vt 0.850716 0.097878
vt 0.850523 0.097548
vt 0.835947 0.098066
vt 0.850898 0.098234
vt 0.836082 0.098418
vt 0.851068 0.098591
vt 0.836201 0.098766
vt 0.851182 0.098939
vt 0.836255 0.099140
vt 0.851171 0.099278
vt 0.836234 0.099539
vt 0.851034 0.099595
vt 0.836160 0.099948
vt 0.850850 0.099912
vt 0.836046 0.100340
vt 0.850684 0.100252
vt 0.835905 0.100702
vt 0.850527 0.100595
vt 0.835784 0.101055
vt 0.850418 0.100934
vt 0.835730 0.101426
vt 0.850428 0.101272
vt 0.835748 0.101816
vt 0.850568 0.101597
vt 0.866151 0.097498
vt 0.866328 0.097840
vt 0.894458 0.097756
vt 0.894354 0.097371
vt 0.866494 0.098198
vt 0.894635 0.098116
vt 0.866651 0.098554
vt 0.894838 0.098462
vt 0.866763 0.098907
vt 0.895018 0.098819
vt 0.866764 0.099262
vt 0.895125 0.099200
vt 0.866639 0.099606
vt 0.895127 0.099596
vt 0.866455 0.099954
vt 0.895026 0.099978
vt 0.866276 0.100322
vt 0.894853 0.100335
vt 0.866106 0.100688
vt 0.894655 0.100678
vt 0.865991 0.101048
vt 0.894478 0.101032
vt 0.865990 0.101405
vt 0.894372 0.101412
vt 0.866113 0.101747
vt 0.894371 0.101808
vt 0.923082 0.097714
vt 0.922936 0.097341
vt 0.923280 0.098062
vt 0.923480 0.098409
vt 0.923626 0.098783
vt 0.923679 0.099181
vt 0.923626 0.099579
vt 0.923481 0.099954
vt 0.923282 0.100303
vt 0.923084 0.100653
vt 0.922938 0.101027
vt 0.922885 0.101426
vt 0.922938 0.101824
vt 0.839141 0.066353
vt 0.839171 0.066527
vt 0.850946 0.065435
vt 0.850960 0.065045
vt 0.839186 0.066703
vt 0.850962 0.065833
vt 0.839187 0.066880
vt 0.851008 0.066223
vt 0.839177 0.067055
vt 0.851080 0.066599
vt 0.839160 0.067229
vt 0.851162 0.066968
vt 0.839142 0.067402
vt 0.851229 0.067349
vt 0.839130 0.067575
vt 0.851261 0.067748
vt 0.839127 0.067749
vt 0.851255 0.068156
vt 0.839131 0.067923
vt 0.851213 0.068560
vt 0.839141 0.068097
vt 0.851140 0.068945
vt 0.839149 0.068271
vt 0.851050 0.069321
vt 0.839151 0.068446
vt 0.850971 0.069702
vt 0.864221 0.065226
vt 0.864362 0.065543
vt 0.880134 0.065587
vt 0.879961 0.065263
vt 0.864502 0.065898
vt 0.880308 0.065930
vt 0.864613 0.066290
vt 0.880477 0.066279
vt 0.864693 0.066677
vt 0.880631 0.066616
vt 0.864715 0.067034
vt 0.880687 0.066954
vt 0.864645 0.067355
vt 0.880602 0.067290
vt 0.864509 0.067663
vt 0.880420 0.067624
vt 0.864379 0.068005
vt 0.880230 0.067982
vt 0.864283 0.068380
vt 0.880046 0.068347
vt 0.864212 0.068754
vt 0.879885 0.068696
vt 0.864195 0.069104
vt 0.879829 0.069039
vt 0.864267 0.069426
vt 0.879917 0.069371
vt 0.894760 0.065118
vt 0.894879 0.065489
vt 0.922938 0.065410
vt 0.922774 0.065045
vt 0.895053 0.065850
vt 0.923134 0.065758
vt 0.895243 0.066204
vt 0.923312 0.066116
vt 0.895422 0.066554
vt 0.923425 0.066499
vt 0.895524 0.066918
vt 0.923439 0.066899
vt 0.895509 0.067289
vt 0.923350 0.067291
vt 0.895395 0.067653
vt 0.923184 0.067658
vt 0.895230 0.068006
vt 0.922985 0.068009
vt 0.895048 0.068352
vt 0.922804 0.068370
vt 0.894874 0.068697
vt 0.922689 0.068755
vt 0.894772 0.069059
vt 0.922675 0.069155
vt 0.894787 0.069434
vt 0.922762 0.069545
vt 0.951439 0.065440
vt 0.951293 0.065065
vt 0.951637 0.065788
vt 0.951836 0.066137
vt 0.951981 0.066511
vt 0.952034 0.066909
vt 0.951981 0.067306
vt 0.951835 0.067679
vt 0.951636 0.068026
vt 0.951437 0.068374
vt 0.951291 0.068747
vt 0.951238 0.069144
vt 0.951292 0.069542
vt 0.722185 0.027858
vt 0.734144 0.026525
vt 0.734151 0.026912
vt 0.722225 0.028028
vt 0.734163 0.027305
vt 0.722245 0.028202
vt 0.734182 0.027697
vt 0.722242 0.028377
vt 0.734206 0.028080
vt 0.722220 0.028551
vt 0.722188 0.028722
vt 0.722156 0.028892
vt 0.734269 0.029233
vt 0.722132 0.029063
vt 0.734268 0.029635
vt 0.722124 0.029236
vt 0.734255 0.030037
vt 0.722132 0.029408
vt 0.734230 0.030430
vt 0.722153 0.029580
vt 0.734195 0.030815
vt 0.722177 0.029752
vt 0.734158 0.031201
vt 0.722195 0.029925
vt 0.746721 0.026594
vt 0.760944 0.026683
vt 0.761054 0.027037
vt 0.746814 0.026945
vt 0.761216 0.027388
vt 0.746940 0.027303
vt 0.761389 0.027734
vt 0.747054 0.027684
vt 0.761567 0.028068
vt 0.747138 0.028080
vt 0.761686 0.028412
vt 0.747179 0.028468
vt 0.761687 0.028771
vt 0.747154 0.028834
vt 0.761573 0.029132
vt 0.747061 0.029180
vt 0.761401 0.029495
vt 0.746941 0.029527
vt 0.761216 0.029854
vt 0.746837 0.029894
vt 0.761030 0.030202
vt 0.746762 0.030277
vt 0.760911 0.030552
vt 0.746726 0.030657
vt 0.760911 0.030910
vt 0.746753 0.031021
vt 0.775716 0.026627
vt 0.804494 0.026556
vt 0.804656 0.026918
vt 0.775818 0.026993
vt 0.804862 0.027256
vt 0.775997 0.027344
vt 0.805057 0.027601
vt 0.776198 0.027691
vt 0.805189 0.027976
vt 0.776391 0.028040
vt 0.805224 0.028372
vt 0.776524 0.028400
vt 0.805150 0.028763
vt 0.776541 0.028772
vt 0.804987 0.029127
vt 0.776440 0.029134
vt 0.804780 0.029468
vt 0.776270 0.029479
vt 0.804583 0.029815
vt 0.776080 0.029820
vt 0.804450 0.030192
vt 0.775893 0.030163
vt 0.804415 0.030589
vt 0.775762 0.030520
vt 0.804488 0.030980
vt 0.775747 0.030893
vt 0.832890 0.026543
vt 0.833034 0.026914
vt 0.833232 0.027260
vt 0.833430 0.027606
vt 0.833575 0.027977
vt 0.833627 0.028371
vt 0.833575 0.028766
vt 0.833430 0.029137
vt 0.833232 0.029482
vt 0.833034 0.029827
vt 0.832889 0.030198
vt 0.832836 0.030592
vt 0.832890 0.030986
vt 0.556700 0.071608
vt 0.568872 0.070356
vt 0.568889 0.070748
vt 0.556680 0.071782
vt 0.568905 0.071146
vt 0.556675 0.071956
vt 0.568918 0.071544
vt 0.556688 0.072130
vt 0.568927 0.071934
vt 0.556720 0.072302
vt 0.568933 0.072315
vt 0.556763 0.072471
vt 0.568934 0.072691
vt 0.556807 0.072641
vt 0.568931 0.073072
vt 0.556839 0.072814
vt 0.568924 0.073459
vt 0.556851 0.072991
vt 0.568913 0.073849
vt 0.556839 0.073167
vt 0.568898 0.074234
vt 0.556803 0.073340
vt 0.568879 0.074613
vt 0.556751 0.073508
vt 0.568855 0.074991
vt 0.556691 0.073672
vt 0.581263 0.070470
vt 0.595520 0.070704
vt 0.595705 0.071040
vt 0.581325 0.070863
vt 0.595883 0.071396
vt 0.581423 0.071241
vt 0.596045 0.071756
vt 0.581546 0.071597
vt 0.596152 0.072111
vt 0.581653 0.071952
vt 0.596144 0.072457
vt 0.581700 0.072328
vt 0.596018 0.072785
vt 0.581680 0.072726
vt 0.595841 0.073108
vt 0.581611 0.073131
vt 0.595675 0.073448
vt 0.581506 0.073523
vt 0.595524 0.073795
vt 0.581378 0.073890
vt 0.595421 0.074142
vt 0.581270 0.074250
vt 0.595427 0.074489
vt 0.581222 0.074624
vt 0.595554 0.074824
vt 0.581237 0.075014
vt 0.610728 0.070695
vt 0.639395 0.070616
vt 0.639527 0.070993
vt 0.610922 0.071038
vt 0.639724 0.071340
vt 0.611112 0.071381
vt 0.639932 0.071679
vt 0.611284 0.071730
vt 0.640097 0.072040
vt 0.611383 0.072093
vt 0.640174 0.072429
vt 0.611361 0.072464
vt 0.640142 0.072824
vt 0.611218 0.072822
vt 0.640012 0.073199
vt 0.611017 0.073170
vt 0.639818 0.073543
vt 0.610815 0.073521
vt 0.639611 0.073880
vt 0.610633 0.073876
vt 0.639447 0.074240
vt 0.610530 0.074244
vt 0.639370 0.074628
vt 0.610552 0.074617
vt 0.639402 0.075025
vt 0.610693 0.074972
vt 0.667874 0.070595
vt 0.668019 0.070966
vt 0.668217 0.071312
vt 0.668416 0.071658
vt 0.668561 0.072030
vt 0.668614 0.072425
vt 0.668561 0.072821
vt 0.668416 0.073193
vt 0.668218 0.073539
vt 0.668020 0.073886
vt 0.667875 0.074258
vt 0.667821 0.074653
vt 0.667874 0.075048
vt 0.699089 0.069320
vt 0.710915 0.067994
vt 0.710890 0.068386
vt 0.699101 0.069495
vt 0.710883 0.068780
vt 0.699100 0.069670
vt 0.710898 0.069170
vt 0.699090 0.069844
vt 0.710938 0.069554
vt 0.699076 0.070018
vt 0.710996 0.069934
vt 0.699063 0.070191
vt 0.711056 0.070320
vt 0.699058 0.070364
vt 0.711099 0.070716
vt 0.699063 0.070536
vt 0.711119 0.071117
vt 0.699075 0.070709
vt 0.711109 0.071516
vt 0.699091 0.070881
vt 0.711069 0.071908
vt 0.699103 0.071053
vt 0.711004 0.072294
vt 0.699106 0.071227
vt 0.710930 0.072680
vt 0.699096 0.071401
vt 0.723606 0.068099
vt 0.738054 0.068162
vt 0.738197 0.068511
vt 0.723713 0.068441
vt 0.738370 0.068857
vt 0.723839 0.068800
vt 0.738546 0.069201
vt 0.723944 0.069186
vt 0.738705 0.069543
vt 0.724019 0.069580
vt 0.738780 0.069898
vt 0.724046 0.069959
vt 0.738730 0.070260
vt 0.724004 0.070313
vt 0.738580 0.070615
vt 0.723899 0.070649
vt 0.738397 0.070974
vt 0.723780 0.070997
vt 0.738210 0.071332
vt 0.723685 0.071368
vt 0.738046 0.071686
vt 0.723619 0.071751
vt 0.737972 0.072046
vt 0.723596 0.072123
vt 0.738024 0.072406
vt 0.723640 0.072476
vt 0.752488 0.068105
vt 0.781587 0.068056
vt 0.781755 0.068414
vt 0.752620 0.068467
vt 0.781963 0.068750
vt 0.752814 0.068811
vt 0.782157 0.069096
vt 0.753020 0.069154
vt 0.782286 0.069471
vt 0.753202 0.069507
vt 0.782313 0.069867
vt 0.753303 0.069879
vt 0.782232 0.070255
vt 0.753284 0.070256
vt 0.782062 0.070615
vt 0.753157 0.070614
vt 0.781852 0.070953
vt 0.752971 0.070952
vt 0.781655 0.071300
vt 0.752774 0.071289
vt 0.781525 0.071678
vt 0.752596 0.071638
vt 0.781496 0.072073
vt 0.752496 0.072007
vt 0.781577 0.072462
vt 0.752516 0.072386
vt 0.809946 0.068048
vt 0.810089 0.068419
vt 0.810287 0.068765
vt 0.810484 0.069110
vt 0.810629 0.069481
vt 0.810682 0.069875
vt 0.810629 0.070269
vt 0.810484 0.070639
vt 0.810285 0.070984
vt 0.810088 0.071329
vt 0.809943 0.071698
vt 0.809891 0.072092
vt 0.809943 0.072485
vt 0.555093 0.110422
vt 0.567299 0.109169
vt 0.567321 0.109554
vt 0.555063 0.110594
vt 0.567323 0.109948
vt 0.555038 0.110766
vt 0.567312 0.110348
vt 0.555027 0.110940
vt 0.567290 0.110743
vt 0.555037 0.111114
vt 0.567263 0.111125
vt 0.555066 0.111286
vt 0.567240 0.111497
vt 0.555108 0.111456
vt 0.567232 0.111870
vt 0.555151 0.111626
vt 0.567237 0.112253
vt 0.555183 0.111799
vt 0.567250 0.112643
vt 0.555194 0.111976
vt 0.567266 0.113031
vt 0.555179 0.112152
vt 0.567280 0.113410
vt 0.555140 0.112324
vt 0.567282 0.113782
vt 0.555083 0.112489
vt 0.579850 0.109289
vt 0.594197 0.109467
vt 0.594371 0.109803
vt 0.579915 0.109679
vt 0.594554 0.110156
vt 0.580011 0.110060
vt 0.594726 0.110515
vt 0.580130 0.110418
vt 0.594861 0.110868
vt 0.580240 0.110763
vt 0.594895 0.111217
vt 0.580290 0.111124
vt 0.594803 0.111553
vt 0.580268 0.111509
vt 0.594636 0.111878
vt 0.580196 0.111911
vt 0.594465 0.112217
vt 0.580092 0.112307
vt 0.594306 0.112562
vt 0.579967 0.112677
vt 0.594177 0.112906
vt 0.579855 0.113030
vt 0.594144 0.113254
vt 0.579804 0.113392
vt 0.594237 0.113597
vt 0.579824 0.113771
vt 0.609269 0.109443
vt 0.638769 0.109344
vt 0.638900 0.109721
vt 0.609461 0.109787
vt 0.639099 0.110067
vt 0.609664 0.110125
vt 0.639315 0.110401
vt 0.609855 0.110464
vt 0.639491 0.110757
vt 0.609984 0.110821
vt 0.639578 0.111143
vt 0.609993 0.111196
vt 0.639553 0.111539
vt 0.609874 0.111563
vt 0.639425 0.111914
vt 0.609675 0.111913
vt 0.639229 0.112257
vt 0.609462 0.112259
vt 0.639015 0.112590
vt 0.609261 0.112605
vt 0.638840 0.112944
vt 0.609128 0.112967
vt 0.638755 0.113331
vt 0.609119 0.113344
vt 0.638781 0.113728
vt 0.609239 0.113708
vt 0.667307 0.109279
vt 0.667453 0.109651
vt 0.667652 0.109996
vt 0.667851 0.110343
vt 0.667997 0.110714
vt 0.668051 0.111111
vt 0.667998 0.111507
vt 0.667853 0.111880
vt 0.667655 0.112227
vt 0.667456 0.112575
vt 0.667311 0.112947
vt 0.667258 0.113344
vt 0.667312 0.113739
vt 0.693511 0.105014
vt 0.705611 0.104081
vt 0.693551 0.105184
vt 0.693565 0.105360
vt 0.693553 0.105536
vt 0.705611 0.105247
vt 0.693520 0.105708
vt 0.705639 0.105617
vt 0.693477 0.105877
vt 0.705677 0.105990
vt 0.693439 0.106046
vt 0.705711 0.106378
vt 0.693414 0.106217
vt 0.705733 0.106780
vt 0.693412 0.106391
vt 0.705741 0.107185
vt 0.693430 0.106563
vt 0.705731 0.107577
vt 0.693463 0.106733
vt 0.705697 0.107957
vt 0.693499 0.106903
vt 0.705646 0.108333
vt 0.693523 0.107076
vt 0.718380 0.103779
vt 0.733054 0.103849
vt 0.733180 0.104194
vt 0.718469 0.104115
vt 0.733348 0.104539
vt 0.718593 0.104465
vt 0.733518 0.104886
vt 0.718703 0.104848
vt 0.733683 0.105228
vt 0.718786 0.105246
vt 0.733788 0.105575
vt 0.718832 0.105629
vt 0.733774 0.105929
vt 0.718817 0.105984
vt 0.733645 0.106280
vt 0.718729 0.106315
vt 0.733465 0.106635
vt 0.718612 0.106652
vt 0.733282 0.106999
vt 0.718513 0.107019
vt 0.733108 0.107354
vt 0.718440 0.107403
vt 0.733001 0.107710
vt 0.718399 0.107777
vt 0.733018 0.108065
vt 0.718418 0.108129
vt 0.747455 0.103805
vt 0.777492 0.103750
vt 0.777667 0.104107
vt 0.747575 0.104163
vt 0.777884 0.104438
vt 0.747771 0.104504
vt 0.778086 0.104780
vt 0.747976 0.104849
vt 0.778220 0.105154
vt 0.748165 0.105205
vt 0.778251 0.105552
vt 0.748287 0.105572
vt 0.778168 0.105941
vt 0.748290 0.105943
vt 0.777992 0.106299
vt 0.748173 0.106298
vt 0.777773 0.106632
vt 0.747987 0.106633
vt 0.777568 0.106977
vt 0.747792 0.106971
vt 0.777431 0.107354
vt 0.747611 0.107321
vt 0.777400 0.107753
vt 0.747490 0.107684
vt 0.777482 0.108142
vt 0.747488 0.108055
vt 0.806034 0.103726
vt 0.806180 0.104099
vt 0.806378 0.104446
vt 0.806577 0.104794
vt 0.806722 0.105167
vt 0.806775 0.105563
vt 0.806722 0.105960
vt 0.806576 0.106332
vt 0.806377 0.106679
vt 0.806177 0.107025
vt 0.806031 0.107397
vt 0.805978 0.107793
vt 0.806031 0.108189
vt 0.848384 0.027798
vt 0.860302 0.026544
vt 0.860376 0.026930
vt 0.848392 0.027973
vt 0.860427 0.027325
vt 0.848399 0.028147
vt 0.860449 0.027725
vt 0.848408 0.028321
vt 0.860437 0.028121
vt 0.848418 0.028496
vt 0.860396 0.028509
vt 0.848429 0.028670
vt 0.860337 0.028888
vt 0.848440 0.028844
vt 0.860278 0.029267
vt 0.848446 0.029021
vt 0.860237 0.029653
vt 0.848447 0.029197
vt 0.860218 0.030044
vt 0.848440 0.029373
vt 0.860225 0.030433
vt 0.848425 0.029550
vt 0.860253 0.030819
vt 0.848403 0.029724
vt 0.860292 0.031201
vt 0.848375 0.029898
vt 0.873012 0.026673
vt 0.887094 0.026868
vt 0.887266 0.027196
vt 0.873070 0.027060
vt 0.887449 0.027546
vt 0.873160 0.027445
vt 0.887614 0.027912
vt 0.873272 0.027809
vt 0.887748 0.028271
vt 0.873384 0.028160
vt 0.887790 0.028621
vt 0.873447 0.028518
vt 0.887707 0.028953
vt 0.873436 0.028897
vt 0.887540 0.029272
vt 0.873371 0.029295
vt 0.887370 0.029607
vt 0.873274 0.029694
vt 0.887219 0.029958
vt 0.873154 0.030073
vt 0.887092 0.030307
vt 0.873040 0.030432
vt 0.887050 0.030653
vt 0.872977 0.030792
vt 0.887134 0.030988
vt 0.872985 0.031167
vt 0.902519 0.026836
vt 0.930880 0.026725
vt 0.930998 0.027106
vt 0.902710 0.027176
vt 0.931185 0.027458
vt 0.902906 0.027517
vt 0.931391 0.027801
vt 0.903085 0.027864
vt 0.931562 0.028161
vt 0.903209 0.028225
vt 0.931651 0.028548
vt 0.903224 0.028598
vt 0.931634 0.028943
vt 0.903110 0.028960
vt 0.931517 0.029322
vt 0.902914 0.029305
vt 0.931334 0.029672
vt 0.902707 0.029653
vt 0.931132 0.030013
vt 0.902517 0.030008
vt 0.930963 0.030371
vt 0.902387 0.030377
vt 0.930875 0.030756
vt 0.902374 0.030752
vt 0.930892 0.031152
vt 0.902487 0.031114
vt 0.959352 0.026690
vt 0.959498 0.027062
vt 0.959696 0.027408
vt 0.959895 0.027752
vt 0.960040 0.028124
vt 0.960093 0.028521
vt 0.960041 0.028916
vt 0.959896 0.029288
vt 0.959698 0.029636
vt 0.959501 0.029984
vt 0.959356 0.030356
vt 0.959303 0.030752
vt 0.959356 0.031148
vt 0.564787 0.028858
vt 0.576756 0.027518
vt 0.576785 0.027903
vt 0.564839 0.029025
vt 0.576826 0.028292
vt 0.564877 0.029197
vt 0.576872 0.028683
vt 0.564897 0.029371
vt 0.576917 0.029070
vt 0.564896 0.029547
vt 0.576950 0.029452
vt 0.564877 0.029721
vt 0.576963 0.029837
vt 0.564845 0.029892
vt 0.576952 0.030227
vt 0.564810 0.030062
vt 0.576921 0.030625
vt 0.564781 0.030233
vt 0.576879 0.031026
vt 0.564766 0.030406
vt 0.576833 0.031422
vt 0.564766 0.030580
vt 0.576792 0.031813
vt 0.564778 0.030753
vt 0.576764 0.032202
vt 0.564796 0.030927
vt 0.589295 0.027589
vt 0.603823 0.027673
vt 0.603933 0.028020
vt 0.589406 0.027936
vt 0.604092 0.028367
vt 0.589546 0.028290
vt 0.604257 0.028717
vt 0.589665 0.028670
vt 0.604424 0.029057
vt 0.589746 0.029068
vt 0.604542 0.029399
vt 0.589776 0.029460
vt 0.604545 0.029751
vt 0.589733 0.029828
vt 0.604432 0.030104
vt 0.589622 0.030172
vt 0.604262 0.030463
vt 0.589489 0.030516
vt 0.604084 0.030828
vt 0.589381 0.030882
vt 0.603910 0.031182
vt 0.589309 0.031267
vt 0.603791 0.031531
vt 0.589285 0.031649
vt 0.603790 0.031883
vt 0.589329 0.032014
vt 0.618282 0.027581
vt 0.646539 0.027505
vt 0.646699 0.027868
vt 0.618373 0.027947
vt 0.646900 0.028209
vt 0.618538 0.028304
vt 0.647089 0.028558
vt 0.618723 0.028660
vt 0.647215 0.028935
vt 0.618904 0.029015
vt 0.647245 0.029332
vt 0.619034 0.029374
vt 0.647169 0.029723
vt 0.619055 0.029742
vt 0.647008 0.030088
vt 0.618966 0.030104
vt 0.646806 0.030432
vt 0.618809 0.030455
vt 0.646615 0.030784
vt 0.618635 0.030803
vt 0.646487 0.031163
vt 0.618462 0.031152
vt 0.646458 0.031560
vt 0.618335 0.031510
vt 0.646533 0.031950
vt 0.618313 0.031878
vt 0.674917 0.027494
vt 0.675063 0.027866
vt 0.675260 0.028212
vt 0.675457 0.028558
vt 0.675603 0.028929
vt 0.675656 0.029324
vt 0.675603 0.029719
vt 0.675458 0.030089
vt 0.675260 0.030435
vt 0.675063 0.030780
vt 0.674918 0.031151
vt 0.674865 0.031545
vt 0.674919 0.031940
vt 0.811106 0.098344
vt 0.823245 0.097106
vt 0.823295 0.097502
vt 0.811111 0.098519
vt 0.823339 0.097902
vt 0.811129 0.098694
vt 0.823372 0.098298
vt 0.811160 0.098867
vt 0.823387 0.098688
vt 0.811197 0.099039
vt 0.823380 0.099070
vt 0.811233 0.099212
vt 0.823354 0.099452
vt 0.811259 0.099388
vt 0.823319 0.099837
vt 0.811268 0.099565
vt 0.823283 0.100226
vt 0.811257 0.099743
vt 0.823253 0.100615
vt 0.811228 0.099919
vt 0.823233 0.101001
vt 0.811186 0.100092
vt 0.823225 0.101383
vt 0.811139 0.100262
vt 0.823227 0.101770
vt 0.811095 0.100433
vt 0.835777 0.097251
vt 0.850525 0.097520
vt 0.850718 0.097851
vt 0.835842 0.097646
vt 0.850899 0.098207
vt 0.835948 0.098024
vt 0.851069 0.098563
vt 0.836083 0.098375
vt 0.851183 0.098912
vt 0.836202 0.098723
vt 0.851172 0.099250
vt 0.836255 0.099097
vt 0.851035 0.099567
vt 0.836235 0.099497
vt 0.850851 0.099883
vt 0.836160 0.099905
vt 0.850684 0.100224
vt 0.836045 0.100297
vt 0.850527 0.100566
vt 0.835904 0.100659
vt 0.850417 0.100906
vt 0.835783 0.101012
vt 0.850426 0.101244
vt 0.835728 0.101383
vt 0.850565 0.101568
vt 0.835745 0.101773
vt 0.866153 0.097488
vt 0.894358 0.097392
vt 0.894461 0.097777
vt 0.866330 0.097830
vt 0.894638 0.098138
vt 0.866496 0.098188
vt 0.894840 0.098485
vt 0.866653 0.098544
vt 0.895019 0.098841
vt 0.866764 0.098898
vt 0.895126 0.099223
vt 0.866764 0.099252
vt 0.895128 0.099618
vt 0.866639 0.099596
vt 0.895027 0.100000
vt 0.866455 0.099945
vt 0.894853 0.100358
vt 0.866276 0.100312
vt 0.894655 0.100699
vt 0.866105 0.100678
vt 0.894477 0.101054
vt 0.865989 0.101038
vt 0.894371 0.101434
vt 0.865988 0.101394
vt 0.894370 0.101830
vt 0.866111 0.101736
vt 0.922940 0.097394
vt 0.923085 0.097767
vt 0.923283 0.098115
vt 0.923482 0.098463
vt 0.923628 0.098836
vt 0.923681 0.099235
vt 0.923628 0.099633
vt 0.923482 0.100008
vt 0.923282 0.100357
vt 0.923084 0.100706
vt 0.922938 0.101081
vt 0.922884 0.101480
vt 0.922936 0.101877
vt 0.839140 0.066354
vt 0.850958 0.065045
vt 0.850944 0.065436
vt 0.839170 0.066527
vt 0.850960 0.065832
vt 0.839185 0.066704
vt 0.851007 0.066222
vt 0.839186 0.066880
vt 0.851078 0.066598
vt 0.839176 0.067056
vt 0.851161 0.066967
vt 0.839159 0.067230
vt 0.851228 0.067348
vt 0.839142 0.067403
vt 0.851260 0.067747
vt 0.839130 0.067576
vt 0.851254 0.068157
vt 0.839126 0.067750
vt 0.851213 0.068560
vt 0.839131 0.067923
vt 0.851139 0.068946
vt 0.839140 0.068097
vt 0.851050 0.069321
vt 0.839148 0.068271
vt 0.850970 0.069702
vt 0.839150 0.068447
vt 0.864218 0.065221
vt 0.879960 0.065266
vt 0.880133 0.065591
vt 0.864360 0.065538
vt 0.880307 0.065935
vt 0.864501 0.065894
vt 0.880476 0.066284
vt 0.864612 0.066285
vt 0.880629 0.066621
vt 0.864692 0.066673
vt 0.880686 0.066959
vt 0.864714 0.067030
vt 0.880600 0.067294
vt 0.864643 0.067350
vt 0.880418 0.067628
vt 0.864507 0.067659
vt 0.880229 0.067986
vt 0.864378 0.067999
vt 0.880044 0.068351
vt 0.864282 0.068374
vt 0.879883 0.068700
vt 0.864211 0.068748
vt 0.879826 0.069043
vt 0.864193 0.069099
vt 0.879914 0.069375
vt 0.864265 0.069420
vt 0.894763 0.065131
vt 0.922775 0.065076
vt 0.922938 0.065440
vt 0.894880 0.065501
vt 0.923135 0.065789
vt 0.895054 0.065863
vt 0.923312 0.066147
vt 0.895243 0.066217
vt 0.923424 0.066531
vt 0.895421 0.066568
vt 0.923438 0.066931
vt 0.895524 0.066931
vt 0.923350 0.067322
vt 0.895508 0.067303
vt 0.923183 0.067689
vt 0.895393 0.067667
vt 0.922984 0.068041
vt 0.895228 0.068019
vt 0.922803 0.068401
vt 0.895047 0.068366
vt 0.922688 0.068786
vt 0.894872 0.068711
vt 0.922674 0.069186
vt 0.894770 0.069072
vt 0.922761 0.069577
vt 0.894786 0.069447
vt 0.951293 0.065109
vt 0.951439 0.065484
vt 0.951638 0.065832
vt 0.951836 0.066181
vt 0.951981 0.066555
vt 0.952034 0.066952
vt 0.951980 0.067350
vt 0.951834 0.067723
vt 0.951635 0.068070
vt 0.951436 0.068418
vt 0.951290 0.068791
vt 0.951237 0.069188
vt 0.951290 0.069586
vt 0.532210 0.059861
vt 0.533275 0.973585
vt 0.474188 0.965277
vt 0.473122 0.051553
vt 0.473124 0.051553
vt 0.474188 0.965277
vt 0.533275 0.973585
vt 0.532211 0.059861
vt 0.426355 0.931396
vt 0.424355 0.017676
vt 0.433613 0.074217
vt 0.435614 0.987937
vt 0.424356 0.017676
vt 0.426354 0.931396
vt 0.435613 0.987937
vt 0.433614 0.074217
vt 0.439942 0.995751
vt 0.437943 0.082030
vt 0.447903 0.998096
vt 0.445905 0.084376
vt 0.466981 0.960668
vt 0.465917 0.046943
vt 0.464885 0.951703
vt 0.463819 0.037979
vt 0.464884 0.951703
vt 0.466982 0.960667
vt 0.465917 0.046943
vt 0.463820 0.037979
vt 0.447904 0.998096
vt 0.439943 0.995750
vt 0.437942 0.082030
vt 0.445904 0.084376
vt 0.532211 0.059861
vt 0.473123 0.051553
vt 0.474187 0.965277
vt 0.533275 0.973585
vt 0.473124 0.051553
vt 0.532211 0.059861
vt 0.426353 0.931396
vt 0.435613 0.987938
vt 0.433616 0.074217
vt 0.424357 0.017676
vt 0.424357 0.017676
vt 0.433616 0.074217
vt 0.435612 0.987937
vt 0.426353 0.931396
vt 0.437944 0.082030
vt 0.439940 0.995750
vt 0.445906 0.084376
vt 0.447902 0.998096
vt 0.465918 0.046943
vt 0.466981 0.960667
vt 0.463820 0.037979
vt 0.464883 0.951703
vt 0.463820 0.037979
vt 0.465918 0.046943
vt 0.466981 0.960668
vt 0.447903 0.998096
vt 0.445905 0.084375
vt 0.437944 0.082030
vt 0.439942 0.995750
vt 0.594314 0.395910
vt 0.675640 0.395910
vt 0.675640 0.322716
vt 0.594314 0.322716
vt 0.594314 0.395910
vt 0.675640 0.395910
vt 0.675640 0.322716
vt 0.594314 0.322716
vt 0.675640 0.395910
vt 0.675640 0.322715
vt 0.594314 0.322716
vt 0.675640 0.322716
vt 0.594314 0.322715
vt 0.594314 0.395910
vt 0.675640 0.395910
vt 0.594314 0.399022
vt 0.675640 0.399022
vt 0.675640 0.399022
vt 0.594314 0.399022
vt 0.675640 0.319604
vt 0.594314 0.319604
vt 0.675640 0.399022
vt 0.594314 0.399022
vt 0.675640 0.319604
vt 0.594314 0.319604
vt 0.594314 0.399022
vt 0.675640 0.319604
vt 0.594314 0.319604
vt 0.594314 0.319604
vt 0.675640 0.319604
vt 0.693235 0.492997
vt 0.774561 0.492997
vt 0.774561 0.419802
vt 0.693235 0.419802
vt 0.693235 0.492997
vt 0.774561 0.492997
vt 0.774561 0.419802
vt 0.693235 0.419802
vt 0.693235 0.492997
vt 0.774561 0.492997
vt 0.774561 0.419802
vt 0.693235 0.419802
vt 0.774561 0.419802
vt 0.693235 0.419802
vt 0.774561 0.492997
vt 0.693235 0.496109
vt 0.774561 0.496109
vt 0.774561 0.496109
vt 0.693235 0.496109
vt 0.774561 0.416690
vt 0.693235 0.416690
vt 0.774561 0.416690
vt 0.693235 0.416690
vt 0.774561 0.496109
vt 0.693235 0.496109
vt 0.774561 0.416690
vt 0.693235 0.416690
vt 0.693235 0.416690
vt 0.701404 0.650026
vt 0.627873 0.650015
vt 0.772644 0.397713
vt 0.772709 0.394406
vt 0.699323 0.394093
vt 0.699360 0.397404
vt 0.773014 0.322444
vt 0.772978 0.319134
vt 0.699694 0.318824
vt 0.699629 0.322132
vt 0.669657 0.593303
vt 0.596124 0.593284
vt 0.623740 0.654216
vt 0.623733 0.727552
vt 0.772707 0.397597
vt 0.772765 0.394288
vt 0.699573 0.394286
vt 0.699629 0.397598
vt 0.772765 0.322251
vt 0.772708 0.318939
vt 0.699630 0.318941
vt 0.699573 0.322250
vt 0.591999 0.589082
vt 0.592002 0.515754
vt 0.627858 0.731758
vt 0.701406 0.731758
vt 0.772644 0.397713
vt 0.772709 0.394406
vt 0.699323 0.394093
vt 0.699360 0.397404
vt 0.773014 0.322444
vt 0.772978 0.319134
vt 0.699694 0.318824
vt 0.699629 0.322132
vt 0.596137 0.511551
vt 0.669682 0.511562
vt 0.699573 0.394286
vt 0.699629 0.397598
vt 0.772707 0.397597
vt 0.772764 0.394288
vt 0.705530 0.654227
vt 0.705540 0.727553
vt 0.673792 0.589103
vt 0.673807 0.515768
vt 0.699630 0.318940
vt 0.699573 0.322250
vt 0.772765 0.322251
vt 0.772708 0.318939
vt 0.775729 0.394450
vt 0.776032 0.322424
vt 0.696478 0.394316
vt 0.696476 0.322219
vt 0.775861 0.394317
vt 0.775859 0.322221
vt 0.696305 0.394113
vt 0.696609 0.322087
vt 0.775729 0.394450
vt 0.776032 0.322425
vt 0.696478 0.394317
vt 0.696476 0.322220
vt 0.775861 0.394318
vt 0.775859 0.322221
vt 0.696305 0.394113
vt 0.696609 0.322087
vt 0.775427 0.397791
vt 0.704191 0.651369
vt 0.672447 0.591963
vt 0.775761 0.319081
vt 0.775560 0.397658
vt 0.625084 0.651355
vt 0.593338 0.591940
vt 0.775559 0.318879
vt 0.775427 0.397791
vt 0.625071 0.730412
vt 0.593347 0.512893
vt 0.775761 0.319081
vt 0.775559 0.397658
vt 0.704196 0.730415
vt 0.672469 0.512908
vt 0.775560 0.318880
vt 0.696778 0.397658
vt 0.696778 0.318879
vt 0.696577 0.397457
vt 0.696910 0.318747
vt 0.696778 0.397658
vt 0.696778 0.318879
vt 0.696577 0.397456
vt 0.696910 0.318746
vt 0.505686 0.707727
vt 0.506861 0.695823
vt 0.487647 0.669618
vt 0.478841 0.687310
vt 0.183528 0.956196
vt 0.183312 0.993174
vt 0.253605 0.993164
vt 0.253443 0.956062
vt 0.024461 0.548435
vt 0.112728 0.544137
vt 0.111891 0.527181
vt 0.023630 0.531610
vt 0.347132 0.815910
vt 0.347405 0.798987
vt 0.255839 0.993149
vt 0.254485 0.956445
vt 0.258070 0.993121
vt 0.256698 0.956869
vt 0.260300 0.993071
vt 0.259096 0.956829
vt 0.010825 0.992270
vt 0.013055 0.992270
vt 0.010550 0.955986
vt 0.165896 0.992294
vt 0.168129 0.992246
vt 0.167666 0.955668
vt 0.161039 0.824944
vt 0.160648 0.788354
vt 0.013484 0.992731
vt 0.011254 0.992739
vt 0.010856 0.956455
vt 0.176616 0.993079
vt 0.178846 0.993132
vt 0.180239 0.956995
vt 0.177834 0.956961
vt 0.181078 0.993160
vt 0.182474 0.956567
vt 0.347785 0.986607
vt 0.344767 0.950503
vt 0.349422 0.984717
vt 0.346649 0.948714
vt 0.167692 0.955134
vt 0.136174 0.938444
vt 0.018011 0.666944
vt 0.092008 0.666103
vt 0.279841 0.894039
vt 0.277758 0.920146
vt 0.277803 0.892650
vt 0.275506 0.919180
vt 0.276167 0.890749
vt 0.273530 0.917725
vt 0.085578 0.910013
vt 0.083062 0.910175
vt 0.108746 0.923867
vt 0.159601 0.653180
vt 0.159710 0.650944
vt 0.097622 0.645123
vt 0.097737 0.648636
vt 0.159557 0.648719
vt 0.097293 0.642718
vt 0.159706 0.646452
vt 0.096490 0.639987
vt 0.192264 0.609460
vt 0.192243 0.611755
vt 0.127275 0.612084
vt 0.128535 0.609460
vt 0.013642 0.911383
vt 0.011369 0.911336
vt 0.020840 0.836056
vt 0.023085 0.836134
vt 0.009135 0.910938
vt 0.018646 0.835616
vt 0.179580 0.911489
vt 0.181849 0.911669
vt 0.206517 0.839723
vt 0.204278 0.839577
vt 0.184113 0.911717
vt 0.208755 0.839749
vt 0.090626 0.838007
vt 0.089594 0.841491
vt 0.134708 0.916603
vt 0.088371 0.844645
vt 0.133653 0.918728
vt 0.086814 0.847236
vt 0.132599 0.920854
vt 0.346184 0.796945
vt 0.345857 0.817865
vt 0.144060 0.885088
vt 0.143088 0.887251
vt 0.145051 0.882925
vt 0.370123 0.888135
vt 0.367898 0.888173
vt 0.368314 0.919351
vt 0.370541 0.919315
vt 0.365672 0.888200
vt 0.366086 0.919407
vt 0.103488 0.789013
vt 0.101668 0.790303
vt 0.083028 0.765722
vt 0.084668 0.764197
vt 0.116153 0.552831
vt 0.114907 0.550674
vt 0.025379 0.554238
vt 0.024857 0.556788
vt 0.113842 0.548506
vt 0.025795 0.552018
vt 0.113084 0.546330
vt 0.025609 0.550032
vt 0.112029 0.524964
vt 0.024612 0.529812
vt 0.112567 0.522725
vt 0.024616 0.527876
vt 0.113413 0.520462
vt 0.023991 0.525715
vt 0.114440 0.518193
vt 0.023201 0.523266
vt 0.017485 0.588362
vt 0.016299 0.590603
vt 0.117925 0.590867
vt 0.117916 0.588625
vt 0.029615 0.465899
vt 0.028545 0.468118
vt 0.131229 0.470072
vt 0.131281 0.467831
vt 0.027759 0.470342
vt 0.131174 0.472316
vt 0.027542 0.472572
vt 0.131118 0.474559
vt 0.027164 0.491423
vt 0.027308 0.493662
vt 0.130705 0.495672
vt 0.130732 0.493429
vt 0.028013 0.495912
vt 0.130676 0.497916
vt 0.028995 0.498135
vt 0.130644 0.500159
vt 0.016300 0.590568
vt 0.017484 0.588364
vt 0.117917 0.588625
vt 0.117925 0.590866
vt 0.387599 0.778499
vt 0.387673 0.776266
vt 0.369512 0.776807
vt 0.369672 0.779038
vt 0.241011 0.748104
vt 0.238792 0.748057
vt 0.238537 0.766991
vt 0.240766 0.767021
vt 0.236583 0.748052
vt 0.236323 0.766921
vt 0.234367 0.748038
vt 0.234112 0.766861
vt 0.162207 0.904763
vt 0.140527 0.897911
vt 0.394188 0.778024
vt 0.391970 0.778195
vt 0.391830 0.800492
vt 0.394116 0.800618
vt 0.389772 0.778364
vt 0.389613 0.800935
vt 0.387298 0.801133
vt 0.367493 0.778961
vt 0.368343 0.801067
vt 0.370661 0.801191
vt 0.365306 0.778861
vt 0.366114 0.800686
vt 0.363083 0.778760
vt 0.363833 0.800879
vt 0.172273 0.870487
vt 0.150486 0.864112
vt 0.389939 0.919048
vt 0.389528 0.887820
vt 0.166369 0.992198
vt 0.252844 0.911988
vt 0.083973 0.911384
vt 0.013455 0.910955
vt 0.042383 0.835825
vt 0.023082 0.835765
vt 0.078821 0.736584
vt 0.141745 0.793409
vt 0.169256 0.747716
vt 0.088690 0.719567
vt 0.042381 0.836161
vt 0.228276 0.839577
vt 0.084155 0.843620
vt 0.117867 0.572063
vt 0.026209 0.572063
vt 0.026207 0.572065
vt 0.117866 0.572063
vt 0.211852 0.747605
vt 0.211466 0.766475
vt 0.165221 0.894285
vt 0.149316 0.889664
vt 0.108679 0.611751
vt 0.044778 0.610831
vt 0.157873 0.672776
vt 0.096272 0.665655
vt 0.091843 0.646692
vt 0.017673 0.647426
vt 0.371453 0.996652
vt 0.390945 0.996459
vt 0.024020 0.719499
vt 0.268781 0.771328
vt 0.346074 0.767679
vt 0.345157 0.748260
vt 0.267864 0.751909
vt 0.015622 0.752165
vt 0.085643 0.844948
vt 0.086198 0.910827
vt 0.108953 0.923994
vt 0.341649 0.891290
vt 0.339936 0.892840
vt 0.342262 0.919147
vt 0.344229 0.917673
vt 0.337939 0.893994
vt 0.340013 0.920124
vt 0.135917 0.938414
vt 0.267524 0.984941
vt 0.269179 0.986687
vt 0.273129 0.950092
vt 0.271266 0.948264
vt 0.239405 0.824944
vt 0.241634 0.824939
vt 0.241509 0.787982
vt 0.239035 0.788078
vt 0.243863 0.824929
vt 0.243983 0.787909
vt 0.168600 0.992137
vt 0.255109 0.911948
vt 0.257379 0.911776
vt 0.259649 0.911744
vt 0.011182 0.910904
vt 0.230527 0.839556
vt 0.232775 0.839416
vt 0.008950 0.910500
vt 0.020837 0.835679
vt 0.018640 0.835232
vt 0.140137 0.795226
vt 0.077584 0.738449
vt 0.138228 0.796752
vt 0.076140 0.740151
vt 0.044678 0.835770
vt 0.088037 0.909582
vt 0.046906 0.835327
vt 0.157542 0.674989
vt 0.095285 0.668214
vt 0.156956 0.677143
vt 0.095035 0.670800
vt 0.108665 0.609458
vt 0.045601 0.609016
vt 0.156671 0.679394
vt 0.094167 0.672832
vt 0.170120 0.745592
vt 0.089736 0.717588
vt 0.170748 0.743390
vt 0.090540 0.715507
vt 0.088376 0.910099
vt 0.044677 0.836103
vt 0.046904 0.835655
vt 0.177311 0.911455
vt 0.392166 0.919026
vt 0.393177 0.996264
vt 0.394394 0.919024
vt 0.395404 0.995779
vt 0.074191 0.798961
vt 0.016465 0.749955
vt 0.396627 0.919192
vt 0.397626 0.995071
vt 0.391755 0.887799
vt 0.393981 0.887767
vt 0.075841 0.797447
vt 0.092726 0.823394
vt 0.094562 0.822126
vt 0.024841 0.717282
vt 0.363858 0.919630
vt 0.364740 0.995435
vt 0.366978 0.996085
vt 0.369217 0.996514
vt 0.211908 0.745361
vt 0.234476 0.745879
vt 0.211963 0.743118
vt 0.234638 0.743714
vt 0.154643 0.928401
vt 0.156782 0.929071
vt 0.163622 0.907520
vt 0.212015 0.740877
vt 0.234799 0.741530
vt 0.167374 0.894909
vt 0.173749 0.873213
vt 0.211409 0.770962
vt 0.211378 0.773205
vt 0.234303 0.773371
vt 0.234224 0.771187
vt 0.211439 0.768718
vt 0.234141 0.769023
vt 0.141737 0.895970
vt 0.151666 0.862148
vt 0.143918 0.888295
vt 0.144883 0.886405
vt 0.146275 0.884613
vt 0.480089 0.815742
vt 0.481065 0.817426
vt 0.482784 0.815868
vt 0.481717 0.814605
vt 0.484014 0.814243
vt 0.482279 0.812905
vt 0.484751 0.812236
vt 0.482596 0.811087
vt 0.480785 0.809982
vt 0.480547 0.811767
vt 0.479057 0.809635
vt 0.478792 0.811844
vt 0.479154 0.813816
vt 0.480648 0.813329
vt 0.135877 0.918361
vt 0.134435 0.920060
vt 0.133447 0.921975
vt 0.494040 0.836971
vt 0.494969 0.838888
vt 0.496777 0.838526
vt 0.495301 0.836978
vt 0.497913 0.837204
vt 0.496672 0.835972
vt 0.498672 0.835325
vt 0.497384 0.834127
vt 0.499629 0.833214
vt 0.497928 0.832120
vt 0.496076 0.831615
vt 0.495983 0.833176
vt 0.493862 0.831421
vt 0.494074 0.833252
vt 0.494434 0.835240
vt 0.495892 0.834755
vt 0.236435 0.746122
vt 0.238685 0.746334
vt 0.240912 0.746068
vt 0.389653 0.776388
vt 0.391869 0.776521
vt 0.394043 0.776031
vt 0.164036 0.905546
vt 0.236847 0.741754
vt 0.236379 0.743916
vt 0.238247 0.744476
vt 0.389903 0.774197
vt 0.391603 0.774749
vt 0.482176 0.860231
vt 0.484327 0.860783
vt 0.484837 0.858661
vt 0.483027 0.858661
vt 0.174120 0.871231
vt 0.363159 0.776766
vt 0.365345 0.777188
vt 0.367547 0.776984
vt 0.240592 0.769053
vt 0.238370 0.768710
vt 0.236109 0.768845
vt 0.235973 0.771048
vt 0.236359 0.773224
vt 0.482190 0.860258
vt 0.484305 0.860801
vt 0.484823 0.858643
vt 0.483037 0.858659
vt 0.367222 0.774800
vt 0.365545 0.775411
vt 0.237863 0.770554
vt 0.507531 0.814674
vt 0.506363 0.819748
vt 0.093479 0.810733
vt 0.091341 0.808757
vt 0.138841 0.923434
s 1
usemtl MaterialAro1
f 1/1/1 2/2/2 3/3/3
f 4/4/4 5/5/5 6/6/6
s 0
f 7/7/7 8/8/7 9/9/7
f 10/10/8 11/11/8 12/12/8
s 1
f 4/4/4 13/13/9 14/14/10
f 4/4/4 14/14/10 5/5/5
f 15/15/11 16/16/12 17/17/13
f 15/15/11 17/17/13 18/18/14
f 19/19/3 20/20/15 21/21/16
f 19/19/3 21/21/16 22/22/17
f 23/23/18 24/24/19 25/25/20
f 23/23/18 25/25/20 26/26/21
s 0
f 27/27/8 28/28/8 29/29/8
s 1
f 30/30/2 24/24/19 23/23/18
f 31/31/6 32/32/12 33/33/22
s 0
f 34/34/7 35/35/7 36/36/7
f 37/37/8 38/38/8 39/39/8
f 38/38/8 40/40/8 39/39/8
f 41/41/8 42/42/8 43/43/8
f 44/44/8 42/42/8 41/41/8
f 45/45/7 46/46/7 47/47/7
f 48/48/7 49/49/7 50/50/7
f 51/51/7 52/52/7 53/53/7
f 54/54/7 55/55/7 56/56/7
f 57/57/8 58/58/8 59/59/8
f 60/60/7 61/61/7 62/62/7
f 63/63/8 64/64/8 65/65/8
f 66/66/7 67/67/7 68/68/7
f 69/69/8 70/70/8 71/71/8
f 72/72/7 73/73/7 74/74/7
f 75/75/8 70/70/8 76/76/8
f 77/77/8 64/64/8 63/63/8
f 76/76/8 70/70/8 78/78/8
f 79/79/8 64/64/8 77/77/8
f 78/78/8 70/70/8 69/69/8
f 79/79/8 80/80/8 64/64/8
f 81/81/7 82/82/7 73/73/7
f 83/83/7 67/67/7 66/66/7
f 81/81/7 73/73/7 84/84/7
f 85/85/7 67/67/7 83/83/7
f 84/84/7 73/73/7 72/72/7
f 86/86/7 67/67/7 85/85/7
f 87/87/7 88/88/7 89/89/7
f 90/90/7 62/62/7 61/61/7
f 91/91/7 87/87/7 89/89/7
f 92/92/7 61/61/7 60/60/7
f 90/90/7 61/61/7 92/92/7
f 93/93/7 87/87/7 91/91/7
f 93/93/7 88/88/7 87/87/7
f 94/94/8 95/95/8 96/96/8
f 97/97/8 59/59/8 58/58/8
f 98/98/8 94/94/8 96/96/8
f 99/99/8 58/58/8 57/57/8
f 97/97/8 58/58/8 99/99/8
f 100/100/8 94/94/8 98/98/8
f 100/100/8 95/95/8 94/94/8
f 101/101/2 102/102/2 103/103/2
f 104/104/6 105/105/6 106/106/6
f 107/107/23 108/108/23 109/109/23
f 110/110/24 107/107/24 109/109/24
f 111/111/24 110/110/24 109/109/24
f 112/112/25 111/111/26 109/109/25
f 113/113/27 112/112/25 109/109/25
f 114/114/23 113/113/23 109/109/23
f 115/115/24 114/114/28 109/109/24
f 116/116/24 115/115/24 109/109/24
f 117/117/24 116/116/24 109/109/24
f 118/118/24 117/117/24 109/109/24
f 119/119/29 118/118/25 109/109/25
f 108/108/23 119/119/23 109/109/23
f 120/120/30 121/121/30 122/122/30
f 121/121/31 123/123/31 122/122/31
f 123/123/31 124/124/31 122/122/31
f 124/124/32 125/125/32 122/122/32
f 125/125/33 126/126/33 122/122/33
f 126/126/31 127/127/31 122/122/31
f 127/127/32 128/128/32 122/122/32
f 128/128/31 129/129/31 122/122/31
f 129/129/31 130/130/31 122/122/31
f 130/130/30 131/131/30 122/122/30
f 131/131/34 132/132/34 122/122/34
f 132/132/31 120/120/31 122/122/31
f 133/133/35 134/132/35 135/122/36
f 136/130/24 133/133/24 135/122/24
f 137/134/28 136/130/26 135/122/37
f 138/128/38 137/134/39 135/122/25
f 139/135/24 138/128/24 135/122/24
f 140/114/24 139/135/24 135/122/24
f 141/136/37 140/114/37 135/122/37
f 142/137/24 141/136/24 135/122/24
f 143/138/24 142/137/24 135/122/24
f 144/139/24 143/138/24 135/122/24
f 145/120/29 144/139/29 135/122/25
f 134/132/24 145/120/24 135/122/24
f 146/140/32 147/141/32 148/142/32
f 147/141/31 149/138/31 148/142/31
f 149/138/31 150/124/31 148/142/31
f 150/124/31 151/136/31 148/142/31
f 151/136/31 152/143/31 148/142/31
f 152/143/34 153/135/34 148/142/34
f 153/135/30 154/144/30 148/142/30
f 154/144/31 155/134/31 148/142/31
f 155/134/31 156/130/31 148/142/31
f 156/130/31 157/145/31 148/142/31
f 157/145/31 158/146/31 148/142/31
f 158/146/33 146/140/33 148/142/33
f 159/147/24 160/132/24 161/148/24
f 162/149/25 159/147/25 161/148/25
f 163/150/25 162/149/25 161/148/25
f 164/151/24 163/150/24 161/148/24
f 165/113/24 164/151/24 161/148/24
f 166/152/24 165/113/24 161/148/24
f 167/153/24 166/152/24 161/148/24
f 168/154/25 167/153/25 161/148/25
f 169/155/24 168/154/24 161/148/24
f 170/121/25 169/155/25 161/148/25
f 171/140/25 170/121/25 161/148/25
f 160/132/24 171/140/24 161/148/24
f 172/156/31 173/157/31 174/122/31
f 173/157/31 175/123/31 174/122/31
f 175/123/31 176/158/31 174/122/31
f 176/158/31 177/159/31 174/122/31
f 177/159/40 178/152/41 174/122/31
f 178/152/32 179/160/32 174/122/32
f 179/160/31 180/161/31 174/122/31
f 180/161/31 181/129/31 174/122/31
f 181/129/31 182/162/31 174/122/31
f 182/162/31 183/147/31 174/122/31
f 183/147/41 184/163/40 174/122/31
f 184/163/30 172/156/30 174/122/30
f 185/145/24 186/163/24 187/148/24
f 188/149/25 185/145/25 187/148/25
f 189/164/24 188/149/24 187/148/24
f 190/128/24 189/164/24 187/148/24
f 191/165/24 190/128/24 187/148/24
f 192/114/24 191/165/24 187/148/24
f 193/166/24 192/114/24 187/148/24
f 194/167/24 193/166/24 187/148/24
f 195/168/24 194/167/24 187/148/24
f 196/139/38 195/168/42 187/148/25
f 197/140/24 196/139/24 187/148/24
f 186/163/24 197/140/24 187/148/24
f 198/140/31 199/121/31 200/169/31
f 199/121/33 201/155/33 200/169/33
f 201/155/31 202/158/31 200/169/31
f 202/158/31 203/166/31 200/169/31
f 203/166/31 204/170/31 200/169/31
f 204/170/30 205/171/30 200/169/30
f 205/171/31 206/172/31 200/169/31
f 206/172/34 207/173/34 200/169/34
f 207/173/31 208/130/31 200/169/31
f 208/130/31 209/145/31 200/169/31
f 209/145/31 210/132/31 200/169/31
f 210/132/32 198/140/32 200/169/32
f 211/131/37 212/132/43 213/142/43
f 214/174/37 211/131/37 213/142/43
f 215/134/24 214/174/24 213/142/24
f 216/175/23 215/134/23 213/142/23
f 217/176/24 216/175/24 213/142/24
f 218/177/24 217/176/24 213/142/24
f 219/136/24 218/177/28 213/142/24
f 220/178/29 219/136/25 213/142/43
f 221/179/24 220/178/24 213/142/24
f 222/180/24 221/179/24 213/142/24
f 223/120/43 222/180/25 213/142/43
f 212/132/24 223/120/24 213/142/24
f 224/181/31 225/121/31 226/148/31
f 225/121/34 227/168/34 226/148/34
f 227/168/30 228/124/30 226/148/30
f 228/124/31 229/182/31 226/148/31
f 229/182/31 230/114/31 226/148/31
f 230/114/31 231/183/31 226/148/31
f 231/183/31 232/175/31 226/148/31
f 232/175/33 233/134/33 226/148/33
f 233/134/32 234/162/32 226/148/32
f 234/162/31 235/184/31 226/148/31
f 235/184/31 236/132/31 226/148/31
f 236/132/40 224/181/40 226/148/31
f 237/185/24 238/132/24 239/122/24
f 240/162/24 237/185/24 239/122/24
f 241/186/23 240/162/23 239/122/23
f 242/128/44 241/186/28 239/122/45
f 243/113/24 242/128/24 239/122/24
f 244/187/27 243/113/46 239/122/25
f 245/125/24 244/187/24 239/122/24
f 246/124/24 245/125/24 239/122/24
f 247/188/24 246/124/24 239/122/24
f 248/141/25 247/188/25 239/122/25
f 249/120/37 248/141/47 239/122/37
f 238/132/25 249/120/25 239/122/25
f 250/181/31 251/121/40 252/122/31
f 251/121/34 253/168/34 252/122/34
f 253/168/31 254/167/31 252/122/31
f 254/167/30 255/189/30 252/122/30
f 255/189/31 256/170/31 252/122/31
f 256/170/31 257/165/31 252/122/31
f 257/165/31 258/144/41 252/122/31
f 258/144/33 259/190/33 252/122/33
f 259/190/31 260/130/31 252/122/31
f 260/130/32 261/131/32 252/122/32
f 261/131/31 262/132/31 252/122/31
f 262/132/31 250/181/31 252/122/31
f 263/184/24 264/163/24 265/122/24
f 266/130/24 263/184/24 265/122/24
f 267/191/24 266/130/24 265/122/24
f 268/144/25 267/191/25 265/122/25
f 269/192/24 268/144/24 265/122/24
f 270/170/46 269/192/25 265/122/25
f 271/136/46 270/170/46 265/122/25
f 272/193/25 271/136/46 265/122/25
f 273/168/24 272/193/24 265/122/24
f 274/121/24 273/168/24 265/122/24
f 275/156/24 274/121/24 265/122/24
f 264/163/24 275/156/24 265/122/24
f 276/140/31 277/121/31 278/169/31
f 277/121/30 279/138/30 278/169/30
f 279/138/33 280/193/33 278/169/33
f 280/193/31 281/194/31 278/169/31
f 281/194/31 282/195/31 278/169/31
f 282/195/31 283/196/31 278/169/31
f 283/196/31 284/128/31 278/169/31
f 284/128/32 285/197/32 278/169/32
f 285/197/34 286/130/34 278/169/34
f 286/130/31 287/185/31 278/169/31
f 287/185/31 288/146/31 278/169/31
f 288/146/31 276/140/31 278/169/31
f 289/145/37 290/198/47 291/109/37
f 292/199/24 289/145/24 291/109/24
s 1
f 293/197/48 292/199/24 291/109/37
f 294/200/24 293/197/48 291/109/37
f 295/201/49 294/200/24 291/109/37
f 296/114/50 295/201/49 291/109/37
s 0
f 297/115/26 296/114/43 291/109/37
f 298/193/24 297/115/24 291/109/24
f 299/155/24 298/193/24 291/109/24
f 300/121/24 299/155/24 291/109/24
f 301/156/24 300/121/24 291/109/24
f 290/198/51 301/156/51 291/109/51
f 302/156/31 303/121/31 304/169/31
f 303/121/31 305/155/31 304/169/31
f 305/155/32 306/124/32 304/169/32
f 306/124/34 307/115/34 304/169/34
f 307/115/52 308/114/32 304/169/32
f 308/114/31 309/113/31 304/169/31
f 309/113/31 310/175/31 304/169/31
f 310/175/31 311/202/31 304/169/31
f 311/202/30 312/199/30 304/169/30
f 312/199/33 313/133/53 304/169/33
f 313/133/54 314/198/30 304/169/30
f 314/198/31 302/156/31 304/169/31
f 315/133/43 316/146/25 317/169/25
f 318/162/24 315/133/24 317/169/24
f 319/129/37 318/162/43 317/169/37
f 320/203/37 319/129/37 317/169/37
f 321/135/24 320/203/24 317/169/24
f 322/204/24 321/135/24 317/169/24
f 323/205/26 322/204/29 317/169/25
f 324/206/42 323/205/42 317/169/25
f 325/138/24 324/206/24 317/169/24
f 326/121/24 325/138/24 317/169/24
f 327/207/23 326/121/23 317/169/23
f 316/146/24 327/207/24 317/169/24
f 328/140/55 329/121/54 330/169/30
f 329/121/31 331/123/31 330/169/31
f 331/123/30 332/158/30 330/169/30
f 332/158/31 333/136/31 330/169/31
f 333/136/31 334/152/31 330/169/31
f 334/152/32 335/196/32 330/169/32
f 335/196/41 336/128/41 330/169/31
f 336/128/56 337/202/31 330/169/31
f 337/202/32 338/199/32 330/169/32
f 338/199/31 339/147/31 330/169/31
f 339/147/31 340/198/31 330/169/31
f 340/198/30 328/140/30 330/169/30
f 341/121/23 342/122/23 343/120/23
f 344/168/24 342/122/24 341/121/24
f 345/158/24 342/122/24 344/168/24
f 346/136/25 342/122/25 345/158/29
f 347/208/46 342/122/25 346/136/25
f 348/183/23 342/122/23 347/208/23
f 349/175/28 342/122/24 348/183/24
f 350/134/24 342/122/24 349/175/28
f 351/130/24 342/122/24 350/134/24
f 352/131/24 342/122/24 351/130/24
f 353/132/26 342/122/25 352/131/25
f 343/120/23 342/122/23 353/132/23
f 354/146/30 355/122/30 356/145/30
f 356/145/31 355/122/31 357/209/31
f 357/209/31 355/122/31 358/134/31
f 358/134/32 355/122/32 359/210/32
f 359/210/33 355/122/33 360/211/33
f 360/211/31 355/122/31 361/187/31
f 361/187/32 355/122/32 362/189/32
f 362/189/31 355/122/31 363/124/31
f 363/124/31 355/122/31 364/123/31
f 364/123/30 355/122/30 365/139/30
f 365/139/34 355/122/34 366/212/34
f 366/212/31 355/122/31 354/146/31
f 367/157/57 368/169/36 369/140/58
f 370/213/24 368/169/24 367/157/24
f 371/214/29 368/169/37 370/213/26
f 372/215/29 368/169/25 371/214/29
f 373/204/24 368/169/24 372/215/24
f 374/135/24 368/169/24 373/204/24
f 375/216/37 368/169/37 374/135/37
f 376/197/24 368/169/24 375/216/24
f 377/130/24 368/169/24 376/197/24
f 378/107/24 368/169/24 377/130/24
f 379/146/38 368/169/25 378/107/38
f 369/140/24 368/169/24 379/146/24
f 380/198/32 381/217/32 382/147/32
f 382/147/31 381/217/31 383/130/31
f 383/130/31 381/217/31 384/129/31
f 384/129/31 381/217/31 385/161/31
f 385/161/31 381/217/31 386/165/31
f 386/165/34 381/217/34 387/218/34
f 387/218/30 381/217/30 388/125/30
f 388/125/31 381/217/31 389/154/31
f 389/154/31 381/217/31 390/168/31
f 390/168/31 381/217/31 391/121/31
f 391/121/31 381/217/31 392/140/31
f 392/140/33 381/217/33 380/198/33
f 393/121/24 394/122/24 395/140/24
f 396/155/25 394/122/25 393/121/25
f 397/124/25 394/122/25 396/155/42
f 398/115/24 394/122/24 397/124/24
f 399/219/24 394/122/24 398/115/24
f 400/160/24 394/122/24 399/219/24
f 401/128/24 394/122/24 400/160/24
f 402/197/25 394/122/25 401/128/25
f 403/199/24 394/122/24 402/197/24
f 404/147/25 394/122/25 403/199/25
f 405/198/25 394/122/25 404/147/25
f 395/140/24 394/122/24 405/198/24
f 406/146/31 407/122/31 408/145/31
f 408/145/31 407/122/31 409/174/31
f 409/174/31 407/122/31 410/134/31
f 410/134/31 407/122/31 411/128/31
f 411/128/31 407/122/31 412/127/40
f 412/127/32 407/122/32 413/219/32
f 413/219/31 407/122/31 414/136/31
f 414/136/31 407/122/31 415/124/31
f 415/124/31 407/122/31 416/138/31
f 416/138/31 407/122/31 417/141/31
f 417/141/31 407/122/31 418/120/41
f 418/120/30 407/122/30 406/146/30
f 419/157/24 420/122/24 421/212/24
f 422/179/25 420/122/25 419/157/25
f 423/220/24 420/122/24 422/179/24
f 424/221/24 420/122/24 423/220/24
f 425/187/24 420/122/24 424/221/24
f 426/127/24 420/122/24 425/187/24
f 427/128/24 420/122/24 426/127/24
f 428/129/24 420/122/24 427/128/24
f 429/174/24 420/122/24 428/129/24
f 430/185/25 420/122/25 429/174/26
f 431/146/24 420/122/24 430/185/24
f 421/212/24 420/122/24 431/146/24
f 432/222/31 433/142/31 434/107/31
f 434/107/33 433/142/33 435/130/33
f 435/130/31 433/142/31 436/129/31
f 436/129/31 433/142/31 437/223/31
f 437/223/31 433/142/31 438/183/31
f 438/183/30 433/142/30 439/224/30
f 439/224/31 433/142/31 440/225/31
f 440/225/34 433/142/34 441/124/34
f 441/124/31 433/142/31 442/123/31
f 442/123/31 433/142/31 443/141/31
f 443/141/31 433/142/31 444/226/31
f 444/226/32 433/142/32 432/222/32
f 445/121/43 446/122/37 447/140/43
f 448/138/47 446/122/37 445/121/43
f 449/178/24 446/122/24 448/138/24
f 450/136/23 446/122/23 449/178/23
f 451/224/24 446/122/24 450/136/24
f 452/113/24 446/122/24 451/224/24
f 453/223/59 446/122/24 452/113/28
f 454/227/46 446/122/25 453/223/43
f 455/162/24 446/122/24 454/227/24
f 456/145/24 446/122/24 455/162/24
f 457/146/25 446/122/25 456/145/43
f 447/140/24 446/122/24 457/146/24
f 458/198/31 459/122/31 460/147/31
f 460/147/34 459/122/34 461/162/34
f 461/162/30 459/122/30 462/129/30
f 462/129/31 459/122/31 463/128/31
f 463/128/31 459/122/31 464/127/31
f 464/127/31 459/122/31 465/219/31
f 465/219/31 459/122/31 466/125/31
f 466/125/33 459/122/33 467/124/33
f 467/124/32 459/122/32 468/155/32
f 468/155/31 459/122/31 469/121/31
f 469/121/31 459/122/31 470/140/31
f 470/140/41 459/122/31 458/198/41
f 471/121/24 472/148/24 473/228/24
f 474/168/24 472/148/24 471/121/24
f 475/193/23 472/148/23 474/168/23
f 476/125/60 472/148/23 475/193/61
f 477/219/24 472/148/24 476/125/24
f 478/196/46 472/148/25 477/219/42
f 479/128/24 472/148/24 478/196/24
f 480/164/24 472/148/24 479/128/24
f 481/130/24 472/148/24 480/164/24
f 482/145/25 472/148/25 481/130/25
f 483/163/62 472/148/37 482/145/37
f 473/228/25 472/148/25 483/163/46
f 484/198/31 485/217/31 486/145/31
f 486/145/34 485/217/34 487/199/34
f 487/199/31 485/217/31 488/197/31
f 488/197/30 485/217/30 489/161/30
f 489/161/31 485/217/31 490/160/31
f 490/160/31 485/217/31 491/219/31
f 491/219/31 485/217/31 492/115/31
f 492/115/33 485/217/33 493/124/33
f 493/124/31 485/217/31 494/123/31
f 494/123/32 485/217/32 495/157/32
f 495/157/31 485/217/31 496/156/31
f 496/156/31 485/217/31 484/198/31
f 497/141/24 498/148/24 499/156/24
f 500/155/24 498/148/24 497/141/24
f 501/124/24 498/148/24 500/155/24
f 502/115/25 498/148/25 501/124/25
f 503/187/24 498/148/24 502/115/24
f 504/160/27 498/148/25 503/187/46
f 505/128/28 498/148/25 504/160/38
f 506/134/27 498/148/25 505/128/63
f 507/130/24 498/148/24 506/134/24
f 508/107/24 498/148/24 507/130/24
f 509/198/24 498/148/24 508/107/24
f 499/156/24 498/148/24 509/198/24
f 510/146/31 511/122/31 512/185/31
f 512/185/30 511/122/30 513/149/30
f 513/149/33 511/122/33 514/229/33
f 514/229/31 511/122/31 515/223/31
f 515/223/31 511/122/31 516/230/31
f 516/230/31 511/122/31 517/231/31
f 517/231/31 511/122/31 518/205/31
f 518/205/32 511/122/32 519/124/32
f 519/124/34 511/122/34 520/123/34
f 520/123/31 511/122/31 521/141/31
f 521/141/31 511/122/31 522/212/31
f 522/212/31 511/122/31 510/146/31
f 523/180/37 524/142/37 525/120/62
f 526/179/24 524/142/24 523/180/24
f 527/220/59 524/142/24 526/179/28
f 528/225/24 524/142/24 527/220/24
f 529/224/24 524/142/24 528/225/24
f 530/230/27 524/142/25 529/224/28
f 531/151/37 524/142/37 530/230/26
f 532/229/24 524/142/24 531/151/24
f 533/130/24 524/142/24 532/229/24
f 534/107/24 524/142/24 533/130/24
f 535/146/24 524/142/24 534/107/24
f 525/120/51 524/142/51 535/146/51
f 536/146/31 537/142/31 538/145/31
f 538/145/31 537/142/31 539/130/31
f 539/130/32 537/142/32 540/129/32
f 540/129/34 537/142/34 541/144/34
f 541/144/64 537/142/32 542/127/65
f 542/127/31 537/142/31 543/219/31
f 543/219/31 537/142/31 544/221/31
f 544/221/31 537/142/31 545/178/31
f 545/178/30 537/142/30 546/179/30
f 546/179/33 537/142/33 547/157/33
f 547/157/66 537/142/30 548/140/67
f 548/140/31 537/142/31 536/146/31
f 549/141/25 550/122/25 551/212/43
f 552/138/24 550/122/24 549/141/24
f 553/124/37 550/122/37 552/138/37
f 554/136/62 550/122/37 553/124/37
f 555/231/24 550/122/24 554/136/24
f 556/201/24 550/122/24 555/231/24
f 557/203/29 550/122/25 556/201/26
f 558/197/50 550/122/25 557/203/50
f 559/174/24 550/122/24 558/197/24
f 560/232/24 550/122/24 559/174/24
f 561/146/23 550/122/23 560/232/23
f 551/212/24 550/122/24 561/146/24
f 562/132/66 563/169/30 564/145/66
f 564/145/31 563/169/31 565/130/31
f 565/130/30 563/169/30 566/197/30
f 566/197/31 563/169/31 567/233/31
f 567/233/31 563/169/31 568/196/31
f 568/196/32 563/169/32 569/234/32
f 569/234/40 563/169/31 570/215/68
f 570/215/69 563/169/31 571/193/31
f 571/193/32 563/169/32 572/213/32
f 572/213/31 563/169/31 573/157/31
f 573/157/31 563/169/31 574/140/31
f 574/140/30 563/169/30 562/132/30
f 575/235/31 576/236/31 577/237/31
f 578/238/24 579/239/24 580/240/24
f 581/241/24 582/242/24 583/243/24
f 584/244/24 582/242/24 581/241/24
f 585/245/24 579/239/24 578/238/24
f 586/246/24 587/247/24 588/248/24
f 589/249/24 586/246/24 588/248/24
f 590/250/24 591/251/24 592/252/24
f 593/253/24 590/250/24 592/252/24
f 576/236/31 594/254/31 577/237/31
f 595/255/31 596/256/31 597/257/31
f 595/255/31 597/257/31 598/258/31
f 599/259/31 600/260/31 601/261/31
f 602/262/31 599/259/31 601/261/31
f 603/263/31 604/264/31 605/265/31
f 606/266/31 604/264/31 603/263/31
s 1
f 607/267/70 608/268/8 609/269/71
f 610/270/72 611/271/7 612/272/73
f 613/273/74 614/274/8 615/275/75
f 614/274/8 616/276/76 615/275/75
f 617/277/77 618/278/8 619/279/78
f 620/280/79 618/278/8 617/277/77
f 621/281/80 612/272/73 611/271/7
f 622/282/81 623/283/7 624/284/82
f 625/285/83 623/283/7 622/282/81
f 626/286/84 627/287/7 628/288/85
f 627/287/7 629/289/86 628/288/85
f 630/290/87 631/291/7 632/292/88
f 633/293/89 631/291/7 630/290/87
f 634/294/90 608/268/8 607/267/70
f 635/295/8 636/296/91 637/297/92
f 638/298/93 635/295/8 637/297/92
f 639/299/94 640/300/95 641/301/96
f 639/299/94 642/302/97 640/300/95
f 643/303/98 644/304/99 645/305/100
f 646/306/101 647/307/102 648/308/103
f 649/309/104 650/310/105 651/311/106
f 650/310/105 652/312/107 651/311/106
f 653/313/107 654/314/108 655/315/106
f 656/316/109 657/317/110 658/318/111
f 659/319/112 660/320/113 661/321/114
f 656/316/109 662/322/115 657/317/110
f 663/323/99 664/324/94 665/325/116
f 666/326/117 646/306/101 667/327/118
f 659/319/112 661/321/114 668/328/119
f 669/329/120 670/330/121 671/331/122
f 672/332/123 673/333/124 674/334/125
f 672/332/123 674/334/125 675/335/126
f 676/336/127 677/337/128 678/338/129
f 679/339/130 680/340/131 681/341/132
f 667/327/118 646/306/101 648/308/103
f 682/342/133 683/343/134 684/344/135
f 663/323/99 665/325/116 685/345/136
f 686/346/137 687/347/138 688/348/139
f 689/349/140 690/350/141 691/351/128
f 692/352/141 686/346/137 688/348/139
f 693/353/106 694/354/142 695/355/143
f 696/356/144 697/357/143 698/358/145
f 696/356/144 698/358/145 699/359/146
f 700/360/147 701/361/148 702/362/149
f 677/337/128 703/363/150 704/364/151
f 700/360/147 702/362/149 705/365/150
f 670/330/121 706/366/152 707/367/153
f 661/321/114 708/368/154 709/369/155
f 664/324/94 710/370/156 711/371/157
f 693/353/106 712/372/158 713/373/159
f 714/374/160 715/375/161 676/336/127
f 716/376/162 717/377/163 718/378/164
f 719/379/165 720/380/166 721/381/167
f 684/344/135 683/343/134 722/382/168
f 679/339/130 723/383/169 680/340/131
f 724/384/170 725/385/171 726/386/172
f 680/340/131 723/383/169 727/387/173
f 724/384/170 728/388/174 725/385/171
f 680/340/131 727/387/173 729/389/175
f 724/384/170 730/390/176 728/388/174
f 724/384/170 731/391/177 730/390/176
f 669/329/120 732/366/178 670/330/121
f 663/323/99 733/392/179 664/324/94
f 734/393/180 735/394/133 736/395/181
f 661/321/114 737/396/182 668/328/119
f 670/330/121 707/367/153 738/397/183
f 661/321/114 739/398/184 737/396/182
f 670/330/121 738/397/183 740/399/185
f 661/321/114 709/369/155 739/398/184
f 670/330/121 740/399/185 741/400/186
f 667/327/118 742/401/187 743/402/188
f 664/324/94 744/403/189 710/370/156
f 745/404/118 746/405/190 747/406/191
f 745/404/118 747/406/191 748/407/117
f 749/408/118 750/409/192 751/410/190
s 0
f 752/411/24 753/412/24 754/413/24
f 752/411/24 754/413/24 755/414/24
s 1
f 756/415/193 757/416/194 758/417/195
f 756/415/193 758/417/195 759/418/196
f 757/416/194 760/419/197 761/420/198
f 757/416/194 761/420/198 758/417/195
f 762/421/199 763/422/200 764/423/201
f 762/421/199 764/423/201 765/424/202
f 763/422/200 766/425/203 767/426/204
f 763/422/200 767/426/204 764/423/201
f 768/427/205 769/428/206 770/429/10
f 768/427/205 770/429/10 771/430/207
f 769/428/206 772/431/208 773/432/5
f 769/428/206 773/432/5 770/429/10
f 774/433/209 775/434/210 776/435/13
f 774/433/209 776/435/13 777/436/211
f 775/434/210 778/437/212 779/438/14
f 775/434/210 779/438/14 776/435/13
f 760/419/197 762/421/199 765/424/202
f 760/419/197 765/424/202 761/420/198
f 772/431/208 774/433/209 777/436/211
f 772/431/208 777/436/211 773/432/5
f 760/419/197 780/439/213 781/440/214
f 760/419/197 781/440/214 762/421/199
f 780/439/213 782/441/215 783/442/216
f 780/439/213 783/442/216 781/440/214
f 784/443/215 785/444/217 786/445/218
f 784/443/215 786/445/218 787/446/216
f 785/444/217 788/447/219 789/448/220
f 785/444/217 789/448/220 786/445/218
f 772/431/208 790/449/221 791/450/222
f 772/431/208 791/450/222 774/433/209
f 790/449/221 792/451/223 793/452/224
f 790/449/221 793/452/224 791/450/222
f 794/453/225 795/454/226 796/455/227
f 794/453/225 796/455/227 797/456/224
f 795/454/226 761/420/198 765/424/202
f 795/454/226 765/424/202 796/455/227
s 0
f 798/457/8 28/28/8 11/11/8
f 798/457/8 11/11/8 799/458/8
f 800/459/7 801/460/7 35/35/7
f 800/459/7 35/35/7 8/8/7
s 1
f 788/447/219 802/461/228 803/462/1
f 788/447/219 803/462/1 789/448/220
f 760/419/197 757/416/194 804/463/229
f 760/419/197 804/463/229 780/439/213
f 757/416/194 756/415/193 805/464/230
f 757/416/194 805/464/230 804/463/229
f 766/425/203 763/422/200 806/465/231
f 766/425/203 806/465/231 807/466/232
f 763/422/200 762/421/199 781/440/214
f 763/422/200 781/440/214 806/465/231
f 772/431/208 769/428/206 808/467/233
f 772/431/208 808/467/233 790/449/221
f 769/428/206 768/427/205 809/468/234
f 769/428/206 809/468/234 808/467/233
f 778/437/212 775/434/210 810/469/235
f 778/437/212 810/469/235 811/470/236
f 775/434/210 774/433/209 791/450/222
f 775/434/210 791/450/222 810/469/235
f 780/439/213 804/463/229 812/471/237
f 780/439/213 812/471/237 782/441/215
f 804/463/229 805/464/230 813/472/238
f 804/463/229 813/472/238 812/471/237
f 807/466/232 806/465/231 814/473/239
f 807/466/232 814/473/239 815/474/240
f 806/465/231 781/440/214 783/442/216
f 806/465/231 783/442/216 814/473/239
f 784/443/215 816/475/237 817/476/241
f 784/443/215 817/476/241 785/444/217
f 816/475/237 818/477/238 819/478/242
f 816/475/237 819/478/242 817/476/241
f 820/479/240 821/480/239 822/481/243
f 820/479/240 822/481/243 823/482/244
f 821/480/239 787/446/216 786/445/218
f 821/480/239 786/445/218 822/481/243
f 785/444/217 817/476/241 824/483/245
f 785/444/217 824/483/245 788/447/219
f 817/476/241 819/478/242 825/484/246
f 817/476/241 825/484/246 824/483/245
f 823/482/244 822/481/243 826/485/247
f 823/482/244 826/485/247 827/486/248
f 822/481/243 786/445/218 789/448/220
f 822/481/243 789/448/220 826/485/247
f 788/447/219 824/483/245 828/487/249
f 788/447/219 828/487/249 802/461/228
f 824/483/245 825/484/246 829/488/21
f 824/483/245 829/488/21 828/487/249
f 827/486/248 826/485/247 830/489/16
f 827/486/248 830/489/16 831/490/15
f 826/485/247 789/448/220 803/462/1
f 826/485/247 803/462/1 830/489/16
f 790/449/221 808/467/233 832/491/250
f 790/449/221 832/491/250 792/451/223
f 808/467/233 809/468/234 833/492/251
f 808/467/233 833/492/251 832/491/250
f 811/470/236 810/469/235 834/493/252
f 811/470/236 834/493/252 835/494/253
f 810/469/235 791/450/222 793/452/224
f 810/469/235 793/452/224 834/493/252
f 794/453/225 836/495/250 837/496/254
f 794/453/225 837/496/254 795/454/226
f 836/495/250 838/497/251 839/498/255
f 836/495/250 839/498/255 837/496/254
f 840/499/253 841/500/252 842/501/256
f 840/499/253 842/501/256 843/502/257
f 841/500/252 797/456/224 796/455/227
f 841/500/252 796/455/227 842/501/256
f 759/418/196 758/417/195 837/496/254
f 759/418/196 837/496/254 839/498/255
f 758/417/195 761/420/198 795/454/226
f 758/417/195 795/454/226 837/496/254
f 765/424/202 764/423/201 842/501/256
f 765/424/202 842/501/256 796/455/227
f 764/423/201 767/426/204 843/502/257
f 764/423/201 843/502/257 842/501/256
s 0
f 12/12/8 11/11/8 28/28/8
f 12/12/8 28/28/8 27/27/8
s 1
f 6/6/6 5/5/5 32/32/12
f 6/6/6 32/32/12 31/31/6
f 30/30/2 2/2/2 1/1/1
f 30/30/2 1/1/1 24/24/19
s 0
f 9/9/7 8/8/7 35/35/7
f 9/9/7 35/35/7 34/34/7
f 844/503/8 845/504/8 40/40/8
f 844/503/8 40/40/8 44/44/8
f 798/457/8 799/458/8 845/504/8
f 798/457/8 845/504/8 844/503/8
f 43/43/8 42/42/8 38/38/8
f 43/43/8 38/38/8 37/37/8
f 44/44/8 40/40/8 38/38/8
f 44/44/8 38/38/8 42/42/8
f 801/460/7 800/459/7 45/45/7
f 801/460/7 45/45/7 54/54/7
f 46/46/7 48/48/7 50/50/7
f 46/46/7 50/50/7 47/47/7
f 53/53/7 52/52/7 50/50/7
f 53/53/7 50/50/7 49/49/7
f 52/52/7 55/55/7 47/47/7
f 52/52/7 47/47/7 50/50/7
f 54/54/7 45/45/7 47/47/7
f 54/54/7 47/47/7 55/55/7
f 56/56/7 55/55/7 52/52/7
f 56/56/7 52/52/7 51/51/7
f 846/505/31 847/506/31 848/507/31
f 846/505/31 848/507/31 849/508/31
s 1
f 850/509/6 851/510/6 852/511/258
f 850/509/6 852/511/258 853/512/258
s 0
f 854/513/24 855/514/24 856/515/24
f 854/513/24 856/515/24 857/516/24
f 858/517/7 859/518/7 860/519/7
f 858/517/7 860/519/7 861/520/7
f 862/521/8 863/522/8 864/505/8
f 862/521/8 864/505/8 865/523/8
f 866/524/31 867/525/31 868/526/31
f 866/524/31 868/526/31 869/527/31
f 857/516/24 856/515/24 870/528/24
f 857/516/24 870/528/24 871/529/24
f 872/530/24 873/531/24 855/514/24
f 872/530/24 855/514/24 854/513/24
f 874/532/31 875/533/31 876/534/31
f 874/532/31 876/534/31 877/535/31
s 1
f 878/536/259 879/537/259 880/538/2
f 878/536/259 880/538/2 881/539/2
s 0
f 882/540/6 883/541/6 884/542/6
f 882/540/6 884/542/6 885/543/6
f 886/544/2 887/545/2 888/546/2
f 886/544/2 888/546/2 889/547/2
s 1
f 881/539/2 880/538/2 890/548/260
f 881/539/2 890/548/260 891/549/260
f 892/550/261 893/551/261 851/510/6
f 892/550/261 851/510/6 850/509/6
f 894/552/262 895/553/263 896/554/263
f 894/552/262 896/554/263 897/555/262
f 895/553/263 891/549/260 890/548/260
f 895/553/263 890/548/260 896/554/263
f 898/556/264 899/557/265 900/558/265
f 898/556/264 900/558/265 901/559/264
f 899/557/265 853/512/258 852/511/258
f 899/557/265 852/511/258 900/558/265
s 0
f 93/93/7 73/73/7 82/82/7
f 93/93/7 82/82/7 88/88/7
f 902/560/8 903/561/8 904/562/8
f 902/560/8 904/562/8 905/563/8
s 1
f 878/536/259 906/564/266 907/565/266
f 878/536/259 907/565/266 879/537/259
f 906/564/266 908/566/267 909/567/267
f 906/564/266 909/567/267 907/565/266
f 910/568/268 911/569/269 912/570/269
f 910/568/268 912/570/269 913/571/268
f 911/569/269 893/551/261 892/550/261
f 911/569/269 892/550/261 912/570/269
s 0
f 90/90/7 68/68/7 67/67/7
f 90/90/7 67/67/7 62/62/7
f 914/572/8 915/573/8 916/574/8
f 914/572/8 916/574/8 917/575/8
f 918/576/31 919/577/31 920/578/31
f 918/576/31 920/578/31 921/579/31
f 106/106/6 105/105/6 922/580/6
f 106/106/6 922/580/6 923/581/6
f 924/582/24 925/583/24 926/584/24
f 924/582/24 926/584/24 927/579/24
f 928/585/8 929/586/8 930/587/8
f 928/585/8 930/587/8 931/588/8
f 932/589/8 933/590/8 934/591/8
f 932/589/8 934/591/8 935/592/8
f 936/593/270 937/594/270 938/595/270
f 936/593/270 938/595/270 939/596/270
f 940/597/2 941/598/2 942/599/2
f 940/597/2 942/599/2 943/600/2
f 944/601/31 945/602/31 946/603/31
f 944/601/31 946/603/31 947/604/31
f 948/605/6 949/606/6 950/607/6
f 948/605/6 950/607/6 951/608/6
f 952/609/2 953/610/2 102/102/2
f 952/609/2 102/102/2 101/101/2
s 1
f 954/611/271 955/612/272 956/613/272
f 954/611/271 956/613/272 957/614/271
f 958/615/273 954/611/271 957/614/271
f 958/615/273 957/614/271 959/616/273
f 960/617/274 958/615/273 959/616/273
f 960/617/274 959/616/273 961/618/274
f 962/619/275 960/617/274 961/618/274
f 962/619/275 961/618/274 963/620/275
f 964/621/276 962/619/275 963/620/275
f 964/621/276 963/620/275 965/622/276
f 966/623/277 964/621/276 965/622/276
f 966/623/277 965/622/276 967/624/277
f 968/625/278 966/623/277 967/624/277
f 968/625/278 967/624/277 969/626/278
f 970/627/279 968/625/278 969/626/278
f 970/627/279 969/626/278 971/628/279
f 972/629/280 970/627/279 971/628/279
f 972/629/280 971/628/279 973/630/280
f 974/631/281 972/629/280 973/630/280
f 974/631/281 973/630/280 975/632/281
f 976/633/282 974/631/281 975/632/281
f 976/633/282 975/632/281 977/634/282
f 978/635/283 976/633/282 977/634/282
f 978/635/283 977/634/282 979/636/283
f 980/637/284 978/635/283 979/636/283
f 980/637/284 979/636/283 981/638/284
f 982/639/285 980/637/284 981/638/284
f 982/639/285 981/638/284 983/640/285
f 984/641/286 982/639/285 983/640/285
f 984/641/286 983/640/285 985/642/286
f 986/643/272 984/641/286 985/642/286
f 986/643/272 985/642/286 987/644/272
f 988/614/287 989/613/288 990/645/288
f 988/614/287 990/645/288 991/646/287
f 992/616/289 988/614/287 991/646/287
f 992/616/289 991/646/287 993/647/289
f 994/618/263 992/616/289 993/647/289
f 994/618/263 993/647/289 995/648/263
f 996/620/290 994/618/263 995/648/263
f 996/620/290 995/648/263 997/649/290
f 998/622/291 996/620/290 997/649/290
f 998/622/291 997/649/290 999/650/291
f 1000/624/292 998/622/291 999/650/291
f 1000/624/292 999/650/291 1001/651/292
f 1002/626/293 1000/624/292 1001/651/292
f 1002/626/293 1001/651/292 1003/652/293
f 1004/628/294 1002/626/293 1003/652/293
f 1004/628/294 1003/652/293 1005/653/294
f 1006/630/295 1004/628/294 1005/653/294
f 1006/630/295 1005/653/294 1007/654/295
f 1008/632/296 1006/630/295 1007/654/295
f 1008/632/296 1007/654/295 1009/655/296
f 1010/634/265 1008/632/296 1009/655/296
f 1010/634/265 1009/655/296 1011/656/265
f 1012/636/297 1010/634/265 1011/656/265
f 1012/636/297 1011/656/265 1013/657/297
f 1014/638/298 1012/636/297 1013/657/297
f 1014/638/298 1013/657/297 1015/658/298
f 1016/640/299 1014/638/298 1015/658/298
f 1016/640/299 1015/658/298 1017/659/299
f 1018/642/300 1016/640/299 1017/659/299
f 1018/642/300 1017/659/299 1019/660/300
f 1020/644/288 1018/642/300 1019/660/300
f 1020/644/288 1019/660/300 1021/661/288
f 1022/646/301 1023/645/302 1024/662/302
f 1022/646/301 1024/662/302 1025/663/301
f 1026/647/303 1022/646/301 1025/663/301
f 1026/647/303 1025/663/301 1027/664/303
f 1028/648/304 1026/647/303 1027/664/303
f 1028/648/304 1027/664/303 1029/665/304
f 1030/649/305 1028/648/304 1029/665/304
f 1030/649/305 1029/665/304 1031/666/305
f 1032/650/306 1030/649/305 1031/666/305
f 1032/650/306 1031/666/305 1033/667/306
f 1034/651/307 1032/650/306 1033/667/306
f 1034/651/307 1033/667/306 1035/668/307
f 1036/652/308 1034/651/307 1035/668/307
f 1036/652/308 1035/668/307 1037/669/308
f 1038/653/309 1036/652/308 1037/669/308
f 1038/653/309 1037/669/308 1039/670/309
f 1040/654/310 1038/653/309 1039/670/309
f 1040/654/310 1039/670/309 1041/671/310
f 1042/655/311 1040/654/310 1041/671/310
f 1042/655/311 1041/671/310 1043/672/311
f 1044/656/312 1042/655/311 1043/672/311
f 1044/656/312 1043/672/311 1045/673/312
f 1046/657/313 1044/656/312 1045/673/312
f 1046/657/313 1045/673/312 1047/674/313
f 1048/658/314 1046/657/313 1047/674/313
f 1048/658/314 1047/674/313 1049/675/314
f 1050/659/315 1048/658/314 1049/675/314
f 1050/659/315 1049/675/314 1051/676/315
f 1052/660/316 1050/659/315 1051/676/315
f 1052/660/316 1051/676/315 1053/677/316
f 1054/661/302 1052/660/316 1053/677/316
f 1054/661/302 1053/677/316 1055/678/302
f 1056/663/310 1057/662/309 1058/679/309
f 1056/663/310 1058/679/309 1059/680/310
f 1060/664/317 1056/663/310 1059/680/310
f 1060/664/317 1059/680/310 1061/681/317
f 1062/665/312 1060/664/317 1061/681/317
f 1062/665/312 1061/681/317 1063/682/312
f 1064/666/318 1062/665/312 1063/682/312
f 1064/666/318 1063/682/312 1065/683/318
f 1066/667/314 1064/666/318 1065/683/318
f 1066/667/314 1065/683/318 1067/684/314
f 1068/668/315 1066/667/314 1067/684/314
f 1068/668/315 1067/684/314 1069/685/315
f 1070/669/316 1068/668/315 1069/685/315
f 1070/669/316 1069/685/315 1071/686/316
f 1072/670/302 1070/669/316 1071/686/316
f 1072/670/302 1071/686/316 1073/687/302
f 1074/671/301 1072/670/302 1073/687/302
f 1074/671/301 1073/687/302 1075/688/301
f 1076/672/319 1074/671/301 1075/688/301
f 1076/672/319 1075/688/301 1077/689/319
f 1078/673/304 1076/672/319 1077/689/319
f 1078/673/304 1077/689/319 1079/690/304
f 1080/674/320 1078/673/304 1079/690/304
f 1080/674/320 1079/690/304 1081/691/320
f 1082/675/306 1080/674/320 1081/691/320
f 1082/675/306 1081/691/320 1083/692/306
f 1084/676/307 1082/675/306 1083/692/306
f 1084/676/307 1083/692/306 1085/693/307
f 1086/677/308 1084/676/307 1085/693/307
f 1086/677/308 1085/693/307 1087/694/308
f 1088/678/309 1086/677/308 1087/694/308
f 1088/678/309 1087/694/308 1089/695/309
f 1090/680/295 1091/679/294 1092/696/294
f 1090/680/295 1092/696/294 1093/697/295
f 1094/681/296 1090/680/295 1093/697/295
f 1094/681/296 1093/697/295 1095/698/296
f 1096/682/265 1094/681/296 1095/698/296
f 1096/682/265 1095/698/296 1097/699/265
f 1098/683/297 1096/682/265 1097/699/265
f 1098/683/297 1097/699/265 1099/700/297
f 1100/684/298 1098/683/297 1099/700/297
f 1100/684/298 1099/700/297 1101/701/298
f 1102/685/299 1100/684/298 1101/701/298
f 1102/685/299 1101/701/298 1103/702/299
f 1104/686/300 1102/685/299 1103/702/299
f 1104/686/300 1103/702/299 1105/703/300
f 1106/687/288 1104/686/300 1105/703/300
f 1106/687/288 1105/703/300 1107/704/288
f 1108/688/287 1106/687/288 1107/704/288
f 1108/688/287 1107/704/288 1109/705/287
f 1110/689/289 1108/688/287 1109/705/287
f 1110/689/289 1109/705/287 1111/706/289
f 1112/690/263 1110/689/289 1111/706/289
f 1112/690/263 1111/706/289 1113/707/263
f 1114/691/290 1112/690/263 1113/707/263
f 1114/691/290 1113/707/263 1115/708/290
f 1116/692/291 1114/691/290 1115/708/290
f 1116/692/291 1115/708/290 1117/709/291
f 1118/693/292 1116/692/291 1117/709/291
f 1118/693/292 1117/709/291 1119/710/292
f 1120/694/293 1118/693/292 1119/710/292
f 1120/694/293 1119/710/292 1121/711/293
f 1122/695/294 1120/694/293 1121/711/293
f 1122/695/294 1121/711/293 1123/712/294
f 1124/697/280 1125/696/279 1126/713/279
f 1124/697/280 1126/713/279 1127/714/280
f 1128/698/321 1124/697/280 1127/714/280
f 1128/698/321 1127/714/280 1129/715/321
f 1130/699/282 1128/698/321 1129/715/321
f 1130/699/282 1129/715/321 1131/716/282
f 1132/700/283 1130/699/282 1131/716/282
f 1132/700/283 1131/716/282 1133/717/283
f 1134/701/284 1132/700/283 1133/717/283
f 1134/701/284 1133/717/283 1135/718/284
f 1136/702/322 1134/701/284 1135/718/284
f 1136/702/322 1135/718/284 1137/719/322
f 1138/703/286 1136/702/322 1137/719/322
f 1138/703/286 1137/719/322 1139/720/286
f 1140/704/272 1138/703/286 1139/720/286
f 1140/704/272 1139/720/286 1141/721/272
f 1142/705/271 1140/704/272 1141/721/272
f 1142/705/271 1141/721/272 1143/722/271
f 1144/706/323 1142/705/271 1143/722/271
f 1144/706/323 1143/722/271 1145/723/323
f 1146/707/274 1144/706/323 1145/723/323
f 1146/707/274 1145/723/323 1147/724/274
f 1148/708/275 1146/707/274 1147/724/274
f 1148/708/275 1147/724/274 1149/725/324
f 1150/709/276 1148/708/275 1149/725/324
f 1150/709/276 1149/725/324 1151/726/276
f 1152/710/325 1150/709/276 1151/726/276
f 1152/710/325 1151/726/276 1153/727/325
f 1154/711/278 1152/710/325 1153/727/325
f 1154/711/278 1153/727/325 1155/728/278
f 1156/712/279 1154/711/278 1155/728/278
f 1156/712/279 1155/728/278 1157/729/326
f 1158/714/327 1159/713/328 1160/730/328
f 1158/714/327 1160/730/328 1161/731/327
f 1162/715/329 1158/714/327 1161/731/327
f 1162/715/329 1161/731/327 1163/732/329
f 1164/716/330 1162/715/329 1163/732/329
f 1164/716/330 1163/732/329 1165/733/330
f 1166/717/331 1164/716/330 1165/733/330
f 1166/717/331 1165/733/330 1167/734/331
f 1168/718/332 1166/717/331 1167/734/331
f 1168/718/332 1167/734/331 1169/735/332
f 1170/719/333 1168/718/332 1169/735/332
f 1170/719/333 1169/735/332 1171/736/333
f 1172/720/334 1170/719/333 1171/736/333
f 1172/720/334 1171/736/333 1173/737/334
f 1174/721/335 1172/720/334 1173/737/334
f 1174/721/335 1173/737/334 1175/738/336
f 1176/722/337 1174/721/335 1175/738/336
f 1176/722/337 1175/738/336 1177/739/337
f 1178/723/338 1176/722/337 1177/739/337
f 1178/723/338 1177/739/337 1179/740/338
f 1180/724/339 1178/723/338 1179/740/338
f 1180/724/339 1179/740/338 1181/741/339
f 1182/725/340 1180/724/339 1181/741/339
f 1182/725/340 1181/741/339 1183/742/340
f 1184/726/341 1182/725/340 1183/742/340
f 1184/726/341 1183/742/340 1185/743/341
f 1186/727/342 1184/726/341 1185/743/341
f 1186/727/342 1185/743/341 1187/744/342
f 1188/728/343 1186/727/342 1187/744/342
f 1188/728/343 1187/744/342 1189/745/343
f 1190/729/344 1188/728/343 1189/745/343
f 1190/729/344 1189/745/343 1191/746/328
f 1192/731/345 1193/730/346 1194/747/346
f 1192/731/345 1194/747/346 1195/748/345
f 1196/732/347 1192/731/345 1195/748/345
f 1196/732/347 1195/748/345 1197/749/347
f 1198/733/269 1196/732/347 1197/749/347
f 1198/733/269 1197/749/347 1199/750/269
f 1200/734/348 1198/733/269 1199/750/269
f 1200/734/348 1199/750/269 1201/751/348
f 1202/735/349 1200/734/348 1201/751/348
f 1202/735/349 1201/751/348 1203/752/349
f 1204/736/350 1202/735/349 1203/752/349
f 1204/736/350 1203/752/349 1205/753/350
f 1206/737/351 1204/736/350 1205/753/350
f 1206/737/351 1205/753/350 1207/754/351
f 1208/738/352 1206/737/351 1207/754/351
f 1208/738/352 1207/754/351 1209/755/352
f 1210/739/353 1208/738/352 1209/755/352
f 1210/739/353 1209/755/352 1211/756/353
f 1212/740/354 1210/739/353 1211/756/353
f 1212/740/354 1211/756/353 1213/757/354
f 1214/741/266 1212/740/354 1213/757/354
f 1214/741/266 1213/757/354 1215/758/266
f 1216/742/355 1214/741/266 1215/758/266
f 1216/742/355 1215/758/266 1217/759/355
f 1218/743/356 1216/742/355 1217/759/355
f 1218/743/356 1217/759/355 1219/760/356
f 1220/744/357 1218/743/356 1219/760/356
f 1220/744/357 1219/760/356 1221/761/357
f 1222/745/358 1220/744/357 1221/761/357
f 1222/745/358 1221/761/357 1223/762/358
f 1224/746/346 1222/745/358 1223/762/358
f 1224/746/346 1223/762/358 1225/763/346
f 1226/748/359 1227/747/360 1228/764/360
f 1226/748/359 1228/764/360 1229/765/359
f 1230/749/361 1226/748/359 1229/765/359
f 1230/749/361 1229/765/359 1231/766/361
f 1232/750/362 1230/749/361 1231/766/361
f 1232/750/362 1231/766/361 1233/767/362
f 1234/751/363 1232/750/362 1233/767/362
f 1234/751/363 1233/767/362 1235/768/363
f 1236/752/364 1234/751/363 1235/768/363
f 1236/752/364 1235/768/363 1237/769/364
f 1238/753/365 1236/752/364 1237/769/364
f 1238/753/365 1237/769/364 1239/770/365
f 1240/754/366 1238/753/365 1239/770/365
f 1240/754/366 1239/770/365 1241/771/366
f 1242/755/367 1240/754/366 1241/771/366
f 1242/755/367 1241/771/366 1243/772/367
f 1244/756/368 1242/755/367 1243/772/367
f 1244/756/368 1243/772/367 1245/773/368
f 1246/757/369 1244/756/368 1245/773/368
f 1246/757/369 1245/773/368 1247/774/369
f 1248/758/370 1246/757/369 1247/774/369
f 1248/758/370 1247/774/369 1249/775/370
f 1250/759/371 1248/758/370 1249/775/370
f 1250/759/371 1249/775/370 1251/776/371
f 1252/760/372 1250/759/371 1251/776/371
f 1252/760/372 1251/776/371 1253/777/372
f 1254/761/373 1252/760/372 1253/777/372
f 1254/761/373 1253/777/372 1255/778/373
f 1256/762/374 1254/761/373 1255/778/373
f 1256/762/374 1255/778/373 1257/779/374
f 1258/763/360 1256/762/374 1257/779/374
f 1258/763/360 1257/779/374 1259/780/360
f 1260/765/368 1261/764/367 1262/781/367
f 1260/765/368 1262/781/367 1263/782/368
f 1264/766/369 1260/765/368 1263/782/368
f 1264/766/369 1263/782/368 1265/783/369
f 1266/767/370 1264/766/369 1265/783/369
f 1266/767/370 1265/783/369 1267/784/370
f 1268/768/375 1266/767/370 1267/784/370
f 1268/768/375 1267/784/370 1269/785/375
f 1270/769/372 1268/768/375 1269/785/375
f 1270/769/372 1269/785/375 1271/786/372
f 1272/770/373 1270/769/372 1271/786/372
f 1272/770/373 1271/786/372 1273/787/373
f 1274/771/374 1272/770/373 1273/787/373
f 1274/771/374 1273/787/373 1275/788/374
f 1276/772/376 1274/771/374 1275/788/374
f 1276/772/376 1275/788/374 1277/789/376
f 1278/773/359 1276/772/376 1277/789/376
f 1278/773/359 1277/789/376 1279/790/359
f 1280/774/361 1278/773/359 1279/790/359
f 1280/774/361 1279/790/359 1281/791/361
f 1282/775/362 1280/774/361 1281/791/361
f 1282/775/362 1281/791/361 1283/792/362
f 1284/776/363 1282/775/362 1283/792/362
f 1284/776/363 1283/792/362 1285/793/363
f 1286/777/364 1284/776/363 1285/793/363
f 1286/777/364 1285/793/363 1287/794/364
f 1288/778/377 1286/777/364 1287/794/364
f 1288/778/377 1287/794/364 1289/795/377
f 1290/779/366 1288/778/377 1289/795/377
f 1290/779/366 1289/795/377 1291/796/366
f 1292/780/378 1290/779/366 1291/796/366
f 1292/780/378 1291/796/366 1293/797/378
f 1294/782/353 1295/781/352 1296/798/352
f 1294/782/353 1296/798/352 1297/799/353
f 1298/783/354 1294/782/353 1297/799/353
f 1298/783/354 1297/799/353 1299/800/354
f 1300/784/266 1298/783/354 1299/800/354
f 1300/784/266 1299/800/354 1301/801/266
f 1302/785/355 1300/784/266 1301/801/266
f 1302/785/355 1301/801/266 1303/802/355
f 1304/786/356 1302/785/355 1303/802/355
f 1304/786/356 1303/802/355 1305/803/356
f 1306/787/357 1304/786/356 1305/803/356
f 1306/787/357 1305/803/356 1307/804/357
f 1308/788/358 1306/787/357 1307/804/357
f 1308/788/358 1307/804/357 1309/805/358
f 1310/789/346 1308/788/358 1309/805/358
f 1310/789/346 1309/805/358 1311/806/346
f 1312/790/345 1310/789/346 1311/806/346
f 1312/790/345 1311/806/346 1313/807/345
f 1314/791/347 1312/790/345 1313/807/345
f 1314/791/347 1313/807/345 1315/808/347
f 1316/792/269 1314/791/347 1315/808/347
f 1316/792/269 1315/808/347 1317/809/269
f 1318/793/348 1316/792/269 1317/809/269
f 1318/793/348 1317/809/269 1319/810/348
f 1320/794/349 1318/793/348 1319/810/348
f 1320/794/349 1319/810/348 1321/811/349
f 1322/795/350 1320/794/349 1321/811/349
f 1322/795/350 1321/811/349 1323/812/350
f 1324/796/351 1322/795/350 1323/812/350
f 1324/796/351 1323/812/350 1325/813/351
f 1326/797/352 1324/796/351 1325/813/351
f 1326/797/352 1325/813/351 1327/814/352
f 1328/799/337 1329/798/335 1330/815/335
f 1328/799/337 1330/815/335 1331/816/337
f 1332/800/338 1328/799/337 1331/816/337
f 1332/800/338 1331/816/337 1333/817/338
f 1334/801/339 1332/800/338 1333/817/338
f 1334/801/339 1333/817/338 1335/818/339
f 1336/802/340 1334/801/339 1335/818/339
f 1336/802/340 1335/818/339 1337/819/379
f 1338/803/341 1336/802/340 1337/819/379
f 1338/803/341 1337/819/379 1339/820/341
f 1340/804/380 1338/803/341 1339/820/341
f 1340/804/380 1339/820/341 1341/821/380
f 1342/805/343 1340/804/380 1341/821/380
f 1342/805/343 1341/821/380 1343/822/343
f 1344/806/328 1342/805/343 1343/822/343
f 1344/806/328 1343/822/343 1345/823/328
f 1346/807/327 1344/806/328 1345/823/328
f 1346/807/327 1345/823/328 1347/824/327
f 1348/808/381 1346/807/327 1347/824/327
f 1348/808/381 1347/824/327 1349/825/381
f 1350/809/330 1348/808/381 1349/825/381
f 1350/809/330 1349/825/381 1351/826/330
f 1352/810/331 1350/809/330 1351/826/330
f 1352/810/331 1351/826/330 1353/827/331
f 1354/811/332 1352/810/331 1353/827/331
f 1354/811/332 1353/827/331 1355/828/332
f 1356/812/333 1354/811/332 1355/828/332
f 1356/812/333 1355/828/332 1357/829/333
f 1358/813/334 1356/812/333 1357/829/333
f 1358/813/334 1357/829/333 1359/830/334
f 1360/814/335 1358/813/334 1359/830/334
f 1360/814/335 1359/830/334 1361/831/335
f 1362/832/271 1363/833/272 1364/834/272
f 1362/832/271 1364/834/272 1365/835/271
f 1366/836/273 1362/832/271 1365/835/271
f 1366/836/273 1365/835/271 1367/837/273
f 1368/838/274 1366/836/273 1367/837/273
f 1368/838/274 1367/837/273 1369/839/274
f 1370/840/275 1368/838/274 1369/839/274
f 1370/840/275 1369/839/274 1371/841/275
f 1372/842/276 1370/840/275 1371/841/275
f 1372/842/276 1371/841/275 1373/843/276
f 1374/844/325 1372/842/276 1373/843/276
f 1374/844/325 1373/843/276 1375/845/325
f 1376/846/278 1374/844/325 1375/845/325
f 1376/846/278 1375/845/325 1377/847/278
f 1378/848/279 1376/846/278 1377/847/278
f 1378/848/279 1377/847/278 1379/849/279
f 1380/850/280 1378/848/279 1379/849/279
f 1380/850/280 1379/849/279 1381/630/280
f 1382/631/281 1380/850/280 1381/630/280
f 1382/631/281 1381/630/280 1383/632/281
f 1384/851/282 1382/631/281 1383/632/281
f 1384/851/282 1383/632/281 1385/634/282
f 1386/852/283 1384/851/282 1385/634/282
f 1386/852/283 1385/634/282 1387/853/283
f 1388/854/284 1386/852/283 1387/853/283
f 1388/854/284 1387/853/283 1389/855/284
f 1390/856/322 1388/854/284 1389/855/284
f 1390/856/322 1389/855/284 1391/857/322
f 1392/858/286 1390/856/322 1391/857/322
f 1392/858/286 1391/857/322 1393/859/286
f 1394/860/272 1392/858/286 1393/859/286
f 1394/860/272 1393/859/286 1395/861/272
f 1396/835/287 1397/834/288 1398/862/288
f 1396/835/287 1398/862/288 1399/863/287
f 1400/837/289 1396/835/287 1399/863/287
f 1400/837/289 1399/863/287 1401/864/289
f 1402/839/263 1400/837/289 1401/864/289
f 1402/839/263 1401/864/289 1403/865/263
f 1404/841/290 1402/839/263 1403/865/263
f 1404/841/290 1403/865/263 1405/866/290
f 1406/843/291 1404/841/290 1405/866/290
f 1406/843/291 1405/866/290 1407/867/291
f 1408/845/292 1406/843/291 1407/867/291
f 1408/845/292 1407/867/291 1409/868/292
f 1410/847/293 1408/845/292 1409/868/292
f 1410/847/293 1409/868/292 1411/869/293
f 1412/849/294 1410/847/293 1411/869/293
f 1412/849/294 1411/869/293 1413/870/294
f 1414/630/295 1412/849/294 1413/870/294
f 1414/630/295 1413/870/294 1415/871/295
f 1416/632/296 1414/630/295 1415/871/295
f 1416/632/296 1415/871/295 1417/872/296
f 1418/634/265 1416/632/296 1417/872/296
f 1418/634/265 1417/872/296 1419/873/265
f 1420/853/297 1418/634/265 1419/873/265
f 1420/853/297 1419/873/265 1421/657/297
f 1422/855/298 1420/853/297 1421/657/297
f 1422/855/298 1421/657/297 1423/874/298
f 1424/857/299 1422/855/298 1423/874/298
f 1424/857/299 1423/874/298 1425/875/299
f 1426/859/300 1424/857/299 1425/875/299
f 1426/859/300 1425/875/299 1427/876/300
f 1428/861/288 1426/859/300 1427/876/300
f 1428/861/288 1427/876/300 1429/877/288
f 1430/863/301 1431/862/302 1432/878/302
f 1430/863/301 1432/878/302 1433/879/301
f 1434/864/303 1430/863/301 1433/879/301
f 1434/864/303 1433/879/301 1435/880/303
f 1436/865/304 1434/864/303 1435/880/303
f 1436/865/304 1435/880/303 1437/881/304
f 1438/866/320 1436/865/304 1437/881/304
f 1438/866/320 1437/881/304 1439/882/320
f 1440/867/306 1438/866/320 1439/882/320
f 1440/867/306 1439/882/320 1441/883/306
f 1442/868/307 1440/867/306 1441/883/306
f 1442/868/307 1441/883/306 1443/884/307
f 1444/869/308 1442/868/307 1443/884/307
f 1444/869/308 1443/884/307 1445/885/308
f 1446/870/309 1444/869/308 1445/885/308
f 1446/870/309 1445/885/308 1447/886/309
f 1448/871/310 1446/870/309 1447/886/309
f 1448/871/310 1447/886/309 1449/671/310
f 1450/872/311 1448/871/310 1449/671/310
f 1450/872/311 1449/671/310 1451/887/311
f 1452/873/312 1450/872/311 1451/887/311
f 1452/873/312 1451/887/311 1453/888/312
f 1454/657/313 1452/873/312 1453/888/312
f 1454/657/313 1453/888/312 1455/889/313
f 1456/874/314 1454/657/313 1455/889/313
f 1456/874/314 1455/889/313 1457/890/314
f 1458/875/315 1456/874/314 1457/890/314
f 1458/875/315 1457/890/314 1459/891/315
f 1460/876/316 1458/875/315 1459/891/315
f 1460/876/316 1459/891/315 1461/892/316
f 1462/877/302 1460/876/316 1461/892/316
f 1462/877/302 1461/892/316 1463/893/302
f 1464/879/310 1465/878/309 1466/894/309
f 1464/879/310 1466/894/309 1467/895/310
f 1468/880/311 1464/879/310 1467/895/310
f 1468/880/311 1467/895/310 1469/896/311
f 1470/881/312 1468/880/311 1469/896/311
f 1470/881/312 1469/896/311 1471/897/312
f 1472/882/318 1470/881/312 1471/897/312
f 1472/882/318 1471/897/312 1473/898/318
f 1474/883/314 1472/882/318 1473/898/318
f 1474/883/314 1473/898/318 1475/899/314
f 1476/884/315 1474/883/314 1475/899/314
f 1476/884/315 1475/899/314 1477/900/315
f 1478/885/316 1476/884/315 1477/900/315
f 1478/885/316 1477/900/315 1479/901/316
f 1480/886/302 1478/885/316 1479/901/316
f 1480/886/302 1479/901/316 1481/902/302
f 1482/671/301 1480/886/302 1481/902/302
f 1482/671/301 1481/902/302 1483/903/301
f 1484/887/319 1482/671/301 1483/903/301
f 1484/887/319 1483/903/301 1485/904/319
f 1486/888/304 1484/887/319 1485/904/319
f 1486/888/304 1485/904/319 1487/905/304
f 1488/889/320 1486/888/304 1487/905/304
f 1488/889/320 1487/905/304 1489/906/320
f 1490/890/306 1488/889/320 1489/906/320
f 1490/890/306 1489/906/320 1491/907/306
f 1492/891/307 1490/890/306 1491/907/306
f 1492/891/307 1491/907/306 1493/908/307
f 1494/892/308 1492/891/307 1493/908/307
f 1494/892/308 1493/908/307 1495/909/308
f 1496/893/382 1494/892/308 1495/909/308
f 1496/893/382 1495/909/308 1497/910/382
f 1498/895/295 1499/894/294 1500/911/294
f 1498/895/295 1500/911/294 1501/912/295
f 1502/896/296 1498/895/295 1501/912/295
f 1502/896/296 1501/912/295 1503/913/296
f 1504/897/265 1502/896/296 1503/913/296
f 1504/897/265 1503/913/296 1505/914/265
f 1506/898/297 1504/897/265 1505/914/265
f 1506/898/297 1505/914/265 1507/915/297
f 1508/899/298 1506/898/297 1507/915/297
f 1508/899/298 1507/915/297 1509/916/298
f 1510/900/299 1508/899/298 1509/916/298
f 1510/900/299 1509/916/298 1511/917/299
f 1512/901/300 1510/900/299 1511/917/299
f 1512/901/300 1511/917/299 1513/918/300
f 1514/902/288 1512/901/300 1513/918/300
f 1514/902/288 1513/918/300 1515/919/288
f 1516/903/287 1514/902/288 1515/919/288
f 1516/903/287 1515/919/288 1517/920/287
f 1518/904/289 1516/903/287 1517/920/287
f 1518/904/289 1517/920/287 1519/921/289
f 1520/905/263 1518/904/289 1519/921/289
f 1520/905/263 1519/921/289 1521/922/263
f 1522/906/290 1520/905/263 1521/922/263
f 1522/906/290 1521/922/263 1523/923/290
f 1524/907/291 1522/906/290 1523/923/290
f 1524/907/291 1523/923/290 1525/924/291
f 1526/908/292 1524/907/291 1525/924/291
f 1526/908/292 1525/924/291 1527/925/292
f 1528/909/293 1526/908/292 1527/925/292
f 1528/909/293 1527/925/292 1529/926/293
f 1530/910/294 1528/909/293 1529/926/293
f 1530/910/294 1529/926/293 1531/927/294
f 1532/912/280 1533/911/326 1534/928/326
f 1532/912/280 1534/928/326 1535/929/280
f 1536/913/281 1532/912/280 1535/929/280
f 1536/913/281 1535/929/280 1537/930/281
f 1538/914/282 1536/913/281 1537/930/281
f 1538/914/282 1537/930/281 1539/931/282
f 1540/915/283 1538/914/282 1539/931/282
f 1540/915/283 1539/931/282 1541/932/283
f 1542/916/284 1540/915/283 1541/932/283
f 1542/916/284 1541/932/283 1543/933/284
f 1544/917/322 1542/916/284 1543/933/284
f 1544/917/322 1543/933/284 1545/934/322
f 1546/918/286 1544/917/322 1545/934/322
f 1546/918/286 1545/934/322 1547/935/286
f 1548/919/272 1546/918/286 1547/935/286
f 1548/919/272 1547/935/286 1549/936/272
f 1550/920/271 1548/919/272 1549/936/272
f 1550/920/271 1549/936/272 1551/937/271
f 1552/921/273 1550/920/271 1551/937/271
f 1552/921/273 1551/937/271 1553/938/273
f 1554/922/274 1552/921/273 1553/938/273
f 1554/922/274 1553/938/273 1555/724/274
f 1556/923/275 1554/922/274 1555/724/274
f 1556/923/275 1555/724/274 1557/939/275
f 1558/924/276 1556/923/275 1557/939/275
f 1558/924/276 1557/939/275 1559/940/276
f 1560/925/277 1558/924/276 1559/940/276
f 1560/925/277 1559/940/276 1561/941/277
f 1562/926/278 1560/925/277 1561/941/277
f 1562/926/278 1561/941/277 1563/942/278
f 1564/927/326 1562/926/278 1563/942/278
f 1564/927/326 1563/942/278 1565/943/326
f 1566/929/327 1567/928/344 1568/944/344
f 1566/929/327 1568/944/344 1569/945/327
f 1570/930/381 1566/929/327 1569/945/327
f 1570/930/381 1569/945/327 1571/946/381
f 1572/931/330 1570/930/381 1571/946/381
f 1572/931/330 1571/946/381 1573/947/330
f 1574/932/383 1572/931/330 1573/947/330
f 1574/932/383 1573/947/330 1575/948/383
f 1576/933/332 1574/932/383 1575/948/383
f 1576/933/332 1575/948/383 1577/949/332
f 1578/934/384 1576/933/332 1577/949/332
f 1578/934/384 1577/949/332 1579/950/384
f 1580/935/334 1578/934/384 1579/950/384
f 1580/935/334 1579/950/384 1581/951/334
f 1582/936/335 1580/935/334 1581/951/334
f 1582/936/335 1581/951/334 1583/952/335
f 1584/937/337 1582/936/335 1583/952/335
f 1584/937/337 1583/952/335 1585/953/337
f 1586/938/385 1584/937/337 1585/953/337
f 1586/938/385 1585/953/337 1587/954/385
f 1588/724/339 1586/938/385 1587/954/385
f 1588/724/339 1587/954/385 1589/955/339
f 1590/939/379 1588/724/339 1589/955/339
f 1590/939/379 1589/955/339 1591/742/379
f 1592/940/341 1590/939/379 1591/742/379
f 1592/940/341 1591/742/379 1593/956/341
f 1594/941/380 1592/940/341 1593/956/341
f 1594/941/380 1593/956/341 1595/957/380
f 1596/942/343 1594/941/380 1595/957/380
f 1596/942/343 1595/957/380 1597/958/343
f 1598/943/344 1596/942/343 1597/958/343
f 1598/943/344 1597/958/343 1599/959/328
f 1600/945/345 1601/944/346 1602/960/346
f 1600/945/345 1602/960/346 1603/961/345
f 1604/946/347 1600/945/345 1603/961/345
f 1604/946/347 1603/961/345 1605/962/347
f 1606/947/269 1604/946/347 1605/962/347
f 1606/947/269 1605/962/347 1607/963/269
f 1608/948/348 1606/947/269 1607/963/269
f 1608/948/348 1607/963/269 1609/964/348
f 1610/949/349 1608/948/348 1609/964/348
f 1610/949/349 1609/964/348 1611/965/349
f 1612/950/350 1610/949/349 1611/965/349
f 1612/950/350 1611/965/349 1613/966/350
f 1614/951/351 1612/950/350 1613/966/350
f 1614/951/351 1613/966/350 1615/967/351
f 1616/952/352 1614/951/351 1615/967/351
f 1616/952/352 1615/967/351 1617/968/352
f 1618/953/353 1616/952/352 1617/968/352
f 1618/953/353 1617/968/352 1619/969/353
f 1620/954/354 1618/953/353 1619/969/353
f 1620/954/354 1619/969/353 1621/970/354
f 1622/955/266 1620/954/354 1621/970/354
f 1622/955/266 1621/970/354 1623/758/266
f 1624/742/355 1622/955/266 1623/758/266
f 1624/742/355 1623/758/266 1625/971/355
f 1626/956/356 1624/742/355 1625/971/355
f 1626/956/356 1625/971/355 1627/972/356
f 1628/957/357 1626/956/356 1627/972/356
f 1628/957/357 1627/972/356 1629/973/357
f 1630/958/358 1628/957/357 1629/973/357
f 1630/958/358 1629/973/357 1631/974/358
f 1632/959/346 1630/958/358 1631/974/358
f 1632/959/346 1631/974/358 1633/975/346
f 1634/961/359 1635/960/360 1636/976/360
f 1634/961/359 1636/976/360 1637/977/359
f 1638/962/361 1634/961/359 1637/977/359
f 1638/962/361 1637/977/359 1639/978/361
f 1640/963/362 1638/962/361 1639/978/361
f 1640/963/362 1639/978/361 1641/979/362
f 1642/964/386 1640/963/362 1641/979/362
f 1642/964/386 1641/979/362 1643/980/386
f 1644/965/364 1642/964/386 1643/980/386
f 1644/965/364 1643/980/386 1645/981/364
f 1646/966/377 1644/965/364 1645/981/364
f 1646/966/377 1645/981/364 1647/982/377
f 1648/967/366 1646/966/377 1647/982/377
f 1648/967/366 1647/982/377 1649/983/366
f 1650/968/367 1648/967/366 1649/983/366
f 1650/968/367 1649/983/366 1651/984/367
f 1652/969/368 1650/968/367 1651/984/367
f 1652/969/368 1651/984/367 1653/985/368
f 1654/970/369 1652/969/368 1653/985/368
f 1654/970/369 1653/985/368 1655/986/369
f 1656/758/370 1654/970/369 1655/986/369
f 1656/758/370 1655/986/369 1657/987/370
f 1658/971/375 1656/758/370 1657/987/370
f 1658/971/375 1657/987/370 1659/988/375
f 1660/972/372 1658/971/375 1659/988/375
f 1660/972/372 1659/988/375 1661/989/372
f 1662/973/373 1660/972/372 1661/989/372
f 1662/973/373 1661/989/372 1663/990/373
f 1664/974/387 1662/973/373 1663/990/373
f 1664/974/387 1663/990/373 1665/991/387
f 1666/975/360 1664/974/387 1665/991/387
f 1666/975/360 1665/991/387 1667/992/360
f 1668/977/368 1669/976/367 1670/993/367
f 1668/977/368 1670/993/367 1671/994/368
f 1672/978/388 1668/977/368 1671/994/368
f 1672/978/388 1671/994/368 1673/995/388
f 1674/979/370 1672/978/388 1673/995/388
f 1674/979/370 1673/995/388 1675/996/370
f 1676/980/375 1674/979/370 1675/996/370
f 1676/980/375 1675/996/370 1677/997/375
f 1678/981/372 1676/980/375 1677/997/375
f 1678/981/372 1677/997/375 1679/998/372
f 1680/982/373 1678/981/372 1679/998/372
f 1680/982/373 1679/998/372 1681/999/373
f 1682/983/374 1680/982/373 1681/999/373
f 1682/983/374 1681/999/373 1683/1000/374
f 1684/984/360 1682/983/374 1683/1000/374
f 1684/984/360 1683/1000/374 1685/1001/360
f 1686/985/359 1684/984/360 1685/1001/360
f 1686/985/359 1685/1001/360 1687/1002/359
f 1688/986/361 1686/985/359 1687/1002/359
f 1688/986/361 1687/1002/359 1689/791/361
f 1690/987/362 1688/986/361 1689/791/361
f 1690/987/362 1689/791/361 1691/1003/362
f 1692/988/363 1690/987/362 1691/1003/362
f 1692/988/363 1691/1003/362 1693/1004/363
f 1694/989/364 1692/988/363 1693/1004/363
f 1694/989/364 1693/1004/363 1695/1005/364
f 1696/990/377 1694/989/364 1695/1005/364
f 1696/990/377 1695/1005/364 1697/1006/377
f 1698/991/366 1696/990/377 1697/1006/377
f 1698/991/366 1697/1006/377 1699/1007/366
f 1700/992/378 1698/991/366 1699/1007/366
f 1700/992/378 1699/1007/366 1701/1008/378
f 1702/994/353 1703/993/352 1704/1009/352
f 1702/994/353 1704/1009/352 1705/1010/353
f 1706/995/354 1702/994/353 1705/1010/353
f 1706/995/354 1705/1010/353 1707/1011/354
f 1708/996/266 1706/995/354 1707/1011/354
f 1708/996/266 1707/1011/354 1709/1012/266
f 1710/997/355 1708/996/266 1709/1012/266
f 1710/997/355 1709/1012/266 1711/1013/355
f 1712/998/356 1710/997/355 1711/1013/355
f 1712/998/356 1711/1013/355 1713/1014/356
f 1714/999/357 1712/998/356 1713/1014/356
f 1714/999/357 1713/1014/356 1715/1015/357
f 1716/1000/358 1714/999/357 1715/1015/357
f 1716/1000/358 1715/1015/357 1717/1016/358
f 1718/1001/346 1716/1000/358 1717/1016/358
f 1718/1001/346 1717/1016/358 1719/1017/346
f 1720/1002/345 1718/1001/346 1719/1017/346
f 1720/1002/345 1719/1017/346 1721/1018/345
f 1722/791/347 1720/1002/345 1721/1018/345
f 1722/791/347 1721/1018/345 1723/808/347
f 1724/1003/269 1722/791/347 1723/808/347
f 1724/1003/269 1723/808/347 1725/809/269
f 1726/1004/348 1724/1003/269 1725/809/269
f 1726/1004/348 1725/809/269 1727/1019/348
f 1728/1005/349 1726/1004/348 1727/1019/348
f 1728/1005/349 1727/1019/348 1729/1020/349
f 1730/1006/350 1728/1005/349 1729/1020/349
f 1730/1006/350 1729/1020/349 1731/1021/350
f 1732/1007/351 1730/1006/350 1731/1021/350
f 1732/1007/351 1731/1021/350 1733/1022/351
f 1734/1008/352 1732/1007/351 1733/1022/351
f 1734/1008/352 1733/1022/351 1735/1023/352
f 1736/1010/337 1737/1009/336 1738/1024/336
f 1736/1010/337 1738/1024/336 1739/1025/337
f 1740/1011/385 1736/1010/337 1739/1025/337
f 1740/1011/385 1739/1025/337 1741/1026/385
f 1742/1012/339 1740/1011/385 1741/1026/385
f 1742/1012/339 1741/1026/385 1743/1027/339
f 1744/1013/379 1742/1012/339 1743/1027/339
f 1744/1013/379 1743/1027/339 1745/1028/379
f 1746/1014/341 1744/1013/379 1745/1028/379
f 1746/1014/341 1745/1028/379 1747/1029/341
f 1748/1015/342 1746/1014/341 1747/1029/341
f 1748/1015/342 1747/1029/341 1749/1030/342
f 1750/1016/343 1748/1015/342 1749/1030/342
f 1750/1016/343 1749/1030/342 1751/1031/343
f 1752/1017/328 1750/1016/343 1751/1031/343
f 1752/1017/328 1751/1031/343 1753/1032/328
f 1754/1018/327 1752/1017/328 1753/1032/328
f 1754/1018/327 1753/1032/328 1755/1033/327
f 1756/808/329 1754/1018/327 1755/1033/327
f 1756/808/329 1755/1033/327 1757/1034/329
f 1758/809/330 1756/808/329 1757/1034/329
f 1758/809/330 1757/1034/329 1759/1035/330
f 1760/1019/383 1758/809/330 1759/1035/330
f 1760/1019/383 1759/1035/330 1761/1036/383
f 1762/1020/332 1760/1019/383 1761/1036/383
f 1762/1020/332 1761/1036/383 1763/1037/332
f 1764/1021/333 1762/1020/332 1763/1037/332
f 1764/1021/333 1763/1037/332 1765/1038/333
f 1766/1022/334 1764/1021/333 1765/1038/333
f 1766/1022/334 1765/1038/333 1767/1039/334
f 1768/1023/335 1766/1022/334 1767/1039/334
f 1768/1023/335 1767/1039/334 1769/1040/336
f 1770/1041/389 1771/1042/390 1772/1043/391
f 1770/1041/389 1772/1043/391 1773/1044/392
f 1774/1042/393 1775/1045/393 1776/1046/394
f 1774/1042/393 1776/1046/394 1777/1043/395
f 1778/1045/396 1779/1047/396 1780/1048/397
f 1778/1045/396 1780/1048/397 1781/1046/398
f 1782/1047/399 1783/1049/399 1784/1050/400
f 1782/1047/399 1784/1050/400 1785/1048/401
f 1786/1049/402 1787/1051/403 1788/1052/404
f 1786/1049/402 1788/1052/404 1789/1050/405
f 1790/1051/406 1791/1053/406 1792/1054/407
f 1790/1051/406 1792/1054/407 1793/1052/408
f 1794/1053/409 1795/1055/410 1796/1056/411
f 1794/1053/409 1796/1056/411 1797/1054/412
f 1798/1055/413 1799/1057/413 1800/1058/414
f 1798/1055/413 1800/1058/414 1801/1056/415
f 1802/1057/416 1803/1059/416 1804/1060/417
f 1802/1057/416 1804/1060/417 1805/1058/418
f 1806/1059/419 1807/1061/420 1808/1062/421
f 1806/1059/419 1808/1062/421 1809/1060/422
f 1810/1061/423 1811/1063/423 1812/1064/424
f 1810/1061/423 1812/1064/424 1813/1062/425
f 1814/1063/426 1815/1065/426 1816/1066/427
f 1814/1063/426 1816/1066/427 1817/1064/428
f 1818/1067/429 1819/1068/430 1820/1069/431
f 1818/1067/429 1820/1069/431 1821/1070/432
f 1822/1068/433 1823/1071/434 1824/1072/435
f 1822/1068/433 1824/1072/435 1825/1069/436
f 1826/1071/437 1827/1073/438 1828/1074/439
f 1826/1071/437 1828/1074/439 1829/1072/440
f 1830/1073/441 1831/1075/442 1832/1076/443
f 1830/1073/441 1832/1076/443 1833/1074/444
f 1834/1075/445 1835/1077/446 1836/1078/447
f 1834/1075/445 1836/1078/447 1837/1076/448
f 1838/1077/449 1839/1079/450 1840/1080/451
f 1838/1077/449 1840/1080/451 1841/1078/452
f 1842/1079/453 1843/1081/454 1844/1082/455
f 1842/1079/453 1844/1082/455 1845/1080/456
f 1846/1081/457 1847/1083/458 1848/1084/459
f 1846/1081/457 1848/1084/459 1849/1082/460
f 1850/1083/461 1851/1085/462 1852/1086/463
f 1850/1083/461 1852/1086/463 1853/1084/464
f 1854/1085/465 1855/1087/466 1856/1088/467
f 1854/1085/465 1856/1088/467 1857/1086/468
f 1858/1087/469 1859/1089/470 1860/1090/471
f 1858/1087/469 1860/1090/471 1861/1088/472
f 1862/1089/473 1863/1091/474 1864/1092/475
f 1862/1089/473 1864/1092/475 1865/1090/475
f 1866/1093/476 1867/1094/477 1868/1095/478
f 1866/1093/476 1868/1095/478 1869/1096/479
f 1870/1094/480 1871/1097/481 1872/1098/482
f 1870/1094/480 1872/1098/482 1873/1095/483
f 1874/1097/484 1875/1099/485 1876/1100/486
f 1874/1097/484 1876/1100/486 1877/1098/487
f 1878/1099/488 1879/1101/489 1880/1102/490
f 1878/1099/488 1880/1102/490 1881/1100/491
f 1882/1101/492 1883/1103/493 1884/1104/494
f 1882/1101/492 1884/1104/494 1885/1102/495
f 1886/1103/496 1887/1105/497 1888/1106/498
f 1886/1103/496 1888/1106/498 1889/1104/499
f 1890/1105/500 1891/1107/501 1892/1108/502
f 1890/1105/500 1892/1108/502 1893/1106/503
f 1894/1107/504 1895/1109/505 1896/1110/506
f 1894/1107/504 1896/1110/506 1897/1108/507
f 1898/1109/508 1899/1111/509 1900/1112/510
f 1898/1109/508 1900/1112/510 1901/1110/511
f 1902/1111/512 1903/1113/513 1904/1114/514
f 1902/1111/512 1904/1114/514 1905/1112/515
f 1906/1113/516 1907/1115/517 1908/1116/518
f 1906/1113/516 1908/1116/518 1909/1114/519
f 1910/1115/520 1911/1117/521 1912/1118/522
f 1910/1115/520 1912/1118/522 1913/1116/523
f 1869/1096/479 1868/1095/478 1914/1119/524
f 1869/1096/479 1914/1119/524 1915/1120/524
f 1873/1095/483 1872/1098/482 1916/1121/525
f 1873/1095/483 1916/1121/525 1917/1119/525
f 1877/1098/487 1876/1100/486 1918/1122/526
f 1877/1098/487 1918/1122/526 1919/1121/526
f 1881/1100/491 1880/1102/490 1920/1123/527
f 1881/1100/491 1920/1123/527 1921/1122/527
f 1885/1102/495 1884/1104/494 1922/1124/528
f 1885/1102/495 1922/1124/528 1923/1123/528
f 1889/1104/499 1888/1106/498 1924/1125/529
f 1889/1104/499 1924/1125/529 1925/1124/529
f 1893/1106/503 1892/1108/502 1926/1126/530
f 1893/1106/503 1926/1126/530 1927/1125/530
f 1897/1108/507 1896/1110/506 1928/1127/531
f 1897/1108/507 1928/1127/531 1929/1126/531
f 1901/1110/511 1900/1112/510 1930/1128/532
f 1901/1110/511 1930/1128/532 1931/1127/532
f 1905/1112/515 1904/1114/514 1932/1129/533
f 1905/1112/515 1932/1129/533 1933/1128/533
f 1909/1114/519 1908/1116/518 1934/1130/534
f 1909/1114/519 1934/1130/534 1935/1129/534
f 1913/1116/523 1912/1118/522 1936/1131/535
f 1913/1116/523 1936/1131/535 1937/1130/535
f 1821/1070/432 1820/1069/431 1867/1094/477
f 1821/1070/432 1867/1094/477 1866/1093/476
f 1825/1069/436 1824/1072/435 1871/1097/481
f 1825/1069/436 1871/1097/481 1870/1094/480
f 1829/1072/440 1828/1074/439 1875/1099/485
f 1829/1072/440 1875/1099/485 1874/1097/484
f 1833/1074/444 1832/1076/443 1879/1101/489
f 1833/1074/444 1879/1101/489 1878/1099/488
f 1837/1076/448 1836/1078/447 1883/1103/493
f 1837/1076/448 1883/1103/493 1882/1101/492
f 1841/1078/452 1840/1080/451 1887/1105/497
f 1841/1078/452 1887/1105/497 1886/1103/496
f 1845/1080/456 1844/1082/455 1891/1107/501
f 1845/1080/456 1891/1107/501 1890/1105/500
f 1849/1082/460 1848/1084/459 1895/1109/505
f 1849/1082/460 1895/1109/505 1894/1107/504
f 1853/1084/464 1852/1086/463 1899/1111/509
f 1853/1084/464 1899/1111/509 1898/1109/508
f 1857/1086/468 1856/1088/467 1903/1113/513
f 1857/1086/468 1903/1113/513 1902/1111/512
f 1861/1088/472 1860/1090/471 1907/1115/517
f 1861/1088/472 1907/1115/517 1906/1113/516
f 1865/1090/475 1864/1092/475 1911/1117/521
f 1865/1090/475 1911/1117/521 1910/1115/520
f 1773/1044/392 1772/1043/391 1819/1068/430
f 1773/1044/392 1819/1068/430 1818/1067/429
f 1777/1043/395 1776/1046/394 1823/1071/434
f 1777/1043/395 1823/1071/434 1822/1068/433
f 1781/1046/398 1780/1048/397 1827/1073/438
f 1781/1046/398 1827/1073/438 1826/1071/437
f 1785/1048/401 1784/1050/400 1831/1075/442
f 1785/1048/401 1831/1075/442 1830/1073/441
f 1789/1050/405 1788/1052/404 1835/1077/446
f 1789/1050/405 1835/1077/446 1834/1075/445
f 1793/1052/408 1792/1054/407 1839/1079/450
f 1793/1052/408 1839/1079/450 1838/1077/449
f 1797/1054/412 1796/1056/411 1843/1081/454
f 1797/1054/412 1843/1081/454 1842/1079/453
f 1801/1056/415 1800/1058/414 1847/1083/458
f 1801/1056/415 1847/1083/458 1846/1081/457
f 1805/1058/418 1804/1060/417 1851/1085/462
f 1805/1058/418 1851/1085/462 1850/1083/461
f 1809/1060/422 1808/1062/421 1855/1087/466
f 1809/1060/422 1855/1087/466 1854/1085/465
f 1813/1062/425 1812/1064/424 1859/1089/470
f 1813/1062/425 1859/1089/470 1858/1087/469
f 1817/1064/428 1816/1066/427 1863/1091/474
f 1817/1064/428 1863/1091/474 1862/1089/473
f 1938/1132/536 1939/1133/537 1940/1134/538
f 1938/1132/536 1940/1134/538 1941/1135/539
f 1942/1133/540 1943/1136/540 1944/1137/541
f 1942/1133/540 1944/1137/541 1945/1134/542
f 1946/1136/543 1947/1138/543 1948/1139/544
f 1946/1136/543 1948/1139/544 1949/1137/545
f 1950/1138/546 1951/1140/546 1952/1141/547
f 1950/1138/546 1952/1141/547 1953/1139/548
f 1954/1140/549 1955/1142/549 1956/1143/550
f 1954/1140/549 1956/1143/550 1957/1141/551
f 1958/1142/552 1959/1144/553 1960/1145/554
f 1958/1142/552 1960/1145/554 1961/1143/555
f 1962/1144/556 1963/1146/556 1964/1147/557
f 1962/1144/556 1964/1147/557 1965/1145/558
f 1966/1146/559 1967/1148/559 1968/1149/560
f 1966/1146/559 1968/1149/560 1969/1147/561
f 1970/1148/562 1971/1150/563 1972/1151/564
f 1970/1148/562 1972/1151/564 1973/1149/564
f 1974/1150/565 1975/1152/565 1976/1153/566
f 1974/1150/565 1976/1153/566 1977/1151/567
f 1978/1152/568 1979/1154/568 1980/1155/569
f 1978/1152/568 1980/1155/569 1981/1153/570
f 1982/1154/571 1983/1156/572 1984/1157/573
f 1982/1154/571 1984/1157/573 1985/1155/573
f 1986/1158/574 1987/1159/575 1988/1160/576
f 1986/1158/574 1988/1160/576 1989/1161/577
f 1990/1159/578 1991/1162/579 1992/1163/580
f 1990/1159/578 1992/1163/580 1993/1160/581
f 1994/1162/582 1995/1164/583 1996/1165/584
f 1994/1162/582 1996/1165/584 1997/1163/585
f 1998/1164/586 1999/1166/587 2000/1167/588
f 1998/1164/586 2000/1167/588 2001/1165/589
f 2002/1166/590 2003/1168/591 2004/1169/592
f 2002/1166/590 2004/1169/592 2005/1167/593
f 2006/1168/594 2007/1170/595 2008/1171/596
f 2006/1168/594 2008/1171/596 2009/1169/597
f 2010/1170/598 2011/1172/599 2012/1173/600
f 2010/1170/598 2012/1173/600 2013/1171/601
f 2014/1172/602 2015/1174/603 2016/1175/604
f 2014/1172/602 2016/1175/604 2017/1173/605
f 2018/1174/606 2019/1176/607 2020/1177/608
f 2018/1174/606 2020/1177/608 2021/1175/609
f 2022/1176/610 2023/1178/611 2024/1179/612
f 2022/1176/610 2024/1179/612 2025/1177/613
f 2026/1178/614 2027/1180/615 2028/1181/616
f 2026/1178/614 2028/1181/616 2029/1179/617
f 2030/1180/618 2031/1182/619 2032/1183/620
f 2030/1180/618 2032/1183/620 2033/1181/621
f 2034/1184/622 2035/1185/623 2036/1186/624
f 2034/1184/622 2036/1186/624 2037/1187/625
f 2038/1185/626 2039/1188/627 2040/1189/628
f 2038/1185/626 2040/1189/628 2041/1186/629
f 2042/1188/630 2043/1190/631 2044/1191/632
f 2042/1188/630 2044/1191/632 2045/1189/633
f 2046/1190/634 2047/1192/635 2048/1193/636
f 2046/1190/634 2048/1193/636 2049/1191/637
f 2050/1192/638 2051/1194/639 2052/1195/640
f 2050/1192/638 2052/1195/640 2053/1193/641
f 2054/1194/642 2055/1196/643 2056/1197/644
f 2054/1194/642 2056/1197/644 2057/1195/645
f 2058/1196/646 2059/1198/647 2060/1199/648
f 2058/1196/646 2060/1199/648 2061/1197/649
f 2062/1198/650 2063/1200/651 2064/1201/652
f 2062/1198/650 2064/1201/652 2065/1199/653
f 2066/1200/654 2067/1202/655 2068/1203/656
f 2066/1200/654 2068/1203/656 2069/1201/657
f 2070/1202/658 2071/1204/659 2072/1205/660
f 2070/1202/658 2072/1205/660 2073/1203/661
f 2074/1204/662 2075/1206/663 2076/1207/664
f 2074/1204/662 2076/1207/664 2077/1205/665
f 2078/1206/666 2079/1208/667 2080/1209/668
f 2078/1206/666 2080/1209/668 2081/1207/669
f 2037/1187/625 2036/1186/624 2082/1210/670
f 2037/1187/625 2082/1210/670 2083/1211/670
f 2041/1186/629 2040/1189/628 2084/1212/671
f 2041/1186/629 2084/1212/671 2085/1210/671
f 2045/1189/633 2044/1191/632 2086/1213/672
f 2045/1189/633 2086/1213/672 2087/1212/672
f 2049/1191/637 2048/1193/636 2088/1214/673
f 2049/1191/637 2088/1214/673 2089/1213/673
f 2053/1193/641 2052/1195/640 2090/1215/674
f 2053/1193/641 2090/1215/674 2091/1214/674
f 2057/1195/645 2056/1197/644 2092/1216/675
f 2057/1195/645 2092/1216/675 2093/1215/675
f 2061/1197/649 2060/1199/648 2094/1217/676
f 2061/1197/649 2094/1217/676 2095/1216/677
f 2065/1199/653 2064/1201/652 2096/1218/678
f 2065/1199/653 2096/1218/678 2097/1217/678
f 2069/1201/657 2068/1203/656 2098/1219/679
f 2069/1201/657 2098/1219/679 2099/1218/679
f 2073/1203/661 2072/1205/660 2100/1220/680
f 2073/1203/661 2100/1220/680 2101/1219/680
f 2077/1205/665 2076/1207/664 2102/1221/681
f 2077/1205/665 2102/1221/681 2103/1220/681
f 2081/1207/669 2080/1209/668 2104/1222/682
f 2081/1207/669 2104/1222/682 2105/1221/682
f 1989/1161/577 1988/1160/576 2035/1185/623
f 1989/1161/577 2035/1185/623 2034/1184/622
f 1993/1160/581 1992/1163/580 2039/1188/627
f 1993/1160/581 2039/1188/627 2038/1185/626
f 1997/1163/585 1996/1165/584 2043/1190/631
f 1997/1163/585 2043/1190/631 2042/1188/630
f 2001/1165/589 2000/1167/588 2047/1192/635
f 2001/1165/589 2047/1192/635 2046/1190/634
f 2005/1167/593 2004/1169/592 2051/1194/639
f 2005/1167/593 2051/1194/639 2050/1192/638
f 2009/1169/597 2008/1171/596 2055/1196/643
f 2009/1169/597 2055/1196/643 2054/1194/642
f 2013/1171/601 2012/1173/600 2059/1198/647
f 2013/1171/601 2059/1198/647 2058/1196/646
f 2017/1173/605 2016/1175/604 2063/1200/651
f 2017/1173/605 2063/1200/651 2062/1198/650
f 2021/1175/609 2020/1177/608 2067/1202/655
f 2021/1175/609 2067/1202/655 2066/1200/654
f 2025/1177/613 2024/1179/612 2071/1204/659
f 2025/1177/613 2071/1204/659 2070/1202/658
f 2029/1179/617 2028/1181/616 2075/1206/663
f 2029/1179/617 2075/1206/663 2074/1204/662
f 2033/1181/621 2032/1183/620 2079/1208/667
f 2033/1181/621 2079/1208/667 2078/1206/666
f 1941/1135/539 1940/1134/538 1987/1159/575
f 1941/1135/539 1987/1159/575 1986/1158/574
f 1945/1134/542 1944/1137/541 1991/1162/579
f 1945/1134/542 1991/1162/579 1990/1159/578
f 1949/1137/545 1948/1139/544 1995/1164/583
f 1949/1137/545 1995/1164/583 1994/1162/582
f 1953/1139/548 1952/1141/547 1999/1166/587
f 1953/1139/548 1999/1166/587 1998/1164/586
f 1957/1141/551 1956/1143/550 2003/1168/591
f 1957/1141/551 2003/1168/591 2002/1166/590
f 1961/1143/555 1960/1145/554 2007/1170/595
f 1961/1143/555 2007/1170/595 2006/1168/594
f 1965/1145/558 1964/1147/557 2011/1172/599
f 1965/1145/558 2011/1172/599 2010/1170/598
f 1969/1147/561 1968/1149/560 2015/1174/603
f 1969/1147/561 2015/1174/603 2014/1172/602
f 1973/1149/564 1972/1151/564 2019/1176/607
f 1973/1149/564 2019/1176/607 2018/1174/606
f 1977/1151/567 1976/1153/566 2023/1178/611
f 1977/1151/567 2023/1178/611 2022/1176/610
f 1981/1153/570 1980/1155/569 2027/1180/615
f 1981/1153/570 2027/1180/615 2026/1178/614
f 1985/1155/573 1984/1157/573 2031/1182/619
f 1985/1155/573 2031/1182/619 2030/1180/618
f 2106/1223/683 2107/1224/684 2108/1225/685
f 2106/1223/683 2108/1225/685 2109/1226/686
f 2110/1224/687 2111/1227/687 2112/1228/688
f 2110/1224/687 2112/1228/688 2113/1225/689
f 2114/1227/690 2115/1229/690 2116/1230/691
f 2114/1227/690 2116/1230/691 2117/1228/692
f 2118/1229/693 2119/1231/693 2120/1232/694
f 2118/1229/693 2120/1232/694 2121/1230/695
f 2122/1231/696 2123/1233/696 2124/1234/697
f 2122/1231/696 2124/1234/697 2125/1232/698
f 2126/1233/699 2127/1235/699 2128/1236/700
f 2126/1233/699 2128/1236/700 2129/1234/701
f 2130/1235/702 2131/1237/702 2132/1238/703
f 2130/1235/702 2132/1238/703 2133/1236/704
f 2134/1237/705 2135/1239/705 2136/1240/706
f 2134/1237/705 2136/1240/706 2137/1238/707
f 2138/1239/708 2139/1241/708 2140/1242/709
f 2138/1239/708 2140/1242/709 2141/1240/710
f 2142/1241/711 2143/1243/711 2144/1244/712
f 2142/1241/711 2144/1244/712 2145/1242/713
f 2146/1243/714 2147/1245/714 2148/1246/715
f 2146/1243/714 2148/1246/715 2149/1244/716
f 2150/1245/717 2151/1247/717 2152/1248/718
f 2150/1245/717 2152/1248/718 2153/1246/719
f 2154/1249/720 2155/1250/721 2156/1251/722
f 2154/1249/720 2156/1251/722 2157/1252/723
f 2158/1250/724 2159/1253/725 2160/1254/726
f 2158/1250/724 2160/1254/726 2161/1251/727
f 2162/1253/728 2163/1255/729 2164/1256/730
f 2162/1253/728 2164/1256/730 2165/1254/731
f 2166/1255/732 2167/1257/733 2168/1258/734
f 2166/1255/732 2168/1258/734 2169/1256/735
f 2170/1257/736 2171/1259/737 2172/1260/738
f 2170/1257/736 2172/1260/738 2173/1258/739
f 2174/1259/740 2175/1261/741 2176/1262/742
f 2174/1259/740 2176/1262/742 2177/1260/743
f 2178/1261/744 2179/1263/745 2180/1264/746
f 2178/1261/744 2180/1264/746 2181/1262/747
f 2182/1263/748 2183/1265/749 2184/1266/750
f 2182/1263/748 2184/1266/750 2185/1264/751
f 2186/1265/752 2187/1267/753 2188/1268/754
f 2186/1265/752 2188/1268/754 2189/1266/755
f 2190/1267/756 2191/1269/757 2192/1270/758
f 2190/1267/756 2192/1270/758 2193/1268/759
f 2194/1269/760 2195/1271/761 2196/1272/762
f 2194/1269/760 2196/1272/762 2197/1270/763
f 2198/1271/764 2199/1273/765 2200/1274/766
f 2198/1271/764 2200/1274/766 2201/1272/767
f 2202/1275/768 2203/1276/769 2204/1277/770
f 2202/1275/768 2204/1277/770 2205/1278/771
f 2206/1276/772 2207/1279/773 2208/1280/774
f 2206/1276/772 2208/1280/774 2209/1277/775
f 2210/1279/776 2211/1281/777 2212/1282/778
f 2210/1279/776 2212/1282/778 2213/1280/779
f 2214/1281/780 2215/1283/781 2216/1284/782
f 2214/1281/780 2216/1284/782 2217/1282/783
f 2218/1283/784 2219/1285/785 2220/1286/786
f 2218/1283/784 2220/1286/786 2221/1284/787
f 2222/1285/788 2223/1287/789 2224/1288/790
f 2222/1285/788 2224/1288/790 2225/1286/791
f 2226/1287/792 2227/1289/793 2228/1290/794
f 2226/1287/792 2228/1290/794 2229/1288/795
f 2230/1289/796 2231/1291/797 2232/1292/798
f 2230/1289/796 2232/1292/798 2233/1290/799
f 2234/1291/800 2235/1293/801 2236/1294/802
f 2234/1291/800 2236/1294/802 2237/1292/803
f 2238/1293/804 2239/1295/805 2240/1296/806
f 2238/1293/804 2240/1296/806 2241/1294/807
f 2242/1295/808 2243/1297/809 2244/1298/810
f 2242/1295/808 2244/1298/810 2245/1296/811
f 2246/1297/812 2247/1299/813 2248/1300/814
f 2246/1297/812 2248/1300/814 2249/1298/815
f 2205/1278/771 2204/1277/770 2250/1301/816
f 2205/1278/771 2250/1301/816 2251/1302/816
f 2209/1277/775 2208/1280/774 2252/1303/817
f 2209/1277/775 2252/1303/817 2253/1301/817
f 2213/1280/779 2212/1282/778 2254/1304/818
f 2213/1280/779 2254/1304/818 2255/1303/819
f 2217/1282/783 2216/1284/782 2256/1305/820
f 2217/1282/783 2256/1305/820 2257/1304/820
f 2221/1284/787 2220/1286/786 2258/1306/821
f 2221/1284/787 2258/1306/821 2259/1305/821
f 2225/1286/791 2224/1288/790 2260/1307/822
f 2225/1286/791 2260/1307/822 2261/1306/822
f 2229/1288/795 2228/1290/794 2262/1308/823
f 2229/1288/795 2262/1308/823 2263/1307/823
f 2233/1290/799 2232/1292/798 2264/1309/824
f 2233/1290/799 2264/1309/824 2265/1308/824
f 2237/1292/803 2236/1294/802 2266/1310/825
f 2237/1292/803 2266/1310/825 2267/1309/825
f 2241/1294/807 2240/1296/806 2268/1311/826
f 2241/1294/807 2268/1311/826 2269/1310/826
f 2245/1296/811 2244/1298/810 2270/1312/827
f 2245/1296/811 2270/1312/827 2271/1311/827
f 2249/1298/815 2248/1300/814 2272/1313/828
f 2249/1298/815 2272/1313/828 2273/1312/828
f 2157/1252/723 2156/1251/722 2203/1276/769
f 2157/1252/723 2203/1276/769 2202/1275/768
f 2161/1251/727 2160/1254/726 2207/1279/773
f 2161/1251/727 2207/1279/773 2206/1276/772
f 2165/1254/731 2164/1256/730 2211/1281/777
f 2165/1254/731 2211/1281/777 2210/1279/776
f 2169/1256/735 2168/1258/734 2215/1283/781
f 2169/1256/735 2215/1283/781 2214/1281/780
f 2173/1258/739 2172/1260/738 2219/1285/785
f 2173/1258/739 2219/1285/785 2218/1283/784
f 2177/1260/743 2176/1262/742 2223/1287/789
f 2177/1260/743 2223/1287/789 2222/1285/788
f 2181/1262/747 2180/1264/746 2227/1289/793
f 2181/1262/747 2227/1289/793 2226/1287/792
f 2185/1264/751 2184/1266/750 2231/1291/797
f 2185/1264/751 2231/1291/797 2230/1289/796
f 2189/1266/755 2188/1268/754 2235/1293/801
f 2189/1266/755 2235/1293/801 2234/1291/800
f 2193/1268/759 2192/1270/758 2239/1295/805
f 2193/1268/759 2239/1295/805 2238/1293/804
f 2197/1270/763 2196/1272/762 2243/1297/809
f 2197/1270/763 2243/1297/809 2242/1295/808
f 2201/1272/767 2200/1274/766 2247/1299/813
f 2201/1272/767 2247/1299/813 2246/1297/812
f 2109/1226/686 2108/1225/685 2155/1250/721
f 2109/1226/686 2155/1250/721 2154/1249/720
f 2113/1225/689 2112/1228/688 2159/1253/725
f 2113/1225/689 2159/1253/725 2158/1250/724
f 2117/1228/692 2116/1230/691 2163/1255/729
f 2117/1228/692 2163/1255/729 2162/1253/728
f 2121/1230/695 2120/1232/694 2167/1257/733
f 2121/1230/695 2167/1257/733 2166/1255/732
f 2125/1232/698 2124/1234/697 2171/1259/737
f 2125/1232/698 2171/1259/737 2170/1257/736
f 2129/1234/701 2128/1236/700 2175/1261/741
f 2129/1234/701 2175/1261/741 2174/1259/740
f 2133/1236/704 2132/1238/703 2179/1263/745
f 2133/1236/704 2179/1263/745 2178/1261/744
f 2137/1238/707 2136/1240/706 2183/1265/749
f 2137/1238/707 2183/1265/749 2182/1263/748
f 2141/1240/710 2140/1242/709 2187/1267/753
f 2141/1240/710 2187/1267/753 2186/1265/752
f 2145/1242/713 2144/1244/712 2191/1269/757
f 2145/1242/713 2191/1269/757 2190/1267/756
f 2149/1244/716 2148/1246/715 2195/1271/761
f 2149/1244/716 2195/1271/761 2194/1269/760
f 2153/1246/719 2152/1248/718 2199/1273/765
f 2153/1246/719 2199/1273/765 2198/1271/764
f 2274/1314/829 2275/1315/829 2276/1316/830
f 2274/1314/829 2276/1316/830 2277/1317/831
f 2278/1315/832 2279/1318/832 2280/1319/833
f 2278/1315/832 2280/1319/833 2281/1316/834
f 2282/1318/835 2283/1320/835 2284/1321/836
f 2282/1318/835 2284/1321/836 2285/1319/837
f 2286/1320/838 2287/1322/838 2288/1323/839
f 2286/1320/838 2288/1323/839 2289/1321/840
f 2290/1322/841 2291/1324/841 2292/1325/842
f 2290/1322/841 2292/1325/842 2293/1323/843
f 2294/1324/844 2295/1326/844 2296/1327/845
f 2294/1324/844 2296/1327/845 2297/1325/846
f 2298/1326/847 2299/1328/847 2300/1329/848
f 2298/1326/847 2300/1329/848 2301/1327/849
f 2302/1328/850 2303/1330/851 2304/1331/852
f 2302/1328/850 2304/1331/852 2305/1329/853
f 2306/1330/854 2307/1332/854 2308/1333/855
f 2306/1330/854 2308/1333/855 2309/1331/856
f 2310/1332/857 2311/1334/857 2312/1335/858
f 2310/1332/857 2312/1335/858 2313/1333/859
f 2314/1334/860 2315/1336/860 2316/1337/861
f 2314/1334/860 2316/1337/861 2317/1335/862
f 2318/1336/863 2319/1338/863 2320/1339/864
f 2318/1336/863 2320/1339/864 2321/1337/865
f 2322/1340/866 2323/1341/867 2324/1342/868
f 2322/1340/866 2324/1342/868 2325/1343/869
f 2326/1341/870 2327/1344/871 2328/1345/872
f 2326/1341/870 2328/1345/872 2329/1342/873
f 2330/1344/874 2331/1346/875 2332/1347/876
f 2330/1344/874 2332/1347/876 2333/1345/877
f 2334/1346/878 2335/1348/879 2336/1349/880
f 2334/1346/878 2336/1349/880 2337/1347/881
f 2338/1348/882 2339/1350/883 2340/1351/884
f 2338/1348/882 2340/1351/884 2341/1349/885
f 2342/1350/886 2343/1352/887 2344/1353/888
f 2342/1350/886 2344/1353/888 2345/1351/889
f 2346/1352/890 2347/1354/891 2348/1355/892
f 2346/1352/890 2348/1355/892 2349/1353/893
f 2350/1354/894 2351/1356/895 2352/1357/896
f 2350/1354/894 2352/1357/896 2353/1355/897
f 2354/1356/898 2355/1358/899 2356/1359/900
f 2354/1356/898 2356/1359/900 2357/1357/901
f 2358/1358/902 2359/1360/903 2360/1361/904
f 2358/1358/902 2360/1361/904 2361/1359/905
f 2362/1360/906 2363/1362/907 2364/1363/908
f 2362/1360/906 2364/1363/908 2365/1361/909
f 2366/1362/910 2367/1364/911 2368/1365/912
f 2366/1362/910 2368/1365/912 2369/1363/913
f 2370/1366/914 2371/1367/915 2372/1368/916
f 2370/1366/914 2372/1368/916 2373/1369/917
f 2374/1367/918 2375/1370/919 2376/1371/920
f 2374/1367/918 2376/1371/920 2377/1368/921
f 2378/1370/922 2379/1372/923 2380/1373/924
f 2378/1370/922 2380/1373/924 2381/1371/925
f 2382/1372/926 2383/1374/927 2384/1375/928
f 2382/1372/926 2384/1375/928 2385/1373/929
f 2386/1374/930 2387/1376/931 2388/1377/932
f 2386/1374/930 2388/1377/932 2389/1375/933
f 2390/1376/934 2391/1378/935 2392/1379/936
f 2390/1376/934 2392/1379/936 2393/1377/937
f 2394/1378/938 2395/1380/939 2396/1381/940
f 2394/1378/938 2396/1381/940 2397/1379/941
f 2398/1380/942 2399/1382/943 2400/1383/944
f 2398/1380/942 2400/1383/944 2401/1381/945
f 2402/1382/946 2403/1384/947 2404/1385/948
f 2402/1382/946 2404/1385/948 2405/1383/949
f 2406/1384/950 2407/1386/951 2408/1387/952
f 2406/1384/950 2408/1387/952 2409/1385/953
f 2410/1386/954 2411/1388/955 2412/1389/956
f 2410/1386/954 2412/1389/956 2413/1387/957
f 2414/1388/958 2415/1390/959 2416/1391/960
f 2414/1388/958 2416/1391/960 2417/1389/961
f 2373/1369/917 2372/1368/916 2418/1392/962
f 2373/1369/917 2418/1392/962 2419/1393/962
f 2377/1368/921 2376/1371/920 2420/1394/963
f 2377/1368/921 2420/1394/963 2421/1392/963
f 2381/1371/925 2380/1373/924 2422/1395/964
f 2381/1371/925 2422/1395/964 2423/1394/964
f 2385/1373/929 2384/1375/928 2424/1396/965
f 2385/1373/929 2424/1396/965 2425/1395/965
f 2389/1375/933 2388/1377/932 2426/1397/966
f 2389/1375/933 2426/1397/966 2427/1396/966
f 2393/1377/937 2392/1379/936 2428/1398/967
f 2393/1377/937 2428/1398/967 2429/1397/967
f 2397/1379/941 2396/1381/940 2430/1399/968
f 2397/1379/941 2430/1399/968 2431/1398/968
f 2401/1381/945 2400/1383/944 2432/1400/969
f 2401/1381/945 2432/1400/969 2433/1399/969
f 2405/1383/949 2404/1385/948 2434/1401/970
f 2405/1383/949 2434/1401/970 2435/1400/970
f 2409/1385/953 2408/1387/952 2436/1402/971
f 2409/1385/953 2436/1402/971 2437/1401/971
f 2413/1387/957 2412/1389/956 2438/1403/972
f 2413/1387/957 2438/1403/972 2439/1402/972
f 2417/1389/961 2416/1391/960 2440/1404/973
f 2417/1389/961 2440/1404/973 2441/1403/973
f 2325/1343/869 2324/1342/868 2371/1367/915
f 2325/1343/869 2371/1367/915 2370/1366/914
f 2329/1342/873 2328/1345/872 2375/1370/919
f 2329/1342/873 2375/1370/919 2374/1367/918
f 2333/1345/877 2332/1347/876 2379/1372/923
f 2333/1345/877 2379/1372/923 2378/1370/922
f 2337/1347/881 2336/1349/880 2383/1374/927
f 2337/1347/881 2383/1374/927 2382/1372/926
f 2341/1349/885 2340/1351/884 2387/1376/931
f 2341/1349/885 2387/1376/931 2386/1374/930
f 2345/1351/889 2344/1353/888 2391/1378/935
f 2345/1351/889 2391/1378/935 2390/1376/934
f 2349/1353/893 2348/1355/892 2395/1380/939
f 2349/1353/893 2395/1380/939 2394/1378/938
f 2353/1355/897 2352/1357/896 2399/1382/943
f 2353/1355/897 2399/1382/943 2398/1380/942
f 2357/1357/901 2356/1359/900 2403/1384/947
f 2357/1357/901 2403/1384/947 2402/1382/946
f 2361/1359/905 2360/1361/904 2407/1386/951
f 2361/1359/905 2407/1386/951 2406/1384/950
f 2365/1361/909 2364/1363/908 2411/1388/955
f 2365/1361/909 2411/1388/955 2410/1386/954
f 2369/1363/913 2368/1365/912 2415/1390/959
f 2369/1363/913 2415/1390/959 2414/1388/958
f 2277/1317/831 2276/1316/830 2323/1341/867
f 2277/1317/831 2323/1341/867 2322/1340/866
f 2281/1316/834 2280/1319/833 2327/1344/871
f 2281/1316/834 2327/1344/871 2326/1341/870
f 2285/1319/837 2284/1321/836 2331/1346/875
f 2285/1319/837 2331/1346/875 2330/1344/874
f 2289/1321/840 2288/1323/839 2335/1348/879
f 2289/1321/840 2335/1348/879 2334/1346/878
f 2293/1323/843 2292/1325/842 2339/1350/883
f 2293/1323/843 2339/1350/883 2338/1348/882
f 2297/1325/846 2296/1327/845 2343/1352/887
f 2297/1325/846 2343/1352/887 2342/1350/886
f 2301/1327/849 2300/1329/848 2347/1354/891
f 2301/1327/849 2347/1354/891 2346/1352/890
f 2305/1329/853 2304/1331/852 2351/1356/895
f 2305/1329/853 2351/1356/895 2350/1354/894
f 2309/1331/856 2308/1333/855 2355/1358/899
f 2309/1331/856 2355/1358/899 2354/1356/898
f 2313/1333/859 2312/1335/858 2359/1360/903
f 2313/1333/859 2359/1360/903 2358/1358/902
f 2317/1335/862 2316/1337/861 2363/1362/907
f 2317/1335/862 2363/1362/907 2362/1360/906
f 2321/1337/865 2320/1339/864 2367/1364/911
f 2321/1337/865 2367/1364/911 2366/1362/910
f 2442/1405/974 2443/1406/974 2444/1407/975
f 2442/1405/974 2444/1407/975 2445/1408/976
f 2446/1406/977 2447/1409/977 2448/1410/978
f 2446/1406/977 2448/1410/978 2449/1407/979
f 2450/1409/980 2451/1411/980 2452/1412/981
f 2450/1409/980 2452/1412/981 2453/1410/982
f 2454/1411/983 2455/1413/984 2456/1414/985
f 2454/1411/983 2456/1414/985 2457/1412/986
f 2458/1413/987 2459/1415/987 2460/1416/988
f 2458/1413/987 2460/1416/988 2461/1414/989
f 2462/1415/990 2463/1417/990 2464/1418/991
f 2462/1415/990 2464/1418/991 2465/1416/992
f 2466/1417/993 2467/1419/993 2468/1420/994
f 2466/1417/993 2468/1420/994 2469/1418/995
f 2470/1419/996 2471/1421/996 2472/1422/997
f 2470/1419/996 2472/1422/997 2473/1420/998
f 2474/1421/999 2475/1423/999 2476/1424/1000
f 2474/1421/999 2476/1424/1000 2477/1422/1001
f 2478/1423/1002 2479/1425/1002 2480/1426/1003
f 2478/1423/1002 2480/1426/1003 2481/1424/1004
f 2482/1425/1005 2483/1427/1005 2484/1428/1006
f 2482/1425/1005 2484/1428/1006 2485/1426/1007
f 2486/1427/1008 2487/1429/1008 2488/1430/1009
f 2486/1427/1008 2488/1430/1009 2489/1428/1010
f 2490/1431/1011 2491/1432/1012 2492/1433/1013
f 2490/1431/1011 2492/1433/1013 2493/1434/1014
f 2494/1432/1015 2495/1435/1016 2496/1436/1017
f 2494/1432/1015 2496/1436/1017 2497/1433/1018
f 2498/1435/1019 2499/1437/1020 2500/1438/1021
f 2498/1435/1019 2500/1438/1021 2501/1436/1022
f 2502/1437/1023 2503/1439/1024 2504/1440/1025
f 2502/1437/1023 2504/1440/1025 2505/1438/1026
f 2506/1439/1027 2507/1441/1028 2508/1442/1029
f 2506/1439/1027 2508/1442/1029 2509/1440/1030
f 2510/1441/1031 2511/1443/1032 2512/1444/1033
f 2510/1441/1031 2512/1444/1033 2513/1442/1034
f 2514/1443/1035 2515/1445/1036 2516/1446/1037
f 2514/1443/1035 2516/1446/1037 2517/1444/1038
f 2518/1445/1039 2519/1447/1040 2520/1448/1041
f 2518/1445/1039 2520/1448/1041 2521/1446/1042
f 2522/1447/1043 2523/1449/1044 2524/1450/1045
f 2522/1447/1043 2524/1450/1045 2525/1448/1046
f 2526/1449/1047 2527/1451/1048 2528/1452/1049
f 2526/1449/1047 2528/1452/1049 2529/1450/1050
f 2530/1451/1051 2531/1453/1052 2532/1454/1053
f 2530/1451/1051 2532/1454/1053 2533/1452/1054
f 2534/1453/1055 2535/1455/1056 2536/1456/1057
f 2534/1453/1055 2536/1456/1057 2537/1454/1058
f 2538/1457/1059 2539/1458/1060 2540/1459/1061
f 2538/1457/1059 2540/1459/1061 2541/1460/1062
f 2542/1458/1063 2543/1461/1064 2544/1462/1065
f 2542/1458/1063 2544/1462/1065 2545/1459/1066
f 2546/1461/1067 2547/1463/1068 2548/1464/1069
f 2546/1461/1067 2548/1464/1069 2549/1462/1070
f 2550/1463/1071 2551/1465/1072 2552/1466/1073
f 2550/1463/1071 2552/1466/1073 2553/1464/1074
f 2554/1465/1075 2555/1467/1076 2556/1468/1077
f 2554/1465/1075 2556/1468/1077 2557/1466/1078
f 2558/1467/1079 2559/1469/1080 2560/1470/1081
f 2558/1467/1079 2560/1470/1081 2561/1468/1082
f 2562/1469/1083 2563/1471/1084 2564/1472/1085
f 2562/1469/1083 2564/1472/1085 2565/1470/1086
f 2566/1471/1087 2567/1473/1088 2568/1474/1089
f 2566/1471/1087 2568/1474/1089 2569/1472/1090
f 2570/1473/1091 2571/1475/1092 2572/1476/1093
f 2570/1473/1091 2572/1476/1093 2573/1474/1094
f 2574/1475/1095 2575/1477/1096 2576/1478/1097
f 2574/1475/1095 2576/1478/1097 2577/1476/1098
f 2578/1477/1099 2579/1479/1100 2580/1480/1101
f 2578/1477/1099 2580/1480/1101 2581/1478/1102
f 2582/1479/1103 2583/1481/1104 2584/1482/1105
f 2582/1479/1103 2584/1482/1105 2585/1480/1106
f 2541/1460/1062 2540/1459/1061 2586/1483/1107
f 2541/1460/1062 2586/1483/1107 2587/1484/1107
f 2545/1459/1066 2544/1462/1065 2588/1485/1108
f 2545/1459/1066 2588/1485/1108 2589/1483/1108
f 2549/1462/1070 2548/1464/1069 2590/1486/1109
f 2549/1462/1070 2590/1486/1109 2591/1485/1109
f 2553/1464/1074 2552/1466/1073 2592/1487/1110
f 2553/1464/1074 2592/1487/1110 2593/1486/1110
f 2557/1466/1078 2556/1468/1077 2594/1488/1111
f 2557/1466/1078 2594/1488/1111 2595/1487/1111
f 2561/1468/1082 2560/1470/1081 2596/1489/1112
f 2561/1468/1082 2596/1489/1112 2597/1488/1112
f 2565/1470/1086 2564/1472/1085 2598/1490/1113
f 2565/1470/1086 2598/1490/1113 2599/1489/1113
f 2569/1472/1090 2568/1474/1089 2600/1491/1114
f 2569/1472/1090 2600/1491/1114 2601/1490/1114
f 2573/1474/1094 2572/1476/1093 2602/1492/1115
f 2573/1474/1094 2602/1492/1115 2603/1491/1116
f 2577/1476/1098 2576/1478/1097 2604/1493/1117
f 2577/1476/1098 2604/1493/1117 2605/1492/1117
f 2581/1478/1102 2580/1480/1101 2606/1494/1118
f 2581/1478/1102 2606/1494/1118 2607/1493/1118
f 2585/1480/1106 2584/1482/1105 2608/1495/1119
f 2585/1480/1106 2608/1495/1119 2609/1494/1119
f 2493/1434/1014 2492/1433/1013 2539/1458/1060
f 2493/1434/1014 2539/1458/1060 2538/1457/1059
f 2497/1433/1018 2496/1436/1017 2543/1461/1064
f 2497/1433/1018 2543/1461/1064 2542/1458/1063
f 2501/1436/1022 2500/1438/1021 2547/1463/1068
f 2501/1436/1022 2547/1463/1068 2546/1461/1067
f 2505/1438/1026 2504/1440/1025 2551/1465/1072
f 2505/1438/1026 2551/1465/1072 2550/1463/1071
f 2509/1440/1030 2508/1442/1029 2555/1467/1076
f 2509/1440/1030 2555/1467/1076 2554/1465/1075
f 2513/1442/1034 2512/1444/1033 2559/1469/1080
f 2513/1442/1034 2559/1469/1080 2558/1467/1079
f 2517/1444/1038 2516/1446/1037 2563/1471/1084
f 2517/1444/1038 2563/1471/1084 2562/1469/1083
f 2521/1446/1042 2520/1448/1041 2567/1473/1088
f 2521/1446/1042 2567/1473/1088 2566/1471/1087
f 2525/1448/1046 2524/1450/1045 2571/1475/1092
f 2525/1448/1046 2571/1475/1092 2570/1473/1091
f 2529/1450/1050 2528/1452/1049 2575/1477/1096
f 2529/1450/1050 2575/1477/1096 2574/1475/1095
f 2533/1452/1054 2532/1454/1053 2579/1479/1100
f 2533/1452/1054 2579/1479/1100 2578/1477/1099
f 2537/1454/1058 2536/1456/1057 2583/1481/1104
f 2537/1454/1058 2583/1481/1104 2582/1479/1103
f 2445/1408/976 2444/1407/975 2491/1432/1012
f 2445/1408/976 2491/1432/1012 2490/1431/1011
f 2449/1407/979 2448/1410/978 2495/1435/1016
f 2449/1407/979 2495/1435/1016 2494/1432/1015
f 2453/1410/982 2452/1412/981 2499/1437/1020
f 2453/1410/982 2499/1437/1020 2498/1435/1019
f 2457/1412/986 2456/1414/985 2503/1439/1024
f 2457/1412/986 2503/1439/1024 2502/1437/1023
f 2461/1414/989 2460/1416/988 2507/1441/1028
f 2461/1414/989 2507/1441/1028 2506/1439/1027
f 2465/1416/992 2464/1418/991 2511/1443/1032
f 2465/1416/992 2511/1443/1032 2510/1441/1031
f 2469/1418/995 2468/1420/994 2515/1445/1036
f 2469/1418/995 2515/1445/1036 2514/1443/1035
f 2473/1420/998 2472/1422/997 2519/1447/1040
f 2473/1420/998 2519/1447/1040 2518/1445/1039
f 2477/1422/1001 2476/1424/1000 2523/1449/1044
f 2477/1422/1001 2523/1449/1044 2522/1447/1043
f 2481/1424/1004 2480/1426/1003 2527/1451/1048
f 2481/1424/1004 2527/1451/1048 2526/1449/1047
f 2485/1426/1007 2484/1428/1006 2531/1453/1052
f 2485/1426/1007 2531/1453/1052 2530/1451/1051
f 2489/1428/1010 2488/1430/1009 2535/1455/1056
f 2489/1428/1010 2535/1455/1056 2534/1453/1055
f 2610/1496/1120 2611/1497/1120 2612/1498/1121
f 2610/1496/1120 2612/1498/1121 2613/1499/1122
f 2614/1497/1123 2615/1500/1123 2616/1501/1124
f 2614/1497/1123 2616/1501/1124 2617/1498/1125
f 2618/1500/1126 2619/1502/1126 2620/1503/1127
f 2618/1500/1126 2620/1503/1127 2621/1501/1128
f 2622/1502/1129 2623/1504/1130 2624/1505/1131
f 2622/1502/1129 2624/1505/1131 2625/1503/1132
f 2626/1504/1133 2627/1506/1134 2628/1507/1135
f 2626/1504/1133 2628/1507/1135 2629/1505/1136
f 2630/1506/1137 2631/1508/1137 2632/1509/1138
f 2630/1506/1137 2632/1509/1138 2633/1507/1139
f 2634/1508/1140 2635/1510/1141 2636/1511/1142
f 2634/1508/1140 2636/1511/1142 2637/1509/1143
f 2638/1510/1144 2639/1512/1144 2640/1513/1145
f 2638/1510/1144 2640/1513/1145 2641/1511/1146
f 2642/1512/1147 2643/1514/1147 2644/1515/1148
f 2642/1512/1147 2644/1515/1148 2645/1513/1149
f 2646/1514/1150 2647/1516/1151 2648/1517/1152
f 2646/1514/1150 2648/1517/1152 2649/1515/1153
f 2650/1516/1154 2651/1518/1154 2652/1519/1155
f 2650/1516/1154 2652/1519/1155 2653/1517/1156
f 2654/1518/1157 2655/1520/1157 2656/1521/1158
f 2654/1518/1157 2656/1521/1158 2657/1519/1159
f 2658/1522/1160 2659/1523/1161 2660/1524/1162
f 2658/1522/1160 2660/1524/1162 2661/1525/1163
f 2662/1523/1164 2663/1526/1165 2664/1527/1166
f 2662/1523/1164 2664/1527/1166 2665/1524/1167
f 2666/1526/1168 2667/1528/1169 2668/1529/1170
f 2666/1526/1168 2668/1529/1170 2669/1527/1171
f 2670/1528/1172 2671/1530/1173 2672/1531/1174
f 2670/1528/1172 2672/1531/1174 2673/1529/1175
f 2674/1530/1176 2675/1532/1177 2676/1533/1178
f 2674/1530/1176 2676/1533/1178 2677/1531/1179
f 2678/1532/1180 2679/1534/1181 2680/1535/1182
f 2678/1532/1180 2680/1535/1182 2681/1533/1183
f 2682/1534/1184 2683/1536/1185 2684/1537/1186
f 2682/1534/1184 2684/1537/1186 2685/1535/1187
f 2686/1536/1188 2687/1538/1189 2688/1539/1190
f 2686/1536/1188 2688/1539/1190 2689/1537/1191
f 2690/1538/1192 2691/1540/1193 2692/1541/1194
f 2690/1538/1192 2692/1541/1194 2693/1539/1195
f 2694/1540/1196 2695/1542/1197 2696/1543/1198
f 2694/1540/1196 2696/1543/1198 2697/1541/1199
f 2698/1542/1200 2699/1544/1201 2700/1545/1202
f 2698/1542/1200 2700/1545/1202 2701/1543/1203
f 2702/1544/1204 2703/1546/1205 2704/1547/1206
f 2702/1544/1204 2704/1547/1206 2705/1545/1207
f 2706/1548/1208 2707/1549/1209 2708/1550/1210
f 2706/1548/1208 2708/1550/1210 2709/1551/1211
f 2710/1549/1212 2711/1552/1213 2712/1553/1214
f 2710/1549/1212 2712/1553/1214 2713/1550/1215
f 2714/1552/1216 2715/1554/1217 2716/1555/1218
f 2714/1552/1216 2716/1555/1218 2717/1553/1219
f 2718/1554/1220 2719/1556/1221 2720/1557/1222
f 2718/1554/1220 2720/1557/1222 2721/1555/1223
f 2722/1556/1224 2723/1558/1225 2724/1559/1226
f 2722/1556/1224 2724/1559/1226 2725/1557/1227
f 2726/1558/1228 2727/1560/1229 2728/1561/1230
f 2726/1558/1228 2728/1561/1230 2729/1559/1231
f 2730/1560/1232 2731/1562/1233 2732/1563/1234
f 2730/1560/1232 2732/1563/1234 2733/1561/1235
f 2734/1562/1236 2735/1564/1237 2736/1565/1238
f 2734/1562/1236 2736/1565/1238 2737/1563/1239
f 2738/1564/1240 2739/1566/1241 2740/1567/1242
f 2738/1564/1240 2740/1567/1242 2741/1565/1243
f 2742/1566/1244 2743/1568/1245 2744/1569/1246
f 2742/1566/1244 2744/1569/1246 2745/1567/1247
f 2746/1568/1248 2747/1570/1249 2748/1571/1250
f 2746/1568/1248 2748/1571/1250 2749/1569/1251
f 2750/1570/1252 2751/1572/1253 2752/1573/1254
f 2750/1570/1252 2752/1573/1254 2753/1571/1255
f 2709/1551/1211 2708/1550/1210 2754/1574/1256
f 2709/1551/1211 2754/1574/1256 2755/1575/1256
f 2713/1550/1215 2712/1553/1214 2756/1576/1257
f 2713/1550/1215 2756/1576/1257 2757/1574/1257
f 2717/1553/1219 2716/1555/1218 2758/1577/1258
f 2717/1553/1219 2758/1577/1258 2759/1576/1258
f 2721/1555/1223 2720/1557/1222 2760/1578/1259
f 2721/1555/1223 2760/1578/1259 2761/1577/1259
f 2725/1557/1227 2724/1559/1226 2762/1579/1260
f 2725/1557/1227 2762/1579/1260 2763/1578/1260
f 2729/1559/1231 2728/1561/1230 2764/1580/1261
f 2729/1559/1231 2764/1580/1261 2765/1579/1261
f 2733/1561/1235 2732/1563/1234 2766/1581/1262
f 2733/1561/1235 2766/1581/1262 2767/1580/1262
f 2737/1563/1239 2736/1565/1238 2768/1582/1263
f 2737/1563/1239 2768/1582/1263 2769/1581/1263
f 2741/1565/1243 2740/1567/1242 2770/1583/1264
f 2741/1565/1243 2770/1583/1264 2771/1582/1264
f 2745/1567/1247 2744/1569/1246 2772/1584/1265
f 2745/1567/1247 2772/1584/1265 2773/1583/1266
f 2749/1569/1251 2748/1571/1250 2774/1585/1267
f 2749/1569/1251 2774/1585/1267 2775/1584/1267
f 2753/1571/1255 2752/1573/1254 2776/1586/1268
f 2753/1571/1255 2776/1586/1268 2777/1585/1268
f 2661/1525/1163 2660/1524/1162 2707/1549/1209
f 2661/1525/1163 2707/1549/1209 2706/1548/1208
f 2665/1524/1167 2664/1527/1166 2711/1552/1213
f 2665/1524/1167 2711/1552/1213 2710/1549/1212
f 2669/1527/1171 2668/1529/1170 2715/1554/1217
f 2669/1527/1171 2715/1554/1217 2714/1552/1216
f 2673/1529/1175 2672/1531/1174 2719/1556/1221
f 2673/1529/1175 2719/1556/1221 2718/1554/1220
f 2677/1531/1179 2676/1533/1178 2723/1558/1225
f 2677/1531/1179 2723/1558/1225 2722/1556/1224
f 2681/1533/1183 2680/1535/1182 2727/1560/1229
f 2681/1533/1183 2727/1560/1229 2726/1558/1228
f 2685/1535/1187 2684/1537/1186 2731/1562/1233
f 2685/1535/1187 2731/1562/1233 2730/1560/1232
f 2689/1537/1191 2688/1539/1190 2735/1564/1237
f 2689/1537/1191 2735/1564/1237 2734/1562/1236
f 2693/1539/1195 2692/1541/1194 2739/1566/1241
f 2693/1539/1195 2739/1566/1241 2738/1564/1240
f 2697/1541/1199 2696/1543/1198 2743/1568/1245
f 2697/1541/1199 2743/1568/1245 2742/1566/1244
f 2701/1543/1203 2700/1545/1202 2747/1570/1249
f 2701/1543/1203 2747/1570/1249 2746/1568/1248
f 2705/1545/1207 2704/1547/1206 2751/1572/1253
f 2705/1545/1207 2751/1572/1253 2750/1570/1252
f 2613/1499/1122 2612/1498/1121 2659/1523/1161
f 2613/1499/1122 2659/1523/1161 2658/1522/1160
f 2617/1498/1125 2616/1501/1124 2663/1526/1165
f 2617/1498/1125 2663/1526/1165 2662/1523/1164
f 2621/1501/1128 2620/1503/1127 2667/1528/1169
f 2621/1501/1128 2667/1528/1169 2666/1526/1168
f 2625/1503/1132 2624/1505/1131 2671/1530/1173
f 2625/1503/1132 2671/1530/1173 2670/1528/1172
f 2629/1505/1136 2628/1507/1135 2675/1532/1177
f 2629/1505/1136 2675/1532/1177 2674/1530/1176
f 2633/1507/1139 2632/1509/1138 2679/1534/1181
f 2633/1507/1139 2679/1534/1181 2678/1532/1180
f 2637/1509/1143 2636/1511/1142 2683/1536/1185
f 2637/1509/1143 2683/1536/1185 2682/1534/1184
f 2641/1511/1146 2640/1513/1145 2687/1538/1189
f 2641/1511/1146 2687/1538/1189 2686/1536/1188
f 2645/1513/1149 2644/1515/1148 2691/1540/1193
f 2645/1513/1149 2691/1540/1193 2690/1538/1192
f 2649/1515/1153 2648/1517/1152 2695/1542/1197
f 2649/1515/1153 2695/1542/1197 2694/1540/1196
f 2653/1517/1156 2652/1519/1155 2699/1544/1201
f 2653/1517/1156 2699/1544/1201 2698/1542/1200
f 2657/1519/1159 2656/1521/1158 2703/1546/1205
f 2657/1519/1159 2703/1546/1205 2702/1544/1204
f 2778/1587/1269 2779/1588/1269 2780/1589/1270
f 2778/1587/1269 2780/1589/1270 2781/1590/1271
f 2782/1588/1272 2783/1591/1272 2784/1592/1273
f 2782/1588/1272 2784/1592/1273 2785/1589/1274
f 2786/1591/1275 2787/1593/1275 2788/1594/1276
f 2786/1591/1275 2788/1594/1276 2789/1592/1277
f 2790/1593/1278 2791/1595/1278 2792/1596/1279
f 2790/1593/1278 2792/1596/1279 2793/1594/1280
f 2794/1595/1281 2795/1597/1282 2796/1598/1283
f 2794/1595/1281 2796/1598/1283 2797/1596/1284
f 2798/1597/1285 2799/1599/1285 2800/1600/1286
f 2798/1597/1285 2800/1600/1286 2801/1598/1287
f 2802/1599/1288 2803/1601/1288 2804/1602/1289
f 2802/1599/1288 2804/1602/1289 2805/1600/1290
f 2806/1601/1291 2807/1603/1292 2808/1604/1293
f 2806/1601/1291 2808/1604/1293 2809/1602/1294
f 2810/1603/1295 2811/1605/1296 2812/1606/1297
f 2810/1603/1295 2812/1606/1297 2813/1604/1298
f 2814/1605/1299 2815/1607/1299 2816/1608/1300
f 2814/1605/1299 2816/1608/1300 2817/1606/1301
f 2818/1607/1302 2819/1609/1302 2820/1610/1303
f 2818/1607/1302 2820/1610/1303 2821/1608/1304
f 2822/1609/1305 2823/1611/1306 2824/1612/1307
f 2822/1609/1305 2824/1612/1307 2825/1610/1308
f 2826/1613/1309 2827/1614/1310 2828/1615/1311
f 2826/1613/1309 2828/1615/1311 2829/1616/1312
f 2830/1614/1313 2831/1617/1314 2832/1618/1315
f 2830/1614/1313 2832/1618/1315 2833/1615/1316
f 2834/1617/1317 2835/1619/1318 2836/1620/1319
f 2834/1617/1317 2836/1620/1319 2837/1618/1320
f 2838/1619/1321 2839/1621/1322 2840/1622/1323
f 2838/1619/1321 2840/1622/1323 2841/1620/1324
f 2842/1621/1325 2843/1623/1326 2844/1624/1327
f 2842/1621/1325 2844/1624/1327 2845/1622/1328
f 2846/1623/1329 2847/1625/1330 2848/1626/1331
f 2846/1623/1329 2848/1626/1331 2849/1624/1332
f 2850/1625/1333 2851/1627/1334 2852/1628/1335
f 2850/1625/1333 2852/1628/1335 2853/1626/1336
f 2854/1627/1337 2855/1629/1338 2856/1630/1339
f 2854/1627/1337 2856/1630/1339 2857/1628/1340
f 2858/1629/1341 2859/1631/1342 2860/1632/1343
f 2858/1629/1341 2860/1632/1343 2861/1630/1344
f 2862/1631/1345 2863/1633/1346 2864/1634/1347
f 2862/1631/1345 2864/1634/1347 2865/1632/1348
f 2866/1633/1349 2867/1635/1350 2868/1636/1351
f 2866/1633/1349 2868/1636/1351 2869/1634/1352
f 2870/1635/1353 2871/1637/1354 2872/1638/1355
f 2870/1635/1353 2872/1638/1355 2873/1636/1356
f 2874/1639/1357 2875/1640/1358 2876/1641/1359
f 2874/1639/1357 2876/1641/1359 2877/1642/1360
f 2878/1640/1361 2879/1643/1362 2880/1644/1363
f 2878/1640/1361 2880/1644/1363 2881/1641/1364
f 2882/1643/1365 2883/1645/1366 2884/1646/1367
f 2882/1643/1365 2884/1646/1367 2885/1644/1368
f 2886/1645/1369 2887/1647/1370 2888/1648/1371
f 2886/1645/1369 2888/1648/1371 2889/1646/1372
f 2890/1647/1373 2891/1649/1374 2892/1650/1375
f 2890/1647/1373 2892/1650/1375 2893/1648/1376
f 2894/1649/1377 2895/1651/1378 2896/1652/1379
f 2894/1649/1377 2896/1652/1379 2897/1650/1380
f 2898/1651/1381 2899/1653/1382 2900/1654/1383
f 2898/1651/1381 2900/1654/1383 2901/1652/1384
f 2902/1653/1385 2903/1655/1386 2904/1656/1387
f 2902/1653/1385 2904/1656/1387 2905/1654/1388
f 2906/1655/1389 2907/1657/1390 2908/1658/1391
f 2906/1655/1389 2908/1658/1391 2909/1656/1392
f 2910/1657/1393 2911/1659/1394 2912/1660/1395
f 2910/1657/1393 2912/1660/1395 2913/1658/1396
f 2914/1659/1397 2915/1661/1398 2916/1662/1399
f 2914/1659/1397 2916/1662/1399 2917/1660/1400
f 2918/1661/1401 2919/1663/1402 2920/1664/1403
f 2918/1661/1401 2920/1664/1403 2921/1662/1404
f 2877/1642/1360 2876/1641/1359 2922/1665/1405
f 2877/1642/1360 2922/1665/1405 2923/1666/1405
f 2881/1641/1364 2880/1644/1363 2924/1667/1406
f 2881/1641/1364 2924/1667/1406 2925/1665/1406
f 2885/1644/1368 2884/1646/1367 2926/1668/1407
f 2885/1644/1368 2926/1668/1407 2927/1667/1408
f 2889/1646/1372 2888/1648/1371 2928/1669/1409
f 2889/1646/1372 2928/1669/1409 2929/1668/1409
f 2893/1648/1376 2892/1650/1375 2930/1670/1410
f 2893/1648/1376 2930/1670/1410 2931/1669/1411
f 2897/1650/1380 2896/1652/1379 2932/1671/1412
f 2897/1650/1380 2932/1671/1412 2933/1670/1412
f 2901/1652/1384 2900/1654/1383 2934/1672/1413
f 2901/1652/1384 2934/1672/1413 2935/1671/1413
f 2905/1654/1388 2904/1656/1387 2936/1673/1414
f 2905/1654/1388 2936/1673/1414 2937/1672/1414
f 2909/1656/1392 2908/1658/1391 2938/1674/1415
f 2909/1656/1392 2938/1674/1415 2939/1673/1416
f 2913/1658/1396 2912/1660/1395 2940/1675/1417
f 2913/1658/1396 2940/1675/1417 2941/1674/1418
f 2917/1660/1400 2916/1662/1399 2942/1676/1419
f 2917/1660/1400 2942/1676/1419 2943/1675/1419
f 2921/1662/1404 2920/1664/1403 2944/1677/1420
f 2921/1662/1404 2944/1677/1420 2945/1676/1420
f 2829/1616/1312 2828/1615/1311 2875/1640/1358
f 2829/1616/1312 2875/1640/1358 2874/1639/1357
f 2833/1615/1316 2832/1618/1315 2879/1643/1362
f 2833/1615/1316 2879/1643/1362 2878/1640/1361
f 2837/1618/1320 2836/1620/1319 2883/1645/1366
f 2837/1618/1320 2883/1645/1366 2882/1643/1365
f 2841/1620/1324 2840/1622/1323 2887/1647/1370
f 2841/1620/1324 2887/1647/1370 2886/1645/1369
f 2845/1622/1328 2844/1624/1327 2891/1649/1374
f 2845/1622/1328 2891/1649/1374 2890/1647/1373
f 2849/1624/1332 2848/1626/1331 2895/1651/1378
f 2849/1624/1332 2895/1651/1378 2894/1649/1377
f 2853/1626/1336 2852/1628/1335 2899/1653/1382
f 2853/1626/1336 2899/1653/1382 2898/1651/1381
f 2857/1628/1340 2856/1630/1339 2903/1655/1386
f 2857/1628/1340 2903/1655/1386 2902/1653/1385
f 2861/1630/1344 2860/1632/1343 2907/1657/1390
f 2861/1630/1344 2907/1657/1390 2906/1655/1389
f 2865/1632/1348 2864/1634/1347 2911/1659/1394
f 2865/1632/1348 2911/1659/1394 2910/1657/1393
f 2869/1634/1352 2868/1636/1351 2915/1661/1398
f 2869/1634/1352 2915/1661/1398 2914/1659/1397
f 2873/1636/1356 2872/1638/1355 2919/1663/1402
f 2873/1636/1356 2919/1663/1402 2918/1661/1401
f 2781/1590/1271 2780/1589/1270 2827/1614/1310
f 2781/1590/1271 2827/1614/1310 2826/1613/1309
f 2785/1589/1274 2784/1592/1273 2831/1617/1314
f 2785/1589/1274 2831/1617/1314 2830/1614/1313
f 2789/1592/1277 2788/1594/1276 2835/1619/1318
f 2789/1592/1277 2835/1619/1318 2834/1617/1317
f 2793/1594/1280 2792/1596/1279 2839/1621/1322
f 2793/1594/1280 2839/1621/1322 2838/1619/1321
f 2797/1596/1284 2796/1598/1283 2843/1623/1326
f 2797/1596/1284 2843/1623/1326 2842/1621/1325
f 2801/1598/1287 2800/1600/1286 2847/1625/1330
f 2801/1598/1287 2847/1625/1330 2846/1623/1329
f 2805/1600/1290 2804/1602/1289 2851/1627/1334
f 2805/1600/1290 2851/1627/1334 2850/1625/1333
f 2809/1602/1294 2808/1604/1293 2855/1629/1338
f 2809/1602/1294 2855/1629/1338 2854/1627/1337
f 2813/1604/1298 2812/1606/1297 2859/1631/1342
f 2813/1604/1298 2859/1631/1342 2858/1629/1341
f 2817/1606/1301 2816/1608/1300 2863/1633/1346
f 2817/1606/1301 2863/1633/1346 2862/1631/1345
f 2821/1608/1304 2820/1610/1303 2867/1635/1350
f 2821/1608/1304 2867/1635/1350 2866/1633/1349
f 2825/1610/1308 2824/1612/1307 2871/1637/1354
f 2825/1610/1308 2871/1637/1354 2870/1635/1353
f 2946/1678/1421 2947/1679/1421 2948/1680/1422
f 2946/1678/1421 2948/1680/1422 2949/1681/1423
f 2950/1679/1424 2951/1682/1424 2952/1683/1425
f 2950/1679/1424 2952/1683/1425 2953/1680/1426
f 2954/1682/1427 2955/1684/1427 2956/1685/1428
f 2954/1682/1427 2956/1685/1428 2957/1683/1429
f 2958/1684/1430 2959/1686/1430 2960/1687/1431
f 2958/1684/1430 2960/1687/1431 2961/1685/1432
f 2962/1686/1433 2963/1688/1433 2964/1689/1434
f 2962/1686/1433 2964/1689/1434 2965/1687/1435
f 2966/1688/1436 2967/1690/1436 2968/1691/1437
f 2966/1688/1436 2968/1691/1437 2969/1689/1438
f 2970/1690/1439 2971/1692/1439 2972/1693/1440
f 2970/1690/1439 2972/1693/1440 2973/1691/1441
f 2974/1692/1442 2975/1694/1443 2976/1695/1444
f 2974/1692/1442 2976/1695/1444 2977/1693/1445
f 2978/1694/1446 2979/1696/1447 2980/1697/1448
f 2978/1694/1446 2980/1697/1448 2981/1695/1449
f 2982/1696/1450 2983/1698/1451 2984/1699/1452
f 2982/1696/1450 2984/1699/1452 2985/1697/1453
f 2986/1698/1454 2987/1700/1454 2988/1701/1455
f 2986/1698/1454 2988/1701/1455 2989/1699/1456
f 2990/1700/1457 2991/1702/1457 2992/1703/1458
f 2990/1700/1457 2992/1703/1458 2993/1701/1459
f 2994/1704/1460 2995/1705/1461 2996/1706/1462
f 2994/1704/1460 2996/1706/1462 2997/1707/1463
f 2998/1705/1464 2999/1708/1465 3000/1709/1466
f 2998/1705/1464 3000/1709/1466 3001/1706/1467
f 3002/1708/1468 3003/1710/1469 3004/1711/1470
f 3002/1708/1468 3004/1711/1470 3005/1709/1471
f 3006/1710/1472 3007/1712/1473 3008/1713/1474
f 3006/1710/1472 3008/1713/1474 3009/1711/1475
f 3010/1712/1476 3011/1714/1477 3012/1715/1478
f 3010/1712/1476 3012/1715/1478 3013/1713/1479
f 3014/1714/1480 3015/1716/1481 3016/1717/1482
f 3014/1714/1480 3016/1717/1482 3017/1715/1483
f 3018/1716/1484 3019/1718/1485 3020/1719/1486
f 3018/1716/1484 3020/1719/1486 3021/1717/1487
f 3022/1718/1488 3023/1720/1489 3024/1721/1490
f 3022/1718/1488 3024/1721/1490 3025/1719/1491
f 3026/1720/1492 3027/1722/1493 3028/1723/1494
f 3026/1720/1492 3028/1723/1494 3029/1721/1495
f 3030/1722/1496 3031/1724/1497 3032/1725/1498
f 3030/1722/1496 3032/1725/1498 3033/1723/1499
f 3034/1724/1500 3035/1726/1501 3036/1727/1502
f 3034/1724/1500 3036/1727/1502 3037/1725/1503
f 3038/1726/1504 3039/1728/1505 3040/1729/1506
f 3038/1726/1504 3040/1729/1506 3041/1727/1507
f 3042/1730/1508 3043/1731/1509 3044/1732/1510
f 3042/1730/1508 3044/1732/1510 3045/1733/1511
f 3046/1731/1512 3047/1734/1513 3048/1735/1514
f 3046/1731/1512 3048/1735/1514 3049/1732/1515
f 3050/1734/1516 3051/1736/1517 3052/1737/1518
f 3050/1734/1516 3052/1737/1518 3053/1735/1519
f 3054/1736/1520 3055/1738/1521 3056/1739/1522
f 3054/1736/1520 3056/1739/1522 3057/1737/1523
f 3058/1738/1524 3059/1740/1525 3060/1741/1526
f 3058/1738/1524 3060/1741/1526 3061/1739/1527
f 3062/1740/1528 3063/1742/1529 3064/1743/1530
f 3062/1740/1528 3064/1743/1530 3065/1741/1531
f 3066/1742/1532 3067/1744/1533 3068/1745/1534
f 3066/1742/1532 3068/1745/1534 3069/1743/1535
f 3070/1744/1536 3071/1746/1537 3072/1747/1538
f 3070/1744/1536 3072/1747/1538 3073/1745/1539
f 3074/1746/1540 3075/1748/1541 3076/1749/1542
f 3074/1746/1540 3076/1749/1542 3077/1747/1543
f 3078/1748/1544 3079/1750/1545 3080/1751/1546
f 3078/1748/1544 3080/1751/1546 3081/1749/1547
f 3082/1750/1548 3083/1752/1549 3084/1753/1550
f 3082/1750/1548 3084/1753/1550 3085/1751/1551
f 3086/1752/1552 3087/1754/1553 3088/1755/1554
f 3086/1752/1552 3088/1755/1554 3089/1753/1555
f 3045/1733/1511 3044/1732/1510 3090/1756/1556
f 3045/1733/1511 3090/1756/1556 3091/1757/1556
f 3049/1732/1515 3048/1735/1514 3092/1758/1557
f 3049/1732/1515 3092/1758/1557 3093/1756/1557
f 3053/1735/1519 3052/1737/1518 3094/1759/1558
f 3053/1735/1519 3094/1759/1558 3095/1758/1559
f 3057/1737/1523 3056/1739/1522 3096/1760/1560
f 3057/1737/1523 3096/1760/1560 3097/1759/1560
f 3061/1739/1527 3060/1741/1526 3098/1761/1561
f 3061/1739/1527 3098/1761/1561 3099/1760/1561
f 3065/1741/1531 3064/1743/1530 3100/1762/1562
f 3065/1741/1531 3100/1762/1562 3101/1761/1562
f 3069/1743/1535 3068/1745/1534 3102/1763/1563
f 3069/1743/1535 3102/1763/1563 3103/1762/1563
f 3073/1745/1539 3072/1747/1538 3104/1764/1564
f 3073/1745/1539 3104/1764/1564 3105/1763/1564
f 3077/1747/1543 3076/1749/1542 3106/1765/1565
f 3077/1747/1543 3106/1765/1565 3107/1764/1565
f 3081/1749/1547 3080/1751/1546 3108/1766/1566
f 3081/1749/1547 3108/1766/1566 3109/1765/1566
f 3085/1751/1551 3084/1753/1550 3110/1767/1567
f 3085/1751/1551 3110/1767/1567 3111/1766/1567
f 3089/1753/1555 3088/1755/1554 3112/1768/1568
f 3089/1753/1555 3112/1768/1568 3113/1767/1569
f 2997/1707/1463 2996/1706/1462 3043/1731/1509
f 2997/1707/1463 3043/1731/1509 3042/1730/1508
f 3001/1706/1467 3000/1709/1466 3047/1734/1513
f 3001/1706/1467 3047/1734/1513 3046/1731/1512
f 3005/1709/1471 3004/1711/1470 3051/1736/1517
f 3005/1709/1471 3051/1736/1517 3050/1734/1516
f 3009/1711/1475 3008/1713/1474 3055/1738/1521
f 3009/1711/1475 3055/1738/1521 3054/1736/1520
f 3013/1713/1479 3012/1715/1478 3059/1740/1525
f 3013/1713/1479 3059/1740/1525 3058/1738/1524
f 3017/1715/1483 3016/1717/1482 3063/1742/1529
f 3017/1715/1483 3063/1742/1529 3062/1740/1528
f 3021/1717/1487 3020/1719/1486 3067/1744/1533
f 3021/1717/1487 3067/1744/1533 3066/1742/1532
f 3025/1719/1491 3024/1721/1490 3071/1746/1537
f 3025/1719/1491 3071/1746/1537 3070/1744/1536
f 3029/1721/1495 3028/1723/1494 3075/1748/1541
f 3029/1721/1495 3075/1748/1541 3074/1746/1540
f 3033/1723/1499 3032/1725/1498 3079/1750/1545
f 3033/1723/1499 3079/1750/1545 3078/1748/1544
f 3037/1725/1503 3036/1727/1502 3083/1752/1549
f 3037/1725/1503 3083/1752/1549 3082/1750/1548
f 3041/1727/1507 3040/1729/1506 3087/1754/1553
f 3041/1727/1507 3087/1754/1553 3086/1752/1552
f 2949/1681/1423 2948/1680/1422 2995/1705/1461
f 2949/1681/1423 2995/1705/1461 2994/1704/1460
f 2953/1680/1426 2952/1683/1425 2999/1708/1465
f 2953/1680/1426 2999/1708/1465 2998/1705/1464
f 2957/1683/1429 2956/1685/1428 3003/1710/1469
f 2957/1683/1429 3003/1710/1469 3002/1708/1468
f 2961/1685/1432 2960/1687/1431 3007/1712/1473
f 2961/1685/1432 3007/1712/1473 3006/1710/1472
f 2965/1687/1435 2964/1689/1434 3011/1714/1477
f 2965/1687/1435 3011/1714/1477 3010/1712/1476
f 2969/1689/1438 2968/1691/1437 3015/1716/1481
f 2969/1689/1438 3015/1716/1481 3014/1714/1480
f 2973/1691/1441 2972/1693/1440 3019/1718/1485
f 2973/1691/1441 3019/1718/1485 3018/1716/1484
f 2977/1693/1445 2976/1695/1444 3023/1720/1489
f 2977/1693/1445 3023/1720/1489 3022/1718/1488
f 2981/1695/1449 2980/1697/1448 3027/1722/1493
f 2981/1695/1449 3027/1722/1493 3026/1720/1492
f 2985/1697/1453 2984/1699/1452 3031/1724/1497
f 2985/1697/1453 3031/1724/1497 3030/1722/1496
f 2989/1699/1456 2988/1701/1455 3035/1726/1501
f 2989/1699/1456 3035/1726/1501 3034/1724/1500
f 2993/1701/1459 2992/1703/1458 3039/1728/1505
f 2993/1701/1459 3039/1728/1505 3038/1726/1504
f 3114/1769/1570 3115/1770/1570 3116/1771/1571
f 3114/1769/1570 3116/1771/1571 3117/1772/1572
f 3118/1770/1573 3119/1773/1574 3120/1774/1575
f 3118/1770/1573 3120/1774/1575 3121/1771/1576
f 3122/1773/1577 3123/1775/1577 3124/1776/1578
f 3122/1773/1577 3124/1776/1578 3125/1774/1579
f 3126/1775/1580 3127/1777/1581 3128/1778/1582
f 3126/1775/1580 3128/1778/1582 3129/1776/1583
f 3130/1777/1584 3131/1779/1585 3132/1780/1586
f 3130/1777/1584 3132/1780/1586 3133/1778/1587
f 3134/1779/1588 3135/1781/1588 3136/1782/1589
f 3134/1779/1588 3136/1782/1589 3137/1780/1590
f 3138/1781/1591 3139/1783/1591 3140/1784/1592
f 3138/1781/1591 3140/1784/1592 3141/1782/1593
f 3142/1783/1594 3143/1785/1594 3144/1786/1595
f 3142/1783/1594 3144/1786/1595 3145/1784/1596
f 3146/1785/1597 3147/1787/1597 3148/1788/1598
f 3146/1785/1597 3148/1788/1598 3149/1786/1599
f 3150/1787/1600 3151/1789/1601 3152/1790/1602
f 3150/1787/1600 3152/1790/1602 3153/1788/1603
f 3154/1789/1604 3155/1791/1604 3156/1792/1605
f 3154/1789/1604 3156/1792/1605 3157/1790/1606
f 3158/1791/1607 3159/1793/1607 3160/1794/1608
f 3158/1791/1607 3160/1794/1608 3161/1792/1609
f 3162/1795/1610 3163/1796/1611 3164/1797/1612
f 3162/1795/1610 3164/1797/1612 3165/1798/1613
f 3166/1796/1614 3167/1799/1615 3168/1800/1616
f 3166/1796/1614 3168/1800/1616 3169/1797/1617
f 3170/1799/1618 3171/1801/1619 3172/1802/1620
f 3170/1799/1618 3172/1802/1620 3173/1800/1621
f 3174/1801/1622 3175/1803/1623 3176/1804/1624
f 3174/1801/1622 3176/1804/1624 3177/1802/1625
f 3178/1803/1626 3179/1805/1627 3180/1806/1628
f 3178/1803/1626 3180/1806/1628 3181/1804/1629
f 3182/1805/1630 3183/1807/1631 3184/1808/1632
f 3182/1805/1630 3184/1808/1632 3185/1806/1633
f 3186/1807/1634 3187/1809/1635 3188/1810/1636
f 3186/1807/1634 3188/1810/1636 3189/1808/1637
f 3190/1809/1638 3191/1811/1639 3192/1812/1640
f 3190/1809/1638 3192/1812/1640 3193/1810/1641
f 3194/1811/1642 3195/1813/1643 3196/1814/1644
f 3194/1811/1642 3196/1814/1644 3197/1812/1645
f 3198/1813/1646 3199/1815/1647 3200/1816/1648
f 3198/1813/1646 3200/1816/1648 3201/1814/1649
f 3202/1815/1650 3203/1817/1651 3204/1818/1652
f 3202/1815/1650 3204/1818/1652 3205/1816/1653
f 3206/1817/1654 3207/1819/1655 3208/1820/1656
f 3206/1817/1654 3208/1820/1656 3209/1818/1657
f 3210/1821/1658 3211/1822/1659 3212/1823/1660
f 3210/1821/1658 3212/1823/1660 3213/1824/1661
f 3214/1822/1662 3215/1825/1663 3216/1826/1664
f 3214/1822/1662 3216/1826/1664 3217/1823/1665
f 3218/1825/1666 3219/1827/1667 3220/1828/1668
f 3218/1825/1666 3220/1828/1668 3221/1826/1669
f 3222/1827/1670 3223/1829/1671 3224/1830/1672
f 3222/1827/1670 3224/1830/1672 3225/1828/1673
f 3226/1829/1674 3227/1831/1675 3228/1832/1676
f 3226/1829/1674 3228/1832/1676 3229/1830/1677
f 3230/1831/1678 3231/1833/1679 3232/1834/1680
f 3230/1831/1678 3232/1834/1680 3233/1832/1681
f 3234/1833/1682 3235/1835/1683 3236/1836/1684
f 3234/1833/1682 3236/1836/1684 3237/1834/1685
f 3238/1835/1686 3239/1837/1687 3240/1838/1688
f 3238/1835/1686 3240/1838/1688 3241/1836/1689
f 3242/1837/1690 3243/1839/1691 3244/1840/1692
f 3242/1837/1690 3244/1840/1692 3245/1838/1693
f 3246/1839/1694 3247/1841/1695 3248/1842/1696
f 3246/1839/1694 3248/1842/1696 3249/1840/1697
f 3250/1841/1698 3251/1843/1699 3252/1844/1700
f 3250/1841/1698 3252/1844/1700 3253/1842/1701
f 3254/1843/1702 3255/1845/1703 3256/1846/1704
f 3254/1843/1702 3256/1846/1704 3257/1844/1705
f 3213/1824/1661 3212/1823/1660 3258/1847/1706
f 3213/1824/1661 3258/1847/1706 3259/1848/1706
f 3217/1823/1665 3216/1826/1664 3260/1849/1707
f 3217/1823/1665 3260/1849/1707 3261/1847/1707
f 3221/1826/1669 3220/1828/1668 3262/1850/1708
f 3221/1826/1669 3262/1850/1708 3263/1849/1708
f 3225/1828/1673 3224/1830/1672 3264/1851/1709
f 3225/1828/1673 3264/1851/1709 3265/1850/1709
f 3229/1830/1677 3228/1832/1676 3266/1852/1710
f 3229/1830/1677 3266/1852/1710 3267/1851/1710
f 3233/1832/1681 3232/1834/1680 3268/1853/1711
f 3233/1832/1681 3268/1853/1711 3269/1852/1711
f 3237/1834/1685 3236/1836/1684 3270/1854/1712
f 3237/1834/1685 3270/1854/1712 3271/1853/1712
f 3241/1836/1689 3240/1838/1688 3272/1855/1713
f 3241/1836/1689 3272/1855/1713 3273/1854/1713
f 3245/1838/1693 3244/1840/1692 3274/1856/1714
f 3245/1838/1693 3274/1856/1714 3275/1855/1714
f 3249/1840/1697 3248/1842/1696 3276/1857/1715
f 3249/1840/1697 3276/1857/1715 3277/1856/1715
f 3253/1842/1701 3252/1844/1700 3278/1858/1716
f 3253/1842/1701 3278/1858/1716 3279/1857/1716
f 3257/1844/1705 3256/1846/1704 3280/1859/1717
f 3257/1844/1705 3280/1859/1717 3281/1858/1717
f 3165/1798/1613 3164/1797/1612 3211/1822/1659
f 3165/1798/1613 3211/1822/1659 3210/1821/1658
f 3169/1797/1617 3168/1800/1616 3215/1825/1663
f 3169/1797/1617 3215/1825/1663 3214/1822/1662
f 3173/1800/1621 3172/1802/1620 3219/1827/1667
f 3173/1800/1621 3219/1827/1667 3218/1825/1666
f 3177/1802/1625 3176/1804/1624 3223/1829/1671
f 3177/1802/1625 3223/1829/1671 3222/1827/1670
f 3181/1804/1629 3180/1806/1628 3227/1831/1675
f 3181/1804/1629 3227/1831/1675 3226/1829/1674
f 3185/1806/1633 3184/1808/1632 3231/1833/1679
f 3185/1806/1633 3231/1833/1679 3230/1831/1678
f 3189/1808/1637 3188/1810/1636 3235/1835/1683
f 3189/1808/1637 3235/1835/1683 3234/1833/1682
f 3193/1810/1641 3192/1812/1640 3239/1837/1687
f 3193/1810/1641 3239/1837/1687 3238/1835/1686
f 3197/1812/1645 3196/1814/1644 3243/1839/1691
f 3197/1812/1645 3243/1839/1691 3242/1837/1690
f 3201/1814/1649 3200/1816/1648 3247/1841/1695
f 3201/1814/1649 3247/1841/1695 3246/1839/1694
f 3205/1816/1653 3204/1818/1652 3251/1843/1699
f 3205/1816/1653 3251/1843/1699 3250/1841/1698
f 3209/1818/1657 3208/1820/1656 3255/1845/1703
f 3209/1818/1657 3255/1845/1703 3254/1843/1702
f 3117/1772/1572 3116/1771/1571 3163/1796/1611
f 3117/1772/1572 3163/1796/1611 3162/1795/1610
f 3121/1771/1576 3120/1774/1575 3167/1799/1615
f 3121/1771/1576 3167/1799/1615 3166/1796/1614
f 3125/1774/1579 3124/1776/1578 3171/1801/1619
f 3125/1774/1579 3171/1801/1619 3170/1799/1618
f 3129/1776/1583 3128/1778/1582 3175/1803/1623
f 3129/1776/1583 3175/1803/1623 3174/1801/1622
f 3133/1778/1587 3132/1780/1586 3179/1805/1627
f 3133/1778/1587 3179/1805/1627 3178/1803/1626
f 3137/1780/1590 3136/1782/1589 3183/1807/1631
f 3137/1780/1590 3183/1807/1631 3182/1805/1630
f 3141/1782/1593 3140/1784/1592 3187/1809/1635
f 3141/1782/1593 3187/1809/1635 3186/1807/1634
f 3145/1784/1596 3144/1786/1595 3191/1811/1639
f 3145/1784/1596 3191/1811/1639 3190/1809/1638
f 3149/1786/1599 3148/1788/1598 3195/1813/1643
f 3149/1786/1599 3195/1813/1643 3194/1811/1642
f 3153/1788/1603 3152/1790/1602 3199/1815/1647
f 3153/1788/1603 3199/1815/1647 3198/1813/1646
f 3157/1790/1606 3156/1792/1605 3203/1817/1651
f 3157/1790/1606 3203/1817/1651 3202/1815/1650
f 3161/1792/1609 3160/1794/1608 3207/1819/1655
f 3161/1792/1609 3207/1819/1655 3206/1817/1654
f 3282/1860/1718 3283/1861/1719 3284/1862/1720
f 3282/1860/1718 3284/1862/1720 3285/1863/1721
f 3286/1863/1722 3287/1862/1723 3288/1864/1724
f 3286/1863/1722 3288/1864/1724 3289/1865/1722
f 3290/1865/1725 3291/1864/1726 3292/1866/1727
f 3290/1865/1725 3292/1866/1727 3293/1867/1725
f 3294/1867/1728 3295/1866/1729 3296/1868/1730
f 3294/1867/1728 3296/1868/1730 3297/1869/1731
f 3298/1869/1732 3299/1868/1733 3300/1052/1734
f 3298/1869/1732 3300/1052/1734 3301/1870/1732
f 3302/1870/1735 3303/1052/1736 3304/1054/1737
f 3302/1870/1735 3304/1054/1737 3305/1871/1735
f 3306/1871/1738 3307/1054/1739 3308/1872/1740
f 3306/1871/1738 3308/1872/1740 3309/1873/1738
f 3310/1873/1741 3311/1872/1742 3312/1874/1743
f 3310/1873/1741 3312/1874/1743 3313/1875/1741
f 3314/1875/1744 3315/1874/1745 3316/1876/1746
f 3314/1875/1744 3316/1876/1746 3317/1877/1744
f 3318/1877/1747 3319/1876/1748 3320/1878/1749
f 3318/1877/1747 3320/1878/1749 3321/1879/1747
f 3322/1879/1750 3323/1878/1751 3324/1880/1752
f 3322/1879/1750 3324/1880/1752 3325/1881/1750
f 3326/1881/1753 3327/1880/1754 3328/1882/1755
f 3326/1881/1753 3328/1882/1755 3329/1883/1753
f 3330/1884/1756 3331/1885/1757 3332/1886/1758
f 3330/1884/1756 3332/1886/1758 3333/1887/1759
f 3334/1887/1760 3335/1886/1761 3336/1888/1762
f 3334/1887/1760 3336/1888/1762 3337/1889/1763
f 3338/1889/1764 3339/1888/1765 3340/1890/1766
f 3338/1889/1764 3340/1890/1766 3341/1891/1767
f 3342/1891/1768 3343/1890/1769 3344/1892/1770
f 3342/1891/1768 3344/1892/1770 3345/1893/1771
f 3346/1893/1772 3347/1892/1773 3348/1894/1774
f 3346/1893/1772 3348/1894/1774 3349/1895/1775
f 3350/1895/1776 3351/1894/1777 3352/1896/1777
f 3350/1895/1776 3352/1896/1777 3353/1897/1778
f 3354/1897/1779 3355/1896/1780 3356/1898/1781
f 3354/1897/1779 3356/1898/1781 3357/1899/1782
f 3358/1899/1783 3359/1898/1784 3360/1900/1785
f 3358/1899/1783 3360/1900/1785 3361/1901/1786
f 3362/1901/1787 3363/1900/1788 3364/1902/1789
f 3362/1901/1787 3364/1902/1789 3365/1903/1790
f 3366/1903/1791 3367/1902/1792 3368/1904/1793
f 3366/1903/1791 3368/1904/1793 3369/1905/1794
f 3370/1905/1795 3371/1904/1796 3372/1906/1797
f 3370/1905/1795 3372/1906/1797 3373/1907/1798
f 3374/1907/1799 3375/1906/1800 3376/1908/1801
f 3374/1907/1799 3376/1908/1801 3377/1909/1802
f 3378/1910/1803 3379/1911/1804 3380/1912/1805
f 3378/1910/1803 3380/1912/1805 3381/1913/1806
f 3382/1913/1807 3383/1912/1808 3384/1914/1809
f 3382/1913/1807 3384/1914/1809 3385/1915/1810
f 3386/1915/1811 3387/1914/1812 3388/1916/1813
f 3386/1915/1811 3388/1916/1813 3389/1917/1814
f 3390/1917/1815 3391/1916/1816 3392/1918/1817
f 3390/1917/1815 3392/1918/1817 3393/1919/1818
f 3394/1919/1819 3395/1918/1820 3396/1920/1821
f 3394/1919/1819 3396/1920/1821 3397/1921/1822
f 3398/1921/1823 3399/1920/1824 3400/1922/1825
f 3398/1921/1823 3400/1922/1825 3401/1923/1826
f 3402/1923/1827 3403/1922/1828 3404/1924/1829
f 3402/1923/1827 3404/1924/1829 3405/1925/1830
f 3406/1925/1831 3407/1924/1832 3408/1926/1833
f 3406/1925/1831 3408/1926/1833 3409/1927/1834
f 3410/1927/1835 3411/1926/1836 3412/1928/1837
f 3410/1927/1835 3412/1928/1837 3413/1929/1838
f 3414/1929/1839 3415/1928/1840 3416/1930/1841
f 3414/1929/1839 3416/1930/1841 3417/1931/1842
f 3418/1931/1843 3419/1930/1844 3420/1932/1845
f 3418/1931/1843 3420/1932/1845 3421/1933/1846
f 3422/1933/1847 3423/1932/1848 3424/1934/1849
f 3422/1933/1847 3424/1934/1849 3425/1935/1850
f 3379/1911/1804 3426/1936/1851 3427/1937/1851
f 3379/1911/1804 3427/1937/1851 3380/1912/1805
f 3383/1912/1808 3428/1937/1852 3429/1938/1852
f 3383/1912/1808 3429/1938/1852 3384/1914/1809
f 3387/1914/1812 3430/1938/1853 3431/1939/1853
f 3387/1914/1812 3431/1939/1853 3388/1916/1813
f 3391/1916/1816 3432/1939/1854 3433/1940/1854
f 3391/1916/1816 3433/1940/1854 3392/1918/1817
f 3395/1918/1820 3434/1940/1855 3435/1941/1855
f 3395/1918/1820 3435/1941/1855 3396/1920/1821
f 3399/1920/1824 3436/1941/1856 3437/1942/1857
f 3399/1920/1824 3437/1942/1857 3400/1922/1825
f 3403/1922/1828 3438/1942/1858 3439/1943/1858
f 3403/1922/1828 3439/1943/1858 3404/1924/1829
f 3407/1924/1832 3440/1943/1859 3441/1944/1859
f 3407/1924/1832 3441/1944/1859 3408/1926/1833
f 3411/1926/1836 3442/1944/1860 3443/1945/1860
f 3411/1926/1836 3443/1945/1860 3412/1928/1837
f 3415/1928/1840 3444/1945/1861 3445/1946/1861
f 3415/1928/1840 3445/1946/1861 3416/1930/1841
f 3419/1930/1844 3446/1946/1862 3447/1947/1862
f 3419/1930/1844 3447/1947/1862 3420/1932/1845
f 3423/1932/1848 3448/1947/1863 3449/1948/1864
f 3423/1932/1848 3449/1948/1864 3424/1934/1849
f 3332/1886/1758 3331/1885/1757 3378/1910/1803
f 3332/1886/1758 3378/1910/1803 3381/1913/1806
f 3336/1888/1762 3335/1886/1761 3382/1913/1807
f 3336/1888/1762 3382/1913/1807 3385/1915/1810
f 3340/1890/1766 3339/1888/1765 3386/1915/1811
f 3340/1890/1766 3386/1915/1811 3389/1917/1814
f 3344/1892/1770 3343/1890/1769 3390/1917/1815
f 3344/1892/1770 3390/1917/1815 3393/1919/1818
f 3348/1894/1774 3347/1892/1773 3394/1919/1819
f 3348/1894/1774 3394/1919/1819 3397/1921/1822
f 3352/1896/1777 3351/1894/1777 3398/1921/1823
f 3352/1896/1777 3398/1921/1823 3401/1923/1826
f 3356/1898/1781 3355/1896/1780 3402/1923/1827
f 3356/1898/1781 3402/1923/1827 3405/1925/1830
f 3360/1900/1785 3359/1898/1784 3406/1925/1831
f 3360/1900/1785 3406/1925/1831 3409/1927/1834
f 3364/1902/1789 3363/1900/1788 3410/1927/1835
f 3364/1902/1789 3410/1927/1835 3413/1929/1838
f 3368/1904/1793 3367/1902/1792 3414/1929/1839
f 3368/1904/1793 3414/1929/1839 3417/1931/1842
f 3372/1906/1797 3371/1904/1796 3418/1931/1843
f 3372/1906/1797 3418/1931/1843 3421/1933/1846
f 3376/1908/1801 3375/1906/1800 3422/1933/1847
f 3376/1908/1801 3422/1933/1847 3425/1935/1850
f 3284/1862/1720 3283/1861/1719 3330/1884/1756
f 3284/1862/1720 3330/1884/1756 3333/1887/1759
f 3288/1864/1724 3287/1862/1723 3334/1887/1760
f 3288/1864/1724 3334/1887/1760 3337/1889/1763
f 3292/1866/1727 3291/1864/1726 3338/1889/1764
f 3292/1866/1727 3338/1889/1764 3341/1891/1767
f 3296/1868/1730 3295/1866/1729 3342/1891/1768
f 3296/1868/1730 3342/1891/1768 3345/1893/1771
f 3300/1052/1734 3299/1868/1733 3346/1893/1772
f 3300/1052/1734 3346/1893/1772 3349/1895/1775
f 3304/1054/1737 3303/1052/1736 3350/1895/1776
f 3304/1054/1737 3350/1895/1776 3353/1897/1778
f 3308/1872/1740 3307/1054/1739 3354/1897/1779
f 3308/1872/1740 3354/1897/1779 3357/1899/1782
f 3312/1874/1743 3311/1872/1742 3358/1899/1783
f 3312/1874/1743 3358/1899/1783 3361/1901/1786
f 3316/1876/1746 3315/1874/1745 3362/1901/1787
f 3316/1876/1746 3362/1901/1787 3365/1903/1790
f 3320/1878/1749 3319/1876/1748 3366/1903/1791
f 3320/1878/1749 3366/1903/1791 3369/1905/1794
f 3324/1880/1752 3323/1878/1751 3370/1905/1795
f 3324/1880/1752 3370/1905/1795 3373/1907/1798
f 3328/1882/1755 3327/1880/1754 3374/1907/1799
f 3328/1882/1755 3374/1907/1799 3377/1909/1802
f 3450/1949/1865 3451/1950/1866 3452/1951/1867
f 3450/1949/1865 3452/1951/1867 3453/1952/1868
f 3454/1952/1869 3455/1951/1870 3456/1953/1871
f 3454/1952/1869 3456/1953/1871 3457/1954/1869
f 3458/1954/1872 3459/1953/1873 3460/1955/1874
f 3458/1954/1872 3460/1955/1874 3461/1956/1872
f 3462/1956/1875 3463/1955/1876 3464/1957/1877
f 3462/1956/1875 3464/1957/1877 3465/1958/1875
f 3466/1958/1878 3467/1957/1879 3468/1959/1880
f 3466/1958/1878 3468/1959/1880 3469/1960/1878
f 3470/1960/1881 3471/1959/1882 3472/1961/1883
f 3470/1960/1881 3472/1961/1883 3473/1962/1884
f 3474/1962/1885 3475/1961/1886 3476/1963/1887
f 3474/1962/1885 3476/1963/1887 3477/1964/1885
f 3478/1964/1888 3479/1963/1889 3480/1965/1890
f 3478/1964/1888 3480/1965/1890 3481/1966/1888
f 3482/1966/1891 3483/1965/1892 3484/1967/1892
f 3482/1966/1891 3484/1967/1892 3485/1968/1891
f 3486/1968/1893 3487/1967/1894 3488/1969/1895
f 3486/1968/1893 3488/1969/1895 3489/1970/1893
f 3490/1970/1896 3491/1969/1897 3492/1971/1898
f 3490/1970/1896 3492/1971/1898 3493/1972/1896
f 3494/1972/1899 3495/1971/1900 3496/1973/1900
f 3494/1972/1899 3496/1973/1900 3497/1974/1901
f 3498/1975/1902 3499/1976/1903 3500/1977/1904
f 3498/1975/1902 3500/1977/1904 3501/1978/1905
f 3502/1978/1906 3503/1977/1907 3504/1979/1908
f 3502/1978/1906 3504/1979/1908 3505/1980/1909
f 3506/1980/1910 3507/1979/1911 3508/1981/1912
f 3506/1980/1910 3508/1981/1912 3509/1982/1913
f 3510/1982/1914 3511/1981/1915 3512/1983/1916
f 3510/1982/1914 3512/1983/1916 3513/1984/1917
f 3514/1984/1918 3515/1983/1919 3516/1985/1920
f 3514/1984/1918 3516/1985/1920 3517/1986/1921
f 3518/1986/1922 3519/1985/1923 3520/1987/1924
f 3518/1986/1922 3520/1987/1924 3521/1988/1925
f 3522/1988/1926 3523/1987/1927 3524/1989/1928
f 3522/1988/1926 3524/1989/1928 3525/1990/1929
f 3526/1990/1930 3527/1989/1931 3528/1991/1932
f 3526/1990/1930 3528/1991/1932 3529/1992/1933
f 3530/1992/1934 3531/1991/1935 3532/1993/1936
f 3530/1992/1934 3532/1993/1936 3533/1994/1937
f 3534/1994/1938 3535/1993/1939 3536/1995/1940
f 3534/1994/1938 3536/1995/1940 3537/1996/1941
f 3538/1996/1942 3539/1995/1943 3540/1997/1944
f 3538/1996/1942 3540/1997/1944 3541/1998/1945
f 3542/1998/1946 3543/1997/1947 3544/1999/1948
f 3542/1998/1946 3544/1999/1948 3545/2000/1949
f 3546/2001/1950 3547/2002/1951 3548/2003/1952
f 3546/2001/1950 3548/2003/1952 3549/2004/1953
f 3550/2004/1954 3551/2003/1955 3552/2005/1956
f 3550/2004/1954 3552/2005/1956 3553/2006/1957
f 3554/2006/1958 3555/2005/1959 3556/2007/1960
f 3554/2006/1958 3556/2007/1960 3557/2008/1961
f 3558/2008/1962 3559/2007/1963 3560/2009/1964
f 3558/2008/1962 3560/2009/1964 3561/2010/1965
f 3562/2010/1966 3563/2009/1967 3564/2011/1968
f 3562/2010/1966 3564/2011/1968 3565/2012/1969
f 3566/2012/1970 3567/2011/1971 3568/2013/1972
f 3566/2012/1970 3568/2013/1972 3569/2014/1973
f 3570/2014/1974 3571/2013/1975 3572/2015/1976
f 3570/2014/1974 3572/2015/1976 3573/2016/1977
f 3574/2016/1978 3575/2015/1979 3576/2017/1980
f 3574/2016/1978 3576/2017/1980 3577/2018/1981
f 3578/2018/1982 3579/2017/1983 3580/2019/1984
f 3578/2018/1982 3580/2019/1984 3581/2020/1985
f 3582/2020/1986 3583/2019/1987 3584/2021/1988
f 3582/2020/1986 3584/2021/1988 3585/2022/1989
f 3586/2022/1990 3587/2021/1991 3588/2023/1992
f 3586/2022/1990 3588/2023/1992 3589/2024/1993
f 3590/2024/1994 3591/2023/1995 3592/2025/1996
f 3590/2024/1994 3592/2025/1996 3593/2026/1997
f 3547/2002/1951 3594/2027/1998 3595/2028/1998
f 3547/2002/1951 3595/2028/1998 3548/2003/1952
f 3551/2003/1955 3596/2028/1999 3597/2029/1999
f 3551/2003/1955 3597/2029/1999 3552/2005/1956
f 3555/2005/1959 3598/2029/2000 3599/2030/2000
f 3555/2005/1959 3599/2030/2000 3556/2007/1960
f 3559/2007/1963 3600/2030/2001 3601/2031/2001
f 3559/2007/1963 3601/2031/2001 3560/2009/1964
f 3563/2009/1967 3602/2031/2002 3603/2032/2002
f 3563/2009/1967 3603/2032/2002 3564/2011/1968
f 3567/2011/1971 3604/2032/2003 3605/2033/2003
f 3567/2011/1971 3605/2033/2003 3568/2013/1972
f 3571/2013/1975 3606/2033/2004 3607/2034/2005
f 3571/2013/1975 3607/2034/2005 3572/2015/1976
f 3575/2015/1979 3608/2034/2006 3609/2035/2006
f 3575/2015/1979 3609/2035/2006 3576/2017/1980
f 3579/2017/1983 3610/2035/2007 3611/2036/2007
f 3579/2017/1983 3611/2036/2007 3580/2019/1984
f 3583/2019/1987 3612/2036/2008 3613/2037/2008
f 3583/2019/1987 3613/2037/2008 3584/2021/1988
f 3587/2021/1991 3614/2037/2009 3615/2038/2009
f 3587/2021/1991 3615/2038/2009 3588/2023/1992
f 3591/2023/1995 3616/2038/2010 3617/2039/2010
f 3591/2023/1995 3617/2039/2010 3592/2025/1996
f 3500/1977/1904 3499/1976/1903 3546/2001/1950
f 3500/1977/1904 3546/2001/1950 3549/2004/1953
f 3504/1979/1908 3503/1977/1907 3550/2004/1954
f 3504/1979/1908 3550/2004/1954 3553/2006/1957
f 3508/1981/1912 3507/1979/1911 3554/2006/1958
f 3508/1981/1912 3554/2006/1958 3557/2008/1961
f 3512/1983/1916 3511/1981/1915 3558/2008/1962
f 3512/1983/1916 3558/2008/1962 3561/2010/1965
f 3516/1985/1920 3515/1983/1919 3562/2010/1966
f 3516/1985/1920 3562/2010/1966 3565/2012/1969
f 3520/1987/1924 3519/1985/1923 3566/2012/1970
f 3520/1987/1924 3566/2012/1970 3569/2014/1973
f 3524/1989/1928 3523/1987/1927 3570/2014/1974
f 3524/1989/1928 3570/2014/1974 3573/2016/1977
f 3528/1991/1932 3527/1989/1931 3574/2016/1978
f 3528/1991/1932 3574/2016/1978 3577/2018/1981
f 3532/1993/1936 3531/1991/1935 3578/2018/1982
f 3532/1993/1936 3578/2018/1982 3581/2020/1985
f 3536/1995/1940 3535/1993/1939 3582/2020/1986
f 3536/1995/1940 3582/2020/1986 3585/2022/1989
f 3540/1997/1944 3539/1995/1943 3586/2022/1990
f 3540/1997/1944 3586/2022/1990 3589/2024/1993
f 3544/1999/1948 3543/1997/1947 3590/2024/1994
f 3544/1999/1948 3590/2024/1994 3593/2026/1997
f 3452/1951/1867 3451/1950/1866 3498/1975/1902
f 3452/1951/1867 3498/1975/1902 3501/1978/1905
f 3456/1953/1871 3455/1951/1870 3502/1978/1906
f 3456/1953/1871 3502/1978/1906 3505/1980/1909
f 3460/1955/1874 3459/1953/1873 3506/1980/1910
f 3460/1955/1874 3506/1980/1910 3509/1982/1913
f 3464/1957/1877 3463/1955/1876 3510/1982/1914
f 3464/1957/1877 3510/1982/1914 3513/1984/1917
f 3468/1959/1880 3467/1957/1879 3514/1984/1918
f 3468/1959/1880 3514/1984/1918 3517/1986/1921
f 3472/1961/1883 3471/1959/1882 3518/1986/1922
f 3472/1961/1883 3518/1986/1922 3521/1988/1925
f 3476/1963/1887 3475/1961/1886 3522/1988/1926
f 3476/1963/1887 3522/1988/1926 3525/1990/1929
f 3480/1965/1890 3479/1963/1889 3526/1990/1930
f 3480/1965/1890 3526/1990/1930 3529/1992/1933
f 3484/1967/1892 3483/1965/1892 3530/1992/1934
f 3484/1967/1892 3530/1992/1934 3533/1994/1937
f 3488/1969/1895 3487/1967/1894 3534/1994/1938
f 3488/1969/1895 3534/1994/1938 3537/1996/1941
f 3492/1971/1898 3491/1969/1897 3538/1996/1942
f 3492/1971/1898 3538/1996/1942 3541/1998/1945
f 3496/1973/1900 3495/1971/1900 3542/1998/1946
f 3496/1973/1900 3542/1998/1946 3545/2000/1949
f 3618/2040/2011 3619/2041/2012 3620/2042/2013
f 3618/2040/2011 3620/2042/2013 3621/2043/2014
f 3622/2043/2015 3623/2042/2016 3624/2044/2017
f 3622/2043/2015 3624/2044/2017 3625/2045/2015
f 3626/2045/2018 3627/2044/2019 3628/2046/2020
f 3626/2045/2018 3628/2046/2020 3629/2047/2018
f 3630/2047/2021 3631/2046/2022 3632/2048/2023
f 3630/2047/2021 3632/2048/2023 3633/2049/2021
f 3634/2049/2024 3635/2048/2025 3636/2050/2026
f 3634/2049/2024 3636/2050/2026 3637/2051/2024
f 3638/2051/2027 3639/2050/2028 3640/2052/2029
f 3638/2051/2027 3640/2052/2029 3641/2053/2027
f 3642/2053/2030 3643/2052/2031 3644/2054/2032
f 3642/2053/2030 3644/2054/2032 3645/2055/2033
f 3646/2055/2034 3647/2054/2035 3648/2056/2036
f 3646/2055/2034 3648/2056/2036 3649/2057/2034
f 3650/2057/2037 3651/2056/2038 3652/2058/2039
f 3650/2057/2037 3652/2058/2039 3653/2059/2037
f 3654/2059/2040 3655/2058/2041 3656/2060/2042
f 3654/2059/2040 3656/2060/2042 3657/2061/2040
f 3658/2061/2043 3659/2060/2044 3660/2062/2045
f 3658/2061/2043 3660/2062/2045 3661/2063/2046
f 3662/2063/2047 3663/2062/2048 3664/2064/2049
f 3662/2063/2047 3664/2064/2049 3665/2065/2047
f 3666/2066/2050 3667/2067/2051 3668/2068/2052
f 3666/2066/2050 3668/2068/2052 3669/2069/2053
f 3670/2069/2054 3671/2068/2055 3672/2070/2056
f 3670/2069/2054 3672/2070/2056 3673/2071/2057
f 3674/2071/2058 3675/2070/2059 3676/2072/2060
f 3674/2071/2058 3676/2072/2060 3677/2073/2061
f 3678/2073/2062 3679/2072/2063 3680/2074/2064
f 3678/2073/2062 3680/2074/2064 3681/2075/2065
f 3682/2075/2066 3683/2074/2067 3684/2076/2068
f 3682/2075/2066 3684/2076/2068 3685/2077/2069
f 3686/2077/2070 3687/2076/2071 3688/2078/2072
f 3686/2077/2070 3688/2078/2072 3689/2079/2073
f 3690/2079/2074 3691/2078/2075 3692/2080/2076
f 3690/2079/2074 3692/2080/2076 3693/2081/2077
f 3694/2081/2078 3695/2080/2079 3696/2082/2080
f 3694/2081/2078 3696/2082/2080 3697/2083/2081
f 3698/2083/2082 3699/2082/2083 3700/2084/2084
f 3698/2083/2082 3700/2084/2084 3701/2085/2085
f 3702/2085/2086 3703/2084/2087 3704/2086/2088
f 3702/2085/2086 3704/2086/2088 3705/2087/2089
f 3706/2087/2090 3707/2086/2091 3708/2088/2092
f 3706/2087/2090 3708/2088/2092 3709/2089/2093
f 3710/2089/2094 3711/2088/2095 3712/2090/2096
f 3710/2089/2094 3712/2090/2096 3713/2091/2097
f 3714/2092/2098 3715/2093/2099 3716/2094/2100
f 3714/2092/2098 3716/2094/2100 3717/2095/2101
f 3718/2095/2102 3719/2094/2103 3720/2096/2104
f 3718/2095/2102 3720/2096/2104 3721/2097/2105
f 3722/2097/2106 3723/2096/2107 3724/2098/2108
f 3722/2097/2106 3724/2098/2108 3725/2099/2109
f 3726/2099/2110 3727/2098/2111 3728/2100/2112
f 3726/2099/2110 3728/2100/2112 3729/2101/2113
f 3730/2101/2114 3731/2100/2115 3732/2102/2116
f 3730/2101/2114 3732/2102/2116 3733/2103/2117
f 3734/2103/2118 3735/2102/2119 3736/2104/2120
f 3734/2103/2118 3736/2104/2120 3737/2105/2118
f 3738/2105/2121 3739/2104/2122 3740/2106/2123
f 3738/2105/2121 3740/2106/2123 3741/2107/2124
f 3742/2107/2125 3743/2106/2126 3744/2108/2127
f 3742/2107/2125 3744/2108/2127 3745/2109/2128
f 3746/2109/2129 3747/2108/2130 3748/2110/2131
f 3746/2109/2129 3748/2110/2131 3749/2111/2132
f 3750/2111/2133 3751/2110/2134 3752/2112/2135
f 3750/2111/2133 3752/2112/2135 3753/2113/2136
f 3754/2113/2137 3755/2112/2138 3756/2114/2139
f 3754/2113/2137 3756/2114/2139 3757/2115/2140
f 3758/2115/2141 3759/2114/2142 3760/2116/2143
f 3758/2115/2141 3760/2116/2143 3761/2117/2144
f 3715/2093/2099 3762/2118/2145 3763/2119/2145
f 3715/2093/2099 3763/2119/2145 3716/2094/2100
f 3719/2094/2103 3764/2119/2146 3765/2120/2146
f 3719/2094/2103 3765/2120/2146 3720/2096/2104
f 3723/2096/2107 3766/2120/2147 3767/2121/2148
f 3723/2096/2107 3767/2121/2148 3724/2098/2108
f 3727/2098/2111 3768/2121/2149 3769/2122/2149
f 3727/2098/2111 3769/2122/2149 3728/2100/2112
f 3731/2100/2115 3770/2122/2150 3771/2123/2150
f 3731/2100/2115 3771/2123/2150 3732/2102/2116
f 3735/2102/2119 3772/2123/2151 3773/2124/2151
f 3735/2102/2119 3773/2124/2151 3736/2104/2120
f 3739/2104/2122 3774/2124/2152 3775/2125/2152
f 3739/2104/2122 3775/2125/2152 3740/2106/2123
f 3743/2106/2126 3776/2125/2153 3777/2126/2153
f 3743/2106/2126 3777/2126/2153 3744/2108/2127
f 3747/2108/2130 3778/2126/2154 3779/2127/2154
f 3747/2108/2130 3779/2127/2154 3748/2110/2131
f 3751/2110/2134 3780/2127/2155 3781/2128/2155
f 3751/2110/2134 3781/2128/2155 3752/2112/2135
f 3755/2112/2138 3782/2128/2156 3783/2129/2156
f 3755/2112/2138 3783/2129/2156 3756/2114/2139
f 3759/2114/2142 3784/2129/2157 3785/2130/2157
f 3759/2114/2142 3785/2130/2157 3760/2116/2143
f 3668/2068/2052 3667/2067/2051 3714/2092/2098
f 3668/2068/2052 3714/2092/2098 3717/2095/2101
f 3672/2070/2056 3671/2068/2055 3718/2095/2102
f 3672/2070/2056 3718/2095/2102 3721/2097/2105
f 3676/2072/2060 3675/2070/2059 3722/2097/2106
f 3676/2072/2060 3722/2097/2106 3725/2099/2109
f 3680/2074/2064 3679/2072/2063 3726/2099/2110
f 3680/2074/2064 3726/2099/2110 3729/2101/2113
f 3684/2076/2068 3683/2074/2067 3730/2101/2114
f 3684/2076/2068 3730/2101/2114 3733/2103/2117
f 3688/2078/2072 3687/2076/2071 3734/2103/2118
f 3688/2078/2072 3734/2103/2118 3737/2105/2118
f 3692/2080/2076 3691/2078/2075 3738/2105/2121
f 3692/2080/2076 3738/2105/2121 3741/2107/2124
f 3696/2082/2080 3695/2080/2079 3742/2107/2125
f 3696/2082/2080 3742/2107/2125 3745/2109/2128
f 3700/2084/2084 3699/2082/2083 3746/2109/2129
f 3700/2084/2084 3746/2109/2129 3749/2111/2132
f 3704/2086/2088 3703/2084/2087 3750/2111/2133
f 3704/2086/2088 3750/2111/2133 3753/2113/2136
f 3708/2088/2092 3707/2086/2091 3754/2113/2137
f 3708/2088/2092 3754/2113/2137 3757/2115/2140
f 3712/2090/2096 3711/2088/2095 3758/2115/2141
f 3712/2090/2096 3758/2115/2141 3761/2117/2144
f 3620/2042/2013 3619/2041/2012 3666/2066/2050
f 3620/2042/2013 3666/2066/2050 3669/2069/2053
f 3624/2044/2017 3623/2042/2016 3670/2069/2054
f 3624/2044/2017 3670/2069/2054 3673/2071/2057
f 3628/2046/2020 3627/2044/2019 3674/2071/2058
f 3628/2046/2020 3674/2071/2058 3677/2073/2061
f 3632/2048/2023 3631/2046/2022 3678/2073/2062
f 3632/2048/2023 3678/2073/2062 3681/2075/2065
f 3636/2050/2026 3635/2048/2025 3682/2075/2066
f 3636/2050/2026 3682/2075/2066 3685/2077/2069
f 3640/2052/2029 3639/2050/2028 3686/2077/2070
f 3640/2052/2029 3686/2077/2070 3689/2079/2073
f 3644/2054/2032 3643/2052/2031 3690/2079/2074
f 3644/2054/2032 3690/2079/2074 3693/2081/2077
f 3648/2056/2036 3647/2054/2035 3694/2081/2078
f 3648/2056/2036 3694/2081/2078 3697/2083/2081
f 3652/2058/2039 3651/2056/2038 3698/2083/2082
f 3652/2058/2039 3698/2083/2082 3701/2085/2085
f 3656/2060/2042 3655/2058/2041 3702/2085/2086
f 3656/2060/2042 3702/2085/2086 3705/2087/2089
f 3660/2062/2045 3659/2060/2044 3706/2087/2090
f 3660/2062/2045 3706/2087/2090 3709/2089/2093
f 3664/2064/2049 3663/2062/2048 3710/2089/2094
f 3664/2064/2049 3710/2089/2094 3713/2091/2097
f 3786/2131/2158 3787/2132/2159 3788/2133/2160
f 3786/2131/2158 3788/2133/2160 3789/2134/2158
f 3790/2134/2161 3791/2133/2162 3792/2135/2163
f 3790/2134/2161 3792/2135/2163 3793/2136/2161
f 3794/2136/2164 3795/2135/2165 3796/2137/2166
f 3794/2136/2164 3796/2137/2166 3797/2138/2164
f 3798/2138/2167 3799/2137/2168 3800/2139/2169
f 3798/2138/2167 3800/2139/2169 3801/2140/2167
f 3802/2140/2170 3803/2139/2171 3804/2141/2172
f 3802/2140/2170 3804/2141/2172 3805/2142/2170
f 3806/2142/2173 3807/2141/2174 3808/2143/2175
f 3806/2142/2173 3808/2143/2175 3809/2144/2173
f 3810/2144/2176 3811/2143/2177 3812/2145/2178
f 3810/2144/2176 3812/2145/2178 3813/2146/2176
f 3814/2146/2179 3815/2145/2180 3816/2147/2181
f 3814/2146/2179 3816/2147/2181 3817/2148/2182
f 3818/2148/2183 3819/2147/2184 3820/2149/2185
f 3818/2148/2183 3820/2149/2185 3821/2150/2183
f 3822/2150/2186 3823/2149/2187 3824/2151/2188
f 3822/2150/2186 3824/2151/2188 3825/2152/2186
f 3826/2152/2189 3827/2151/2190 3828/2153/2191
f 3826/2152/2189 3828/2153/2191 3829/2154/2189
f 3830/2154/2192 3831/2153/2193 3832/2155/2194
f 3830/2154/2192 3832/2155/2194 3833/2156/2192
f 3834/2157/2195 3835/2158/2196 3836/2159/2197
f 3834/2157/2195 3836/2159/2197 3837/2160/2198
f 3838/2160/2199 3839/2159/2200 3840/2161/2201
f 3838/2160/2199 3840/2161/2201 3841/2162/2202
f 3842/2162/2203 3843/2161/2204 3844/2163/2205
f 3842/2162/2203 3844/2163/2205 3845/2164/2206
f 3846/2164/2207 3847/2163/2208 3848/2165/2209
f 3846/2164/2207 3848/2165/2209 3849/2166/2210
f 3850/2166/2211 3851/2165/2212 3852/2167/2213
f 3850/2166/2211 3852/2167/2213 3853/2168/2214
f 3854/2168/2215 3855/2167/2216 3856/2169/2217
f 3854/2168/2215 3856/2169/2217 3857/2170/2218
f 3858/2170/2219 3859/2169/2220 3860/2171/2221
f 3858/2170/2219 3860/2171/2221 3861/2172/2222
f 3862/2172/2223 3863/2171/2224 3864/2173/2225
f 3862/2172/2223 3864/2173/2225 3865/2174/2226
f 3866/2174/2227 3867/2173/2228 3868/2175/2229
f 3866/2174/2227 3868/2175/2229 3869/2176/2230
f 3870/2176/2231 3871/2175/2232 3872/2177/2233
f 3870/2176/2231 3872/2177/2233 3873/2178/2234
f 3874/2178/2235 3875/2177/2236 3876/2179/2237
f 3874/2178/2235 3876/2179/2237 3877/2180/2238
f 3878/2180/2239 3879/2179/2240 3880/2181/2241
f 3878/2180/2239 3880/2181/2241 3881/2182/2242
f 3882/2183/2243 3883/2184/2244 3884/2185/2245
f 3882/2183/2243 3884/2185/2245 3885/2186/2246
f 3886/2186/2247 3887/2185/2248 3888/2187/2249
f 3886/2186/2247 3888/2187/2249 3889/2188/2250
f 3890/2188/2251 3891/2187/2252 3892/2189/2253
f 3890/2188/2251 3892/2189/2253 3893/2190/2254
f 3894/2190/2255 3895/2189/2256 3896/2191/2257
f 3894/2190/2255 3896/2191/2257 3897/2192/2258
f 3898/2192/2259 3899/2191/2260 3900/2193/2261
f 3898/2192/2259 3900/2193/2261 3901/2194/2262
f 3902/2194/2263 3903/2193/2264 3904/2195/2265
f 3902/2194/2263 3904/2195/2265 3905/2196/2266
f 3906/2196/2267 3907/2195/2268 3908/2197/2269
f 3906/2196/2267 3908/2197/2269 3909/2198/2270
f 3910/2198/2271 3911/2197/2272 3912/2199/2273
f 3910/2198/2271 3912/2199/2273 3913/2200/2274
f 3914/2200/2275 3915/2199/2276 3916/2201/2277
f 3914/2200/2275 3916/2201/2277 3917/2202/2278
f 3918/2202/2279 3919/2201/2280 3920/2203/2281
f 3918/2202/2279 3920/2203/2281 3921/2204/2282
f 3922/2204/2283 3923/2203/2284 3924/2205/2285
f 3922/2204/2283 3924/2205/2285 3925/2206/2286
f 3926/2206/2287 3927/2205/2288 3928/2207/2289
f 3926/2206/2287 3928/2207/2289 3929/2208/2290
f 3883/2184/2244 3930/2209/2291 3931/2210/2291
f 3883/2184/2244 3931/2210/2291 3884/2185/2245
f 3887/2185/2248 3932/2210/2292 3933/2211/2292
f 3887/2185/2248 3933/2211/2292 3888/2187/2249
f 3891/2187/2252 3934/2211/2293 3935/2212/2293
f 3891/2187/2252 3935/2212/2293 3892/2189/2253
f 3895/2189/2256 3936/2212/2294 3937/2213/2294
f 3895/2189/2256 3937/2213/2294 3896/2191/2257
f 3899/2191/2260 3938/2213/2295 3939/2214/2295
f 3899/2191/2260 3939/2214/2295 3900/2193/2261
f 3903/2193/2264 3940/2214/2296 3941/2215/2296
f 3903/2193/2264 3941/2215/2296 3904/2195/2265
f 3907/2195/2268 3942/2215/2297 3943/2216/2297
f 3907/2195/2268 3943/2216/2297 3908/2197/2269
f 3911/2197/2272 3944/2216/2298 3945/2217/2298
f 3911/2197/2272 3945/2217/2298 3912/2199/2273
f 3915/2199/2276 3946/2217/2299 3947/2218/2299
f 3915/2199/2276 3947/2218/2299 3916/2201/2277
f 3919/2201/2280 3948/2218/2300 3949/2219/2300
f 3919/2201/2280 3949/2219/2300 3920/2203/2281
f 3923/2203/2284 3950/2219/2301 3951/2220/2301
f 3923/2203/2284 3951/2220/2301 3924/2205/2285
f 3927/2205/2288 3952/2220/2302 3953/2221/2302
f 3927/2205/2288 3953/2221/2302 3928/2207/2289
f 3836/2159/2197 3835/2158/2196 3882/2183/2243
f 3836/2159/2197 3882/2183/2243 3885/2186/2246
f 3840/2161/2201 3839/2159/2200 3886/2186/2247
f 3840/2161/2201 3886/2186/2247 3889/2188/2250
f 3844/2163/2205 3843/2161/2204 3890/2188/2251
f 3844/2163/2205 3890/2188/2251 3893/2190/2254
f 3848/2165/2209 3847/2163/2208 3894/2190/2255
f 3848/2165/2209 3894/2190/2255 3897/2192/2258
f 3852/2167/2213 3851/2165/2212 3898/2192/2259
f 3852/2167/2213 3898/2192/2259 3901/2194/2262
f 3856/2169/2217 3855/2167/2216 3902/2194/2263
f 3856/2169/2217 3902/2194/2263 3905/2196/2266
f 3860/2171/2221 3859/2169/2220 3906/2196/2267
f 3860/2171/2221 3906/2196/2267 3909/2198/2270
f 3864/2173/2225 3863/2171/2224 3910/2198/2271
f 3864/2173/2225 3910/2198/2271 3913/2200/2274
f 3868/2175/2229 3867/2173/2228 3914/2200/2275
f 3868/2175/2229 3914/2200/2275 3917/2202/2278
f 3872/2177/2233 3871/2175/2232 3918/2202/2279
f 3872/2177/2233 3918/2202/2279 3921/2204/2282
f 3876/2179/2237 3875/2177/2236 3922/2204/2283
f 3876/2179/2237 3922/2204/2283 3925/2206/2286
f 3880/2181/2241 3879/2179/2240 3926/2206/2287
f 3880/2181/2241 3926/2206/2287 3929/2208/2290
f 3788/2133/2160 3787/2132/2159 3834/2157/2195
f 3788/2133/2160 3834/2157/2195 3837/2160/2198
f 3792/2135/2163 3791/2133/2162 3838/2160/2199
f 3792/2135/2163 3838/2160/2199 3841/2162/2202
f 3796/2137/2166 3795/2135/2165 3842/2162/2203
f 3796/2137/2166 3842/2162/2203 3845/2164/2206
f 3800/2139/2169 3799/2137/2168 3846/2164/2207
f 3800/2139/2169 3846/2164/2207 3849/2166/2210
f 3804/2141/2172 3803/2139/2171 3850/2166/2211
f 3804/2141/2172 3850/2166/2211 3853/2168/2214
f 3808/2143/2175 3807/2141/2174 3854/2168/2215
f 3808/2143/2175 3854/2168/2215 3857/2170/2218
f 3812/2145/2178 3811/2143/2177 3858/2170/2219
f 3812/2145/2178 3858/2170/2219 3861/2172/2222
f 3816/2147/2181 3815/2145/2180 3862/2172/2223
f 3816/2147/2181 3862/2172/2223 3865/2174/2226
f 3820/2149/2185 3819/2147/2184 3866/2174/2227
f 3820/2149/2185 3866/2174/2227 3869/2176/2230
f 3824/2151/2188 3823/2149/2187 3870/2176/2231
f 3824/2151/2188 3870/2176/2231 3873/2178/2234
f 3828/2153/2191 3827/2151/2190 3874/2178/2235
f 3828/2153/2191 3874/2178/2235 3877/2180/2238
f 3832/2155/2194 3831/2153/2193 3878/2180/2239
f 3832/2155/2194 3878/2180/2239 3881/2182/2242
f 3954/2222/2303 3955/1408/2304 3956/2223/2305
f 3954/2222/2303 3956/2223/2305 3957/2224/2303
f 3958/2224/2306 3959/2223/2307 3960/1410/2308
f 3958/2224/2306 3960/1410/2308 3961/2225/2306
f 3962/2225/2309 3963/1410/2310 3964/1412/2311
f 3962/2225/2309 3964/1412/2311 3965/2226/2309
f 3966/2226/2312 3967/1412/2313 3968/2227/2314
f 3966/2226/2312 3968/2227/2314 3969/2228/2312
f 3970/2228/2315 3971/2227/2316 3972/2229/2317
f 3970/2228/2315 3972/2229/2317 3973/2230/2315
f 3974/2230/2318 3975/2229/2319 3976/2231/2320
f 3974/2230/2318 3976/2231/2320 3977/2232/2318
f 3978/2232/2321 3979/2231/2322 3980/2233/2323
f 3978/2232/2321 3980/2233/2323 3981/2234/2321
f 3982/2234/2324 3983/2233/2325 3984/2235/2326
f 3982/2234/2324 3984/2235/2326 3985/2236/2324
f 3986/2236/2327 3987/2235/2328 3988/2237/2329
f 3986/2236/2327 3988/2237/2329 3989/2238/2330
f 3990/2238/2331 3991/2237/2332 3992/2239/2333
f 3990/2238/2331 3992/2239/2333 3993/2240/2331
f 3994/2240/2334 3995/2239/2335 3996/2241/2336
f 3994/2240/2334 3996/2241/2336 3997/2242/2334
f 3998/2242/2337 3999/2241/2338 4000/2243/2339
f 3998/2242/2337 4000/2243/2339 4001/2244/2337
f 4002/2245/2340 4003/2246/2341 4004/2247/2342
f 4002/2245/2340 4004/2247/2342 4005/2248/2343
f 4006/2248/2344 4007/2247/2345 4008/2249/2346
f 4006/2248/2344 4008/2249/2346 4009/2250/2347
f 4010/2250/2348 4011/2249/2349 4012/2251/2350
f 4010/2250/2348 4012/2251/2350 4013/2252/2351
f 4014/2252/2352 4015/2251/2353 4016/2253/2354
f 4014/2252/2352 4016/2253/2354 4017/2254/2355
f 4018/2254/2356 4019/2253/2357 4020/2255/2358
f 4018/2254/2356 4020/2255/2358 4021/2256/2359
f 4022/2256/2360 4023/2255/2361 4024/2257/2362
f 4022/2256/2360 4024/2257/2362 4025/2258/2363
f 4026/2258/2364 4027/2257/2365 4028/2259/2366
f 4026/2258/2364 4028/2259/2366 4029/2260/2367
f 4030/2260/2368 4031/2259/2369 4032/2261/2370
f 4030/2260/2368 4032/2261/2370 4033/2262/2371
f 4034/2262/2372 4035/2261/2373 4036/2263/2374
f 4034/2262/2372 4036/2263/2374 4037/2264/2375
f 4038/2264/2376 4039/2263/2377 4040/2265/2378
f 4038/2264/2376 4040/2265/2378 4041/2266/2379
f 4042/2266/2380 4043/2265/2381 4044/2267/2382
f 4042/2266/2380 4044/2267/2382 4045/2268/2383
f 4046/2268/2384 4047/2267/2385 4048/2269/2386
f 4046/2268/2384 4048/2269/2386 4049/2270/2387
f 4050/2271/2388 4051/2272/2389 4052/2273/2390
f 4050/2271/2388 4052/2273/2390 4053/2274/2391
f 4054/2274/2392 4055/2273/2393 4056/2275/2394
f 4054/2274/2392 4056/2275/2394 4057/2276/2395
f 4058/2276/2396 4059/2275/2397 4060/2277/2398
f 4058/2276/2396 4060/2277/2398 4061/2278/2399
f 4062/2278/2400 4063/2277/2401 4064/2279/2402
f 4062/2278/2400 4064/2279/2402 4065/2280/2403
f 4066/2280/2404 4067/2279/2405 4068/2281/2406
f 4066/2280/2404 4068/2281/2406 4069/2282/2407
f 4070/2282/2408 4071/2281/2409 4072/2283/2410
f 4070/2282/2408 4072/2283/2410 4073/2284/2411
f 4074/2284/2412 4075/2283/2413 4076/2285/2414
f 4074/2284/2412 4076/2285/2414 4077/2286/2415
f 4078/2286/2416 4079/2285/2417 4080/2287/2418
f 4078/2286/2416 4080/2287/2418 4081/2288/2419
f 4082/2288/2420 4083/2287/2421 4084/2289/2422
f 4082/2288/2420 4084/2289/2422 4085/2290/2423
f 4086/2290/2424 4087/2289/2425 4088/2291/2426
f 4086/2290/2424 4088/2291/2426 4089/2292/2427
f 4090/2292/2428 4091/2291/2429 4092/2293/2430
f 4090/2292/2428 4092/2293/2430 4093/2294/2431
f 4094/2294/2432 4095/2293/2433 4096/2295/2434
f 4094/2294/2432 4096/2295/2434 4097/2296/2435
f 4051/2272/2389 4098/2297/2436 4099/2298/2436
f 4051/2272/2389 4099/2298/2436 4052/2273/2390
f 4055/2273/2393 4100/2298/2437 4101/2299/2437
f 4055/2273/2393 4101/2299/2437 4056/2275/2394
f 4059/2275/2397 4102/2299/2438 4103/2300/2438
f 4059/2275/2397 4103/2300/2438 4060/2277/2398
f 4063/2277/2401 4104/2300/2439 4105/2301/2439
f 4063/2277/2401 4105/2301/2439 4064/2279/2402
f 4067/2279/2405 4106/2301/2440 4107/2302/2440
f 4067/2279/2405 4107/2302/2440 4068/2281/2406
f 4071/2281/2409 4108/2302/2441 4109/2303/2441
f 4071/2281/2409 4109/2303/2441 4072/2283/2410
f 4075/2283/2413 4110/2303/2442 4111/2304/2442
f 4075/2283/2413 4111/2304/2442 4076/2285/2414
f 4079/2285/2417 4112/2304/2443 4113/2305/2443
f 4079/2285/2417 4113/2305/2443 4080/2287/2418
f 4083/2287/2421 4114/2305/2444 4115/2306/2445
f 4083/2287/2421 4115/2306/2445 4084/2289/2422
f 4087/2289/2425 4116/2306/2446 4117/2307/2446
f 4087/2289/2425 4117/2307/2446 4088/2291/2426
f 4091/2291/2429 4118/2307/2447 4119/2308/2447
f 4091/2291/2429 4119/2308/2447 4092/2293/2430
f 4095/2293/2433 4120/2308/2448 4121/2309/2448
f 4095/2293/2433 4121/2309/2448 4096/2295/2434
f 4004/2247/2342 4003/2246/2341 4050/2271/2388
f 4004/2247/2342 4050/2271/2388 4053/2274/2391
f 4008/2249/2346 4007/2247/2345 4054/2274/2392
f 4008/2249/2346 4054/2274/2392 4057/2276/2395
f 4012/2251/2350 4011/2249/2349 4058/2276/2396
f 4012/2251/2350 4058/2276/2396 4061/2278/2399
f 4016/2253/2354 4015/2251/2353 4062/2278/2400
f 4016/2253/2354 4062/2278/2400 4065/2280/2403
f 4020/2255/2358 4019/2253/2357 4066/2280/2404
f 4020/2255/2358 4066/2280/2404 4069/2282/2407
f 4024/2257/2362 4023/2255/2361 4070/2282/2408
f 4024/2257/2362 4070/2282/2408 4073/2284/2411
f 4028/2259/2366 4027/2257/2365 4074/2284/2412
f 4028/2259/2366 4074/2284/2412 4077/2286/2415
f 4032/2261/2370 4031/2259/2369 4078/2286/2416
f 4032/2261/2370 4078/2286/2416 4081/2288/2419
f 4036/2263/2374 4035/2261/2373 4082/2288/2420
f 4036/2263/2374 4082/2288/2420 4085/2290/2423
f 4040/2265/2378 4039/2263/2377 4086/2290/2424
f 4040/2265/2378 4086/2290/2424 4089/2292/2427
f 4044/2267/2382 4043/2265/2381 4090/2292/2428
f 4044/2267/2382 4090/2292/2428 4093/2294/2431
f 4048/2269/2386 4047/2267/2385 4094/2294/2432
f 4048/2269/2386 4094/2294/2432 4097/2296/2435
f 3956/2223/2305 3955/1408/2304 4002/2245/2340
f 3956/2223/2305 4002/2245/2340 4005/2248/2343
f 3960/1410/2308 3959/2223/2307 4006/2248/2344
f 3960/1410/2308 4006/2248/2344 4009/2250/2347
f 3964/1412/2311 3963/1410/2310 4010/2250/2348
f 3964/1412/2311 4010/2250/2348 4013/2252/2351
f 3968/2227/2314 3967/1412/2313 4014/2252/2352
f 3968/2227/2314 4014/2252/2352 4017/2254/2355
f 3972/2229/2317 3971/2227/2316 4018/2254/2356
f 3972/2229/2317 4018/2254/2356 4021/2256/2359
f 3976/2231/2320 3975/2229/2319 4022/2256/2360
f 3976/2231/2320 4022/2256/2360 4025/2258/2363
f 3980/2233/2323 3979/2231/2322 4026/2258/2364
f 3980/2233/2323 4026/2258/2364 4029/2260/2367
f 3984/2235/2326 3983/2233/2325 4030/2260/2368
f 3984/2235/2326 4030/2260/2368 4033/2262/2371
f 3988/2237/2329 3987/2235/2328 4034/2262/2372
f 3988/2237/2329 4034/2262/2372 4037/2264/2375
f 3992/2239/2333 3991/2237/2332 4038/2264/2376
f 3992/2239/2333 4038/2264/2376 4041/2266/2379
f 3996/2241/2336 3995/2239/2335 4042/2266/2380
f 3996/2241/2336 4042/2266/2380 4045/2268/2383
f 4000/2243/2339 3999/2241/2338 4046/2268/2384
f 4000/2243/2339 4046/2268/2384 4049/2270/2387
f 4122/2310/2449 4123/2311/2450 4124/2312/2451
f 4122/2310/2449 4124/2312/2451 4125/2313/2449
f 4126/2313/2452 4127/2312/2453 4128/2314/2454
f 4126/2313/2452 4128/2314/2454 4129/2315/2455
f 4130/2315/2456 4131/2314/2457 4132/2316/2458
f 4130/2315/2456 4132/2316/2458 4133/2317/2456
f 4134/2317/2459 4135/2316/2460 4136/2318/2461
f 4134/2317/2459 4136/2318/2461 4137/2319/2462
f 4138/2319/2463 4139/2318/2464 4140/2320/2465
f 4138/2319/2463 4140/2320/2465 4141/2321/2463
f 4142/2321/2466 4143/2320/2467 4144/2322/2468
f 4142/2321/2466 4144/2322/2468 4145/2323/2466
f 4146/2323/2469 4147/2322/2470 4148/2324/2471
f 4146/2323/2469 4148/2324/2471 4149/2325/2472
f 4150/2325/2473 4151/2324/2474 4152/2326/2475
f 4150/2325/2473 4152/2326/2475 4153/2327/2473
f 4154/2327/2476 4155/2326/2477 4156/2328/2478
f 4154/2327/2476 4156/2328/2478 4157/2329/2476
f 4158/2329/2479 4159/2328/2480 4160/2330/2481
f 4158/2329/2479 4160/2330/2481 4161/2331/2482
f 4162/2331/2483 4163/2330/2484 4164/2332/2485
f 4162/2331/2483 4164/2332/2485 4165/2333/2483
f 4166/2333/2486 4167/2332/2487 4168/2334/2488
f 4166/2333/2486 4168/2334/2488 4169/2335/2486
f 4170/2336/2489 4171/2337/2490 4172/2338/2491
f 4170/2336/2489 4172/2338/2491 4173/2339/2492
f 4174/2339/2493 4175/2338/2494 4176/2340/2495
f 4174/2339/2493 4176/2340/2495 4177/2341/2496
f 4178/2341/2497 4179/2340/2498 4180/2342/2499
f 4178/2341/2497 4180/2342/2499 4181/2343/2500
f 4182/2343/2501 4183/2342/2502 4184/2344/2503
f 4182/2343/2501 4184/2344/2503 4185/2345/2504
f 4186/2345/2505 4187/2344/2506 4188/2346/2507
f 4186/2345/2505 4188/2346/2507 4189/2347/2508
f 4190/2347/2509 4191/2346/2510 4192/2348/2511
f 4190/2347/2509 4192/2348/2511 4193/2349/2512
f 4194/2349/2513 4195/2348/2514 4196/2350/2515
f 4194/2349/2513 4196/2350/2515 4197/2351/2516
f 4198/2351/2517 4199/2350/2518 4200/2352/2519
f 4198/2351/2517 4200/2352/2519 4201/2353/2520
f 4202/2353/2521 4203/2352/2522 4204/2354/2523
f 4202/2353/2521 4204/2354/2523 4205/2355/2524
f 4206/2355/2525 4207/2354/2526 4208/2356/2527
f 4206/2355/2525 4208/2356/2527 4209/2357/2528
f 4210/2357/2529 4211/2356/2530 4212/2358/2531
f 4210/2357/2529 4212/2358/2531 4213/2359/2532
f 4214/2359/2533 4215/2358/2534 4216/2360/2535
f 4214/2359/2533 4216/2360/2535 4217/2361/2536
f 4218/2362/2537 4219/2363/2538 4220/2364/2539
f 4218/2362/2537 4220/2364/2539 4221/2365/2540
f 4222/2365/2541 4223/2364/2542 4224/2366/2543
f 4222/2365/2541 4224/2366/2543 4225/2367/2544
f 4226/2367/2545 4227/2366/2546 4228/2368/2547
f 4226/2367/2545 4228/2368/2547 4229/2369/2548
f 4230/2369/2549 4231/2368/2550 4232/2370/2551
f 4230/2369/2549 4232/2370/2551 4233/2371/2552
f 4234/2371/2553 4235/2370/2554 4236/2372/2555
f 4234/2371/2553 4236/2372/2555 4237/2373/2556
f 4238/2373/2557 4239/2372/2558 4240/2374/2559
f 4238/2373/2557 4240/2374/2559 4241/2375/2560
f 4242/2375/2561 4243/2374/2562 4244/2376/2563
f 4242/2375/2561 4244/2376/2563 4245/2377/2564
f 4246/2377/2565 4247/2376/2566 4248/2378/2567
f 4246/2377/2565 4248/2378/2567 4249/2379/2568
f 4250/2379/2569 4251/2378/2570 4252/2380/2571
f 4250/2379/2569 4252/2380/2571 4253/2381/2572
f 4254/2381/2573 4255/2380/2574 4256/2382/2575
f 4254/2381/2573 4256/2382/2575 4257/2383/2576
f 4258/2383/2577 4259/2382/2578 4260/2384/2579
f 4258/2383/2577 4260/2384/2579 4261/2385/2580
f 4262/2385/2581 4263/2384/2582 4264/2386/2583
f 4262/2385/2581 4264/2386/2583 4265/2387/2584
f 4219/2363/2538 4266/2388/2585 4267/2389/2586
f 4219/2363/2538 4267/2389/2586 4220/2364/2539
f 4223/2364/2542 4268/2389/2587 4269/2390/2588
f 4223/2364/2542 4269/2390/2588 4224/2366/2543
f 4227/2366/2546 4270/2390/2589 4271/2391/2589
f 4227/2366/2546 4271/2391/2589 4228/2368/2547
f 4231/2368/2550 4272/2391/2590 4273/2392/2590
f 4231/2368/2550 4273/2392/2590 4232/2370/2551
f 4235/2370/2554 4274/2392/2591 4275/2393/2591
f 4235/2370/2554 4275/2393/2591 4236/2372/2555
f 4239/2372/2558 4276/2393/2592 4277/2394/2592
f 4239/2372/2558 4277/2394/2592 4240/2374/2559
f 4243/2374/2562 4278/2394/2593 4279/2395/2593
f 4243/2374/2562 4279/2395/2593 4244/2376/2563
f 4247/2376/2566 4280/2395/2594 4281/2396/2595
f 4247/2376/2566 4281/2396/2595 4248/2378/2567
f 4251/2378/2570 4282/2396/2596 4283/2397/2596
f 4251/2378/2570 4283/2397/2596 4252/2380/2571
f 4255/2380/2574 4284/2397/2597 4285/2398/2598
f 4255/2380/2574 4285/2398/2598 4256/2382/2575
f 4259/2382/2578 4286/2398/2599 4287/2399/2599
f 4259/2382/2578 4287/2399/2599 4260/2384/2579
f 4263/2384/2582 4288/2399/2600 4289/2400/2600
f 4263/2384/2582 4289/2400/2600 4264/2386/2583
f 4172/2338/2491 4171/2337/2490 4218/2362/2537
f 4172/2338/2491 4218/2362/2537 4221/2365/2540
f 4176/2340/2495 4175/2338/2494 4222/2365/2541
f 4176/2340/2495 4222/2365/2541 4225/2367/2544
f 4180/2342/2499 4179/2340/2498 4226/2367/2545
f 4180/2342/2499 4226/2367/2545 4229/2369/2548
f 4184/2344/2503 4183/2342/2502 4230/2369/2549
f 4184/2344/2503 4230/2369/2549 4233/2371/2552
f 4188/2346/2507 4187/2344/2506 4234/2371/2553
f 4188/2346/2507 4234/2371/2553 4237/2373/2556
f 4192/2348/2511 4191/2346/2510 4238/2373/2557
f 4192/2348/2511 4238/2373/2557 4241/2375/2560
f 4196/2350/2515 4195/2348/2514 4242/2375/2561
f 4196/2350/2515 4242/2375/2561 4245/2377/2564
f 4200/2352/2519 4199/2350/2518 4246/2377/2565
f 4200/2352/2519 4246/2377/2565 4249/2379/2568
f 4204/2354/2523 4203/2352/2522 4250/2379/2569
f 4204/2354/2523 4250/2379/2569 4253/2381/2572
f 4208/2356/2527 4207/2354/2526 4254/2381/2573
f 4208/2356/2527 4254/2381/2573 4257/2383/2576
f 4212/2358/2531 4211/2356/2530 4258/2383/2577
f 4212/2358/2531 4258/2383/2577 4261/2385/2580
f 4216/2360/2535 4215/2358/2534 4262/2385/2581
f 4216/2360/2535 4262/2385/2581 4265/2387/2584
f 4124/2312/2451 4123/2311/2450 4170/2336/2489
f 4124/2312/2451 4170/2336/2489 4173/2339/2492
f 4128/2314/2454 4127/2312/2453 4174/2339/2493
f 4128/2314/2454 4174/2339/2493 4177/2341/2496
f 4132/2316/2458 4131/2314/2457 4178/2341/2497
f 4132/2316/2458 4178/2341/2497 4181/2343/2500
f 4136/2318/2461 4135/2316/2460 4182/2343/2501
f 4136/2318/2461 4182/2343/2501 4185/2345/2504
f 4140/2320/2465 4139/2318/2464 4186/2345/2505
f 4140/2320/2465 4186/2345/2505 4189/2347/2508
f 4144/2322/2468 4143/2320/2467 4190/2347/2509
f 4144/2322/2468 4190/2347/2509 4193/2349/2512
f 4148/2324/2471 4147/2322/2470 4194/2349/2513
f 4148/2324/2471 4194/2349/2513 4197/2351/2516
f 4152/2326/2475 4151/2324/2474 4198/2351/2517
f 4152/2326/2475 4198/2351/2517 4201/2353/2520
f 4156/2328/2478 4155/2326/2477 4202/2353/2521
f 4156/2328/2478 4202/2353/2521 4205/2355/2524
f 4160/2330/2481 4159/2328/2480 4206/2355/2525
f 4160/2330/2481 4206/2355/2525 4209/2357/2528
f 4164/2332/2485 4163/2330/2484 4210/2357/2529
f 4164/2332/2485 4210/2357/2529 4213/2359/2532
f 4168/2334/2488 4167/2332/2487 4214/2359/2533
f 4168/2334/2488 4214/2359/2533 4217/2361/2536
f 4290/2401/2601 4291/2402/2602 4292/2403/2603
f 4290/2401/2601 4292/2403/2603 4293/2404/2601
f 4294/2404/2604 4295/2403/2605 4296/2405/2606
f 4294/2404/2604 4296/2405/2606 4297/2406/2604
f 4298/2406/2607 4299/2405/2608 4300/2407/2609
f 4298/2406/2607 4300/2407/2609 4301/2408/2607
f 4302/2408/2610 4303/2407/2611 4304/2409/2612
f 4302/2408/2610 4304/2409/2612 4305/2410/2610
f 4306/2410/2613 4307/2409/2614 4308/2411/2615
f 4306/2410/2613 4308/2411/2615 4309/2412/2616
f 4310/2412/2617 4311/2411/2618 4312/2413/2619
f 4310/2412/2617 4312/2413/2619 4313/2414/2617
f 4314/2414/2620 4315/2413/2621 4316/2415/2622
f 4314/2414/2620 4316/2415/2622 4317/2416/2620
f 4318/2416/2623 4319/2415/2624 4320/2417/2625
f 4318/2416/2623 4320/2417/2625 4321/2418/2626
f 4322/2418/2627 4323/2417/2628 4324/2419/2629
f 4322/2418/2627 4324/2419/2629 4325/2420/2627
f 4326/2420/2630 4327/2419/2631 4328/2421/2632
f 4326/2420/2630 4328/2421/2632 4329/2422/2630
f 4330/2422/2633 4331/2421/2634 4332/2423/2635
f 4330/2422/2633 4332/2423/2635 4333/2424/2633
f 4334/2424/2636 4335/2423/2637 4336/2425/2638
f 4334/2424/2636 4336/2425/2638 4337/2426/2639
f 4338/2427/2640 4339/2428/2641 4340/2429/2642
f 4338/2427/2640 4340/2429/2642 4341/2430/2643
f 4342/2430/2644 4343/2429/2645 4344/2431/2646
f 4342/2430/2644 4344/2431/2646 4345/2432/2647
f 4346/2432/2648 4347/2431/2649 4348/2433/2650
f 4346/2432/2648 4348/2433/2650 4349/2434/2651
f 4350/2434/2652 4351/2433/2653 4352/2435/2654
f 4350/2434/2652 4352/2435/2654 4353/2436/2655
f 4354/2436/2656 4355/2435/2657 4356/2437/2658
f 4354/2436/2656 4356/2437/2658 4357/2438/2659
f 4358/2438/2660 4359/2437/2661 4360/2439/2662
f 4358/2438/2660 4360/2439/2662 4361/2440/2663
f 4362/2440/2664 4363/2439/2665 4364/2441/2666
f 4362/2440/2664 4364/2441/2666 4365/2442/2667
f 4366/2442/2668 4367/2441/2669 4368/2443/2670
f 4366/2442/2668 4368/2443/2670 4369/2444/2671
f 4370/2444/2672 4371/2443/2673 4372/2445/2674
f 4370/2444/2672 4372/2445/2674 4373/2446/2675
f 4374/2446/2676 4375/2445/2677 4376/2447/2678
f 4374/2446/2676 4376/2447/2678 4377/2448/2679
f 4378/2448/2680 4379/2447/2681 4380/2449/2682
f 4378/2448/2680 4380/2449/2682 4381/2450/2683
f 4382/2450/2684 4383/2449/2685 4384/2451/2686
f 4382/2450/2684 4384/2451/2686 4385/2452/2687
f 4386/2453/2688 4387/2454/2689 4388/2455/2690
f 4386/2453/2688 4388/2455/2690 4389/2456/2691
f 4390/2456/2692 4391/2455/2693 4392/2457/2694
f 4390/2456/2692 4392/2457/2694 4393/2458/2695
f 4394/2458/2696 4395/2457/2697 4396/2459/2698
f 4394/2458/2696 4396/2459/2698 4397/2460/2699
f 4398/2460/2700 4399/2459/2701 4400/2461/2702
f 4398/2460/2700 4400/2461/2702 4401/2462/2703
f 4402/2462/2704 4403/2461/2705 4404/2463/2706
f 4402/2462/2704 4404/2463/2706 4405/2464/2707
f 4406/2464/2708 4407/2463/2709 4408/2465/2710
f 4406/2464/2708 4408/2465/2710 4409/2466/2711
f 4410/2466/2712 4411/2465/2713 4412/2467/2714
f 4410/2466/2712 4412/2467/2714 4413/2468/2715
f 4414/2468/2716 4415/2467/2717 4416/2469/2718
f 4414/2468/2716 4416/2469/2718 4417/2470/2719
f 4418/2470/2720 4419/2469/2721 4420/2471/2722
f 4418/2470/2720 4420/2471/2722 4421/2472/2723
f 4422/2472/2724 4423/2471/2725 4424/2473/2726
f 4422/2472/2724 4424/2473/2726 4425/2474/2727
f 4426/2474/2728 4427/2473/2729 4428/2475/2730
f 4426/2474/2728 4428/2475/2730 4429/2476/2731
f 4430/2476/2732 4431/2475/2733 4432/2477/2734
f 4430/2476/2732 4432/2477/2734 4433/2478/2735
f 4387/2454/2689 4434/2479/2736 4435/2480/2736
f 4387/2454/2689 4435/2480/2736 4388/2455/2690
f 4391/2455/2693 4436/2480/2737 4437/2481/2737
f 4391/2455/2693 4437/2481/2737 4392/2457/2694
f 4395/2457/2697 4438/2481/2738 4439/2482/2739
f 4395/2457/2697 4439/2482/2739 4396/2459/2698
f 4399/2459/2701 4440/2482/2740 4441/2483/2740
f 4399/2459/2701 4441/2483/2740 4400/2461/2702
f 4403/2461/2705 4442/2483/2741 4443/2484/2741
f 4403/2461/2705 4443/2484/2741 4404/2463/2706
f 4407/2463/2709 4444/2484/2742 4445/2485/2742
f 4407/2463/2709 4445/2485/2742 4408/2465/2710
f 4411/2465/2713 4446/2485/2743 4447/2486/2743
f 4411/2465/2713 4447/2486/2743 4412/2467/2714
f 4415/2467/2717 4448/2486/2744 4449/2487/2744
f 4415/2467/2717 4449/2487/2744 4416/2469/2718
f 4419/2469/2721 4450/2487/2745 4451/2488/2745
f 4419/2469/2721 4451/2488/2745 4420/2471/2722
f 4423/2471/2725 4452/2488/2746 4453/2489/2747
f 4423/2471/2725 4453/2489/2747 4424/2473/2726
f 4427/2473/2729 4454/2489/2748 4455/2490/2748
f 4427/2473/2729 4455/2490/2748 4428/2475/2730
f 4431/2475/2733 4456/2490/2749 4457/2491/2749
f 4431/2475/2733 4457/2491/2749 4432/2477/2734
f 4340/2429/2642 4339/2428/2641 4386/2453/2688
f 4340/2429/2642 4386/2453/2688 4389/2456/2691
f 4344/2431/2646 4343/2429/2645 4390/2456/2692
f 4344/2431/2646 4390/2456/2692 4393/2458/2695
f 4348/2433/2650 4347/2431/2649 4394/2458/2696
f 4348/2433/2650 4394/2458/2696 4397/2460/2699
f 4352/2435/2654 4351/2433/2653 4398/2460/2700
f 4352/2435/2654 4398/2460/2700 4401/2462/2703
f 4356/2437/2658 4355/2435/2657 4402/2462/2704
f 4356/2437/2658 4402/2462/2704 4405/2464/2707
f 4360/2439/2662 4359/2437/2661 4406/2464/2708
f 4360/2439/2662 4406/2464/2708 4409/2466/2711
f 4364/2441/2666 4363/2439/2665 4410/2466/2712
f 4364/2441/2666 4410/2466/2712 4413/2468/2715
f 4368/2443/2670 4367/2441/2669 4414/2468/2716
f 4368/2443/2670 4414/2468/2716 4417/2470/2719
f 4372/2445/2674 4371/2443/2673 4418/2470/2720
f 4372/2445/2674 4418/2470/2720 4421/2472/2723
f 4376/2447/2678 4375/2445/2677 4422/2472/2724
f 4376/2447/2678 4422/2472/2724 4425/2474/2727
f 4380/2449/2682 4379/2447/2681 4426/2474/2728
f 4380/2449/2682 4426/2474/2728 4429/2476/2731
f 4384/2451/2686 4383/2449/2685 4430/2476/2732
f 4384/2451/2686 4430/2476/2732 4433/2478/2735
f 4292/2403/2603 4291/2402/2602 4338/2427/2640
f 4292/2403/2603 4338/2427/2640 4341/2430/2643
f 4296/2405/2606 4295/2403/2605 4342/2430/2644
f 4296/2405/2606 4342/2430/2644 4345/2432/2647
f 4300/2407/2609 4299/2405/2608 4346/2432/2648
f 4300/2407/2609 4346/2432/2648 4349/2434/2651
f 4304/2409/2612 4303/2407/2611 4350/2434/2652
f 4304/2409/2612 4350/2434/2652 4353/2436/2655
f 4308/2411/2615 4307/2409/2614 4354/2436/2656
f 4308/2411/2615 4354/2436/2656 4357/2438/2659
f 4312/2413/2619 4311/2411/2618 4358/2438/2660
f 4312/2413/2619 4358/2438/2660 4361/2440/2663
f 4316/2415/2622 4315/2413/2621 4362/2440/2664
f 4316/2415/2622 4362/2440/2664 4365/2442/2667
f 4320/2417/2625 4319/2415/2624 4366/2442/2668
f 4320/2417/2625 4366/2442/2668 4369/2444/2671
f 4324/2419/2629 4323/2417/2628 4370/2444/2672
f 4324/2419/2629 4370/2444/2672 4373/2446/2675
f 4328/2421/2632 4327/2419/2631 4374/2446/2676
f 4328/2421/2632 4374/2446/2676 4377/2448/2679
f 4332/2423/2635 4331/2421/2634 4378/2448/2680
f 4332/2423/2635 4378/2448/2680 4381/2450/2683
f 4336/2425/2638 4335/2423/2637 4382/2450/2684
f 4336/2425/2638 4382/2450/2684 4385/2452/2687
f 4458/2492/2750 4459/2493/2751 4460/2494/2752
f 4458/2492/2750 4460/2494/2752 4461/2495/2750
f 4462/2495/2753 4463/2494/2754 4464/2496/2755
f 4462/2495/2753 4464/2496/2755 4465/2497/2753
f 4466/2497/2756 4467/2496/2757 4468/2498/2758
f 4466/2497/2756 4468/2498/2758 4469/2499/2756
f 4470/2499/2759 4471/2498/2760 4472/2500/2761
f 4470/2499/2759 4472/2500/2761 4473/2501/2759
f 4474/2501/2762 4475/2500/2763 4476/2502/2764
f 4474/2501/2762 4476/2502/2764 4477/2503/2762
f 4478/2503/2765 4479/2502/2766 4480/2504/2767
f 4478/2503/2765 4480/2504/2767 4481/2505/2765
f 4482/2505/2768 4483/2504/2769 4484/2506/2770
f 4482/2505/2768 4484/2506/2770 4485/2507/2768
f 4486/2507/2771 4487/2506/2772 4488/2508/2773
f 4486/2507/2771 4488/2508/2773 4489/2509/2771
f 4490/2509/2774 4491/2508/2775 4492/2510/2776
f 4490/2509/2774 4492/2510/2776 4493/2511/2777
f 4494/2511/2778 4495/2510/2779 4496/2512/2780
f 4494/2511/2778 4496/2512/2780 4497/2513/2781
f 4498/2513/2782 4499/2512/2783 4500/2514/2784
f 4498/2513/2782 4500/2514/2784 4501/2515/2785
f 4502/2515/2786 4503/2514/2787 4504/2516/2788
f 4502/2515/2786 4504/2516/2788 4505/2517/2786
f 4506/2518/2789 4507/2519/2790 4508/2520/2791
f 4506/2518/2789 4508/2520/2791 4509/2521/2792
f 4510/2521/2793 4511/2520/2794 4512/2522/2795
f 4510/2521/2793 4512/2522/2795 4513/2523/2796
f 4514/2523/2797 4515/2522/2798 4516/2524/2799
f 4514/2523/2797 4516/2524/2799 4517/2525/2800
f 4518/2525/2801 4519/2524/2802 4520/2526/2803
f 4518/2525/2801 4520/2526/2803 4521/2527/2804
f 4522/2527/2805 4523/2526/2806 4524/2528/2807
f 4522/2527/2805 4524/2528/2807 4525/2529/2808
f 4526/2529/2809 4527/2528/2810 4528/2530/2811
f 4526/2529/2809 4528/2530/2811 4529/2531/2812
f 4530/2531/2813 4531/2530/2814 4532/2532/2815
f 4530/2531/2813 4532/2532/2815 4533/2533/2816
f 4534/2533/2817 4535/2532/2818 4536/2534/2819
f 4534/2533/2817 4536/2534/2819 4537/2535/2820
f 4538/2535/2821 4539/2534/2822 4540/2536/2823
f 4538/2535/2821 4540/2536/2823 4541/2537/2824
f 4542/2537/2825 4543/2536/2826 4544/2538/2827
f 4542/2537/2825 4544/2538/2827 4545/2539/2828
f 4546/2539/2829 4547/2538/2830 4548/2540/2831
f 4546/2539/2829 4548/2540/2831 4549/2541/2832
f 4550/2541/2833 4551/2540/2834 4552/2542/2835
f 4550/2541/2833 4552/2542/2835 4553/2543/2836
f 4554/2544/2837 4555/2545/2838 4556/2546/2839
f 4554/2544/2837 4556/2546/2839 4557/2547/2840
f 4558/2547/2841 4559/2546/2842 4560/2548/2843
f 4558/2547/2841 4560/2548/2843 4561/2549/2844
f 4562/2549/2845 4563/2548/2846 4564/2550/2847
f 4562/2549/2845 4564/2550/2847 4565/2551/2848
f 4566/2551/2849 4567/2550/2850 4568/2552/2851
f 4566/2551/2849 4568/2552/2851 4569/2553/2852
f 4570/2553/2853 4571/2552/2854 4572/2554/2855
f 4570/2553/2853 4572/2554/2855 4573/2555/2856
f 4574/2555/2857 4575/2554/2858 4576/2556/2859
f 4574/2555/2857 4576/2556/2859 4577/2557/2860
f 4578/2557/2861 4579/2556/2862 4580/2558/2863
f 4578/2557/2861 4580/2558/2863 4581/2559/2864
f 4582/2559/2865 4583/2558/2866 4584/2560/2867
f 4582/2559/2865 4584/2560/2867 4585/2561/2868
f 4586/2561/2869 4587/2560/2870 4588/2562/2871
f 4586/2561/2869 4588/2562/2871 4589/2563/2872
f 4590/2563/2873 4591/2562/2874 4592/2564/2875
f 4590/2563/2873 4592/2564/2875 4593/2565/2876
f 4594/2565/2877 4595/2564/2878 4596/2566/2879
f 4594/2565/2877 4596/2566/2879 4597/2567/2880
f 4598/2567/2881 4599/2566/2882 4600/2568/2883
f 4598/2567/2881 4600/2568/2883 4601/2569/2884
f 4555/2545/2838 4602/2570/2885 4603/2571/2885
f 4555/2545/2838 4603/2571/2885 4556/2546/2839
f 4559/2546/2842 4604/2571/2886 4605/2572/2886
f 4559/2546/2842 4605/2572/2886 4560/2548/2843
f 4563/2548/2846 4606/2572/2887 4607/2573/2887
f 4563/2548/2846 4607/2573/2887 4564/2550/2847
f 4567/2550/2850 4608/2573/2888 4609/2574/2888
f 4567/2550/2850 4609/2574/2888 4568/2552/2851
f 4571/2552/2854 4610/2574/2889 4611/2575/2889
f 4571/2552/2854 4611/2575/2889 4572/2554/2855
f 4575/2554/2858 4612/2575/2890 4613/2576/2890
f 4575/2554/2858 4613/2576/2890 4576/2556/2859
f 4579/2556/2862 4614/2576/2891 4615/2577/2891
f 4579/2556/2862 4615/2577/2891 4580/2558/2863
f 4583/2558/2866 4616/2577/2892 4617/2578/2892
f 4583/2558/2866 4617/2578/2892 4584/2560/2867
f 4587/2560/2870 4618/2578/2893 4619/2579/2893
f 4587/2560/2870 4619/2579/2893 4588/2562/2871
f 4591/2562/2874 4620/2579/2894 4621/2580/2894
f 4591/2562/2874 4621/2580/2894 4592/2564/2875
f 4595/2564/2878 4622/2580/2895 4623/2581/2895
f 4595/2564/2878 4623/2581/2895 4596/2566/2879
f 4599/2566/2882 4624/2581/2896 4625/2582/2897
f 4599/2566/2882 4625/2582/2897 4600/2568/2883
f 4508/2520/2791 4507/2519/2790 4554/2544/2837
f 4508/2520/2791 4554/2544/2837 4557/2547/2840
f 4512/2522/2795 4511/2520/2794 4558/2547/2841
f 4512/2522/2795 4558/2547/2841 4561/2549/2844
f 4516/2524/2799 4515/2522/2798 4562/2549/2845
f 4516/2524/2799 4562/2549/2845 4565/2551/2848
f 4520/2526/2803 4519/2524/2802 4566/2551/2849
f 4520/2526/2803 4566/2551/2849 4569/2553/2852
f 4524/2528/2807 4523/2526/2806 4570/2553/2853
f 4524/2528/2807 4570/2553/2853 4573/2555/2856
f 4528/2530/2811 4527/2528/2810 4574/2555/2857
f 4528/2530/2811 4574/2555/2857 4577/2557/2860
f 4532/2532/2815 4531/2530/2814 4578/2557/2861
f 4532/2532/2815 4578/2557/2861 4581/2559/2864
f 4536/2534/2819 4535/2532/2818 4582/2559/2865
f 4536/2534/2819 4582/2559/2865 4585/2561/2868
f 4540/2536/2823 4539/2534/2822 4586/2561/2869
f 4540/2536/2823 4586/2561/2869 4589/2563/2872
f 4544/2538/2827 4543/2536/2826 4590/2563/2873
f 4544/2538/2827 4590/2563/2873 4593/2565/2876
f 4548/2540/2831 4547/2538/2830 4594/2565/2877
f 4548/2540/2831 4594/2565/2877 4597/2567/2880
f 4552/2542/2835 4551/2540/2834 4598/2567/2881
f 4552/2542/2835 4598/2567/2881 4601/2569/2884
f 4460/2494/2752 4459/2493/2751 4506/2518/2789
f 4460/2494/2752 4506/2518/2789 4509/2521/2792
f 4464/2496/2755 4463/2494/2754 4510/2521/2793
f 4464/2496/2755 4510/2521/2793 4513/2523/2796
f 4468/2498/2758 4467/2496/2757 4514/2523/2797
f 4468/2498/2758 4514/2523/2797 4517/2525/2800
f 4472/2500/2761 4471/2498/2760 4518/2525/2801
f 4472/2500/2761 4518/2525/2801 4521/2527/2804
f 4476/2502/2764 4475/2500/2763 4522/2527/2805
f 4476/2502/2764 4522/2527/2805 4525/2529/2808
f 4480/2504/2767 4479/2502/2766 4526/2529/2809
f 4480/2504/2767 4526/2529/2809 4529/2531/2812
f 4484/2506/2770 4483/2504/2769 4530/2531/2813
f 4484/2506/2770 4530/2531/2813 4533/2533/2816
f 4488/2508/2773 4487/2506/2772 4534/2533/2817
f 4488/2508/2773 4534/2533/2817 4537/2535/2820
f 4492/2510/2776 4491/2508/2775 4538/2535/2821
f 4492/2510/2776 4538/2535/2821 4541/2537/2824
f 4496/2512/2780 4495/2510/2779 4542/2537/2825
f 4496/2512/2780 4542/2537/2825 4545/2539/2828
f 4500/2514/2784 4499/2512/2783 4546/2539/2829
f 4500/2514/2784 4546/2539/2829 4549/2541/2832
f 4504/2516/2788 4503/2514/2787 4550/2541/2833
f 4504/2516/2788 4550/2541/2833 4553/2543/2836
f 4626/2583/2898 4627/2584/2899 4628/2585/2900
f 4626/2583/2898 4628/2585/2900 4629/2586/2901
f 4630/2586/2902 4631/2585/2903 4632/2587/2904
f 4630/2586/2902 4632/2587/2904 4633/2588/2905
f 4634/2588/2906 4635/2587/2907 4636/2589/2908
f 4634/2588/2906 4636/2589/2908 4637/2590/2906
f 4638/2590/2909 4639/2589/2910 4640/2591/2911
f 4638/2590/2909 4640/2591/2911 4641/2592/2909
f 4642/2592/2912 4643/2591/2913 4644/2593/2914
f 4642/2592/2912 4644/2593/2914 4645/2594/2915
f 4646/2594/2916 4647/2593/2917 4648/2595/2918
f 4646/2594/2916 4648/2595/2918 4649/2596/2916
f 4650/2596/2919 4651/2595/2920 4652/2597/2921
f 4650/2596/2919 4652/2597/2921 4653/2598/2919
f 4654/2598/2922 4655/2597/2923 4656/2599/2924
f 4654/2598/2922 4656/2599/2924 4657/2600/2922
f 4658/2600/2925 4659/2599/2926 4660/2601/2927
f 4658/2600/2925 4660/2601/2927 4661/2602/2925
f 4662/2602/2928 4663/2601/2929 4664/2603/2930
f 4662/2602/2928 4664/2603/2930 4665/2604/2928
f 4666/2604/2931 4667/2603/2932 4668/2605/2933
f 4666/2604/2931 4668/2605/2933 4669/2606/2931
f 4670/2606/2934 4671/2605/2935 4672/2607/2936
f 4670/2606/2934 4672/2607/2936 4673/2608/2934
f 4674/2609/2937 4675/2610/2938 4676/2611/2939
f 4674/2609/2937 4676/2611/2939 4677/2612/2940
f 4678/2612/2941 4679/2611/2942 4680/2613/2943
f 4678/2612/2941 4680/2613/2943 4681/2614/2944
f 4682/2614/2945 4683/2613/2946 4684/2615/2947
f 4682/2614/2945 4684/2615/2947 4685/2616/2948
f 4686/2616/2949 4687/2615/2950 4688/2617/2951
f 4686/2616/2949 4688/2617/2951 4689/2618/2952
f 4690/2618/2953 4691/2617/2954 4692/2619/2955
f 4690/2618/2953 4692/2619/2955 4693/2620/2956
f 4694/2620/2957 4695/2619/2958 4696/2621/2959
f 4694/2620/2957 4696/2621/2959 4697/2622/2960
f 4698/2622/2961 4699/2621/2962 4700/2623/2963
f 4698/2622/2961 4700/2623/2963 4701/2624/2964
f 4702/2624/2965 4703/2623/2966 4704/2625/2967
f 4702/2624/2965 4704/2625/2967 4705/2626/2968
f 4706/2626/2969 4707/2625/2970 4708/2627/2971
f 4706/2626/2969 4708/2627/2971 4709/2628/2972
f 4710/2628/2973 4711/2627/2974 4712/2629/2975
f 4710/2628/2973 4712/2629/2975 4713/2630/2976
f 4714/2630/2977 4715/2629/2978 4716/2631/2979
f 4714/2630/2977 4716/2631/2979 4717/2632/2980
f 4718/2632/2981 4719/2631/2982 4720/2633/2983
f 4718/2632/2981 4720/2633/2983 4721/2634/2984
f 4722/2635/2985 4723/2636/2986 4724/2637/2987
f 4722/2635/2985 4724/2637/2987 4725/2638/2988
f 4726/2638/2989 4727/2637/2990 4728/2639/2991
f 4726/2638/2989 4728/2639/2991 4729/2640/2992
f 4730/2640/2993 4731/2639/2994 4732/2641/2995
f 4730/2640/2993 4732/2641/2995 4733/2642/2996
f 4734/2642/2997 4735/2641/2998 4736/2643/2999
f 4734/2642/2997 4736/2643/2999 4737/2644/3000
f 4738/2644/3001 4739/2643/3002 4740/2645/3003
f 4738/2644/3001 4740/2645/3003 4741/2646/3004
f 4742/2646/3005 4743/2645/3006 4744/2647/3007
f 4742/2646/3005 4744/2647/3007 4745/2648/3008
f 4746/2648/3009 4747/2647/3010 4748/2649/3011
f 4746/2648/3009 4748/2649/3011 4749/2650/3012
f 4750/2650/3013 4751/2649/3014 4752/2651/3015
f 4750/2650/3013 4752/2651/3015 4753/2652/3016
f 4754/2652/3017 4755/2651/3018 4756/2653/3019
f 4754/2652/3017 4756/2653/3019 4757/2654/3020
f 4758/2654/3021 4759/2653/3022 4760/2655/3023
f 4758/2654/3021 4760/2655/3023 4761/2656/3024
f 4762/2656/3025 4763/2655/3026 4764/2657/3027
f 4762/2656/3025 4764/2657/3027 4765/2658/3028
f 4766/2658/3029 4767/2657/3030 4768/2659/3031
f 4766/2658/3029 4768/2659/3031 4769/2660/3032
f 4723/2636/2986 4770/2661/3033 4771/2662/3033
f 4723/2636/2986 4771/2662/3033 4724/2637/2987
f 4727/2637/2990 4772/2662/3034 4773/2663/3034
f 4727/2637/2990 4773/2663/3034 4728/2639/2991
f 4731/2639/2994 4774/2663/3035 4775/2664/3035
f 4731/2639/2994 4775/2664/3035 4732/2641/2995
f 4735/2641/2998 4776/2664/3036 4777/2665/3036
f 4735/2641/2998 4777/2665/3036 4736/2643/2999
f 4739/2643/3002 4778/2665/3037 4779/2666/3037
f 4739/2643/3002 4779/2666/3037 4740/2645/3003
f 4743/2645/3006 4780/2666/3038 4781/2667/3038
f 4743/2645/3006 4781/2667/3038 4744/2647/3007
f 4747/2647/3010 4782/2667/3039 4783/2668/3039
f 4747/2647/3010 4783/2668/3039 4748/2649/3011
f 4751/2649/3014 4784/2668/3040 4785/2669/3040
f 4751/2649/3014 4785/2669/3040 4752/2651/3015
f 4755/2651/3018 4786/2669/3041 4787/2670/3041
f 4755/2651/3018 4787/2670/3041 4756/2653/3019
f 4759/2653/3022 4788/2670/3042 4789/2671/3042
f 4759/2653/3022 4789/2671/3042 4760/2655/3023
f 4763/2655/3026 4790/2671/3043 4791/2672/3043
f 4763/2655/3026 4791/2672/3043 4764/2657/3027
f 4767/2657/3030 4792/2672/3044 4793/2673/3044
f 4767/2657/3030 4793/2673/3044 4768/2659/3031
f 4676/2611/2939 4675/2610/2938 4722/2635/2985
f 4676/2611/2939 4722/2635/2985 4725/2638/2988
f 4680/2613/2943 4679/2611/2942 4726/2638/2989
f 4680/2613/2943 4726/2638/2989 4729/2640/2992
f 4684/2615/2947 4683/2613/2946 4730/2640/2993
f 4684/2615/2947 4730/2640/2993 4733/2642/2996
f 4688/2617/2951 4687/2615/2950 4734/2642/2997
f 4688/2617/2951 4734/2642/2997 4737/2644/3000
f 4692/2619/2955 4691/2617/2954 4738/2644/3001
f 4692/2619/2955 4738/2644/3001 4741/2646/3004
f 4696/2621/2959 4695/2619/2958 4742/2646/3005
f 4696/2621/2959 4742/2646/3005 4745/2648/3008
f 4700/2623/2963 4699/2621/2962 4746/2648/3009
f 4700/2623/2963 4746/2648/3009 4749/2650/3012
f 4704/2625/2967 4703/2623/2966 4750/2650/3013
f 4704/2625/2967 4750/2650/3013 4753/2652/3016
f 4708/2627/2971 4707/2625/2970 4754/2652/3017
f 4708/2627/2971 4754/2652/3017 4757/2654/3020
f 4712/2629/2975 4711/2627/2974 4758/2654/3021
f 4712/2629/2975 4758/2654/3021 4761/2656/3024
f 4716/2631/2979 4715/2629/2978 4762/2656/3025
f 4716/2631/2979 4762/2656/3025 4765/2658/3028
f 4720/2633/2983 4719/2631/2982 4766/2658/3029
f 4720/2633/2983 4766/2658/3029 4769/2660/3032
f 4628/2585/2900 4627/2584/2899 4674/2609/2937
f 4628/2585/2900 4674/2609/2937 4677/2612/2940
f 4632/2587/2904 4631/2585/2903 4678/2612/2941
f 4632/2587/2904 4678/2612/2941 4681/2614/2944
f 4636/2589/2908 4635/2587/2907 4682/2614/2945
f 4636/2589/2908 4682/2614/2945 4685/2616/2948
f 4640/2591/2911 4639/2589/2910 4686/2616/2949
f 4640/2591/2911 4686/2616/2949 4689/2618/2952
f 4644/2593/2914 4643/2591/2913 4690/2618/2953
f 4644/2593/2914 4690/2618/2953 4693/2620/2956
f 4648/2595/2918 4647/2593/2917 4694/2620/2957
f 4648/2595/2918 4694/2620/2957 4697/2622/2960
f 4652/2597/2921 4651/2595/2920 4698/2622/2961
f 4652/2597/2921 4698/2622/2961 4701/2624/2964
f 4656/2599/2924 4655/2597/2923 4702/2624/2965
f 4656/2599/2924 4702/2624/2965 4705/2626/2968
f 4660/2601/2927 4659/2599/2926 4706/2626/2969
f 4660/2601/2927 4706/2626/2969 4709/2628/2972
f 4664/2603/2930 4663/2601/2929 4710/2628/2973
f 4664/2603/2930 4710/2628/2973 4713/2630/2976
f 4668/2605/2933 4667/2603/2932 4714/2630/2977
f 4668/2605/2933 4714/2630/2977 4717/2632/2980
f 4672/2607/2936 4671/2605/2935 4718/2632/2981
f 4672/2607/2936 4718/2632/2981 4721/2634/2984
f 4794/2674/3045 4795/2675/3046 4796/2676/3047
f 4794/2674/3045 4796/2676/3047 4797/2677/3048
f 4798/2678/3049 4799/2679/3050 4800/2680/3051
f 4798/2678/3049 4800/2680/3051 4801/2681/3052
f 4802/2682/3053 4803/2683/3053 4804/2684/3054
f 4802/2682/3053 4804/2684/3054 4805/2685/3055
f 4806/2686/3056 4807/2687/3056 4808/2688/3057
f 4806/2686/3056 4808/2688/3057 4809/2689/3058
f 4808/2688/3057 4810/2690/3059 4811/2691/3060
f 4808/2688/3057 4811/2691/3060 4809/2689/3058
f 4810/2690/3059 4812/2692/3046 4813/2693/3045
f 4810/2690/3059 4813/2693/3045 4811/2691/3060
f 4796/2676/3047 4814/2694/3061 4815/2695/3062
f 4796/2676/3047 4815/2695/3062 4797/2677/3048
f 4814/2694/3061 4816/2696/3063 4817/2697/3064
f 4814/2694/3061 4817/2697/3064 4815/2695/3062
f 4818/2698/3065 4819/2699/3066 4820/2700/3067
f 4818/2698/3065 4820/2700/3067 4821/2701/3068
f 4819/2699/3066 4799/2679/3050 4798/2678/3049
f 4819/2699/3066 4798/2678/3049 4820/2700/3067
f 4822/2702/3051 4823/2703/3069 4824/2704/3070
f 4822/2702/3051 4824/2704/3070 4825/2705/3052
f 4823/2703/3069 4805/2685/3055 4804/2684/3054
f 4823/2703/3069 4804/2684/3054 4824/2704/3070
f 4826/2706/3071 4827/2707/3072 4828/2708/3073
f 4826/2706/3071 4828/2708/3073 4829/2709/3074
f 4830/2710/3075 4831/2711/3076 4832/2680/3077
f 4830/2710/3075 4832/2680/3077 4833/2679/3078
f 4834/2712/3053 4835/2713/3079 4836/2714/3080
f 4834/2712/3053 4836/2714/3080 4837/2715/3053
f 4838/2716/3056 4839/2717/3081 4840/2718/3082
f 4838/2716/3056 4840/2718/3082 4841/2719/3056
f 4840/2718/3082 4839/2717/3081 4842/2720/3083
f 4840/2718/3082 4842/2720/3083 4843/2721/3084
f 4843/2721/3084 4842/2720/3083 4844/2722/3071
f 4843/2721/3084 4844/2722/3071 4845/2723/3074
f 4828/2708/3073 4827/2707/3072 4846/2724/3085
f 4828/2708/3073 4846/2724/3085 4847/2725/3086
f 4847/2725/3086 4846/2724/3085 4848/2726/3087
f 4847/2725/3086 4848/2726/3087 4849/2698/3088
f 4850/2727/3089 4851/2728/3090 4852/2729/3091
f 4850/2727/3089 4852/2729/3091 4853/2730/3092
f 4853/2730/3092 4852/2729/3091 4830/2710/3075
f 4853/2730/3092 4830/2710/3075 4833/2679/3078
f 4854/2731/3077 4855/2732/3076 4856/2733/3093
f 4854/2731/3077 4856/2733/3093 4857/2734/3094
f 4857/2734/3094 4856/2733/3093 4836/2714/3080
f 4857/2734/3094 4836/2714/3080 4835/2713/3079
f 4858/2735/3095 4859/2736/3095 4860/2737/3096
f 4858/2735/3095 4860/2737/3096 4861/2738/3096
f 4862/2739/3097 4863/2740/3097 4864/2741/3098
f 4862/2739/3097 4864/2741/3098 4865/2742/3098
f 4866/2739/3099 4867/2743/3099 4868/2744/3100
f 4866/2739/3099 4868/2744/3100 4869/2745/3100
f 4870/2746/3101 4871/2747/3101 4872/2748/3102
f 4870/2746/3101 4872/2748/3102 4873/2749/3102
f 4872/2748/3102 4874/2750/3103 4875/2751/3103
f 4872/2748/3102 4875/2751/3103 4873/2749/3102
f 4876/2752/3103 4859/2736/3095 4858/2735/3095
f 4876/2752/3103 4858/2735/3095 4877/2753/3103
f 4860/2737/3096 4878/2754/3104 4879/2755/3104
f 4860/2737/3096 4879/2755/3104 4861/2738/3096
f 4880/2756/3104 4867/2743/3099 4866/2739/3099
f 4880/2756/3104 4866/2739/3099 4881/2757/3104
f 4870/2746/3101 4882/2758/3105 4883/2759/3105
f 4870/2746/3101 4883/2759/3105 4871/2747/3101
f 4884/2751/3105 4863/2740/3097 4862/2739/3097
f 4884/2751/3105 4862/2739/3097 4885/2760/3105
f 4864/2741/3098 4886/2761/3106 4887/2762/3106
f 4864/2741/3098 4887/2762/3106 4865/2742/3098
f 4888/2763/3106 4869/2745/3100 4868/2744/3100
f 4888/2763/3106 4868/2744/3100 4889/2764/3106
f 4890/2765/3095 4891/2766/3095 4892/2767/3096
f 4890/2765/3095 4892/2767/3096 4893/2768/3096
f 4894/2769/3097 4895/2770/3097 4896/2771/3107
f 4894/2769/3097 4896/2771/3107 4897/2772/3098
f 4898/2773/3099 4899/2774/3099 4900/2775/3100
f 4898/2773/3099 4900/2775/3100 4901/2776/3100
f 4902/2777/3101 4903/2778/3101 4904/2769/3102
f 4902/2777/3101 4904/2769/3102 4905/2779/3102
f 4904/2769/3102 4906/2780/3103 4907/2781/3103
f 4904/2769/3102 4907/2781/3103 4905/2779/3102
f 4908/2782/3103 4891/2766/3095 4890/2765/3095
f 4908/2782/3103 4890/2765/3095 4909/2783/3103
f 4892/2767/3096 4910/2784/3104 4911/2785/3104
f 4892/2767/3096 4911/2785/3104 4893/2768/3096
f 4912/2781/3104 4899/2774/3099 4898/2773/3099
f 4912/2781/3104 4898/2773/3099 4913/2780/3104
f 4902/2777/3101 4914/2786/3105 4915/2787/3105
f 4902/2777/3101 4915/2787/3105 4903/2778/3101
f 4916/2788/3108 4895/2770/3097 4894/2769/3097
f 4916/2788/3108 4894/2769/3097 4917/2789/3105
f 4896/2771/3107 4918/2790/3106 4919/2791/3106
f 4896/2771/3107 4919/2791/3106 4897/2772/3098
f 4920/2792/3106 4901/2776/3100 4900/2775/3100
f 4920/2792/3106 4900/2775/3100 4921/2784/3106
s 0
f 585/245/24 591/251/24 584/244/24
f 585/245/24 584/244/24 587/247/24
f 584/244/24 591/251/24 590/250/24
f 584/244/24 590/250/24 582/242/24
f 583/243/24 582/242/24 590/250/24
f 583/243/24 590/250/24 593/253/24
f 585/245/24 587/247/24 586/246/24
f 585/245/24 586/246/24 579/239/24
f 580/240/24 579/239/24 586/246/24
f 580/240/24 586/246/24 589/249/24
f 598/258/31 602/262/31 594/254/31
f 598/258/31 594/254/31 606/266/31
f 605/265/31 604/264/31 576/236/31
f 605/265/31 576/236/31 575/235/31
f 606/266/31 594/254/31 576/236/31
f 606/266/31 576/236/31 604/264/31
f 597/257/31 596/256/31 600/260/31
f 597/257/31 600/260/31 599/259/31
f 598/258/31 597/257/31 599/259/31
f 598/258/31 599/259/31 602/262/31
s 1
f 638/298/93 4922/2793/3109 4923/2794/3110
f 638/298/93 4923/2794/3110 616/276/76
f 4924/2795/3109 4925/2796/3111 4926/2797/3112
f 4924/2795/3109 4926/2797/3112 4927/2798/3110
f 4928/2799/3113 4929/2800/3114 4930/2801/3115
f 4928/2799/3113 4930/2801/3115 4931/2802/3116
f 4932/2803/3114 629/289/86 625/285/83
f 4932/2803/3114 625/285/83 4933/2804/3115
f 613/273/74 4934/2805/3117 4935/2806/3118
f 613/273/74 4935/2806/3118 619/279/78
f 4936/2807/3117 4937/2808/3119 4938/2809/3120
f 4936/2807/3117 4938/2809/3120 4939/2810/3118
f 4940/2811/3121 4941/2812/3122 4942/2813/3123
f 4940/2811/3121 4942/2813/3123 4943/2814/3124
f 4944/2815/3125 624/284/82 610/270/72
f 4944/2815/3125 610/270/72 4945/2816/3126
f 620/280/79 4946/2817/3127 4947/2818/3128
f 620/280/79 4947/2818/3128 609/269/71
f 4948/2819/3127 4949/2820/3129 4950/2821/3130
f 4948/2819/3127 4950/2821/3130 4951/2822/3128
f 4952/2823/3131 4953/2824/3132 4954/2825/3133
f 4952/2823/3131 4954/2825/3133 4955/2826/3134
f 4956/2827/3132 621/281/80 633/293/89
f 4956/2827/3132 633/293/89 4957/2828/3133
f 4958/2829/3135 4959/2830/3136 4960/2831/3137
f 4958/2829/3135 4960/2831/3137 4961/2832/3138
f 4962/2833/3136 636/296/91 634/294/90
f 4962/2833/3136 634/294/90 4963/2834/3137
f 626/286/84 4964/2835/3139 4965/2836/3140
f 626/286/84 4965/2836/3140 632/292/88
f 4966/2837/3139 4967/2838/3141 4968/2839/3142
f 4966/2837/3139 4968/2839/3142 4969/2840/3140
f 4925/2796/3111 4928/2799/3113 4931/2802/3116
f 4925/2796/3111 4931/2802/3116 4926/2797/3112
f 4937/2808/3119 4940/2811/3121 4943/2814/3124
f 4937/2808/3119 4943/2814/3124 4938/2809/3120
f 4949/2820/3129 4952/2823/3131 4955/2826/3134
f 4949/2820/3129 4955/2826/3134 4950/2821/3130
f 4961/2832/3138 4968/2839/3142 4967/2838/3141
f 4961/2832/3138 4967/2838/3141 4958/2829/3135
f 4925/2796/3111 4970/2841/3143 4971/2842/3144
f 4925/2796/3111 4971/2842/3144 4928/2799/3113
f 4972/2843/3143 4958/2829/3135 4967/2838/3141
f 4972/2843/3143 4967/2838/3141 4973/2844/3144
f 4937/2808/3119 4974/2845/3145 4975/2846/3146
f 4937/2808/3119 4975/2846/3146 4940/2811/3121
f 4976/2847/3145 4926/2797/3112 4931/2802/3116
f 4976/2847/3145 4931/2802/3116 4977/2848/3146
f 4949/2820/3129 4978/2849/3147 4979/2850/3148
f 4949/2820/3129 4979/2850/3148 4952/2823/3131
f 4980/2851/3147 4938/2809/3120 4943/2814/3124
f 4980/2851/3147 4943/2814/3124 4981/2852/3148
f 4961/2832/3138 4982/2853/3149 4983/2854/3150
f 4961/2832/3138 4983/2854/3150 4968/2839/3142
f 4984/2855/3149 4950/2821/3130 4955/2826/3134
f 4984/2855/3149 4955/2826/3134 4985/2856/3150
f 4925/2796/3111 4924/2795/3109 4986/2857/3151
f 4925/2796/3111 4986/2857/3151 4970/2841/3143
f 4922/2793/3109 638/298/93 637/297/92
f 4922/2793/3109 637/297/92 4987/2858/3151
f 629/289/86 4932/2803/3114 4988/2859/3152
f 629/289/86 4988/2859/3152 628/288/85
f 4929/2800/3114 4928/2799/3113 4971/2842/3144
f 4929/2800/3114 4971/2842/3144 4989/2860/3152
f 4937/2808/3119 4936/2807/3117 4990/2861/3153
f 4937/2808/3119 4990/2861/3153 4974/2845/3145
f 4934/2805/3117 613/273/74 615/275/75
f 4934/2805/3117 615/275/75 4991/2862/3154
f 624/284/82 4944/2815/3125 4992/2863/3155
f 624/284/82 4992/2863/3155 622/282/81
f 4941/2812/3122 4940/2811/3121 4975/2846/3146
f 4941/2812/3122 4975/2846/3146 4993/2864/3155
f 4949/2820/3129 4948/2819/3127 4994/2865/3156
f 4949/2820/3129 4994/2865/3156 4978/2849/3147
f 4946/2817/3127 620/280/79 617/277/77
f 4946/2817/3127 617/277/77 4995/2866/3156
f 621/281/80 4956/2827/3132 4996/2867/3157
f 621/281/80 4996/2867/3157 612/272/73
f 4953/2824/3132 4952/2823/3131 4979/2850/3148
f 4953/2824/3132 4979/2850/3148 4997/2868/3158
f 4961/2832/3138 4960/2831/3137 4998/2869/3159
f 4961/2832/3138 4998/2869/3159 4982/2853/3149
f 4963/2834/3137 634/294/90 607/267/70
f 4963/2834/3137 607/267/70 4999/2870/3160
f 632/292/88 4965/2836/3140 5000/2871/3161
f 632/292/88 5000/2871/3161 630/290/87
f 4969/2840/3140 4968/2839/3142 4983/2854/3150
f 4969/2840/3140 4983/2854/3150 5001/2872/3161
f 636/296/91 4962/2833/3136 4987/2858/3151
f 636/296/91 4987/2858/3151 637/297/92
f 4959/2830/3136 4958/2829/3135 4972/2843/3143
f 4959/2830/3136 4972/2843/3143 5002/2873/3151
f 4967/2838/3141 4966/2837/3139 5003/2874/3162
f 4967/2838/3141 5003/2874/3162 4973/2844/3144
f 4964/2835/3139 626/286/84 628/288/85
f 4964/2835/3139 628/288/85 4988/2859/3152
f 616/276/76 4923/2794/3110 4991/2862/3154
f 616/276/76 4991/2862/3154 615/275/75
f 4927/2798/3110 4926/2797/3112 4976/2847/3145
f 4927/2798/3110 4976/2847/3145 5004/2875/3153
f 4931/2802/3116 4930/2801/3115 5005/2876/3155
f 4931/2802/3116 5005/2876/3155 4977/2848/3146
f 4933/2804/3115 625/285/83 622/282/81
f 4933/2804/3115 622/282/81 4992/2863/3155
f 619/279/78 4935/2806/3118 4995/2866/3156
f 619/279/78 4995/2866/3156 617/277/77
f 4939/2810/3118 4938/2809/3120 4980/2851/3147
f 4939/2810/3118 4980/2851/3147 5006/2877/3156
f 4943/2814/3124 4942/2813/3123 5007/2878/3158
f 4943/2814/3124 5007/2878/3158 4981/2852/3148
f 4945/2816/3126 610/270/72 612/272/73
f 4945/2816/3126 612/272/73 4996/2867/3157
f 609/269/71 4947/2818/3128 4999/2870/3160
f 609/269/71 4999/2870/3160 607/267/70
f 4951/2822/3128 4950/2821/3130 4984/2855/3149
f 4951/2822/3128 4984/2855/3149 5008/2879/3160
f 4955/2826/3134 4954/2825/3133 5009/2880/3161
f 4955/2826/3134 5009/2880/3161 4985/2856/3150
f 4957/2828/3133 633/293/89 630/290/87
f 4957/2828/3133 630/290/87 5000/2871/3161
f 619/279/78 618/278/8 614/274/8
f 619/279/78 614/274/8 613/273/74
f 620/280/79 616/276/76 614/274/8
f 620/280/79 614/274/8 618/278/8
f 621/281/80 625/285/83 629/289/86
f 621/281/80 629/289/86 633/293/89
f 624/284/82 623/283/7 611/271/7
f 624/284/82 611/271/7 610/270/72
f 621/281/80 611/271/7 623/283/7
f 621/281/80 623/283/7 625/285/83
f 632/292/88 631/291/7 627/287/7
f 632/292/88 627/287/7 626/286/84
f 633/293/89 629/289/86 627/287/7
f 633/293/89 627/287/7 631/291/7
f 609/269/71 638/298/93 616/276/76
f 609/269/71 616/276/76 620/280/79
f 634/294/90 636/296/91 635/295/8
f 634/294/90 635/295/8 608/268/8
f 609/269/71 608/268/8 635/295/8
f 609/269/71 635/295/8 638/298/93
f 5010/2881/3163 5011/2882/3163 5012/2883/3163
f 5010/2881/3163 5012/2883/3163 5013/2884/3163
f 5014/2885/3164 5015/2886/3165 5016/2887/3166
f 5014/2885/3164 5016/2887/3166 5017/2888/3167
f 5018/2889/3168 5019/2890/3169 5020/2891/3170
f 5018/2889/3168 5020/2891/3170 5021/2892/3171
f 736/395/181 5022/2893/3168 5023/2894/3172
f 736/395/181 5023/2894/3172 719/379/165
f 5016/2887/3166 5024/2895/3173 5025/2896/3174
f 5016/2887/3166 5025/2896/3174 5017/2888/3167
f 5024/2895/3173 5026/2897/3175 5027/2898/3176
f 5024/2895/3173 5027/2898/3176 5025/2896/3174
f 5026/2897/3175 5028/2899/3177 5029/2900/3178
f 5026/2897/3175 5029/2900/3178 5027/2898/3176
f 5030/2901/3177 5031/2902/3179 657/317/110
f 5030/2901/3177 657/317/110 5032/2903/3180
f 5033/2904/3181 5034/2905/3182 5035/2906/3183
f 5033/2904/3181 5035/2906/3183 658/318/111
f 5036/2907/3182 643/303/98 645/305/100
f 5036/2907/3182 645/305/100 5037/2908/3183
f 5038/2909/3184 5039/2910/3185 5040/2911/3186
f 5038/2909/3184 5040/2911/3186 672/332/123
f 5041/2912/3185 5042/2913/3187 5043/2914/3188
f 5041/2912/3185 5043/2914/3188 5044/2915/3186
f 5042/2913/3187 5045/2916/3189 5046/2917/3190
f 5042/2913/3187 5046/2917/3190 5043/2914/3188
f 5045/2916/3189 5015/2886/3165 5014/2885/3164
f 5045/2916/3189 5014/2885/3164 5046/2917/3190
f 646/306/101 5047/2918/3191 5048/2919/3192
f 646/306/101 5048/2919/3192 647/307/102
f 5047/2918/3191 5049/2920/3193 5050/2921/3194
f 5047/2918/3191 5050/2921/3194 5048/2919/3192
f 5051/2922/3193 675/335/126 674/334/125
f 5051/2922/3193 674/334/125 5052/2923/3195
f 5053/2924/3196 649/309/104 651/311/106
f 5053/2924/3196 651/311/106 5054/2925/3197
f 659/319/112 5055/2926/3198 5056/2927/3199
f 659/319/112 5056/2927/3199 660/320/113
f 5055/2926/3198 5057/2928/3200 5058/2929/3201
f 5055/2926/3198 5058/2929/3201 5056/2927/3199
f 5057/2928/3200 5059/2930/3202 5060/2931/3203
f 5057/2928/3200 5060/2931/3203 5058/2929/3201
f 5061/2932/3204 5062/2933/3205 662/322/115
f 5061/2932/3204 662/322/115 5063/2934/3203
f 5064/2935/3206 5065/2936/3207 5066/2937/3208
f 5064/2935/3206 5066/2937/3208 5067/2938/3209
f 5065/2936/3207 5068/2939/3210 5069/2940/3211
f 5065/2936/3207 5069/2940/3211 5066/2937/3208
f 5068/2939/3210 5070/2941/3212 5071/2942/3213
f 5068/2939/3210 5071/2942/3213 5069/2940/3211
f 5072/2943/3212 5073/2944/3214 5074/2945/3215
f 5072/2943/3212 5074/2945/3215 5075/2946/3216
f 5076/2947/3217 5077/2948/3218 5078/2949/3219
f 5076/2947/3217 5078/2949/3219 5079/2950/140
f 5077/2948/3218 5080/2951/3220 5081/2952/3221
f 5077/2948/3218 5081/2952/3221 5078/2949/3219
f 5082/2953/3222 5083/2954/3223 5084/2955/138
f 5082/2953/3222 5084/2955/138 5085/2956/137
f 5083/2954/3223 5086/2957/3224 5087/2958/3225
f 5083/2954/3223 5087/2958/3225 5084/2955/138
f 5088/2959/3226 5089/2960/3227 5090/2961/3228
f 5088/2959/3226 5090/2961/3228 679/339/130
f 5089/2960/3227 5091/2962/163 5092/2963/3229
f 5089/2960/3227 5092/2963/3229 5090/2961/3228
f 5091/2962/163 5093/2964/166 5094/2965/3230
f 5091/2962/163 5094/2965/3230 5092/2963/3229
f 720/380/166 719/379/165 5023/2894/3172
f 720/380/166 5023/2894/3172 5095/2966/3230
f 736/395/181 735/394/133 5096/2967/3231
f 736/395/181 5096/2967/3231 5022/2893/3168
f 682/342/133 684/344/135 5097/2968/3232
f 682/342/133 5097/2968/3232 5098/2969/3231
f 684/344/135 722/382/168 5099/2970/3233
f 684/344/135 5099/2970/3233 5097/2968/3232
f 722/382/168 714/374/160 725/385/171
f 722/382/168 725/385/171 5099/2970/3233
f 5100/2971/3234 5101/2972/3235 5102/2973/3236
f 5100/2971/3234 5102/2973/3236 5103/2974/3237
f 5101/2972/3235 5104/2975/3238 5105/2976/3239
f 5101/2972/3235 5105/2976/3239 5102/2973/3236
f 5106/2977/3238 5107/2978/3240 5108/2979/3241
f 5106/2977/3238 5108/2979/3241 5109/2980/3242
f 5107/2978/3240 676/336/127 678/338/129
f 5107/2978/3240 678/338/129 5108/2979/3241
f 5110/2981/3243 5111/2982/3244 5112/2983/3245
f 5110/2981/3243 5112/2983/3245 5113/2984/3246
f 5111/2982/3244 5114/2985/3247 5115/2986/3248
f 5111/2982/3244 5115/2986/3248 5112/2983/3245
f 5114/2985/3247 5116/2987/3249 5117/2988/3250
f 5114/2985/3247 5117/2988/3250 5115/2986/3248
f 5116/2987/3249 5019/2890/3169 5018/2889/3168
f 5116/2987/3249 5018/2889/3168 5117/2988/3250
f 5020/2891/3170 5118/2989/3251 5119/2990/3252
f 5020/2891/3170 5119/2990/3252 5021/2892/3171
f 5118/2989/3251 5120/2991/3253 5121/2992/3254
f 5118/2989/3251 5121/2992/3254 5119/2990/3252
f 5120/2991/3253 5122/2993/3255 5123/2994/3256
f 5120/2991/3253 5123/2994/3256 5121/2992/3254
f 5122/2993/3255 5124/2995/3257 5125/2996/3258
f 5122/2993/3255 5125/2996/3258 5123/2994/3256
f 5126/2997/3259 5127/2998/3260 5128/2999/3261
f 5126/2997/3259 5128/2999/3261 5129/3000/3262
f 5130/3001/3260 5131/3002/3263 5132/3003/3264
f 5130/3001/3260 5132/3003/3264 5133/3004/3261
f 5131/3002/3263 5134/3005/95 5135/3006/3265
f 5131/3002/3263 5135/3006/3265 5132/3003/3264
f 5134/3005/95 5136/3007/179 5137/3008/3266
f 5134/3005/95 5137/3008/3266 5135/3006/3265
f 5138/3009/117 5139/3010/3267 5140/3011/3268
f 5138/3009/117 5140/3011/3268 5141/3012/3269
f 5139/3010/3267 5142/3013/3270 5143/3014/3271
f 5139/3010/3267 5143/3014/3271 5140/3011/3268
f 5142/3013/3270 5144/3015/3272 5145/3016/3273
f 5142/3013/3270 5145/3016/3273 5143/3014/3271
f 5146/3017/3272 5147/3018/3274 5148/3019/3275
f 5146/3017/3272 5148/3019/3275 5149/3020/3273
f 5150/3021/3276 5151/3022/3277 5152/3023/3278
f 5150/3021/3276 5152/3023/3278 5153/3024/3279
f 5154/3025/3277 5155/3026/3280 5156/3027/3281
f 5154/3025/3277 5156/3027/3281 5157/3028/3278
f 5155/3026/3280 5158/3029/3282 5159/3030/3283
f 5155/3026/3280 5159/3030/3283 5156/3027/3281
f 5158/3029/3282 5160/3031/3284 5161/3032/3285
f 5158/3029/3282 5161/3032/3285 5159/3030/3283
f 680/340/131 5162/3033/3286 5163/3034/3287
f 680/340/131 5163/3034/3287 681/341/132
f 5164/3035/3286 5165/3036/3288 5166/3037/3289
f 5164/3035/3286 5166/3037/3289 5167/3038/3287
f 5165/3036/3288 5168/3039/3290 5169/3040/3291
f 5165/3036/3288 5169/3040/3291 5166/3037/3289
f 5168/3039/3290 5150/3021/3276 5170/3041/3292
f 5168/3039/3290 5170/3041/3292 5169/3040/3291
f 5153/3024/3279 5171/3042/3293 5172/3043/3294
f 5153/3024/3279 5172/3043/3294 5173/3044/3295
f 5171/3042/3293 5174/3045/3296 5175/3046/3297
f 5171/3042/3293 5175/3046/3297 5172/3043/3294
f 5174/3045/3296 5176/3047/3298 5177/3048/3299
f 5174/3045/3296 5177/3048/3299 5175/3046/3297
f 5178/3049/3298 724/384/170 726/386/172
f 5178/3049/3298 726/386/172 5179/3050/3299
f 657/317/110 5031/2902/3179 5033/2904/3181
f 657/317/110 5033/2904/3181 658/318/111
f 5180/3051/3300 5181/3052/3301 5100/2971/3234
f 5180/3051/3300 5100/2971/3234 5103/2974/3237
f 5038/2909/3184 672/332/123 675/335/126
f 5038/2909/3184 675/335/126 5182/3053/3302
f 5017/2888/3167 5183/3054/3303 5086/2957/3224
f 5017/2888/3167 5086/2957/3224 5014/2885/3164
f 5076/2947/3217 5184/3055/3304 673/333/124
f 5076/2947/3217 673/333/124 672/332/123
f 5173/3044/3295 5170/3041/3292 5150/3021/3276
f 5173/3044/3295 5150/3021/3276 5153/3024/3279
f 5185/3056/3305 5062/2933/3205 5186/3057/3306
f 5185/3056/3305 5186/3057/3306 5187/3058/3307
f 5188/3059/3308 5189/3060/3309 5190/3061/120
f 5188/3059/3308 5190/3061/120 5191/3062/3310
f 5184/3055/3304 5076/2947/3217 5079/2950/140
f 5184/3055/3304 5079/2950/140 5192/3063/3214
f 5183/3054/3303 5193/3064/3311 5087/2958/3225
f 5183/3054/3303 5087/2958/3225 5086/2957/3224
f 693/353/106 5194/3065/3312 5088/2959/3226
f 693/353/106 5088/2959/3226 712/372/158
f 665/325/116 664/324/94 711/371/157
f 665/325/116 711/371/157 660/320/113
f 5195/3066/3258 5196/3067/3257 5126/2997/3259
f 5195/3066/3258 5126/2997/3259 5129/3000/3262
f 5137/3008/3266 5136/3007/179 5138/3009/117
f 5137/3008/3266 5138/3009/117 5141/3012/3269
f 5148/3019/3275 5147/3018/3274 5197/3068/3243
f 5148/3019/3275 5197/3068/3243 5198/3069/3246
f 5199/3070/3266 5200/3071/3313 5161/3032/3285
f 5199/3070/3266 5161/3032/3285 5160/3031/3284
f 5201/3072/3314 5202/3073/3246 731/391/177
f 5201/3072/3314 731/391/177 724/384/170
f 5088/2959/3226 679/339/130 681/341/132
f 5088/2959/3226 681/341/132 712/372/158
f 5170/3041/3292 5173/3044/3295 5100/2971/3234
f 5170/3041/3292 5100/2971/3234 5181/3052/3301
f 726/386/172 725/385/171 714/374/160
f 726/386/172 714/374/160 676/336/127
f 654/314/108 5203/3074/3306 5204/3075/3315
f 654/314/108 5204/3075/3315 655/315/106
f 5205/3076/3308 5064/2935/3206 5067/2938/3209
f 5205/3076/3308 5067/2938/3209 5206/3077/3316
f 5073/2944/3214 689/349/140 691/351/128
f 5073/2944/3214 691/351/128 5074/2945/3215
f 5053/2924/3196 5054/2925/3197 5207/3078/3317
f 5053/2924/3196 5207/3078/3317 5208/3079/3225
f 5180/3051/3300 5103/2974/3237 5209/3080/3318
f 5180/3051/3300 5209/3080/3318 5210/3081/3319
f 678/338/129 677/337/128 704/364/151
f 678/338/129 704/364/151 5211/3082/3320
f 5212/3083/3321 5213/3084/3322 5214/3085/3323
f 5212/3083/3321 5214/3085/3323 5215/3086/3324
f 693/353/106 713/373/159 5216/3087/3325
f 693/353/106 5216/3087/3325 694/354/142
f 5185/3056/3305 657/317/110 662/322/115
f 5185/3056/3305 662/322/115 5062/2933/3205
f 5217/3088/3326 5089/2960/3227 5088/2959/3226
f 5217/3088/3326 5088/2959/3226 5194/3065/3312
f 5184/3055/3304 5218/3089/3327 5219/3090/3328
f 5184/3055/3304 5219/3090/3328 673/333/124
f 5220/3091/3327 5221/3092/3329 5222/3093/3330
f 5220/3091/3327 5222/3093/3330 5223/3094/3328
f 5221/3092/3329 5224/3095/3331 5225/3096/3332
f 5221/3092/3329 5225/3096/3332 5222/3093/3330
f 5224/3095/3331 669/329/120 671/331/122
f 5224/3095/3331 671/331/122 5225/3096/3332
f 658/318/111 5035/2906/3183 5226/3097/3333
f 658/318/111 5226/3097/3333 656/316/109
f 5227/3098/3334 5228/3099/3335 5229/3100/3336
f 5227/3098/3334 5229/3100/3336 5230/3101/3333
f 5228/3099/3335 663/323/99 685/345/136
f 5228/3099/3335 685/345/136 5229/3100/3336
f 5231/3102/3337 5232/3103/3338 5233/3104/3191
f 5231/3102/3337 5233/3104/3191 5234/3105/101
f 5232/3103/3338 5235/3106/3339 5236/3107/3193
f 5232/3103/3338 5236/3107/3193 5233/3104/3191
f 5237/3108/3339 5182/3053/3302 675/335/126
f 5237/3108/3339 675/335/126 5051/2922/3193
f 5017/2888/3167 5025/2896/3174 5238/3109/3340
f 5017/2888/3167 5238/3109/3340 5183/3054/3303
f 5025/2896/3174 5027/2898/3176 5239/3110/3341
f 5025/2896/3174 5239/3110/3341 5238/3109/3340
f 5027/2898/3176 5029/2900/3178 5240/3111/3342
f 5027/2898/3176 5240/3111/3342 5239/3110/3341
f 5032/2903/3180 657/317/110 5185/3056/3305
f 5032/2903/3180 5185/3056/3305 5241/3112/3342
f 5183/3054/3303 5238/3109/3340 5242/3113/104
f 5183/3054/3303 5242/3113/104 5193/3064/3311
f 5238/3109/3340 5239/3110/3341 5243/3114/105
f 5238/3109/3340 5243/3114/105 5242/3113/104
f 5244/3115/3341 5241/3112/3342 5245/3116/107
f 5244/3115/3341 5245/3116/107 5246/3117/105
f 5241/3112/3342 5185/3056/3305 5187/3058/3307
f 5241/3112/3342 5187/3058/3307 5245/3116/107
f 5247/3118/3198 5189/3060/3309 5188/3059/3308
f 5247/3118/3198 5188/3059/3308 5248/3119/3343
f 5249/3120/3200 5247/3118/3198 5248/3119/3343
f 5249/3120/3200 5248/3119/3343 5250/3121/3344
f 5062/2933/3205 5061/2932/3204 5251/3122/3345
f 5062/2933/3205 5251/3122/3345 5186/3057/3306
f 5061/2932/3204 5252/3123/3200 5253/3124/3344
f 5061/2932/3204 5253/3124/3344 5251/3122/3345
f 5254/3125/3346 5205/3076/3308 5206/3077/3316
f 5254/3125/3346 5206/3077/3316 5255/3126/162
f 5256/3127/3344 5254/3125/3346 5255/3126/162
f 5256/3127/3344 5255/3126/162 5257/3128/3347
f 5203/3074/3306 5258/3129/3345 5259/3130/3326
f 5203/3074/3306 5259/3130/3326 5204/3075/3315
f 5260/3131/3345 5256/3127/3344 5257/3128/3347
f 5260/3131/3345 5257/3128/3347 5261/3132/3348
f 5190/3061/120 5262/3133/3331 5263/3134/3349
f 5190/3061/120 5263/3134/3349 5191/3062/3310
f 5262/3133/3331 5264/3135/3329 5265/3136/3350
f 5262/3133/3331 5265/3136/3350 5263/3134/3349
f 5266/3137/3329 5218/3089/3327 5267/3138/3351
f 5266/3137/3329 5267/3138/3351 5268/3139/3350
f 5218/3089/3327 5184/3055/3304 5192/3063/3214
f 5218/3089/3327 5192/3063/3214 5267/3138/3351
f 672/332/123 5040/2911/3186 5077/2948/3218
f 672/332/123 5077/2948/3218 5076/2947/3217
f 5044/2915/3186 5043/2914/3188 5082/2953/3222
f 5044/2915/3186 5082/2953/3222 5269/3140/3218
f 5043/2914/3188 5046/2917/3190 5083/2954/3223
f 5043/2914/3188 5083/2954/3223 5082/2953/3222
f 5046/2917/3190 5014/2885/3164 5086/2957/3224
f 5046/2917/3190 5086/2957/3224 5083/2954/3223
f 687/347/138 5208/3079/3225 5207/3078/3317
f 687/347/138 5207/3078/3317 688/348/139
f 5214/3085/3323 696/356/144 699/359/146
f 5214/3085/3323 699/359/146 5215/3086/3324
f 5270/3141/3352 5180/3051/3300 5210/3081/3319
f 5270/3141/3352 5210/3081/3319 5271/3142/3353
f 5272/3143/3354 5270/3141/3352 5271/3142/3353
f 5272/3143/3354 5271/3142/3353 5273/3144/3355
f 713/373/159 5274/3145/3356 5275/3146/3357
f 713/373/159 5275/3146/3357 5216/3087/3325
f 5276/3147/3356 5272/3143/3354 5273/3144/3355
f 5276/3147/3356 5273/3144/3355 5277/3148/3357
f 5180/3051/3300 5270/3141/3352 5278/3149/3358
f 5180/3051/3300 5278/3149/3358 5181/3052/3301
f 5270/3141/3352 5272/3143/3354 5279/3150/3359
f 5270/3141/3352 5279/3150/3359 5278/3149/3358
f 5280/3151/3360 5274/3145/3356 5281/3152/3361
f 5280/3151/3360 5281/3152/3361 5282/3153/3359
f 5274/3145/3356 713/373/159 712/372/158
f 5274/3145/3356 712/372/158 5281/3152/3361
f 700/360/147 5213/3084/3322 5212/3083/3321
f 700/360/147 5212/3083/3321 701/361/148
f 5108/2979/3241 678/338/129 5211/3082/3320
f 5108/2979/3241 5211/3082/3320 5283/3154/3362
f 5105/2976/3239 5284/3155/3241 5285/3156/3362
f 5105/2976/3239 5285/3156/3362 5286/3157/3363
f 5103/2974/3237 5102/2973/3236 5287/3158/3364
f 5103/2974/3237 5287/3158/3364 5209/3080/3318
f 5102/2973/3236 5105/2976/3239 5286/3157/3363
f 5102/2973/3236 5286/3157/3363 5287/3158/3364
f 673/333/124 5219/3090/3328 5052/2923/3195
f 673/333/124 5052/2923/3195 674/334/125
f 5223/3094/3328 5222/3093/3330 5048/2919/3192
f 5223/3094/3328 5048/2919/3192 5050/2921/3194
f 5222/3093/3330 5225/3096/3332 647/307/102
f 5222/3093/3330 647/307/102 5048/2919/3192
f 5225/3096/3332 671/331/122 648/308/103
f 5225/3096/3332 648/308/103 647/307/102
f 656/316/109 5226/3097/3333 5063/2934/3203
f 656/316/109 5063/2934/3203 662/322/115
f 5230/3101/3333 5229/3100/3336 5058/2929/3201
f 5230/3101/3333 5058/2929/3201 5060/2931/3203
f 5229/3100/3336 685/345/136 5056/2927/3199
f 5229/3100/3336 5056/2927/3199 5058/2929/3201
f 685/345/136 665/325/116 660/320/113
f 685/345/136 660/320/113 5056/2927/3199
f 5288/3159/3265 5199/3070/3266 5160/3031/3284
f 5288/3159/3265 5160/3031/3284 5289/3160/3365
f 5290/3161/3366 5288/3159/3265 5289/3160/3365
f 5290/3161/3366 5289/3160/3365 5291/3162/3367
f 5292/3163/3368 5293/3164/3261 5294/3165/3369
f 5292/3163/3368 5294/3165/3369 680/340/131
f 5295/3166/3370 5290/3161/3366 5291/3162/3367
f 5295/3166/3370 5291/3162/3367 5296/3167/3369
f 5297/3168/3273 5201/3072/3314 724/384/170
f 5297/3168/3273 724/384/170 5298/3169/3371
f 5299/3170/3372 5300/3171/3373 5301/3172/3374
f 5299/3170/3372 5301/3172/3374 5302/3173/3375
f 5200/3071/3313 5303/3174/3268 5304/3175/3376
f 5200/3071/3313 5304/3175/3376 5161/3032/3285
f 5303/3174/3268 5299/3170/3372 5302/3173/3375
f 5303/3174/3268 5302/3173/3375 5304/3175/3376
f 5181/3052/3301 5278/3149/3358 5169/3040/3291
f 5181/3052/3301 5169/3040/3291 5170/3041/3292
f 5278/3149/3358 5279/3150/3359 5166/3037/3289
f 5278/3149/3358 5166/3037/3289 5169/3040/3291
f 5282/3153/3359 5281/3152/3361 5163/3034/3287
f 5282/3153/3359 5163/3034/3287 5305/3176/3289
f 5281/3152/3361 712/372/158 681/341/132
f 5281/3152/3361 681/341/132 5163/3034/3287
f 676/336/127 5107/2978/3240 5179/3050/3299
f 676/336/127 5179/3050/3299 726/386/172
f 5107/2978/3240 5106/2977/3238 5306/3177/3297
f 5107/2978/3240 5306/3177/3297 5179/3050/3299
f 5104/2975/3238 5101/2972/3235 5172/3043/3294
f 5104/2975/3238 5172/3043/3294 5175/3046/3297
f 5101/2972/3235 5100/2971/3234 5173/3044/3295
f 5101/2972/3235 5173/3044/3295 5172/3043/3294
f 5307/3178/3377 5098/2969/3231 5097/2968/3232
f 5307/3178/3377 5097/2968/3232 5308/3179/3378
f 5308/3179/3378 5097/2968/3232 5099/2970/3233
f 5308/3179/3378 5099/2970/3233 5309/3180/3379
f 5099/2970/3233 725/385/171 728/388/174
f 5099/2970/3233 728/388/174 5309/3180/3379
f 5310/3181/3380 5311/3182/3381 5312/3183/176
f 5310/3181/3380 5312/3183/176 5313/3184/3382
f 5313/3184/3382 5312/3183/176 5314/3185/3383
f 5313/3184/3382 5314/3185/3383 5315/3186/3384
f 5314/3185/3383 5316/3187/3246 5317/3188/3385
f 5314/3185/3383 5317/3188/3385 5315/3186/3384
f 5315/3186/3384 5317/3188/3385 5318/3189/3386
f 5315/3186/3384 5318/3189/3386 5319/3190/3387
f 5319/3190/3387 5318/3189/3386 5320/3191/3250
f 5319/3190/3387 5320/3191/3250 5321/3192/3377
f 5319/3190/3387 5321/3192/3377 5322/3193/3388
f 5319/3190/3387 5322/3193/3388 5323/3194/3389
f 5322/3193/3388 5310/3181/3380 5313/3184/3382
f 5322/3193/3388 5313/3184/3382 5323/3194/3389
f 5313/3184/3382 5315/3186/3384 5319/3190/3387
f 5313/3184/3382 5319/3190/3387 5323/3194/3389
f 723/383/169 679/339/130 5090/2961/3228
f 723/383/169 5090/2961/3228 5324/3195/3390
f 5324/3195/3390 5090/2961/3228 5092/2963/3229
f 5324/3195/3390 5092/2963/3229 5325/3196/3391
f 5325/3196/3391 5092/2963/3229 5094/2965/3230
f 5325/3196/3391 5094/2965/3230 5326/3197/3392
f 5327/3198/3393 5328/3199/3171 5329/3200/3252
f 5327/3198/3393 5329/3200/3252 5330/3201/3392
f 5330/3201/3392 5329/3200/3252 5331/3202/3254
f 5330/3201/3392 5331/3202/3254 5332/3203/3394
f 5332/3203/3394 5331/3202/3254 5333/3204/3256
f 5332/3203/3394 5333/3204/3256 5334/3205/3395
f 5333/3204/3256 5335/3206/3258 5336/3207/175
f 5333/3204/3256 5336/3207/175 5334/3205/3395
f 5334/3205/3395 5336/3207/175 5337/3208/3396
f 5334/3205/3395 5337/3208/3396 5338/3209/3397
f 5338/3209/3397 5337/3208/3396 5339/3210/169
f 5338/3209/3397 5339/3210/169 5340/3211/3390
f 5338/3209/3397 5340/3211/3390 5341/3212/3391
f 5338/3209/3397 5341/3212/3391 5342/3213/3398
f 5341/3212/3391 5330/3201/3392 5332/3203/3394
f 5341/3212/3391 5332/3203/3394 5342/3213/3398
f 5332/3203/3394 5334/3205/3395 5338/3209/3397
f 5332/3203/3394 5338/3209/3397 5342/3213/3398
f 5289/3160/3365 5160/3031/3284 5158/3029/3282
f 5289/3160/3365 5158/3029/3282 5343/3214/3399
f 5343/3214/3399 5158/3029/3282 5155/3026/3280
f 5343/3214/3399 5155/3026/3280 5344/3215/3400
f 5344/3215/3400 5155/3026/3280 5154/3025/3277
f 5344/3215/3400 5154/3025/3277 5345/3216/3401
f 5151/3022/3277 5150/3021/3276 5168/3039/3290
f 5151/3022/3277 5168/3039/3290 5346/3217/3401
f 5346/3217/3401 5168/3039/3290 5165/3036/3288
f 5346/3217/3401 5165/3036/3288 5347/3218/3402
f 5347/3218/3402 5165/3036/3288 5164/3035/3286
f 5347/3218/3402 5164/3035/3286 5348/3219/3403
f 5162/3033/3286 680/340/131 5294/3165/3369
f 5162/3033/3286 5294/3165/3369 5349/3220/3403
f 5350/3221/3404 5296/3167/3369 5291/3162/3367
f 5350/3221/3404 5291/3162/3367 5351/3222/3405
f 5351/3222/3405 5291/3162/3367 5289/3160/3365
f 5351/3222/3405 5289/3160/3365 5343/3214/3399
f 5351/3222/3405 5343/3214/3399 5344/3215/3400
f 5351/3222/3405 5344/3215/3400 5352/3223/3406
f 5353/3224/3407 5346/3217/3401 5347/3218/3402
f 5353/3224/3407 5347/3218/3402 5354/3225/3406
f 5355/3226/3402 5356/3227/3404 5357/3228/3405
f 5355/3226/3402 5357/3228/3405 5358/3229/3406
f 5298/3169/3371 724/384/170 5178/3049/3298
f 5298/3169/3371 5178/3049/3298 5359/3230/3408
f 5360/3231/3408 5176/3047/3298 5174/3045/3296
f 5360/3231/3408 5174/3045/3296 5361/3232/3409
f 5361/3232/3409 5174/3045/3296 5171/3042/3293
f 5361/3232/3409 5171/3042/3293 5362/3233/3410
f 5171/3042/3293 5153/3024/3279 5152/3023/3278
f 5171/3042/3293 5152/3023/3278 5362/3233/3410
f 5363/3234/3410 5157/3028/3278 5156/3027/3281
f 5363/3234/3410 5156/3027/3281 5364/3235/3411
f 5364/3235/3411 5156/3027/3281 5159/3030/3283
f 5364/3235/3411 5159/3030/3283 5365/3236/3412
f 5159/3030/3283 5161/3032/3285 5304/3175/3376
f 5159/3030/3283 5304/3175/3376 5365/3236/3412
f 5365/3236/3412 5304/3175/3376 5302/3173/3375
f 5365/3236/3412 5302/3173/3375 5366/3237/3413
f 5366/3237/3413 5302/3173/3375 5301/3172/3374
f 5366/3237/3413 5301/3172/3374 5367/3238/3408
f 5368/3239/3413 5369/3240/3408 5370/3241/3409
f 5368/3239/3413 5370/3241/3409 5371/3242/3414
f 5361/3232/3409 5362/3233/3410 5372/3243/3411
f 5361/3232/3409 5372/3243/3411 5373/3244/3414
f 5364/3235/3411 5365/3236/3412 5366/3237/3413
f 5364/3235/3411 5366/3237/3413 5374/3245/3414
f 718/378/164 717/377/163 5375/3246/3227
f 718/378/164 5375/3246/3227 5376/3247/3326
f 714/374/160 5377/3248/3213 5378/3249/3215
f 714/374/160 5378/3249/3215 715/375/161
f 722/382/168 683/343/134 5377/3248/3213
f 722/382/168 5377/3248/3213 714/374/160
f 676/336/127 715/375/161 5378/3249/3215
f 676/336/127 5378/3249/3215 677/337/128
f 680/340/131 729/389/175 5379/3250/3258
f 680/340/131 5379/3250/3258 5292/3163/3368
f 659/319/112 668/328/119 732/366/178
f 659/319/112 732/366/178 669/329/120
f 663/323/99 646/306/101 666/326/117
f 663/323/99 666/326/117 733/392/179
f 671/331/122 742/401/187 667/327/118
f 671/331/122 667/327/118 648/308/103
f 660/320/113 711/371/157 5380/368/3415
f 660/320/113 5380/368/3415 661/321/114
f 644/304/99 643/303/98 5231/3102/3337
f 644/304/99 5231/3102/3337 5234/3105/101
f 670/330/121 741/400/186 742/401/187
f 670/330/121 742/401/187 671/331/122
