# Blender 4.5.3 LTS
# www.blender.org
mtllib import_prikaz.mtl
o Object_2
v 0.938357 5.634230 -0.702729
v 0.000000 5.634230 -0.702729
v 0.000000 5.653438 -0.680345
v 0.938357 5.653438 -0.680345
v -0.992970 5.592783 -0.667165
v -0.992970 5.109389 -0.252367
v -0.992970 5.128598 -0.229982
v -0.992970 5.611992 -0.644780
v -0.938357 4.584549 0.197996
v 0.000000 4.584549 0.197996
v 0.000000 4.603757 0.220380
v -0.938357 4.603757 0.220380
v 0.992970 4.625995 0.162431
v 0.992970 5.109389 -0.252367
v 0.992970 5.128598 -0.229982
v 0.992970 4.645203 0.184816
v 0.000000 5.607344 -0.599877
v 0.000000 5.148818 -0.206418
v 0.905589 5.148818 -0.206418
v 0.905589 5.607344 -0.599877
v 0.938357 5.660315 -0.619335
v 0.938357 5.647556 -0.603334
v 0.958460 5.645060 -0.606244
v 0.958807 5.657741 -0.622868
v -0.989136 5.627248 -0.657871
v -0.992970 5.611992 -0.644780
v -0.989136 5.625083 -0.629524
v -0.984778 5.640828 -0.642578
v -0.958460 4.606667 0.217883
v -0.938357 4.603757 0.220380
v -0.938357 4.619759 0.233139
v -0.958807 4.623291 0.230565
v 0.989136 4.629947 0.197907
v 0.992970 4.645203 0.184816
v 0.989136 4.658295 0.200072
v 0.984778 4.643001 0.213652
v 0.989136 5.608039 -0.680256
v 0.989136 5.627248 -0.657871
v 0.992970 5.611992 -0.644780
v 0.992970 5.592783 -0.667165
v 0.000000 5.660315 -0.619335
v 0.000000 5.647556 -0.603334
v -0.989136 5.608039 -0.680256
v -0.992970 5.592783 -0.667165
v -0.958460 5.645060 -0.606244
v -0.958460 5.161665 -0.191446
v -0.938357 5.164162 -0.188536
v -0.938357 5.647556 -0.603334
v -0.958460 4.587459 0.195498
v -0.938357 4.584549 0.197996
v -0.938357 4.663015 0.236443
v 0.000000 4.663015 0.236443
v 0.000000 4.680768 0.226262
v -0.938357 4.680768 0.226262
v 0.989136 4.610739 0.175522
v 0.992970 4.625995 0.162431
v 0.958460 4.678271 0.223352
v 0.958460 5.161665 -0.191446
v 0.938357 5.164162 -0.188536
v 0.938357 4.680768 0.226262
v 0.958460 5.650528 -0.677848
v 0.938357 5.653438 -0.680345
v 0.938357 5.663619 -0.662591
v 0.958807 5.660538 -0.659491
v 0.989136 5.625083 -0.629524
v 0.984778 5.640828 -0.642578
v 0.956913 5.664311 -0.640784
v 0.975460 5.650236 -0.628707
v 0.971057 5.658106 -0.641254
v 0.976974 5.637140 -0.615473
v 0.938357 5.666447 -0.640621
v 0.975460 5.652233 -0.654859
v 0.976974 5.641299 -0.669928
v -0.938357 5.663619 -0.662591
v -0.938357 5.653438 -0.680345
v -0.958460 5.650528 -0.677848
v -0.958807 5.660538 -0.659491
v -0.938357 5.660315 -0.619335
v -0.958807 5.657741 -0.622868
v -0.975460 5.652233 -0.654859
v -0.975460 5.650236 -0.628707
v -0.971062 5.658103 -0.641258
v -0.976974 5.637140 -0.615473
v -0.976974 5.641299 -0.669928
v -0.956913 5.664311 -0.640784
v -0.938357 5.666447 -0.640621
v -0.989136 4.658295 0.200072
v -0.992970 4.645203 0.184816
v -0.989136 4.629947 0.197907
v -0.984778 4.643001 0.213652
v -0.958460 4.678271 0.223352
v -0.958807 4.659914 0.233362
v -0.975460 4.629130 0.223060
v -0.956913 4.641208 0.237135
v -0.971057 4.641678 0.230930
v -0.938357 4.641045 0.239271
v -0.976974 4.615897 0.209964
v -0.975460 4.655282 0.225057
v -0.976974 4.670352 0.214123
v 0.938357 4.619759 0.233139
v 0.938357 4.603757 0.220380
v 0.958460 4.606667 0.217883
v 0.958807 4.623291 0.230565
v 0.938357 4.663015 0.236443
v 0.958807 4.659914 0.233362
v 0.975460 4.629130 0.223060
v 0.975460 4.655282 0.225057
v 0.971062 4.641682 0.230926
v 0.976974 4.670352 0.214123
v 0.976974 4.615897 0.209964
v 0.956913 4.641208 0.237135
v 0.938357 4.641045 0.239271
v 0.976974 5.622090 -0.692313
v 0.958460 5.631320 -0.700232
v 0.938357 5.634230 -0.702729
v 0.000000 5.666447 -0.640621
v 0.000000 5.663619 -0.662591
v 0.000000 5.653438 -0.680345
v -0.976974 5.622090 -0.692313
v -0.958460 5.631320 -0.700232
v -0.938357 5.634230 -0.702729
v -0.976974 5.153745 -0.200675
v -0.989136 5.141689 -0.214726
v -0.992970 5.128598 -0.229982
v -0.976974 4.596688 0.187579
v -0.989136 4.610739 0.175522
v -0.992970 4.625995 0.162431
v 0.000000 4.641045 0.239271
v 0.000000 4.619759 0.233139
v 0.000000 4.603757 0.220380
v 0.976974 4.596688 0.187579
v 0.958460 4.587459 0.195498
v 0.938357 4.584549 0.197996
v 0.976974 5.153745 -0.200675
v 0.989136 5.141689 -0.214726
v 0.992970 5.128598 -0.229982
v 0.905589 5.164162 -0.188536
v 0.938357 5.164162 -0.188536
v 0.938357 5.647556 -0.603334
v 0.905589 5.622689 -0.581995
v 0.000000 4.705636 0.204923
v 0.000000 4.680768 0.226262
v 0.938357 4.680768 0.226262
v 0.905589 4.705636 0.204923
v -0.905589 5.164162 -0.188536
v -0.938357 5.164162 -0.188536
v -0.938357 4.680768 0.226262
v -0.905589 4.705636 0.204923
v 0.000000 5.622689 -0.581995
v 0.000000 5.647556 -0.603334
v -0.938357 5.647556 -0.603334
v -0.905589 5.622689 -0.581995
v 0.905589 5.148818 -0.206418
v 0.905589 5.164162 -0.188536
v 0.905589 5.622689 -0.581995
v 0.905589 5.607344 -0.599877
v 0.000000 4.690291 0.187041
v 0.000000 4.705636 0.204923
v 0.905589 4.705636 0.204923
v 0.905589 4.690291 0.187041
v -0.905589 5.148818 -0.206418
v -0.905589 5.164162 -0.188536
v -0.905589 4.705636 0.204923
v -0.905589 4.690291 0.187041
v 0.000000 5.607344 -0.599877
v 0.000000 5.622689 -0.581995
v -0.905589 5.622689 -0.581995
v -0.905589 5.607344 -0.599877
v 0.938357 4.584549 0.197996
v 0.938357 4.603757 0.220380
v -0.905589 4.690291 0.187041
v -0.905589 4.705636 0.204923
v -0.905589 5.148818 -0.206418
v -0.905589 4.690291 0.187041
v 0.000000 4.690291 0.187041
v 0.905589 5.607344 -0.599877
v 0.905589 5.622689 -0.581995
v -0.938357 5.634230 -0.702729
v -0.938357 5.653438 -0.680345
v -0.992970 4.625995 0.162431
v -0.992970 4.645203 0.184816
v -0.905589 5.607344 -0.599877
v -0.905589 5.622689 -0.581995
v -0.905589 5.607344 -0.599877
v 0.905589 4.690291 0.187041
v 0.905589 4.690291 0.187041
v 0.905589 4.705636 0.204923
v 0.992970 5.592783 -0.667165
v 0.992970 5.611992 -0.644780
v 0.000000 0.200900 0.532592
v -0.022110 0.200900 0.530134
v -0.022110 0.095076 0.530134
v 0.000000 0.095076 0.532592
v -0.043114 0.200900 0.522809
v -0.043114 0.095076 0.522809
v -0.061947 0.200900 0.510972
v -0.061947 0.095076 0.510972
v -0.077677 0.200900 0.495243
v -0.077677 0.095076 0.495243
v -0.089514 0.200900 0.476409
v -0.089514 0.095076 0.476409
v -0.096839 0.200900 0.455405
v -0.096839 0.095076 0.455405
v -0.099297 0.200900 0.433295
v -0.099297 0.095076 0.433295
v -0.096839 0.200900 0.411185
v -0.096839 0.095076 0.411185
v -0.089514 0.200900 0.390182
v -0.089514 0.095076 0.390182
v -0.077677 0.200900 0.371348
v -0.077677 0.095076 0.371348
v -0.061947 0.200900 0.355619
v -0.061947 0.095076 0.355619
v -0.043114 0.200900 0.343781
v -0.043114 0.095076 0.343781
v -0.022110 0.200900 0.336456
v -0.022110 0.095076 0.336456
v 0.000000 0.200900 0.333998
v 0.000000 0.095076 0.333998
v 0.022110 0.200900 0.336456
v 0.022110 0.095076 0.336456
v 0.043114 0.200900 0.343781
v 0.043114 0.095076 0.343781
v 0.061947 0.200900 0.355619
v 0.061947 0.095076 0.355619
v 0.077677 0.200900 0.371348
v 0.077677 0.095076 0.371348
v 0.089514 0.200900 0.390182
v 0.089514 0.095076 0.390182
v 0.096839 0.200900 0.411185
v 0.096839 0.095076 0.411185
v 0.099297 0.200900 0.433295
v 0.099297 0.095076 0.433295
v 0.096839 0.200900 0.455405
v 0.096839 0.095076 0.455405
v 0.089514 0.200900 0.476409
v 0.089514 0.095076 0.476409
v 0.077677 0.200900 0.495243
v 0.077677 0.095076 0.495243
v 0.061947 0.200900 0.510972
v 0.061947 0.095076 0.510972
v 0.043114 0.200900 0.522809
v 0.043114 0.095076 0.522809
v 0.022110 0.200900 0.530134
v 0.022110 0.095076 0.530134
v 0.000000 0.200900 0.532592
v 0.000000 0.095076 0.532592
v 0.000000 0.278532 0.634499
v -0.044666 0.278532 0.629533
v -0.044666 0.200900 0.629534
v 0.000000 0.200900 0.634499
v -0.087298 0.278532 0.614666
v -0.087298 0.200900 0.614666
v -0.125500 0.278532 0.590655
v -0.125500 0.200900 0.590655
v -0.157359 0.278532 0.558795
v -0.157359 0.200900 0.558796
v -0.181370 0.278532 0.520593
v -0.181370 0.200900 0.520593
v -0.196238 0.278532 0.477961
v -0.196238 0.200900 0.477961
v -0.201204 0.278532 0.433295
v -0.201204 0.200900 0.433295
v -0.196238 0.278532 0.388629
v -0.196238 0.200900 0.388629
v -0.181370 0.278532 0.345998
v -0.181370 0.200900 0.345998
v -0.157359 0.278532 0.307795
v -0.157359 0.200900 0.307795
v -0.125500 0.278532 0.275936
v -0.125500 0.200900 0.275936
v -0.087298 0.278532 0.251925
v -0.087298 0.200900 0.251925
v -0.044666 0.278532 0.237057
v -0.044666 0.200900 0.237057
v 0.000000 0.278532 0.232091
v 0.000000 0.200900 0.232091
v 0.000000 0.278532 0.232091
v 0.044666 0.278532 0.237057
v 0.044666 0.200900 0.237057
v 0.000000 0.200900 0.232091
v 0.087298 0.278532 0.251925
v 0.087298 0.200900 0.251925
v 0.125500 0.278532 0.275936
v 0.125500 0.200900 0.275936
v 0.157359 0.278532 0.307795
v 0.157359 0.200900 0.307795
v 0.181370 0.278532 0.345998
v 0.181370 0.200900 0.345998
v 0.196238 0.278532 0.388629
v 0.196238 0.200900 0.388629
v 0.201204 0.278532 0.433295
v 0.201204 0.200900 0.433295
v 0.196238 0.278532 0.477961
v 0.196238 0.200900 0.477961
v 0.181370 0.278532 0.520593
v 0.181370 0.200900 0.520593
v 0.157359 0.278532 0.558795
v 0.157359 0.200900 0.558796
v 0.125500 0.278532 0.590655
v 0.125500 0.200900 0.590655
v 0.087298 0.278532 0.614666
v 0.087298 0.200900 0.614666
v 0.044666 0.278532 0.629533
v 0.044666 0.200900 0.629534
v 0.000000 0.608712 0.532592
v -0.022110 0.608712 0.530134
v -0.022110 0.326194 0.530134
v 0.000000 0.326194 0.532592
v -0.043114 0.608712 0.522809
v -0.043114 0.326194 0.522809
v -0.061947 0.608712 0.510972
v -0.061947 0.326194 0.510972
v -0.077677 0.608712 0.495242
v -0.077677 0.326194 0.495243
v -0.089514 0.608712 0.476409
v -0.089514 0.326194 0.476409
v -0.096839 0.608712 0.455405
v -0.096839 0.326194 0.455405
v -0.099297 0.608712 0.433295
v -0.099297 0.326194 0.433295
v -0.096839 0.326194 0.411185
v -0.096839 0.608712 0.411185
v -0.089514 0.608712 0.390182
v -0.089514 0.326194 0.390182
v -0.077677 0.326194 0.371348
v -0.077677 0.608712 0.371348
v -0.061947 0.608712 0.355618
v -0.061947 0.326194 0.355619
v -0.043114 0.326194 0.343781
v -0.043114 0.608712 0.343781
v -0.022110 0.608712 0.336456
v -0.022110 0.326194 0.336456
v 0.000000 0.608712 0.333998
v 0.000000 0.326194 0.333998
v 0.022110 0.608712 0.336456
v 0.022110 0.326194 0.336456
v 0.043114 0.608712 0.343781
v 0.043114 0.326194 0.343781
v 0.061947 0.608712 0.355618
v 0.061947 0.326194 0.355619
v 0.077677 0.608712 0.371348
v 0.077677 0.326194 0.371348
v 0.089514 0.608712 0.390182
v 0.089514 0.326194 0.390182
v 0.096839 0.326194 0.411185
v 0.096839 0.608712 0.411185
v 0.099297 0.608712 0.433295
v 0.099297 0.326194 0.433295
v 0.096839 0.608712 0.455405
v 0.096839 0.326194 0.455405
v 0.089514 0.608712 0.476409
v 0.089514 0.326194 0.476409
v 0.077677 0.608712 0.495242
v 0.077677 0.326194 0.495243
v 0.061947 0.608712 0.510972
v 0.061947 0.326194 0.510972
v 0.043114 0.608712 0.522809
v 0.043114 0.326194 0.522809
v 0.022110 0.608712 0.530134
v 0.022110 0.326194 0.530134
v 0.022110 0.608712 0.530134
v 0.022110 0.326194 0.530134
v 0.000000 2.747438 0.527099
v 0.020894 2.747438 0.524776
v 0.020186 2.748045 0.521656
v 0.000000 2.748045 0.523900
v 0.040732 2.747438 0.517858
v 0.039345 2.748045 0.514974
v 0.058522 2.747438 0.506677
v 0.056527 2.748045 0.504175
v 0.073382 2.747438 0.491817
v 0.070880 2.748045 0.489821
v 0.084563 2.747438 0.474027
v 0.081679 2.748045 0.472640
v 0.091482 2.747438 0.454189
v 0.088361 2.748045 0.453481
v 0.093804 2.747438 0.433295
v 0.090605 2.748045 0.433295
v 0.091482 2.747438 0.412401
v 0.088361 2.748045 0.413109
v 0.084563 2.747438 0.392563
v 0.081679 2.748045 0.393950
v 0.073382 2.747438 0.374773
v 0.070880 2.748045 0.376768
v 0.058522 2.747438 0.359913
v 0.056527 2.748045 0.362415
v 0.040732 2.747438 0.348732
v 0.039345 2.748045 0.351616
v 0.020894 2.747438 0.341813
v 0.020186 2.748045 0.344934
v 0.000000 2.747438 0.339490
v 0.000000 2.748045 0.342690
v 0.000000 2.747438 0.339490
v -0.020894 2.747438 0.341813
v -0.020186 2.748045 0.344934
v 0.000000 2.748045 0.342690
v -0.040732 2.747438 0.348732
v -0.039345 2.748045 0.351616
v -0.058522 2.747438 0.359913
v -0.056527 2.748045 0.362415
v -0.073382 2.747438 0.374773
v -0.070880 2.748045 0.376768
v -0.084563 2.747438 0.392563
v -0.081679 2.748045 0.393950
v -0.091482 2.747438 0.412401
v -0.088361 2.748045 0.413109
v -0.093804 2.747438 0.433295
v -0.090605 2.748045 0.433295
v -0.091482 2.747438 0.454189
v -0.088361 2.748045 0.453481
v -0.084563 2.747438 0.474027
v -0.081679 2.748045 0.472640
v -0.073382 2.747438 0.491817
v -0.070880 2.748045 0.489821
v -0.058522 2.747438 0.506677
v -0.056527 2.748045 0.504175
v -0.040732 2.747438 0.517858
v -0.039345 2.748045 0.514974
v -0.020894 2.747438 0.524776
v -0.020186 2.748045 0.521656
v 0.000000 2.760567 0.527099
v -0.020894 2.760567 0.524776
v -0.020186 2.759961 0.521656
v 0.000000 2.759961 0.523900
v -0.040732 2.760567 0.517858
v -0.039345 2.759961 0.514974
v -0.058522 2.760567 0.506677
v -0.056527 2.759961 0.504175
v -0.073382 2.760567 0.491817
v -0.070880 2.759961 0.489821
v -0.084563 2.760567 0.474027
v -0.081679 2.759961 0.472640
v -0.091482 2.760567 0.454189
v -0.088361 2.759961 0.453481
v -0.093804 2.760567 0.433295
v -0.090605 2.759961 0.433295
v -0.091482 2.760567 0.412401
v -0.088361 2.759961 0.413109
v -0.084563 2.760567 0.392563
v -0.081679 2.759961 0.393950
v -0.073382 2.760567 0.374773
v -0.070880 2.759961 0.376768
v -0.058522 2.760567 0.359913
v -0.056527 2.759961 0.362415
v -0.040732 2.760567 0.348732
v -0.039345 2.759961 0.351616
v -0.020894 2.760567 0.341813
v -0.020186 2.759961 0.344934
v 0.000000 2.760567 0.339490
v 0.000000 2.759961 0.342690
v 0.000000 2.760567 0.339490
v 0.020894 2.760567 0.341813
v 0.020186 2.759961 0.344934
v 0.000000 2.759961 0.342690
v 0.040732 2.760567 0.348732
v 0.039345 2.759961 0.351616
v 0.058522 2.760567 0.359913
v 0.056527 2.759961 0.362415
v 0.073382 2.760567 0.374773
v 0.070880 2.759961 0.376768
v 0.084563 2.760567 0.392563
v 0.081679 2.759961 0.393950
v 0.091482 2.760567 0.412401
v 0.088361 2.759961 0.413109
v 0.093804 2.760567 0.433295
v 0.090605 2.759961 0.433295
v 0.091482 2.760567 0.454189
v 0.088361 2.759961 0.453481
v 0.084563 2.760567 0.474027
v 0.081679 2.759961 0.472640
v 0.073382 2.760567 0.491817
v 0.070880 2.759961 0.489821
v 0.058522 2.760567 0.506677
v 0.056527 2.759961 0.504175
v 0.040732 2.760567 0.517858
v 0.039345 2.759961 0.514974
v 0.020894 2.760567 0.524776
v 0.020186 2.759961 0.521656
v 0.000000 0.706895 0.532592
v -0.022110 0.706895 0.530134
v -0.022110 0.644261 0.530134
v 0.000000 0.644261 0.532592
v -0.022110 2.009312 0.530134
v -0.043114 2.009312 0.522809
v -0.043114 0.706895 0.522809
v -0.061947 0.706895 0.510972
v -0.061947 0.644261 0.510972
v -0.043114 0.644261 0.522809
v -0.077677 0.706895 0.495242
v -0.061947 2.009312 0.510972
v -0.077677 2.009312 0.495242
v -0.089514 0.706895 0.476409
v -0.089514 0.644261 0.476409
v -0.077677 0.644261 0.495242
v -0.096839 0.706895 0.455405
v -0.096839 0.644261 0.455405
v -0.099297 0.706895 0.433295
v -0.099297 0.644261 0.433295
v -0.096839 0.706895 0.411185
v -0.096839 0.644261 0.411185
v -0.089514 0.706895 0.390182
v -0.089514 0.644261 0.390182
v -0.077677 0.706895 0.371348
v -0.077677 0.644261 0.371348
v -0.061947 0.706895 0.355618
v -0.061947 0.644261 0.355618
v -0.043114 0.706895 0.343781
v -0.043114 0.644261 0.343781
v -0.022110 0.706895 0.336456
v -0.022110 0.644261 0.336456
v 0.000000 0.706895 0.333998
v 0.000000 0.644261 0.333998
v 0.000000 0.706895 0.333998
v 0.022110 0.706895 0.336456
v 0.022110 0.644261 0.336456
v 0.000000 0.644261 0.333998
v 0.043114 0.706895 0.343781
v 0.043114 0.644261 0.343781
v 0.061947 0.706895 0.355618
v 0.061947 0.644261 0.355618
v 0.077677 0.706895 0.371348
v 0.077677 0.644261 0.371348
v 0.089514 0.706895 0.390182
v 0.089514 0.644261 0.390182
v 0.096839 0.706895 0.411185
v 0.096839 0.644261 0.411185
v 0.099297 0.706895 0.433295
v 0.099297 0.644261 0.433295
v 0.096839 0.706895 0.455405
v 0.096839 0.644261 0.455405
v 0.089514 0.706895 0.476409
v 0.089514 0.644261 0.476409
v 0.089514 2.009312 0.476408
v 0.077677 2.009312 0.495242
v 0.077677 0.706895 0.495242
v 0.061947 0.706895 0.510972
v 0.061947 0.644261 0.510972
v 0.077677 0.644261 0.495242
v 0.061947 2.009312 0.510972
v 0.043114 2.009312 0.522809
v 0.043114 0.706895 0.522809
v 0.022110 0.706895 0.530134
v 0.022110 0.644261 0.530134
v 0.043114 0.644261 0.522809
v 0.022110 2.009312 0.530134
v 0.000000 2.009312 0.532592
v 0.022110 0.326194 0.530134
v 0.000000 0.326194 0.532592
v 0.000000 0.307328 0.551575
v 0.026312 0.307328 0.548650
v 0.043114 0.326194 0.522809
v 0.022110 0.326194 0.530134
v 0.026312 0.307328 0.548650
v 0.051344 0.307328 0.539920
v 0.061947 0.326194 0.510972
v 0.073786 0.307328 0.525815
v 0.077677 0.326194 0.495243
v 0.092520 0.307328 0.507081
v 0.089514 0.326194 0.476409
v 0.106625 0.307328 0.484639
v 0.096839 0.326194 0.455405
v 0.115354 0.307328 0.459607
v 0.099297 0.326194 0.433295
v 0.118280 0.307328 0.433295
v 0.096839 0.326194 0.411185
v 0.115354 0.307328 0.406984
v 0.089514 0.326194 0.390182
v 0.106625 0.307328 0.381951
v 0.077677 0.326194 0.371348
v 0.092520 0.307328 0.359510
v 0.061947 0.326194 0.355619
v 0.073786 0.307328 0.340776
v 0.043114 0.326194 0.343781
v 0.051344 0.307328 0.326671
v 0.022110 0.326194 0.336456
v 0.026312 0.307328 0.317941
v 0.000000 0.326194 0.333998
v 0.000000 0.307328 0.315015
v -0.022110 0.326194 0.336456
v -0.026312 0.307328 0.317941
v -0.043114 0.326194 0.343781
v -0.051344 0.307328 0.326671
v -0.061947 0.326194 0.355619
v -0.073786 0.307328 0.340776
v -0.077677 0.326194 0.371348
v -0.092520 0.307328 0.359510
v -0.089514 0.326194 0.390182
v -0.106625 0.307328 0.381951
v -0.096839 0.326194 0.411185
v -0.115354 0.307328 0.406984
v -0.099297 0.326194 0.433295
v -0.118280 0.307328 0.433295
v -0.096839 0.326194 0.455405
v -0.115354 0.307328 0.459607
v -0.089514 0.326194 0.476409
v -0.106625 0.307328 0.484639
v -0.077677 0.326194 0.495243
v -0.092520 0.307328 0.507081
v -0.061947 0.326194 0.510972
v -0.073786 0.307328 0.525815
v -0.043114 0.326194 0.522809
v -0.051344 0.307328 0.539920
v -0.022110 0.326194 0.530134
v -0.026312 0.307328 0.548650
v 0.000000 0.278532 0.634499
v 0.044666 0.278532 0.629533
v 0.038253 0.307328 0.601273
v 0.000000 0.307328 0.605526
v 0.087298 0.278532 0.614666
v 0.074735 0.307328 0.588550
v 0.125500 0.278532 0.590655
v 0.107431 0.307328 0.568000
v 0.157359 0.278532 0.558795
v 0.134705 0.307328 0.540726
v 0.181370 0.278532 0.520593
v 0.155254 0.307328 0.508031
v 0.196238 0.278532 0.477961
v 0.167978 0.307328 0.471548
v 0.201204 0.278532 0.433295
v 0.172230 0.307328 0.433295
v 0.196238 0.278532 0.388629
v 0.167978 0.307328 0.395042
v 0.181370 0.278532 0.345998
v 0.155254 0.307328 0.358560
v 0.157359 0.278532 0.307795
v 0.134705 0.307328 0.325864
v 0.125500 0.278532 0.275936
v 0.107431 0.307328 0.298591
v 0.087298 0.278532 0.251925
v 0.074735 0.307328 0.278041
v 0.044666 0.278532 0.237057
v 0.038253 0.307328 0.265318
v 0.000000 0.278532 0.232091
v 0.000000 0.307328 0.261065
v 0.000000 0.278532 0.232091
v -0.044666 0.278532 0.237057
v -0.038253 0.307328 0.265318
v 0.000000 0.307328 0.261065
v -0.087298 0.278532 0.251925
v -0.074735 0.307328 0.278041
v -0.125500 0.278532 0.275936
v -0.107431 0.307328 0.298591
v -0.157359 0.278532 0.307795
v -0.134705 0.307328 0.325864
v -0.181370 0.278532 0.345998
v -0.155254 0.307328 0.358560
v -0.196238 0.278532 0.388629
v -0.167978 0.307328 0.395042
v -0.201204 0.278532 0.433295
v -0.172230 0.307328 0.433295
v -0.196238 0.278532 0.477961
v -0.167978 0.307328 0.471548
v -0.181370 0.278532 0.520593
v -0.155254 0.307328 0.508031
v -0.157359 0.278532 0.558795
v -0.134705 0.307328 0.540726
v -0.125500 0.278532 0.590655
v -0.107431 0.307328 0.568000
v -0.087298 0.278532 0.614666
v -0.074735 0.307328 0.588550
v -0.044666 0.278532 0.629533
v -0.038253 0.307328 0.601273
v 0.022110 0.644261 0.530134
v 0.000000 0.644261 0.532592
v 0.000000 0.632345 0.520603
v 0.019457 0.632345 0.518440
v 0.043114 0.644261 0.522809
v 0.022110 0.644261 0.530134
v 0.019457 0.632345 0.518440
v 0.037915 0.632345 0.512003
v 0.061947 0.644261 0.510972
v 0.054470 0.632345 0.501597
v 0.077677 0.644261 0.495242
v 0.068302 0.632345 0.487766
v 0.089514 0.644261 0.476409
v 0.078707 0.632345 0.471211
v 0.096839 0.644261 0.455405
v 0.085145 0.632345 0.452752
v 0.099297 0.644261 0.433295
v 0.087308 0.632345 0.433295
v 0.096839 0.644261 0.411185
v 0.085145 0.632345 0.413839
v 0.089514 0.644261 0.390182
v 0.078707 0.632345 0.395380
v 0.077677 0.644261 0.371348
v 0.068302 0.632345 0.378825
v 0.061947 0.644261 0.355618
v 0.054470 0.632345 0.364993
v 0.043114 0.644261 0.343781
v 0.037915 0.632345 0.354588
v 0.022110 0.644261 0.336456
v 0.019457 0.632345 0.348150
v 0.000000 0.644261 0.333998
v 0.000000 0.632345 0.345987
v -0.022110 0.644261 0.336456
v -0.019457 0.632345 0.348150
v -0.043114 0.644261 0.343781
v -0.037915 0.632345 0.354588
v -0.061947 0.644261 0.355618
v -0.054470 0.632345 0.364993
v -0.077677 0.644261 0.371348
v -0.068302 0.632345 0.378825
v -0.089514 0.644261 0.390182
v -0.078707 0.632345 0.395380
v -0.096839 0.644261 0.411185
v -0.085145 0.632345 0.413839
v -0.099297 0.644261 0.433295
v -0.087308 0.632345 0.433295
v -0.096839 0.644261 0.455405
v -0.085145 0.632345 0.452752
v -0.089514 0.644261 0.476409
v -0.078707 0.632345 0.471211
v -0.077677 0.644261 0.495242
v -0.068302 0.632345 0.487766
v -0.061947 0.644261 0.510972
v -0.054470 0.632345 0.501597
v -0.043114 0.644261 0.522809
v -0.037915 0.632345 0.512003
v -0.022110 0.644261 0.530134
v -0.019457 0.632345 0.518440
v 0.000000 0.608712 0.532592
v 0.022110 0.608712 0.530134
v 0.019457 0.620628 0.518440
v 0.000000 0.620628 0.520603
v 0.043114 0.608712 0.522809
v 0.037915 0.620628 0.512003
v 0.061947 0.608712 0.510972
v 0.054470 0.620628 0.501597
v 0.077677 0.608712 0.495242
v 0.068302 0.620628 0.487766
v 0.089514 0.608712 0.476409
v 0.078707 0.620628 0.471211
v 0.096839 0.608712 0.455405
v 0.085145 0.620628 0.452752
v 0.099297 0.608712 0.433295
v 0.087308 0.620628 0.433295
v 0.096839 0.608712 0.411185
v 0.085145 0.620628 0.413839
v 0.089514 0.608712 0.390182
v 0.078707 0.620628 0.395380
v 0.077677 0.608712 0.371348
v 0.068302 0.620628 0.378825
v 0.061947 0.608712 0.355618
v 0.054470 0.620628 0.364993
v 0.043114 0.608712 0.343781
v 0.037915 0.620628 0.354588
v 0.022110 0.608712 0.336456
v 0.019457 0.620628 0.348150
v 0.000000 0.608712 0.333998
v 0.000000 0.620628 0.345987
v -0.022110 0.608712 0.336456
v -0.019457 0.620628 0.348150
v -0.043114 0.608712 0.343781
v -0.037915 0.620628 0.354588
v -0.061947 0.608712 0.355618
v -0.054470 0.620628 0.364993
v -0.077677 0.608712 0.371348
v -0.068302 0.620628 0.378825
v -0.089514 0.608712 0.390182
v -0.078707 0.620628 0.395380
v -0.096839 0.608712 0.411185
v -0.085145 0.620628 0.413839
v -0.099297 0.608712 0.433295
v -0.087308 0.620628 0.433295
v -0.096839 0.608712 0.455405
v -0.085145 0.620628 0.452752
v -0.089514 0.608712 0.476409
v -0.078707 0.620628 0.471211
v -0.077677 0.608712 0.495242
v -0.068302 0.620628 0.487766
v -0.061947 0.608712 0.510972
v -0.054470 0.620628 0.501597
v -0.043114 0.608712 0.522809
v -0.037915 0.620628 0.512003
v -0.022110 0.608712 0.530134
v -0.019457 0.620628 0.518440
v 0.000000 0.608712 0.532592
v 0.000000 0.620628 0.520603
v 0.000000 0.620628 0.515108
v 0.000000 0.620628 0.520603
v 0.019457 0.620628 0.518440
v 0.018240 0.620628 0.513080
v 0.018240 0.632345 0.513080
v 0.019457 0.632345 0.518440
v 0.000000 0.632345 0.520603
v 0.000000 0.632345 0.515108
v 0.037915 0.620628 0.512003
v 0.035533 0.620628 0.507050
v 0.035533 0.632345 0.507050
v 0.037915 0.632345 0.512003
v 0.019457 0.632345 0.518440
v 0.018240 0.632345 0.513080
v 0.054470 0.620628 0.501597
v 0.051044 0.620628 0.497301
v 0.051044 0.632345 0.497301
v 0.054470 0.632345 0.501597
v 0.068302 0.620628 0.487766
v 0.064006 0.620628 0.484339
v 0.064006 0.632345 0.484339
v 0.068302 0.632345 0.487766
v 0.078707 0.620628 0.471211
v 0.073754 0.620628 0.468828
v 0.073754 0.632345 0.468828
v 0.078707 0.632345 0.471211
v 0.085145 0.620628 0.452752
v 0.079785 0.620628 0.451535
v 0.079785 0.632345 0.451535
v 0.085145 0.632345 0.452752
v 0.087308 0.620628 0.433295
v 0.081813 0.620628 0.433295
v 0.081813 0.632345 0.433295
v 0.087308 0.632345 0.433295
v 0.085145 0.620628 0.413839
v 0.079785 0.620628 0.415055
v 0.079785 0.632345 0.415055
v 0.085145 0.632345 0.413839
v 0.078707 0.620628 0.395380
v 0.073754 0.620628 0.397762
v 0.073754 0.632345 0.397762
v 0.078707 0.632345 0.395380
v 0.068302 0.620628 0.378825
v 0.064006 0.620628 0.382252
v 0.064006 0.632345 0.382252
v 0.068302 0.632345 0.378825
v 0.054470 0.620628 0.364993
v 0.051044 0.620628 0.369289
v 0.051044 0.632345 0.369289
v 0.054470 0.632345 0.364993
v 0.037915 0.620628 0.354588
v 0.035533 0.620628 0.359541
v 0.035533 0.632345 0.359541
v 0.037915 0.632345 0.354588
v 0.019457 0.620628 0.348150
v 0.018240 0.620628 0.353510
v 0.018240 0.632345 0.353510
v 0.019457 0.632345 0.348150
v 0.000000 0.620628 0.345987
v 0.000000 0.620628 0.351482
v 0.000000 0.632345 0.351482
v 0.000000 0.632345 0.345987
v -0.019457 0.620628 0.348150
v -0.018240 0.620628 0.353510
v -0.018240 0.632345 0.353510
v -0.019457 0.632345 0.348150
v -0.037915 0.620628 0.354588
v -0.035533 0.620628 0.359541
v -0.035533 0.632345 0.359541
v -0.037915 0.632345 0.354588
v -0.054470 0.620628 0.364993
v -0.051044 0.620628 0.369289
v -0.051044 0.632345 0.369289
v -0.054470 0.632345 0.364993
v -0.068302 0.620628 0.378825
v -0.064006 0.620628 0.382252
v -0.064006 0.632345 0.382252
v -0.068302 0.632345 0.378825
v -0.078707 0.620628 0.395380
v -0.073754 0.620628 0.397762
v -0.073754 0.632345 0.397762
v -0.078707 0.632345 0.395380
v -0.085145 0.620628 0.413839
v -0.079785 0.620628 0.415055
v -0.079785 0.632345 0.415055
v -0.085145 0.632345 0.413839
v -0.087308 0.620628 0.433295
v -0.081813 0.620628 0.433295
v -0.081813 0.632345 0.433295
v -0.087308 0.632345 0.433295
v -0.085145 0.620628 0.452752
v -0.079785 0.620628 0.451535
v -0.079785 0.632345 0.451535
v -0.085145 0.632345 0.452752
v -0.078707 0.620628 0.471211
v -0.073754 0.620628 0.468828
v -0.073754 0.632345 0.468828
v -0.078707 0.632345 0.471211
v -0.068302 0.620628 0.487766
v -0.064006 0.620628 0.484339
v -0.064006 0.632345 0.484339
v -0.068302 0.632345 0.487766
v -0.054470 0.620628 0.501597
v -0.051044 0.620628 0.497301
v -0.051044 0.632345 0.497301
v -0.054470 0.632345 0.501597
v -0.037915 0.620628 0.512003
v -0.035533 0.620628 0.507050
v -0.035533 0.632345 0.507050
v -0.037915 0.632345 0.512003
v -0.019457 0.620628 0.518440
v -0.018240 0.620628 0.513080
v -0.018240 0.632345 0.513080
v -0.019457 0.632345 0.518440
v 0.000000 0.620628 0.520603
v 0.000000 0.620628 0.515108
v 0.000000 0.620628 0.515108
v 0.018240 0.620628 0.513080
v 0.018240 0.632345 0.513080
v 0.000000 0.632345 0.515108
v 0.035533 0.620628 0.507050
v 0.035533 0.632345 0.507050
v 0.051044 0.620628 0.497301
v 0.051044 0.632345 0.497301
v 0.064006 0.620628 0.484339
v 0.064006 0.632345 0.484339
v 0.073754 0.620628 0.468828
v 0.073754 0.632345 0.468828
v 0.079785 0.620628 0.451535
v 0.079785 0.632345 0.451535
v 0.081813 0.620628 0.433295
v 0.081813 0.632345 0.433295
v 0.079785 0.620628 0.415055
v 0.079785 0.632345 0.415055
v 0.073754 0.620628 0.397762
v 0.073754 0.632345 0.397762
v 0.064006 0.620628 0.382252
v 0.064006 0.632345 0.382252
v 0.051044 0.620628 0.369289
v 0.051044 0.632345 0.369289
v 0.035533 0.620628 0.359541
v 0.035533 0.632345 0.359541
v 0.018240 0.620628 0.353510
v 0.018240 0.632345 0.353510
v 0.000000 0.620628 0.351482
v 0.000000 0.632345 0.351482
v -0.018240 0.620628 0.353510
v -0.018240 0.632345 0.353510
v -0.035533 0.620628 0.359541
v -0.035533 0.632345 0.359541
v -0.051044 0.620628 0.369289
v -0.051044 0.632345 0.369289
v -0.064006 0.620628 0.382252
v -0.064006 0.632345 0.382252
v -0.073754 0.620628 0.397762
v -0.073754 0.632345 0.397762
v -0.079785 0.620628 0.415055
v -0.079785 0.632345 0.415055
v -0.081813 0.620628 0.433295
v -0.081813 0.632345 0.433295
v -0.079785 0.620628 0.451535
v -0.079785 0.632345 0.451535
v -0.073754 0.620628 0.468828
v -0.073754 0.632345 0.468828
v -0.064006 0.620628 0.484339
v -0.064006 0.632345 0.484339
v -0.051044 0.620628 0.497301
v -0.051044 0.632345 0.497301
v -0.035533 0.620628 0.507050
v -0.035533 0.632345 0.507050
v -0.018240 0.620628 0.513080
v -0.018240 0.632345 0.513080
v 0.000000 0.620628 0.515108
v 0.000000 0.632345 0.515108
v -0.089514 2.009312 0.476408
v -0.096839 2.009312 0.455405
v -0.099297 2.009312 0.433295
v -0.096839 2.009312 0.411185
v -0.089514 2.009312 0.390181
v -0.077677 2.009312 0.371348
v -0.061947 2.009312 0.355618
v -0.043114 2.009312 0.343781
v -0.022110 2.009312 0.336456
v 0.000000 2.009312 0.333998
v 0.000000 2.009312 0.333998
v 0.022110 2.009312 0.336456
v 0.043114 2.009312 0.343781
v 0.061947 2.009312 0.355618
v 0.077677 2.009312 0.371348
v 0.089514 2.009312 0.390181
v 0.096839 2.009312 0.411185
v 0.099297 2.009312 0.433295
v 0.096839 2.009312 0.455405
v 0.022110 4.673544 -0.310788
v 0.000000 4.672504 -0.308550
v 0.000000 4.661702 -0.342970
v 0.016671 4.662482 -0.344659
v 0.043114 4.676641 -0.317459
v 0.022110 4.673544 -0.310788
v 0.016671 4.662482 -0.344659
v 0.032465 4.664804 -0.349680
v 0.061947 4.681644 -0.328241
v 0.046643 4.668558 -0.357804
v 0.077677 4.688286 -0.342571
v 0.058507 4.673555 -0.368619
v 0.089514 4.696232 -0.359733
v 0.067434 4.679535 -0.381570
v 0.096839 4.705083 -0.378878
v 0.072960 4.686204 -0.396018
v 0.099297 4.714388 -0.399039
v 0.074821 4.693245 -0.411281
v 0.096839 4.723682 -0.419207
v 0.072960 4.700284 -0.426547
v 0.089514 4.732500 -0.438372
v 0.067434 4.706944 -0.441000
v 0.077677 4.740397 -0.455562
v 0.058506 4.712912 -0.453958
v 0.061947 4.746986 -0.469923
v 0.046642 4.717895 -0.464782
v 0.043114 4.751941 -0.480732
v 0.032464 4.721636 -0.472913
v 0.022110 4.755005 -0.487422
v 0.016670 4.723948 -0.477939
v 0.000000 4.756033 -0.489668
v 0.000000 4.724727 -0.479630
v -0.022110 4.755005 -0.487422
v -0.016670 4.723948 -0.477939
v -0.043114 4.751941 -0.480732
v -0.032464 4.721636 -0.472913
v -0.061947 4.746986 -0.469923
v -0.046642 4.717895 -0.464782
v -0.077677 4.740397 -0.455562
v -0.058506 4.712912 -0.453958
v -0.089514 4.732500 -0.438372
v -0.067434 4.706944 -0.441000
v -0.096839 4.723682 -0.419207
v -0.072960 4.700284 -0.426547
v -0.099297 4.714388 -0.399039
v -0.074821 4.693245 -0.411281
v -0.096839 4.705083 -0.378878
v -0.072960 4.686204 -0.396018
v -0.089514 4.696232 -0.359733
v -0.067434 4.679535 -0.381570
v -0.077677 4.688286 -0.342571
v -0.058507 4.673555 -0.368619
v -0.061947 4.681644 -0.328241
v -0.046643 4.668558 -0.357804
v -0.043114 4.676641 -0.317459
v -0.032465 4.664804 -0.349680
v -0.022110 4.673544 -0.310788
v -0.016671 4.662482 -0.344659
v 0.000000 4.612885 -0.336045
v 0.022110 4.613913 -0.338289
v 0.016671 4.646856 -0.351866
v 0.000000 4.646079 -0.350175
v 0.043114 4.616976 -0.344976
v 0.032465 4.649168 -0.356891
v 0.061947 4.621929 -0.355781
v 0.046643 4.652910 -0.365021
v 0.077677 4.628516 -0.370136
v 0.058507 4.657892 -0.375843
v 0.089514 4.636410 -0.387322
v 0.067434 4.663859 -0.388799
v 0.096839 4.645226 -0.406483
v 0.072960 4.670519 -0.403252
v 0.099297 4.654519 -0.426650
v 0.074821 4.677557 -0.418517
v 0.096839 4.663825 -0.446813
v 0.072960 4.684598 -0.433781
v 0.089514 4.672677 -0.465961
v 0.067434 4.691267 -0.448230
v 0.077677 4.680624 -0.483128
v 0.058506 4.697249 -0.461182
v 0.061947 4.687269 -0.497463
v 0.046642 4.702246 -0.471999
v 0.043114 4.692275 -0.508250
v 0.032464 4.706001 -0.480124
v 0.022110 4.695374 -0.514923
v 0.016670 4.708323 -0.485145
v 0.000000 4.696414 -0.517163
v 0.000000 4.709104 -0.486835
v -0.022110 4.695374 -0.514923
v -0.016670 4.708323 -0.485145
v -0.043114 4.692275 -0.508250
v -0.032464 4.706001 -0.480124
v -0.061947 4.687269 -0.497463
v -0.046642 4.702246 -0.471999
v -0.077677 4.680624 -0.483128
v -0.058506 4.697249 -0.461182
v -0.089514 4.672677 -0.465961
v -0.067434 4.691267 -0.448230
v -0.096839 4.663825 -0.446813
v -0.072960 4.684598 -0.433781
v -0.099297 4.654519 -0.426650
v -0.074821 4.677557 -0.418517
v -0.096839 4.645226 -0.406483
v -0.072960 4.670519 -0.403252
v -0.089514 4.636410 -0.387322
v -0.067434 4.663859 -0.388799
v -0.077677 4.628516 -0.370136
v -0.058507 4.657892 -0.375843
v -0.061947 4.621929 -0.355781
v -0.046643 4.652910 -0.365021
v -0.043114 4.616976 -0.344976
v -0.032465 4.649168 -0.356891
v -0.022110 4.613913 -0.338289
v -0.016671 4.646856 -0.351866
v 0.000000 4.612885 -0.336045
v 0.000000 4.646079 -0.350175
v 0.000000 4.646706 -0.351536
v 0.000000 4.646079 -0.350175
v 0.016671 4.646856 -0.351866
v 0.016338 4.647469 -0.353193
v 0.016338 4.663095 -0.345986
v 0.016671 4.662482 -0.344659
v 0.000000 4.661702 -0.342970
v 0.000000 4.662329 -0.344330
v 0.032465 4.649168 -0.356891
v 0.031813 4.649734 -0.358116
v 0.031813 4.665369 -0.350906
v 0.032465 4.664804 -0.349680
v 0.016671 4.662482 -0.344659
v 0.016338 4.663095 -0.345986
v 0.046643 4.652910 -0.365021
v 0.045706 4.653399 -0.366083
v 0.045706 4.669048 -0.358866
v 0.046643 4.668558 -0.357804
v 0.058507 4.657892 -0.375843
v 0.057333 4.658282 -0.376689
v 0.057333 4.673945 -0.369466
v 0.058507 4.673555 -0.368619
v 0.067434 4.663859 -0.388799
v 0.066082 4.664130 -0.389387
v 0.066082 4.679807 -0.382158
v 0.067434 4.679535 -0.381570
v 0.072960 4.670519 -0.403252
v 0.071498 4.670657 -0.403552
v 0.071498 4.686343 -0.396318
v 0.072960 4.686204 -0.396018
v 0.074821 4.677557 -0.418517
v 0.073322 4.677557 -0.418517
v 0.073322 4.693245 -0.411281
v 0.074821 4.693245 -0.411281
v 0.072960 4.684598 -0.433781
v 0.071498 4.684460 -0.433481
v 0.071498 4.700145 -0.426247
v 0.072960 4.700284 -0.426547
v 0.067434 4.691267 -0.448230
v 0.066082 4.690997 -0.447642
v 0.066082 4.706673 -0.440412
v 0.067434 4.706944 -0.441000
v 0.058506 4.697249 -0.461182
v 0.057332 4.696858 -0.460336
v 0.057332 4.712522 -0.453112
v 0.058506 4.712912 -0.453958
v 0.046642 4.702246 -0.471999
v 0.045705 4.701756 -0.470936
v 0.045705 4.717405 -0.463720
v 0.046642 4.717895 -0.464782
v 0.032464 4.706001 -0.480124
v 0.031812 4.705436 -0.478898
v 0.031812 4.721071 -0.471687
v 0.032464 4.721636 -0.472913
v 0.016670 4.708323 -0.485145
v 0.016337 4.707711 -0.483818
v 0.016337 4.723337 -0.476611
v 0.016670 4.723948 -0.477939
v 0.000000 4.709104 -0.486835
v 0.000000 4.708476 -0.485474
v 0.000000 4.724099 -0.478269
v 0.000000 4.724727 -0.479630
v -0.016670 4.708323 -0.485145
v -0.016337 4.707711 -0.483818
v -0.016337 4.723337 -0.476611
v -0.016670 4.723948 -0.477939
v -0.032464 4.706001 -0.480124
v -0.031812 4.705436 -0.478898
v -0.031812 4.721071 -0.471687
v -0.032464 4.721636 -0.472913
v -0.046642 4.702246 -0.471999
v -0.045705 4.701756 -0.470936
v -0.045705 4.717405 -0.463720
v -0.046642 4.717895 -0.464782
v -0.058506 4.697249 -0.461182
v -0.057332 4.696858 -0.460336
v -0.057332 4.712522 -0.453112
v -0.058506 4.712912 -0.453958
v -0.067434 4.691267 -0.448230
v -0.066082 4.690997 -0.447642
v -0.066082 4.706673 -0.440412
v -0.067434 4.706944 -0.441000
v -0.072960 4.684598 -0.433781
v -0.071498 4.684460 -0.433481
v -0.071498 4.700145 -0.426247
v -0.072960 4.700284 -0.426547
v -0.074821 4.677557 -0.418517
v -0.073322 4.677557 -0.418517
v -0.073322 4.693245 -0.411281
v -0.074821 4.693245 -0.411281
v -0.072960 4.670519 -0.403252
v -0.071498 4.670657 -0.403552
v -0.071498 4.686343 -0.396318
v -0.072960 4.686204 -0.396018
v -0.067434 4.663859 -0.388799
v -0.066082 4.664130 -0.389387
v -0.066082 4.679807 -0.382158
v -0.067434 4.679535 -0.381570
v -0.058507 4.657892 -0.375843
v -0.057333 4.658282 -0.376689
v -0.057333 4.673945 -0.369466
v -0.058507 4.673555 -0.368619
v -0.046643 4.652910 -0.365021
v -0.045706 4.653399 -0.366083
v -0.045706 4.669048 -0.358866
v -0.046643 4.668558 -0.357804
v -0.032465 4.649168 -0.356891
v -0.031813 4.649734 -0.358116
v -0.031813 4.665369 -0.350906
v -0.032465 4.664804 -0.349680
v -0.016671 4.646856 -0.351866
v -0.016338 4.647469 -0.353193
v -0.016338 4.663095 -0.345986
v -0.016671 4.662482 -0.344659
v 0.000000 4.646079 -0.350175
v 0.000000 4.646706 -0.351536
v 0.000000 2.739406 0.532592
v -0.022110 2.739406 0.530134
v -0.043114 2.739406 0.522809
v -0.061947 2.739406 0.510972
v -0.077677 2.739406 0.495242
v -0.089514 2.739406 0.476408
v -0.096839 2.739406 0.455405
v -0.099297 2.739406 0.433295
v -0.096839 2.739406 0.411185
v -0.089514 2.739406 0.390181
v -0.077677 2.739406 0.371348
v -0.061947 2.739406 0.355618
v -0.043114 2.739406 0.343781
v -0.022110 2.739406 0.336456
v 0.000000 2.739406 0.333998
v 0.000000 2.739406 0.333998
v 0.022110 2.739406 0.336456
v 0.043114 2.739406 0.343781
v 0.061947 2.739406 0.355618
v 0.077677 2.739406 0.371348
v 0.089514 2.739406 0.390181
v 0.096839 2.739406 0.411185
v 0.099297 2.739406 0.433295
v 0.096839 2.739406 0.455405
v 0.089514 2.739406 0.476408
v 0.077677 2.739406 0.495242
v 0.061947 2.739406 0.510972
v 0.043114 2.739406 0.522809
v 0.022110 2.739406 0.530134
v 0.000000 4.646706 -0.351536
v 0.016338 4.647469 -0.353193
v 0.016338 4.663095 -0.345986
v 0.000000 4.662329 -0.344330
v 0.031813 4.649734 -0.358116
v 0.031813 4.665369 -0.350906
v 0.045706 4.653399 -0.366083
v 0.045706 4.669048 -0.358866
v 0.057333 4.658282 -0.376689
v 0.057333 4.673945 -0.369466
v 0.066082 4.664130 -0.389387
v 0.066082 4.679807 -0.382158
v 0.071498 4.670657 -0.403552
v 0.071498 4.686343 -0.396318
v 0.073322 4.677557 -0.418517
v 0.073322 4.693245 -0.411281
v 0.071498 4.684460 -0.433481
v 0.071498 4.700145 -0.426247
v 0.066082 4.690997 -0.447642
v 0.066082 4.706673 -0.440412
v 0.057332 4.696858 -0.460336
v 0.057332 4.712522 -0.453112
v 0.045705 4.701756 -0.470936
v 0.045705 4.717405 -0.463720
v 0.031812 4.705436 -0.478898
v 0.031812 4.721071 -0.471687
v 0.016337 4.707711 -0.483818
v 0.016337 4.723337 -0.476611
v 0.000000 4.708476 -0.485474
v 0.000000 4.724099 -0.478269
v -0.016337 4.707711 -0.483818
v -0.016337 4.723337 -0.476611
v -0.031812 4.705436 -0.478898
v -0.031812 4.721071 -0.471687
v -0.045705 4.701756 -0.470936
v -0.045705 4.717405 -0.463720
v -0.057332 4.696858 -0.460336
v -0.057332 4.712522 -0.453112
v -0.066082 4.690997 -0.447642
v -0.066082 4.706673 -0.440412
v -0.071498 4.684460 -0.433481
v -0.071498 4.700145 -0.426247
v -0.073322 4.677557 -0.418517
v -0.073322 4.693245 -0.411281
v -0.071498 4.670657 -0.403552
v -0.071498 4.686343 -0.396318
v -0.066082 4.664130 -0.389387
v -0.066082 4.679807 -0.382158
v -0.057333 4.658282 -0.376689
v -0.057333 4.673945 -0.369466
v -0.045706 4.653399 -0.366083
v -0.045706 4.669048 -0.358866
v -0.031813 4.649734 -0.358116
v -0.031813 4.665369 -0.350906
v -0.016338 4.647469 -0.353193
v -0.016338 4.663095 -0.345986
v 0.000000 4.646706 -0.351536
v 0.000000 4.662329 -0.344330
v 0.021975 2.765420 0.529539
v 0.022110 2.768600 0.530134
v 0.000000 2.768600 0.532592
v 0.000000 2.765420 0.531982
v 0.021547 2.762491 0.527651
v 0.000000 2.762491 0.530046
v 0.042849 2.765420 0.522259
v 0.043114 2.768600 0.522809
v 0.042010 2.762491 0.520514
v 0.061567 2.765420 0.510494
v 0.061947 2.768600 0.510972
v 0.060360 2.762491 0.508981
v 0.077200 2.765420 0.494862
v 0.077677 2.768600 0.495242
v 0.075686 2.762491 0.493654
v 0.088964 2.765420 0.476144
v 0.089514 2.768600 0.476408
v 0.087219 2.762491 0.475305
v 0.096244 2.765420 0.455270
v 0.096839 2.768600 0.455405
v 0.094356 2.762491 0.454842
v 0.098687 2.765420 0.433295
v 0.099297 2.768600 0.433295
v 0.096751 2.762491 0.433295
v 0.096244 2.765420 0.411320
v 0.096839 2.768600 0.411185
v 0.094356 2.762491 0.411748
v 0.088964 2.765420 0.390446
v 0.089514 2.768600 0.390181
v 0.087219 2.762491 0.391285
v 0.077200 2.765420 0.371728
v 0.077677 2.768600 0.371348
v 0.075686 2.762491 0.372935
v 0.061567 2.765420 0.356095
v 0.061947 2.768600 0.355618
v 0.060360 2.762491 0.357609
v 0.042849 2.765420 0.344331
v 0.043114 2.768600 0.343781
v 0.042010 2.762491 0.346076
v 0.021975 2.765420 0.337051
v 0.022110 2.768600 0.336456
v 0.021547 2.762491 0.338939
v 0.000000 2.765420 0.334608
v 0.000000 2.768600 0.333998
v 0.000000 2.762491 0.336544
v -0.021975 2.765420 0.337051
v -0.022110 2.768600 0.336456
v 0.000000 2.768600 0.333998
v 0.000000 2.765420 0.334608
v -0.021547 2.762491 0.338939
v 0.000000 2.762491 0.336544
v -0.042849 2.765420 0.344331
v -0.043114 2.768600 0.343781
v -0.042010 2.762491 0.346076
v -0.061567 2.765420 0.356095
v -0.061947 2.768600 0.355618
v -0.060360 2.762491 0.357609
v -0.077200 2.765420 0.371728
v -0.077677 2.768600 0.371348
v -0.075686 2.762491 0.372935
v -0.088964 2.765420 0.390446
v -0.089514 2.768600 0.390181
v -0.087219 2.762491 0.391285
v -0.096244 2.765420 0.411320
v -0.096839 2.768600 0.411185
v -0.094356 2.762491 0.411748
v -0.098687 2.765420 0.433295
v -0.099297 2.768600 0.433295
v -0.096751 2.762491 0.433295
v -0.096244 2.765420 0.455270
v -0.096839 2.768600 0.455405
v -0.094356 2.762491 0.454842
v -0.088964 2.765420 0.476144
v -0.089514 2.768600 0.476408
v -0.087219 2.762491 0.475305
v -0.077200 2.765420 0.494862
v -0.077677 2.768600 0.495242
v -0.075686 2.762491 0.493654
v -0.061567 2.765420 0.510494
v -0.061947 2.768600 0.510972
v -0.060360 2.762491 0.508981
v -0.042849 2.765420 0.522259
v -0.043114 2.768600 0.522809
v -0.042010 2.762491 0.520514
v -0.021975 2.765420 0.529539
v -0.022110 2.768600 0.530134
v -0.021547 2.762491 0.527651
v 0.000000 2.742586 0.531982
v 0.000000 2.739406 0.532592
v 0.022110 2.739406 0.530134
v 0.021975 2.742586 0.529539
v 0.000000 2.745515 0.530046
v 0.021547 2.745515 0.527651
v 0.043114 2.739406 0.522809
v 0.042849 2.742586 0.522259
v 0.042010 2.745515 0.520514
v 0.061947 2.739406 0.510972
v 0.061567 2.742586 0.510494
v 0.060360 2.745515 0.508981
v 0.077677 2.739406 0.495242
v 0.077200 2.742586 0.494862
v 0.075686 2.745515 0.493654
v 0.089514 2.739406 0.476408
v 0.088964 2.742586 0.476144
v 0.087219 2.745515 0.475305
v 0.096839 2.739406 0.455405
v 0.096244 2.742586 0.455270
v 0.094356 2.745515 0.454842
v 0.099297 2.739406 0.433295
v 0.098687 2.742586 0.433295
v 0.096751 2.745515 0.433295
v 0.096839 2.739406 0.411185
v 0.096244 2.742586 0.411320
v 0.094356 2.745515 0.411748
v 0.089514 2.739406 0.390181
v 0.088964 2.742586 0.390446
v 0.087219 2.745515 0.391285
v 0.077677 2.739406 0.371348
v 0.077200 2.742586 0.371728
v 0.075686 2.745515 0.372935
v 0.061947 2.739406 0.355618
v 0.061567 2.742586 0.356095
v 0.060360 2.745515 0.357609
v 0.043114 2.739406 0.343781
v 0.042849 2.742586 0.344331
v 0.042010 2.745515 0.346076
v 0.022110 2.739406 0.336456
v 0.021975 2.742586 0.337051
v 0.021547 2.745515 0.338939
v 0.000000 2.739406 0.333998
v 0.000000 2.742586 0.334608
v 0.000000 2.745515 0.336544
v 0.000000 2.742586 0.334608
v 0.000000 2.739406 0.333998
v -0.022110 2.739406 0.336456
v -0.021975 2.742586 0.337051
v 0.000000 2.745515 0.336544
v -0.021547 2.745515 0.338939
v -0.043114 2.739406 0.343781
v -0.042849 2.742586 0.344331
v -0.042010 2.745515 0.346076
v -0.061947 2.739406 0.355618
v -0.061567 2.742586 0.356095
v -0.060360 2.745515 0.357609
v -0.077677 2.739406 0.371348
v -0.077200 2.742586 0.371728
v -0.075686 2.745515 0.372935
v -0.089514 2.739406 0.390181
v -0.088964 2.742586 0.390446
v -0.087219 2.745515 0.391285
v 0.000000 2.860431 0.532592
v -0.022110 2.860431 0.530134
v -0.022110 2.768600 0.530134
v 0.000000 2.768600 0.532592
v -0.043114 2.860431 0.522809
v -0.043114 2.768600 0.522809
v -0.061947 2.860431 0.510972
v -0.061947 2.768600 0.510972
v -0.077677 2.860431 0.495242
v -0.077677 2.768600 0.495242
v -0.089514 2.860431 0.476408
v -0.089514 2.768600 0.476408
v -0.096839 2.860431 0.455405
v -0.096839 2.768600 0.455405
v -0.099297 2.860431 0.433295
v -0.099297 2.768600 0.433295
v -0.096839 2.860431 0.411185
v -0.096839 2.768600 0.411185
v -0.089514 2.860431 0.390181
v -0.089514 2.768600 0.390181
v -0.077677 2.860431 0.371348
v -0.077677 2.768600 0.371348
v -0.061947 2.860431 0.355618
v -0.061947 2.768600 0.355618
v -0.043114 2.860431 0.343781
v -0.043114 2.768600 0.343781
v -0.022110 2.860431 0.336456
v -0.022110 2.768600 0.336456
v 0.000000 2.860431 0.333998
v 0.000000 2.768600 0.333998
v 0.000000 2.860431 0.333998
v 0.022110 2.860431 0.336456
v 0.022110 2.768600 0.336456
v 0.000000 2.768600 0.333998
v 0.043114 2.860431 0.343781
v 0.043114 2.768600 0.343781
v 0.061947 2.860431 0.355618
v 0.061947 2.768600 0.355618
v 0.077677 2.860431 0.371348
v 0.077677 2.768600 0.371348
v 0.089514 2.860431 0.390181
v 0.089514 2.768600 0.390181
v 0.096839 2.860431 0.411185
v 0.096839 2.768600 0.411185
v 0.099297 2.860431 0.433295
v 0.099297 2.768600 0.433295
v 0.096839 2.860431 0.455405
v 0.096839 2.768600 0.455405
v 0.089514 2.860431 0.476408
v 0.089514 2.768600 0.476408
v 0.077677 2.860431 0.495242
v 0.077677 2.768600 0.495242
v 0.061947 2.860431 0.510972
v 0.061947 2.768600 0.510972
v 0.043114 2.860431 0.522809
v 0.043114 2.768600 0.522809
v 0.022110 2.860431 0.530134
v 0.022110 2.768600 0.530134
v 0.000000 2.968132 0.532582
v -0.022110 2.968097 0.530124
v -0.043114 2.967992 0.522800
v -0.061947 2.967823 0.510964
v -0.077677 2.967597 0.495236
v -0.089514 2.967328 0.476404
v -0.096839 2.967027 0.455403
v -0.099297 2.966710 0.433295
v -0.096839 2.966393 0.411187
v -0.089514 2.966092 0.390186
v -0.077677 2.965822 0.371354
v -0.061947 2.965597 0.355626
v -0.043114 2.965428 0.343790
v -0.022110 2.965322 0.336466
v 0.000000 2.965287 0.334008
v 0.000000 2.965287 0.334008
v 0.022110 2.965322 0.336466
v 0.043114 2.965428 0.343790
v 0.061947 2.965597 0.355626
v 0.077677 2.965822 0.371354
v 0.089514 2.966092 0.390186
v 0.096839 2.966393 0.411187
v 0.099297 2.966710 0.433295
v 0.096839 2.967027 0.455403
v 0.089514 2.967328 0.476404
v 0.077677 2.967597 0.495236
v 0.061947 2.967823 0.510964
v 0.043114 2.967992 0.522800
v 0.022110 2.968097 0.530124
v 0.000000 3.084903 0.529245
v -0.022110 3.084600 0.526794
v -0.043114 3.083697 0.519492
v -0.061947 3.082238 0.507692
v -0.077677 3.080298 0.492012
v -0.089514 3.077976 0.473237
v -0.096839 3.075387 0.452299
v -0.099297 3.072660 0.430258
v -0.096839 3.069934 0.408217
v -0.089514 3.067344 0.387279
v -0.077677 3.065022 0.368504
v -0.061947 3.063083 0.352824
v -0.043114 3.061623 0.341024
v -0.022110 3.060720 0.333722
v 0.000000 3.060417 0.331271
v 0.000000 3.060417 0.331271
v 0.022110 3.060720 0.333722
v 0.043114 3.061623 0.341024
v 0.061947 3.063083 0.352824
v 0.077677 3.065022 0.368504
v 0.089514 3.067344 0.387279
v 0.096839 3.069934 0.408217
v 0.099297 3.072660 0.430258
v 0.096839 3.075387 0.452299
v 0.089514 3.077976 0.473237
v 0.077677 3.080298 0.492012
v 0.061947 3.082238 0.507692
v 0.043114 3.083697 0.519492
v 0.022110 3.084600 0.526794
v 0.000000 3.206382 0.502403
v -0.022110 3.205638 0.500050
v -0.043114 3.203421 0.493038
v -0.061947 3.199838 0.481707
v -0.077677 3.195077 0.466650
v -0.089514 3.189376 0.448622
v -0.096839 3.183018 0.428517
v -0.099297 3.176326 0.407352
v -0.096839 3.169634 0.386187
v -0.089514 3.163276 0.366082
v -0.077677 3.157575 0.348054
v -0.061947 3.152814 0.332997
v -0.043114 3.149231 0.321666
v -0.022110 3.147014 0.314654
v 0.000000 3.146270 0.312301
v 0.000000 3.146270 0.312301
v 0.022110 3.147014 0.314654
v 0.043114 3.149231 0.321666
v 0.061947 3.152814 0.332997
v 0.077677 3.157575 0.348054
v 0.089514 3.163276 0.366082
v 0.096839 3.169634 0.386187
v 0.099297 3.176326 0.407352
v 0.096839 3.183018 0.428517
v 0.089514 3.189376 0.448622
v 0.077677 3.195077 0.466650
v 0.061947 3.199838 0.481707
v 0.043114 3.203421 0.493038
v 0.022110 3.205638 0.500050
v 0.000000 3.318580 0.455619
v -0.022110 3.317485 0.453413
v -0.043114 3.314221 0.446837
v -0.061947 3.308947 0.436211
v -0.077677 3.301938 0.422092
v -0.089514 3.293546 0.405185
v -0.096839 3.284188 0.386331
v -0.099297 3.274336 0.366484
v -0.096839 3.264485 0.346637
v -0.089514 3.255126 0.327783
v -0.077677 3.246734 0.310876
v -0.061947 3.239726 0.296757
v -0.043114 3.234451 0.286131
v -0.022110 3.231188 0.279556
v 0.000000 3.230092 0.277349
v 0.000000 3.230092 0.277349
v 0.022110 3.231188 0.279556
v 0.043114 3.234451 0.286131
v 0.061947 3.239726 0.296757
v 0.077677 3.246734 0.310876
v 0.089514 3.255126 0.327783
v 0.096839 3.264485 0.346637
v 0.099297 3.274336 0.366484
v 0.096839 3.284188 0.386331
v 0.089514 3.293546 0.405185
v 0.077677 3.301938 0.422092
v 0.061947 3.308947 0.436211
v 0.043114 3.314221 0.446837
v 0.022110 3.317485 0.453413
v 0.000000 3.420139 0.396601
v -0.022110 3.418805 0.394533
v -0.043114 3.414831 0.388371
v -0.061947 3.408407 0.378413
v -0.077677 3.399872 0.365180
v -0.089514 3.389652 0.349336
v -0.096839 3.378254 0.331667
v -0.099297 3.366257 0.313067
v -0.096839 3.354259 0.294467
v -0.089514 3.342862 0.276798
v -0.077677 3.332642 0.260954
v -0.061947 3.324107 0.247721
v -0.043114 3.317683 0.237763
v -0.022110 3.313709 0.231601
v 0.000000 3.312375 0.229533
v 0.000000 3.312375 0.229533
v 0.022110 3.313709 0.231601
v 0.043114 3.317683 0.237763
v 0.061947 3.324107 0.247721
v 0.077677 3.332642 0.260954
v 0.089514 3.342862 0.276798
v 0.096839 3.354259 0.294467
v 0.099297 3.366257 0.313067
v 0.096839 3.378254 0.331667
v 0.089514 3.389652 0.349336
v 0.077677 3.399872 0.365180
v 0.061947 3.408407 0.378413
v 0.043114 3.414831 0.388371
v 0.022110 3.418805 0.394533
v 0.000000 3.513092 0.330273
v -0.022110 3.511601 0.328318
v -0.043114 3.507161 0.322493
v -0.061947 3.499985 0.313078
v -0.077677 3.490450 0.300568
v -0.089514 3.479033 0.285589
v -0.096839 3.466301 0.268885
v -0.099297 3.452898 0.251301
v -0.096839 3.439495 0.233716
v -0.089514 3.426763 0.217012
v -0.077677 3.415346 0.202033
v -0.061947 3.405811 0.189523
v -0.043114 3.398635 0.180109
v -0.022110 3.394195 0.174283
v 0.000000 3.392705 0.172328
v 0.000000 3.392705 0.172328
v 0.022110 3.394195 0.174283
v 0.043114 3.398635 0.180109
v 0.061947 3.405811 0.189523
v 0.077677 3.415346 0.202033
v 0.089514 3.426763 0.217012
v 0.096839 3.439495 0.233716
v 0.099297 3.452898 0.251301
v 0.096839 3.466301 0.268885
v 0.089514 3.479033 0.285589
v 0.077677 3.490450 0.300568
v 0.061947 3.499985 0.313078
v 0.043114 3.507161 0.322493
v 0.022110 3.511601 0.328318
v 0.000000 3.599625 0.259874
v -0.022110 3.598033 0.258001
v -0.043114 3.593291 0.252419
v -0.061947 3.585626 0.243397
v -0.077677 3.575442 0.231410
v -0.089514 3.563248 0.217057
v -0.096839 3.549650 0.201050
v -0.099297 3.535334 0.184200
v -0.096839 3.521019 0.167350
v -0.089514 3.507420 0.151343
v -0.077677 3.495226 0.136990
v -0.061947 3.485042 0.125003
v -0.043114 3.477377 0.115981
v -0.022110 3.472635 0.110399
v 0.000000 3.471043 0.108526
v 0.000000 3.471043 0.108526
v 0.022110 3.472635 0.110399
v 0.043114 3.477377 0.115981
v 0.061947 3.485042 0.125003
v 0.077677 3.495226 0.136990
v 0.089514 3.507420 0.151343
v 0.096839 3.521019 0.167350
v 0.099297 3.535334 0.184200
v 0.096839 3.549650 0.201050
v 0.089514 3.563248 0.217057
v 0.077677 3.575442 0.231410
v 0.061947 3.585626 0.243397
v 0.043114 3.593291 0.252419
v 0.022110 3.598033 0.258001
v 0.000000 3.681706 0.187130
v -0.022110 3.680053 0.185311
v -0.043114 3.675126 0.179891
v -0.061947 3.667164 0.171132
v -0.077677 3.656583 0.159493
v -0.089514 3.643915 0.145557
v -0.096839 3.629787 0.130015
v -0.099297 3.614915 0.113654
v -0.096839 3.600042 0.097294
v -0.089514 3.585914 0.081752
v -0.077677 3.573246 0.067816
v -0.061947 3.562665 0.056177
v -0.043114 3.554703 0.047418
v -0.022110 3.549776 0.041997
v 0.000000 3.548122 0.040178
v 0.000000 3.548122 0.040178
v 0.022110 3.549776 0.041997
v 0.043114 3.554703 0.047418
v 0.061947 3.562665 0.056177
v 0.077677 3.573246 0.067816
v 0.089514 3.585914 0.081752
v 0.096839 3.600042 0.097294
v 0.099297 3.614915 0.113654
v 0.096839 3.629787 0.130015
v 0.089514 3.643915 0.145557
v 0.077677 3.656583 0.159493
v 0.061947 3.667164 0.171132
v 0.043114 3.675126 0.179891
v 0.022110 3.680053 0.185311
v 0.000000 3.760809 0.113406
v -0.022110 3.759123 0.111617
v -0.043114 3.754101 0.106285
v -0.061947 3.745984 0.097669
v -0.077677 3.735199 0.086219
v -0.089514 3.722285 0.072510
v -0.096839 3.707883 0.057221
v -0.099297 3.692723 0.041127
v -0.096839 3.677562 0.025033
v -0.089514 3.663161 0.009745
v -0.077677 3.650247 -0.003964
v -0.061947 3.639462 -0.015414
v -0.043114 3.631345 -0.024030
v -0.022110 3.626323 -0.029362
v 0.000000 3.624637 -0.031151
v 0.000000 3.624637 -0.031151
v 0.022110 3.626323 -0.029362
v 0.043114 3.631345 -0.024030
v 0.061947 3.639462 -0.015414
v 0.077677 3.650247 -0.003964
v 0.089514 3.663161 0.009745
v 0.096839 3.677562 0.025033
v 0.099297 3.692723 0.041127
v 0.096839 3.707883 0.057221
v 0.089514 3.722285 0.072510
v 0.077677 3.735199 0.086219
v 0.061947 3.745984 0.097669
v 0.043114 3.754101 0.106285
v 0.022110 3.759123 0.111617
v 0.000000 3.838129 0.039802
v -0.022110 3.836437 0.038019
v -0.043114 3.831394 0.032706
v -0.061947 3.823245 0.024121
v -0.077677 3.812416 0.012712
v -0.089514 3.799450 -0.000948
v -0.096839 3.784991 -0.016181
v -0.099297 3.769770 -0.032218
v -0.096839 3.754548 -0.048254
v -0.089514 3.740088 -0.063488
v -0.077677 3.727123 -0.077148
v -0.061947 3.716294 -0.088557
v -0.043114 3.708145 -0.097142
v -0.022110 3.703102 -0.102455
v 0.000000 3.701410 -0.104238
v 0.000000 3.701410 -0.104238
v 0.022110 3.703102 -0.102455
v 0.043114 3.708145 -0.097142
v 0.061947 3.716294 -0.088557
v 0.077677 3.727123 -0.077148
v 0.089514 3.740088 -0.063488
v 0.096839 3.754548 -0.048254
v 0.099297 3.769770 -0.032218
v 0.096839 3.784991 -0.016181
v 0.089514 3.799450 -0.000948
v 0.077677 3.812416 0.012712
v 0.061947 3.823245 0.024121
v 0.043114 3.831394 0.032706
v 0.022110 3.836437 0.038019
v 0.000000 3.914679 -0.032649
v -0.022110 3.913005 -0.034449
v -0.043114 3.908014 -0.039811
v -0.061947 3.899950 -0.048476
v -0.077677 3.889233 -0.059990
v -0.089514 3.876402 -0.073777
v -0.096839 3.862092 -0.089151
v -0.099297 3.847029 -0.105336
v -0.096839 3.831966 -0.121521
v -0.089514 3.817657 -0.136896
v -0.077677 3.804826 -0.150683
v -0.061947 3.794109 -0.162197
v -0.043114 3.786045 -0.170862
v -0.022110 3.781054 -0.176224
v 0.000000 3.779380 -0.178023
v 0.000000 3.779380 -0.178023
v 0.022110 3.781054 -0.176224
v 0.043114 3.786045 -0.170862
v 0.061947 3.794109 -0.162197
v 0.077677 3.804826 -0.150683
v 0.089514 3.817657 -0.136896
v 0.096839 3.831966 -0.121521
v 0.099297 3.847029 -0.105336
v 0.096839 3.862092 -0.089151
v 0.089514 3.876402 -0.073777
v 0.077677 3.889233 -0.059990
v 0.061947 3.899950 -0.048476
v 0.043114 3.908014 -0.039811
v 0.022110 3.913005 -0.034449
v 0.000000 3.991342 -0.102827
v -0.022110 3.989712 -0.104667
v -0.043114 3.984854 -0.110150
v -0.061947 3.977004 -0.119009
v -0.077677 3.966572 -0.130782
v -0.089514 3.954082 -0.144879
v -0.096839 3.940153 -0.160599
v -0.099297 3.925490 -0.177147
v -0.096839 3.910827 -0.193696
v -0.089514 3.896898 -0.209416
v -0.077677 3.884408 -0.223512
v -0.061947 3.873976 -0.235285
v -0.043114 3.866126 -0.244145
v -0.022110 3.861268 -0.249627
v 0.000000 3.859638 -0.251467
v 0.000000 3.859638 -0.251467
v 0.022110 3.861268 -0.249627
v 0.043114 3.866126 -0.244145
v 0.061947 3.873976 -0.235285
v 0.077677 3.884408 -0.223512
v 0.089514 3.896898 -0.209416
v 0.096839 3.910827 -0.193696
v 0.099297 3.925490 -0.177147
v 0.096839 3.940153 -0.160599
v 0.089514 3.954082 -0.144879
v 0.077677 3.966572 -0.130782
v 0.061947 3.977004 -0.119009
v 0.043114 3.984854 -0.110150
v 0.022110 3.989712 -0.104667
v 0.000000 4.068888 -0.169364
v -0.022110 4.067336 -0.171271
v -0.043114 4.062711 -0.176951
v -0.061947 4.055238 -0.186131
v -0.077677 4.045307 -0.198329
v -0.089514 4.033417 -0.212935
v -0.096839 4.020156 -0.229224
v -0.099297 4.006198 -0.246370
v -0.096839 3.992239 -0.263517
v -0.089514 3.978979 -0.279805
v -0.077677 3.967088 -0.294411
v -0.061947 3.957158 -0.306609
v -0.043114 3.949684 -0.315789
v -0.022110 3.945060 -0.321470
v 0.000000 3.943508 -0.323376
v 0.000000 3.943508 -0.323376
v 0.022110 3.945060 -0.321470
v 0.043114 3.949684 -0.315789
v 0.061947 3.957158 -0.306609
v 0.077677 3.967088 -0.294411
v 0.089514 3.978979 -0.279805
v 0.096839 3.992239 -0.263517
v 0.099297 4.006198 -0.246370
v 0.096839 4.020156 -0.229224
v 0.089514 4.033417 -0.212935
v 0.077677 4.045307 -0.198329
v 0.061947 4.055238 -0.186131
v 0.043114 4.062711 -0.176951
v 0.022110 4.067336 -0.171271
v 0.000000 4.147998 -0.230510
v -0.022110 4.146572 -0.232511
v -0.043114 4.142319 -0.238476
v -0.061947 4.135447 -0.248114
v -0.077677 4.126316 -0.260921
v -0.089514 4.115382 -0.276257
v -0.096839 4.103189 -0.293358
v -0.099297 4.090353 -0.311361
v -0.096839 4.077518 -0.329364
v -0.089514 4.065324 -0.346466
v -0.077677 4.054391 -0.361801
v -0.061947 4.045259 -0.374608
v -0.043114 4.038387 -0.384247
v -0.022110 4.034135 -0.390211
v 0.000000 4.032708 -0.392213
v 0.000000 4.032708 -0.392213
v 0.022110 4.034135 -0.390211
v 0.043114 4.038387 -0.384247
v 0.061947 4.045259 -0.374608
v 0.077677 4.054391 -0.361801
v 0.089514 4.065324 -0.346466
v 0.096839 4.077518 -0.329364
v 0.099297 4.090353 -0.311361
v 0.096839 4.103189 -0.293358
v 0.089514 4.115382 -0.276257
v 0.077677 4.126316 -0.260921
v 0.061947 4.135447 -0.248114
v 0.043114 4.142319 -0.238476
v 0.022110 4.146572 -0.232511
v 0.000000 4.229209 -0.283765
v -0.022110 4.227973 -0.285894
v -0.043114 4.224290 -0.292238
v -0.061947 4.218338 -0.302491
v -0.077677 4.210427 -0.316114
v -0.089514 4.200956 -0.332427
v -0.096839 4.190394 -0.350618
v -0.099297 4.179276 -0.369768
v -0.096839 4.168157 -0.388918
v -0.089514 4.157595 -0.407109
v -0.077677 4.148124 -0.423422
v -0.061947 4.140214 -0.437045
v -0.043114 4.134261 -0.447298
v -0.022110 4.130578 -0.453642
v 0.000000 4.129342 -0.455771
v 0.000000 4.129342 -0.455771
v 0.022110 4.130578 -0.453642
v 0.043114 4.134261 -0.447298
v 0.061947 4.140214 -0.437045
v 0.077677 4.148124 -0.423422
v 0.089514 4.157595 -0.407109
v 0.096839 4.168157 -0.388918
v 0.099297 4.179276 -0.369768
v 0.096839 4.190394 -0.350618
v 0.089514 4.200956 -0.332427
v 0.077677 4.210427 -0.316114
v 0.061947 4.218338 -0.302491
v 0.043114 4.224290 -0.292238
v 0.022110 4.227973 -0.285894
v 0.000000 4.312152 -0.325993
v -0.022110 4.311206 -0.328270
v -0.043114 4.308386 -0.335054
v -0.061947 4.303830 -0.346017
v -0.077677 4.297775 -0.360585
v -0.089514 4.290526 -0.378029
v -0.096839 4.282441 -0.397481
v -0.099297 4.273931 -0.417959
v -0.096839 4.265420 -0.438437
v -0.089514 4.257335 -0.457890
v -0.077677 4.250086 -0.475333
v -0.061947 4.244031 -0.489901
v -0.043114 4.239475 -0.500864
v -0.022110 4.236655 -0.507649
v 0.000000 4.235709 -0.509925
v 0.000000 4.235709 -0.509925
v 0.022110 4.236655 -0.507649
v 0.043114 4.239475 -0.500864
v 0.061947 4.244031 -0.489901
v 0.077677 4.250086 -0.475333
v 0.089514 4.257335 -0.457890
v 0.096839 4.265420 -0.438437
v 0.099297 4.273931 -0.417959
v 0.096839 4.282441 -0.397481
v 0.089514 4.290526 -0.378029
v 0.077677 4.297775 -0.360585
v 0.061947 4.303830 -0.346017
v 0.043114 4.308386 -0.335054
v 0.022110 4.311206 -0.328270
v 0.000000 4.396266 -0.353574
v -0.022110 4.395737 -0.355987
v -0.043114 4.394157 -0.363178
v -0.061947 4.391607 -0.374799
v -0.077677 4.388216 -0.390241
v -0.089514 4.384158 -0.408730
v -0.096839 4.379631 -0.429350
v -0.099297 4.374866 -0.451056
v -0.096839 4.370101 -0.472762
v -0.089514 4.365574 -0.493381
v -0.077677 4.361515 -0.511871
v -0.061947 4.358126 -0.527312
v -0.043114 4.355574 -0.538933
v -0.022110 4.353996 -0.546124
v 0.000000 4.353466 -0.548537
v 0.000000 4.353466 -0.548537
v 0.022110 4.353996 -0.546124
v 0.043114 4.355574 -0.538933
v 0.061947 4.358126 -0.527312
v 0.077677 4.361515 -0.511871
v 0.089514 4.365574 -0.493381
v 0.096839 4.370101 -0.472762
v 0.099297 4.374866 -0.451056
v 0.096839 4.379631 -0.429350
v 0.089514 4.384158 -0.408730
v 0.077677 4.388216 -0.390241
v 0.061947 4.391607 -0.374799
v 0.043114 4.394157 -0.363178
v 0.022110 4.395737 -0.355987
v 0.000000 4.480239 -0.363304
v -0.022110 4.480240 -0.365778
v -0.043114 4.480242 -0.373152
v -0.061947 4.480246 -0.385069
v -0.077677 4.480251 -0.400905
v -0.089514 4.480257 -0.419865
v -0.096839 4.480263 -0.441010
v -0.099297 4.480270 -0.463269
v -0.096839 4.480278 -0.485527
v -0.089514 4.480284 -0.506672
v -0.077677 4.480290 -0.525633
v -0.061947 4.480295 -0.541468
v -0.043114 4.480299 -0.553385
v -0.022110 4.480301 -0.560759
v 0.000000 4.480301 -0.563233
v 0.000000 4.480301 -0.563233
v 0.022110 4.480301 -0.560759
v 0.043114 4.480299 -0.553385
v 0.061947 4.480295 -0.541468
v 0.077677 4.480290 -0.525633
v 0.089514 4.480284 -0.506672
v 0.096839 4.480278 -0.485527
v 0.099297 4.480270 -0.463269
v 0.096839 4.480263 -0.441010
v 0.089514 4.480257 -0.419865
v 0.077677 4.480251 -0.400905
v 0.061947 4.480246 -0.385069
v 0.043114 4.480242 -0.373152
v 0.022110 4.480240 -0.365778
v 0.000000 4.562978 -0.353665
v -0.022110 4.563537 -0.356074
v -0.043114 4.565200 -0.363255
v -0.061947 4.567889 -0.374859
v -0.077677 4.571462 -0.390279
v -0.089514 4.575739 -0.408742
v -0.096839 4.580510 -0.429331
v -0.099297 4.585532 -0.451006
v -0.096839 4.590554 -0.472680
v -0.089514 4.595325 -0.493270
v -0.077677 4.599602 -0.511733
v -0.061947 4.603175 -0.527152
v -0.043114 4.605864 -0.538757
v -0.022110 4.607527 -0.545937
v 0.000000 4.608086 -0.548347
v 0.000000 4.608086 -0.548347
v 0.022110 4.607527 -0.545937
v 0.043114 4.605864 -0.538757
v 0.061947 4.603175 -0.527152
v 0.077677 4.599602 -0.511733
v 0.089514 4.595325 -0.493270
v 0.096839 4.590554 -0.472680
v 0.099297 4.585532 -0.451006
v 0.096839 4.580510 -0.429331
v 0.089514 4.575739 -0.408742
v 0.077677 4.571462 -0.390279
v 0.061947 4.567889 -0.374859
v 0.043114 4.565200 -0.363255
v 0.022110 4.563537 -0.356074
v 0.000000 4.612885 -0.336045
v -0.022110 4.613913 -0.338289
v -0.043114 4.616976 -0.344976
v -0.061947 4.621929 -0.355781
v -0.077677 4.628516 -0.370136
v -0.089514 4.636410 -0.387322
v -0.096839 4.645226 -0.406483
v -0.099297 4.654519 -0.426650
v -0.096839 4.663825 -0.446813
v -0.089514 4.672677 -0.465961
v -0.077677 4.680624 -0.483128
v -0.061947 4.687269 -0.497463
v -0.043114 4.692275 -0.508250
v -0.022110 4.695374 -0.514923
v 0.000000 4.696414 -0.517163
v 0.000000 4.696414 -0.517163
v 0.022110 4.695374 -0.514923
v 0.043114 4.692275 -0.508250
v 0.061947 4.687269 -0.497463
v 0.077677 4.680624 -0.483128
v 0.089514 4.672677 -0.465961
v 0.096839 4.663825 -0.446813
v 0.099297 4.654519 -0.426650
v 0.096839 4.645226 -0.406483
v 0.089514 4.636410 -0.387322
v 0.077677 4.628516 -0.370136
v 0.061947 4.621929 -0.355781
v 0.043114 4.616976 -0.344976
v 0.022110 4.613913 -0.338289
v 0.000000 4.721919 -0.279939
v -0.022110 4.723301 -0.281979
v -0.022110 4.673544 -0.310788
v 0.000000 4.672504 -0.308550
v -0.043114 4.727420 -0.288058
v -0.043114 4.676641 -0.317459
v -0.061947 4.734078 -0.297881
v -0.061947 4.681644 -0.328241
v -0.077677 4.742924 -0.310935
v -0.077677 4.688286 -0.342571
v -0.089514 4.753516 -0.326565
v -0.089514 4.696232 -0.359733
v -0.096839 4.765328 -0.343996
v -0.096839 4.705083 -0.378878
v -0.099297 4.777763 -0.362345
v -0.099297 4.714388 -0.399039
v -0.096839 4.790198 -0.380694
v -0.096839 4.723682 -0.419207
v -0.089514 4.802010 -0.398125
v -0.089514 4.732500 -0.438372
v -0.077677 4.812602 -0.413755
v -0.077677 4.740397 -0.455562
v -0.061947 4.821448 -0.426808
v -0.061947 4.746986 -0.469923
v -0.043114 4.828105 -0.436632
v -0.043114 4.751941 -0.480732
v -0.022110 4.832225 -0.442711
v -0.022110 4.755005 -0.487422
v 0.000000 4.833608 -0.444751
v 0.000000 4.756033 -0.489668
v 0.022110 4.832225 -0.442711
v 0.022110 4.755005 -0.487422
v 0.043114 4.828105 -0.436632
v 0.043114 4.751941 -0.480732
v 0.061947 4.821448 -0.426808
v 0.061947 4.746986 -0.469923
v 0.077677 4.812602 -0.413755
v 0.077677 4.740397 -0.455562
v 0.089514 4.802010 -0.398125
v 0.089514 4.732500 -0.438372
v 0.096839 4.790198 -0.380694
v 0.096839 4.723682 -0.419207
v 0.099297 4.777763 -0.362345
v 0.099297 4.714388 -0.399039
v 0.096839 4.765328 -0.343996
v 0.096839 4.705083 -0.378878
v 0.089514 4.753516 -0.326565
v 0.089514 4.696232 -0.359733
v 0.077677 4.742924 -0.310935
v 0.077677 4.688286 -0.342571
v 0.061947 4.734078 -0.297881
v 0.061947 4.681644 -0.328241
v 0.043114 4.727420 -0.288058
v 0.043114 4.676641 -0.317459
v 0.022110 4.723301 -0.281979
v 0.022110 4.673544 -0.310788
v 0.000000 4.721919 -0.279939
v 0.000000 4.672504 -0.308550
v 0.000000 4.795640 -0.221972
v -0.022110 4.797262 -0.223824
v -0.043114 4.802094 -0.229342
v -0.061947 4.809903 -0.238260
v -0.077677 4.820280 -0.250111
v -0.089514 4.832705 -0.264300
v -0.096839 4.846560 -0.280124
v -0.099297 4.861146 -0.296781
v -0.096839 4.875732 -0.313439
v -0.089514 4.889588 -0.329263
v -0.077677 4.902013 -0.343452
v -0.061947 4.912390 -0.355302
v -0.043114 4.920199 -0.364220
v -0.022110 4.925031 -0.369739
v 0.000000 4.926652 -0.371591
v 0.022110 4.925031 -0.369739
v 0.043114 4.920199 -0.364220
v 0.061947 4.912390 -0.355302
v 0.077677 4.902013 -0.343452
v 0.089514 4.889588 -0.329263
v 0.096839 4.875732 -0.313439
v 0.099297 4.861146 -0.296781
v 0.096839 4.846560 -0.280124
v 0.089514 4.832705 -0.264300
v 0.077677 4.820280 -0.250111
v 0.061947 4.809903 -0.238260
v 0.043114 4.802094 -0.229342
v 0.022110 4.797262 -0.223824
v 0.000000 4.795640 -0.221972
v 0.000000 4.865013 -0.154536
v -0.022110 4.866797 -0.156227
v -0.043114 4.872113 -0.161266
v -0.061947 4.880704 -0.169410
v -0.077677 4.892121 -0.180231
v -0.089514 4.905789 -0.193187
v -0.096839 4.921033 -0.207636
v -0.099297 4.937080 -0.222847
v -0.096839 4.953127 -0.238057
v -0.089514 4.968370 -0.252506
v -0.077677 4.982039 -0.265462
v -0.061947 4.993455 -0.276283
v -0.043114 5.002047 -0.284427
v -0.022110 5.007363 -0.289466
v 0.000000 5.009147 -0.291157
v 0.022110 5.007363 -0.289466
v 0.043114 5.002047 -0.284427
v 0.061947 4.993455 -0.276283
v 0.077677 4.982039 -0.265462
v 0.089514 4.968370 -0.252506
v 0.096839 4.953127 -0.238057
v 0.099297 4.937080 -0.222847
v 0.096839 4.921033 -0.207636
v 0.089514 4.905789 -0.193187
v 0.077677 4.892121 -0.180231
v 0.061947 4.880704 -0.169410
v 0.043114 4.872113 -0.161266
v 0.022110 4.866797 -0.156227
v 0.000000 4.865013 -0.154536
v 0.000000 4.843549 0.000127
v -0.048194 4.847585 -0.003396
v -0.048194 4.780179 -0.080593
v 0.000000 4.776209 -0.076997
v -0.094211 4.859671 -0.013949
v -0.094211 4.792067 -0.091363
v -0.135451 4.879189 -0.030994
v -0.135451 4.811266 -0.108759
v -0.169844 4.905087 -0.053615
v -0.169844 4.836739 -0.131846
v -0.195772 4.936144 -0.080751
v -0.195772 4.867288 -0.159541
v -0.211829 4.970803 -0.111044
v -0.211829 4.901380 -0.190456
v -0.217190 5.007099 -0.142780
v -0.217190 4.937079 -0.222847
v -0.211829 5.043389 -0.174522
v -0.211829 4.972773 -0.255245
v -0.195772 5.078032 -0.204833
v -0.195772 5.006848 -0.286178
v -0.169845 5.109066 -0.231995
v -0.169845 5.037374 -0.313899
v -0.135452 5.134938 -0.254645
v -0.135452 5.062822 -0.337015
v -0.094212 5.154435 -0.271717
v -0.094212 5.081999 -0.354437
v -0.048194 5.166505 -0.282288
v -0.048194 5.093872 -0.365226
v 0.000000 5.170535 -0.285817
v 0.000000 5.097836 -0.368828
v 0.048194 5.166505 -0.282288
v 0.048194 5.093872 -0.365226
v 0.094212 5.154435 -0.271717
v 0.094212 5.081999 -0.354437
v 0.135452 5.134938 -0.254645
v 0.135452 5.062822 -0.337015
v 0.169845 5.109066 -0.231995
v 0.169845 5.037374 -0.313899
v 0.195772 5.078032 -0.204833
v 0.195772 5.006848 -0.286178
v 0.211829 5.043389 -0.174522
v 0.211829 4.972773 -0.255245
v 0.217190 5.007099 -0.142780
v 0.217190 4.937079 -0.222847
v 0.211829 4.970803 -0.111044
v 0.211829 4.901380 -0.190456
v 0.195772 4.936144 -0.080751
v 0.195772 4.867288 -0.159541
v 0.169844 4.905087 -0.053615
v 0.169844 4.836739 -0.131846
v 0.135451 4.879189 -0.030994
v 0.135451 4.811266 -0.108759
v 0.094211 4.859671 -0.013949
v 0.094211 4.792067 -0.091363
v 0.048194 4.847585 -0.003396
v 0.048194 4.780179 -0.080593
v 0.000000 4.843549 0.000127
v 0.000000 4.776209 -0.076997
v -0.048194 4.780179 -0.080593
v -0.022110 4.866797 -0.156227
v 0.000000 4.865013 -0.154536
v 0.000000 4.776209 -0.076997
v 0.000000 4.843549 0.000127
v 0.000000 4.932353 -0.077412
v -0.022110 4.934203 -0.079031
v -0.048194 4.847585 -0.003396
v -0.094211 4.792067 -0.091363
v -0.043114 4.872113 -0.161266
v -0.022110 4.866797 -0.156227
v -0.048194 4.780179 -0.080593
v -0.043114 4.939717 -0.083853
v -0.094211 4.859671 -0.013949
v -0.135451 4.811266 -0.108759
v -0.061947 4.880704 -0.169410
v -0.061947 4.948628 -0.091645
v -0.135451 4.879189 -0.030994
v -0.169844 4.836739 -0.131846
v -0.077677 4.892121 -0.180231
v -0.077677 4.960468 -0.102000
v -0.169844 4.905087 -0.053615
v -0.195772 4.867288 -0.159541
v -0.089514 4.905789 -0.193187
v -0.089514 4.974646 -0.114398
v -0.195772 4.936144 -0.080751
v -0.211829 4.901380 -0.190456
v -0.096839 4.921033 -0.207636
v -0.096839 4.990456 -0.128224
v -0.211829 4.970803 -0.111044
v -0.217190 4.937079 -0.222847
v -0.099297 4.937080 -0.222847
v -0.099297 5.007100 -0.142779
v -0.217190 5.007099 -0.142780
v -0.211829 4.972773 -0.255245
v -0.096839 4.953127 -0.238057
v -0.096839 5.023743 -0.157334
v -0.211829 5.043389 -0.174522
v -0.195772 5.006848 -0.286178
v -0.089514 4.968370 -0.252506
v -0.089514 5.039554 -0.171161
v -0.195772 5.078032 -0.204833
v -0.169845 5.037374 -0.313899
v -0.077677 4.982039 -0.265462
v -0.077677 5.053731 -0.183559
v -0.169845 5.109066 -0.231995
v -0.135452 5.062822 -0.337015
v -0.061947 4.993455 -0.276283
v -0.061947 5.065572 -0.193914
v -0.135452 5.134938 -0.254645
v -0.094212 5.081999 -0.354437
v -0.043114 5.002047 -0.284427
v -0.043114 5.074482 -0.201706
v -0.094212 5.154435 -0.271717
v -0.048194 5.093872 -0.365226
v -0.022110 5.007363 -0.289466
v -0.022110 5.079996 -0.206528
v -0.048194 5.166505 -0.282288
v 0.000000 5.097836 -0.368828
v 0.000000 5.009147 -0.291157
v 0.000000 5.081846 -0.208146
v 0.000000 5.170535 -0.285817
v 0.048194 5.093872 -0.365226
v 0.022110 5.007363 -0.289466
v 0.022110 5.079996 -0.206528
v 0.048194 5.166505 -0.282288
v 0.094212 5.081999 -0.354437
v 0.043114 5.002047 -0.284427
v 0.043114 5.074482 -0.201706
v 0.094212 5.154435 -0.271717
v 0.135452 5.062822 -0.337015
v 0.061947 4.993455 -0.276283
v 0.061947 5.065572 -0.193914
v 0.135452 5.134938 -0.254645
v 0.169845 5.037374 -0.313899
v 0.077677 4.982039 -0.265462
v 0.077677 5.053731 -0.183559
v 0.169845 5.109066 -0.231995
v 0.195772 5.006848 -0.286178
v 0.089514 4.968370 -0.252506
v 0.089514 5.039554 -0.171161
v 0.195772 5.078032 -0.204833
v 0.211829 4.972773 -0.255245
v 0.096839 4.953127 -0.238057
v 0.096839 5.023743 -0.157334
v 0.211829 5.043389 -0.174522
v 0.217190 4.937079 -0.222847
v 0.099297 4.937080 -0.222847
v 0.099297 5.007100 -0.142779
v 0.217190 5.007099 -0.142780
v 0.211829 4.901380 -0.190456
v 0.096839 4.921033 -0.207636
v 0.096839 4.990456 -0.128224
v 0.211829 4.970803 -0.111044
v 0.195772 4.867288 -0.159541
v 0.089514 4.905789 -0.193187
v 0.089514 4.974646 -0.114398
v 0.195772 4.936144 -0.080751
v 0.169844 4.836739 -0.131846
v 0.077677 4.892121 -0.180231
v 0.077677 4.960468 -0.102000
v 0.169844 4.905087 -0.053615
v 0.135451 4.811266 -0.108759
v 0.061947 4.880704 -0.169410
v 0.061947 4.948628 -0.091645
v 0.135451 4.879189 -0.030994
v 0.094211 4.792067 -0.091363
v 0.043114 4.872113 -0.161266
v 0.043114 4.939717 -0.083853
v 0.094211 4.859671 -0.013949
v 0.048194 4.780179 -0.080593
v 0.022110 4.866797 -0.156227
v 0.022110 4.934203 -0.079031
v 0.048194 4.847585 -0.003396
v 0.000000 4.932353 -0.077412
v 0.000000 4.843549 0.000127
v -0.044666 0.200900 0.629534
v -0.022110 0.200900 0.530134
v 0.000000 0.200900 0.532592
v 0.000000 0.200900 0.634499
v 0.000000 0.307328 0.605526
v 0.000000 0.307328 0.551575
v -0.026312 0.307328 0.548650
v -0.038253 0.307328 0.601273
v -0.087298 0.200900 0.614666
v -0.043114 0.200900 0.522809
v -0.022110 0.200900 0.530134
v -0.044666 0.200900 0.629534
v -0.051344 0.307328 0.539920
v -0.074735 0.307328 0.588550
v -0.125500 0.200900 0.590655
v -0.061947 0.200900 0.510972
v -0.073786 0.307328 0.525815
v -0.107431 0.307328 0.568000
v -0.157359 0.200900 0.558796
v -0.077677 0.200900 0.495243
v -0.092520 0.307328 0.507081
v -0.134705 0.307328 0.540726
v -0.181370 0.200900 0.520593
v -0.089514 0.200900 0.476409
v -0.106625 0.307328 0.484639
v -0.155254 0.307328 0.508031
v -0.196238 0.200900 0.477961
v -0.096839 0.200900 0.455405
v -0.115354 0.307328 0.459607
v -0.167978 0.307328 0.471548
v -0.201204 0.200900 0.433295
v -0.099297 0.200900 0.433295
v -0.118280 0.307328 0.433295
v -0.172230 0.307328 0.433295
v -0.196238 0.200900 0.388629
v -0.096839 0.200900 0.411185
v -0.115354 0.307328 0.406984
v -0.167978 0.307328 0.395042
v -0.181370 0.200900 0.345998
v -0.089514 0.200900 0.390182
v -0.106625 0.307328 0.381951
v -0.155254 0.307328 0.358560
v -0.157359 0.200900 0.307795
v -0.077677 0.200900 0.371348
v -0.092520 0.307328 0.359510
v -0.134705 0.307328 0.325864
v -0.125500 0.200900 0.275936
v -0.061947 0.200900 0.355619
v -0.073786 0.307328 0.340776
v -0.107431 0.307328 0.298591
v -0.087298 0.200900 0.251925
v -0.043114 0.200900 0.343781
v -0.051344 0.307328 0.326671
v -0.074735 0.307328 0.278041
v -0.044666 0.200900 0.237057
v -0.022110 0.200900 0.336456
v -0.026312 0.307328 0.317941
v -0.038253 0.307328 0.265318
v 0.000000 0.200900 0.232091
v 0.000000 0.200900 0.333998
v 0.000000 0.307328 0.315015
v 0.000000 0.307328 0.261065
v 0.044666 0.200900 0.237057
v 0.022110 0.200900 0.336456
v 0.000000 0.307328 0.261065
v 0.000000 0.307328 0.315015
v 0.026312 0.307328 0.317941
v 0.038253 0.307328 0.265318
v 0.087298 0.200900 0.251925
v 0.043114 0.200900 0.343781
v 0.051344 0.307328 0.326671
v 0.074735 0.307328 0.278041
v 0.125500 0.200900 0.275936
v 0.061947 0.200900 0.355619
v 0.073786 0.307328 0.340776
v 0.107431 0.307328 0.298591
v 0.157359 0.200900 0.307795
v 0.077677 0.200900 0.371348
v 0.092520 0.307328 0.359510
v 0.134705 0.307328 0.325864
v 0.181370 0.200900 0.345998
v 0.089514 0.200900 0.390182
v 0.106625 0.307328 0.381951
v 0.155254 0.307328 0.358560
v 0.196238 0.200900 0.388629
v 0.096839 0.200900 0.411185
v 0.115354 0.307328 0.406984
v 0.167978 0.307328 0.395042
v 0.201204 0.200900 0.433295
v 0.099297 0.200900 0.433295
v 0.118280 0.307328 0.433295
v 0.172230 0.307328 0.433295
v 0.196238 0.200900 0.477961
v 0.096839 0.200900 0.455405
v 0.115354 0.307328 0.459607
v 0.167978 0.307328 0.471548
v 0.181370 0.200900 0.520593
v 0.089514 0.200900 0.476409
v 0.106625 0.307328 0.484639
v 0.155254 0.307328 0.508031
v 0.157359 0.200900 0.558796
v 0.077677 0.200900 0.495243
v 0.092520 0.307328 0.507081
v 0.134705 0.307328 0.540726
v 0.125500 0.200900 0.590655
v 0.061947 0.200900 0.510972
v 0.073786 0.307328 0.525815
v 0.107431 0.307328 0.568000
v 0.087298 0.200900 0.614666
v 0.043114 0.200900 0.522809
v 0.051344 0.307328 0.539920
v 0.074735 0.307328 0.588550
v 0.044666 0.200900 0.629534
v 0.022110 0.200900 0.530134
v 0.026312 0.307328 0.548650
v 0.038253 0.307328 0.601273
v -0.020186 2.748045 0.521656
v 0.000000 2.748045 0.523900
v 0.000000 2.759961 0.523900
v -0.020186 2.759961 0.521656
v -0.039345 2.748045 0.514974
v -0.020186 2.748045 0.521656
v -0.020186 2.759961 0.521656
v -0.039345 2.759961 0.514974
v -0.056527 2.748045 0.504175
v -0.056527 2.759961 0.504175
v -0.070880 2.748045 0.489821
v -0.070880 2.759961 0.489821
v -0.081679 2.748045 0.472640
v -0.081679 2.759961 0.472640
v -0.088361 2.748045 0.453481
v -0.088361 2.759961 0.453481
v -0.090605 2.748045 0.433295
v -0.090605 2.759961 0.433295
v -0.088361 2.748045 0.413109
v -0.088361 2.759961 0.413109
v -0.081679 2.748045 0.393950
v -0.081679 2.759961 0.393950
v -0.070880 2.748045 0.376768
v -0.070880 2.759961 0.376768
v -0.056527 2.748045 0.362415
v -0.056527 2.759961 0.362415
v -0.039345 2.748045 0.351616
v -0.039345 2.759961 0.351616
v -0.020186 2.748045 0.344934
v -0.020186 2.759961 0.344934
v 0.000000 2.748045 0.342690
v 0.000000 2.759961 0.342690
v 0.020186 2.748045 0.344934
v 0.020186 2.759961 0.344934
v 0.039345 2.748045 0.351616
v 0.039345 2.759961 0.351616
v 0.056527 2.748045 0.362415
v 0.056527 2.759961 0.362415
v 0.070880 2.748045 0.376768
v 0.070880 2.759961 0.376768
v 0.081679 2.748045 0.393950
v 0.081679 2.759961 0.393950
v 0.088361 2.748045 0.413109
v 0.088361 2.759961 0.413109
v 0.090605 2.748045 0.433295
v 0.090605 2.759961 0.433295
v 0.088361 2.748045 0.453481
v 0.088361 2.759961 0.453481
v 0.081679 2.748045 0.472640
v 0.081679 2.759961 0.472640
v 0.070880 2.748045 0.489821
v 0.070880 2.759961 0.489821
v 0.056527 2.748045 0.504175
v 0.056527 2.759961 0.504175
v 0.039345 2.748045 0.514974
v 0.039345 2.759961 0.514974
v 0.020186 2.748045 0.521656
v 0.020186 2.759961 0.521656
v -0.096839 2.739406 0.411185
v -0.096244 2.742586 0.411320
v -0.094356 2.745515 0.411748
v -0.099297 2.739406 0.433295
v -0.098687 2.742586 0.433295
v -0.096751 2.745515 0.433295
v -0.096839 2.739406 0.455405
v -0.096244 2.742586 0.455270
v -0.094356 2.745515 0.454842
v -0.089514 2.739406 0.476408
v -0.088964 2.742586 0.476144
v -0.087219 2.745515 0.475305
v -0.077677 2.739406 0.495242
v -0.077200 2.742586 0.494862
v -0.075686 2.745515 0.493654
v -0.061947 2.739406 0.510972
v -0.061567 2.742586 0.510494
v -0.060360 2.745515 0.508981
v -0.043114 2.739406 0.522809
v -0.042849 2.742586 0.522259
v -0.042010 2.745515 0.520514
v -0.022110 2.739406 0.530134
v -0.021975 2.742586 0.529539
v -0.021547 2.745515 0.527651
v 1.319067 0.000566 -0.558881
v 0.000000 0.000566 -0.558881
v 0.000000 0.073993 -0.553310
v 1.312284 0.073993 -0.553310
v -1.431017 -0.000000 -0.459584
v -1.246175 0.011457 0.434090
v -1.239184 0.075816 0.434090
v -1.423290 0.073902 -0.454570
v -0.442677 0.059119 1.427060
v 0.000000 0.059119 1.427060
v 0.000000 0.083702 1.421489
v -0.445699 0.083702 1.421489
v 0.580781 0.052698 1.327763
v 1.246175 0.011457 0.434090
v 1.239184 0.075816 0.434090
v 0.582567 0.082640 1.322749
v 0.000000 0.246522 0.018919
v 0.000000 0.230007 0.434090
v 0.642442 0.230007 0.434090
v 0.717523 0.246522 0.018919
v 1.209152 0.170253 -0.411838
v 1.196596 0.177584 -0.369673
v 1.244519 0.170297 -0.378599
v 1.258807 0.161964 -0.422411
v -1.413549 0.073929 -0.490916
v -1.384161 0.112020 -0.433887
v -1.373438 0.112643 -0.469515
v -0.465512 0.083625 1.414557
v -0.445699 0.083702 1.421489
v -0.463765 0.097076 1.391737
v -0.485025 0.097457 1.383534
v 0.542883 0.083024 1.359095
v 0.586189 0.098573 1.302067
v 0.547971 0.098250 1.337695
v 1.421095 0.000165 -0.496134
v 1.413549 0.073929 -0.490916
v 1.423290 0.073902 -0.454570
v 1.431017 -0.000000 -0.459584
v 0.000000 0.170253 -0.411838
v 0.000000 0.177584 -0.369673
v -1.413549 0.073929 -0.490916
v -1.421095 0.000165 -0.496134
v -1.244519 0.170297 -0.378599
v -1.081462 0.159606 0.434090
v -1.039749 0.165933 0.434090
v -1.196596 0.177584 -0.369673
v -0.465512 0.083625 1.414557
v -0.462505 0.058656 1.420088
v -0.530199 0.124457 1.280017
v 0.000000 0.124457 1.280017
v 0.000000 0.130188 1.237852
v -0.558571 0.130188 1.237852
v 0.540578 0.055019 1.364314
v 0.573527 0.126301 1.246778
v 1.081462 0.159606 0.434090
v 1.039749 0.165933 0.434090
v 0.558571 0.130188 1.237852
v 1.350704 0.073984 -0.546378
v 1.284676 0.111913 -0.523558
v 1.322212 0.112581 -0.515355
v 1.384161 0.112020 -0.433887
v 1.413549 0.073929 -0.490916
v 1.373438 0.112643 -0.469515
v 1.281567 0.144183 -0.470264
v 1.316336 0.144255 -0.438535
v 1.318924 0.135852 -0.471108
v 1.315818 0.147182 -0.403948
v 1.244309 0.147052 -0.469790
v 1.357834 0.109022 -0.501589
v 1.387707 0.073960 -0.524390
v -1.284676 0.111913 -0.523558
v -1.312284 0.073993 -0.553310
v -1.350704 0.073984 -0.546378
v -1.322212 0.112581 -0.515355
v -1.209152 0.170253 -0.411838
v -1.258807 0.161964 -0.422411
v -1.357834 0.109022 -0.501589
v -1.316336 0.144255 -0.438535
v -1.318947 0.135842 -0.471118
v -1.315818 0.147182 -0.403948
v -1.387707 0.073960 -0.524390
v -1.281567 0.144183 -0.470264
v -1.244309 0.147052 -0.469790
v -0.586189 0.098573 1.302067
v -0.582567 0.082640 1.322749
v -0.542883 0.083024 1.359095
v -0.547971 0.098250 1.337695
v -0.573527 0.126301 1.246778
v -0.542945 0.120297 1.290590
v -0.511304 0.096349 1.369768
v -0.510651 0.110805 1.338443
v -0.524752 0.107453 1.339306
v -0.496214 0.111967 1.337969
v -0.500136 0.083384 1.392569
v -0.553284 0.112048 1.306714
v -0.583987 0.114653 1.272127
v 0.463765 0.097076 1.391737
v 0.445699 0.083702 1.421489
v 0.465512 0.083625 1.414557
v 0.485025 0.097457 1.383534
v 0.530199 0.124457 1.280017
v 0.542945 0.120297 1.290590
v 0.511304 0.096349 1.369768
v 0.553284 0.112048 1.306714
v 0.524764 0.107453 1.339297
v 0.583987 0.114653 1.272127
v 0.500136 0.083384 1.392569
v 0.510651 0.110805 1.338443
v 0.496214 0.111967 1.337969
v 1.394992 0.000362 -0.529797
v 1.357712 0.000514 -0.551909
v 0.000000 0.147052 -0.469790
v 0.000000 0.111913 -0.523558
v -1.394992 0.000362 -0.529797
v -1.357712 0.000514 -0.551909
v -1.319067 0.000566 -0.558881
v -1.143843 0.139538 0.434090
v -1.204198 0.108987 0.434090
v -0.497378 0.057200 1.397977
v -0.540578 0.055019 1.364314
v -0.580781 0.052698 1.327763
v 0.000000 0.111967 1.337969
v 0.000000 0.097076 1.391737
v 0.000000 0.083702 1.421489
v 0.497378 0.057200 1.397977
v 0.465512 0.083625 1.414557
v 0.462505 0.058656 1.420088
v 0.445699 0.083702 1.421489
v 0.442677 0.059119 1.427060
v 1.143843 0.139538 0.434090
v 1.204198 0.108987 0.434090
v -0.642442 0.230007 0.434090
v -0.513893 0.201732 0.849260
v 0.000000 0.201732 0.849260
v 0.513893 0.201732 0.849260
v -0.717523 0.246522 0.018919
v 0.750399 0.165933 0.434090
v 0.846705 0.175845 -0.050847
v 0.000000 0.175845 -0.050847
v -0.568888 0.147250 0.919026
v 0.000000 0.147250 0.919026
v -0.750399 0.165933 0.434090
v 0.568888 0.147250 0.919026
v -0.846705 0.175845 -0.050847
v 0.642442 0.230007 0.434090
v 0.717523 0.246522 0.018919
v 0.717523 0.246522 0.018919
v 0.846705 0.175845 -0.050847
v 0.000000 0.175845 -0.050847
v 0.000000 0.246522 0.018919
v -0.513893 0.201732 0.849260
v 0.000000 0.201732 0.849260
v -0.642442 0.230007 0.434090
v 0.513893 0.201732 0.849260
v -0.717523 0.246522 0.018919
v -0.846705 0.175845 -0.050847
v -0.717523 0.246522 0.018919
v -0.958460 4.587459 0.195498
v 0.000000 4.584549 0.197996
v -0.938357 4.584549 0.197996
v 0.938357 4.584549 0.197996
v 0.958460 4.587459 0.195498
v -0.976974 4.596688 0.187579
v 0.976974 4.596688 0.187579
v -0.989136 4.610739 0.175522
v 0.989136 4.610739 0.175522
v -0.992970 4.625995 0.162431
v 0.992970 4.625995 0.162431
v -0.992970 5.109389 -0.252367
v 0.992970 5.109389 -0.252367
v -0.992970 5.592783 -0.667165
v 0.992970 5.592783 -0.667165
v -0.989136 5.608039 -0.680256
v 0.989136 5.608039 -0.680256
v -0.976974 5.622090 -0.692313
v 0.976974 5.622090 -0.692313
v -0.958460 5.631320 -0.700232
v 0.958460 5.631320 -0.700232
v -0.938357 5.634230 -0.702729
v 0.938357 5.634230 -0.702729
v -1.421095 0.000165 -0.496134
v -1.246175 0.011457 0.434090
v -1.431017 -0.000000 -0.459584
v -1.394992 0.000362 -0.529797
v -1.357712 0.000514 -0.551909
v -1.319067 0.000566 -0.558881
v 0.000000 0.000566 -0.558881
v -0.580781 0.052698 1.327763
v -0.540578 0.055019 1.364314
v -0.497378 0.057200 1.397977
v -0.462505 0.058656 1.420088
v -0.442677 0.059119 1.427060
v 0.000000 0.059119 1.427060
v 1.319067 0.000566 -0.558881
v 0.442677 0.059119 1.427060
v 0.462505 0.058656 1.420088
v 0.497378 0.057200 1.397977
v 0.540578 0.055019 1.364314
v 0.580781 0.052698 1.327763
v 1.246175 0.011457 0.434090
v 1.431017 -0.000000 -0.459584
v 1.357712 0.000514 -0.551909
v 1.394992 0.000362 -0.529797
v 1.421095 0.000165 -0.496134
vn -0.0000 0.7589 -0.6512
vn -1.0000 -0.0000 -0.0000
vn -0.0000 -0.7589 0.6512
vn 1.0000 -0.0000 -0.0000
vn -0.0000 0.6512 0.7589
vn 0.0857 0.8834 0.4607
vn 0.1277 0.7374 0.6632
vn 0.3704 0.6673 0.6462
vn 0.3332 0.8272 0.4524
vn -0.9249 0.3369 -0.1762
vn -0.9836 0.1801 0.0138
vn -0.9249 0.3062 0.2253
vn -0.8820 0.4699 0.0359
vn -0.3704 -0.6461 0.6673
vn -0.1277 -0.6632 0.7374
vn -0.0857 -0.4607 0.8834
vn -0.3332 -0.4523 0.8272
vn 0.9249 -0.2252 0.3062
vn 0.9836 -0.0138 0.1801
vn 0.9249 0.1762 0.3369
vn 0.8820 -0.0359 0.4699
vn 0.9269 0.2849 -0.2445
vn 0.9249 0.3369 -0.1761
vn 0.9835 0.1801 0.0138
vn 0.9823 0.1422 -0.1220
vn -0.0000 0.8885 0.4589
vn -0.0000 0.7819 0.6235
vn -0.9269 0.2849 -0.2445
vn -0.9823 0.1422 -0.1220
vn -0.3704 0.6673 0.6461
vn -0.3754 0.6036 0.7034
vn -0.1874 0.6397 0.7455
vn -0.1277 0.7374 0.6632
vn -0.3754 -0.7034 0.6036
vn -0.1874 -0.7455 0.6397
vn -0.0857 0.3213 0.9431
vn -0.0000 0.3187 0.9479
vn -0.0000 0.4975 0.8675
vn -0.1277 0.5436 0.8296
vn 0.9269 -0.2849 0.2445
vn 0.9823 -0.1422 0.1220
vn 0.3704 0.5373 0.7577
vn 0.3754 0.6036 0.7034
vn 0.1874 0.6397 0.7455
vn 0.1277 0.5436 0.8296
vn 0.3704 0.7577 -0.5373
vn 0.1277 0.8296 -0.5436
vn 0.0857 0.9431 -0.3213
vn 0.3332 0.8863 -0.3215
vn 0.9249 0.3062 0.2253
vn 0.8820 0.4699 0.0359
vn 0.3032 0.9502 0.0726
vn 0.6738 0.6689 0.3140
vn 0.5773 0.8142 0.0623
vn 0.7052 0.5148 0.4875
vn 0.0732 0.9944 0.0760
vn 0.6738 0.7088 -0.2087
vn 0.7052 0.5829 -0.4037
vn -0.0857 0.9431 -0.3213
vn -0.1277 0.8296 -0.5436
vn -0.3704 0.7577 -0.5373
vn -0.3332 0.8863 -0.3215
vn -0.0856 0.8834 0.4608
vn -0.3332 0.8272 0.4524
vn -0.6738 0.7088 -0.2087
vn -0.6738 0.6689 0.3139
vn -0.5775 0.8140 0.0622
vn -0.7052 0.5148 0.4875
vn -0.7052 0.5829 -0.4037
vn -0.3032 0.9502 0.0726
vn -0.0732 0.9944 0.0760
vn -0.9249 0.1762 0.3369
vn -0.9836 -0.0138 0.1801
vn -0.9249 -0.2253 0.3062
vn -0.8820 -0.0359 0.4699
vn -0.3704 0.5373 0.7577
vn -0.3332 0.3215 0.8863
vn -0.6738 -0.3140 0.6689
vn -0.3032 -0.0726 0.9502
vn -0.5773 -0.0623 0.8142
vn -0.0732 -0.0759 0.9944
vn -0.7052 -0.4875 0.5148
vn -0.6738 0.2087 0.7088
vn -0.7052 0.4037 0.5828
vn 0.0857 -0.4607 0.8834
vn 0.1277 -0.6632 0.7374
vn 0.3704 -0.6461 0.6673
vn 0.3332 -0.4524 0.8272
vn 0.0857 0.3212 0.9431
vn 0.3332 0.3215 0.8863
vn 0.6738 -0.3139 0.6689
vn 0.6738 0.2087 0.7088
vn 0.5774 -0.0622 0.8141
vn 0.7052 0.4037 0.5828
vn 0.7052 -0.4875 0.5148
vn 0.3032 -0.0726 0.9502
vn 0.0732 -0.0759 0.9944
vn 0.7071 0.5366 -0.4605
vn 0.3754 0.7034 -0.6036
vn 0.1874 0.7454 -0.6397
vn -0.0000 0.9971 0.0761
vn -0.0000 0.9478 -0.3187
vn -0.0000 0.8675 -0.4975
vn -0.7071 0.5366 -0.4605
vn -0.3754 0.7034 -0.6036
vn -0.1874 0.7455 -0.6397
vn -0.7071 0.4605 0.5366
vn -0.9269 0.2445 0.2849
vn -0.9823 0.1220 0.1422
vn -0.7071 -0.5366 0.4605
vn -0.9269 -0.2849 0.2445
vn -0.9823 -0.1422 0.1220
vn -0.0000 -0.0762 0.9971
vn -0.0000 -0.4589 0.8885
vn -0.0000 -0.6234 0.7819
vn 0.7071 -0.5366 0.4605
vn 0.3754 -0.7034 0.6036
vn 0.1874 -0.7455 0.6397
vn 0.7071 0.4605 0.5366
vn 0.9269 0.2445 0.2849
vn 0.9823 0.1220 0.1422
vn -0.0000 -0.0000 1.0000
vn -0.2213 -0.0000 0.9752
vn -0.4335 -0.0000 0.9012
vn -0.6235 -0.0000 0.7818
vn -0.7818 -0.0000 0.6235
vn -0.9012 -0.0000 0.4335
vn -0.9752 -0.0000 0.2213
vn -0.9752 -0.0000 -0.2213
vn -0.9012 -0.0000 -0.4335
vn -0.7818 -0.0000 -0.6235
vn -0.6235 -0.0000 -0.7818
vn -0.4335 -0.0000 -0.9012
vn -0.2213 -0.0000 -0.9752
vn -0.0000 -0.0000 -1.0000
vn 0.2213 -0.0000 -0.9752
vn 0.4335 -0.0000 -0.9012
vn 0.6235 -0.0000 -0.7818
vn 0.7818 -0.0000 -0.6235
vn 0.9012 -0.0000 -0.4335
vn 0.9752 -0.0000 -0.2213
vn 0.9752 -0.0000 0.2213
vn 0.9012 -0.0000 0.4335
vn 0.7818 -0.0000 0.6235
vn 0.6235 -0.0000 0.7818
vn 0.4335 -0.0000 0.9012
vn 0.2213 -0.0000 0.9752
vn 0.2212 -0.0000 0.9752
vn -0.0000 0.9277 0.3734
vn 0.0826 0.9277 0.3641
vn 0.0412 0.9825 0.1817
vn -0.0000 0.9825 0.1863
vn 0.1618 0.9277 0.3364
vn 0.0807 0.9825 0.1677
vn 0.2328 0.9277 0.2919
vn 0.1161 0.9825 0.1456
vn 0.2919 0.9277 0.2328
vn 0.1456 0.9825 0.1161
vn 0.3365 0.9277 0.1618
vn 0.1678 0.9825 0.0807
vn 0.3641 0.9277 0.0826
vn 0.1816 0.9825 0.0412
vn 0.3734 0.9277 -0.0000
vn 0.1863 0.9825 -0.0000
vn 0.3641 0.9277 -0.0826
vn 0.1816 0.9825 -0.0412
vn 0.3365 0.9277 -0.1618
vn 0.1678 0.9825 -0.0807
vn 0.2919 0.9277 -0.2328
vn 0.1456 0.9825 -0.1161
vn 0.2328 0.9277 -0.2919
vn 0.1161 0.9825 -0.1456
vn 0.1618 0.9277 -0.3364
vn 0.0807 0.9825 -0.1678
vn 0.0826 0.9277 -0.3641
vn 0.0412 0.9825 -0.1816
vn -0.0000 0.9277 -0.3734
vn -0.0000 0.9825 -0.1863
vn -0.0826 0.9277 -0.3641
vn -0.0412 0.9825 -0.1817
vn -0.1618 0.9277 -0.3364
vn -0.0807 0.9825 -0.1677
vn -0.2328 0.9277 -0.2919
vn -0.1161 0.9825 -0.1456
vn -0.2919 0.9277 -0.2328
vn -0.1456 0.9825 -0.1161
vn -0.3365 0.9277 -0.1618
vn -0.1678 0.9825 -0.0807
vn -0.3641 0.9277 -0.0826
vn -0.1816 0.9825 -0.0412
vn -0.3734 0.9277 -0.0000
vn -0.1863 0.9825 -0.0000
vn -0.3641 0.9277 0.0826
vn -0.1816 0.9825 0.0412
vn -0.3365 0.9277 0.1618
vn -0.1678 0.9825 0.0807
vn -0.2919 0.9277 0.2328
vn -0.1456 0.9825 0.1161
vn -0.2328 0.9277 0.2919
vn -0.1161 0.9825 0.1456
vn -0.1618 0.9277 0.3364
vn -0.0807 0.9825 0.1678
vn -0.0826 0.9277 0.3641
vn -0.0412 0.9825 0.1816
vn -0.0000 -0.9277 0.3734
vn -0.0826 -0.9277 0.3641
vn -0.0412 -0.9825 0.1817
vn -0.0000 -0.9825 0.1863
vn -0.1618 -0.9277 0.3364
vn -0.0807 -0.9825 0.1678
vn -0.2328 -0.9277 0.2919
vn -0.1161 -0.9825 0.1457
vn -0.2919 -0.9277 0.2328
vn -0.1456 -0.9825 0.1161
vn -0.3365 -0.9277 0.1619
vn -0.1678 -0.9825 0.0807
vn -0.3641 -0.9277 0.0826
vn -0.1816 -0.9825 0.0412
vn -0.3734 -0.9277 -0.0000
vn -0.1863 -0.9825 -0.0000
vn -0.3641 -0.9277 -0.0826
vn -0.1816 -0.9825 -0.0412
vn -0.3365 -0.9277 -0.1618
vn -0.1678 -0.9825 -0.0807
vn -0.2919 -0.9277 -0.2328
vn -0.1456 -0.9825 -0.1161
vn -0.2328 -0.9277 -0.2919
vn -0.1161 -0.9825 -0.1456
vn -0.1618 -0.9277 -0.3365
vn -0.0807 -0.9825 -0.1679
vn -0.0826 -0.9277 -0.3641
vn -0.0412 -0.9825 -0.1816
vn -0.0000 -0.9277 -0.3734
vn -0.0000 -0.9825 -0.1863
vn 0.0826 -0.9277 -0.3641
vn 0.0412 -0.9825 -0.1817
vn 0.1618 -0.9277 -0.3364
vn 0.0807 -0.9825 -0.1678
vn 0.2328 -0.9277 -0.2919
vn 0.1161 -0.9825 -0.1457
vn 0.2919 -0.9277 -0.2328
vn 0.1456 -0.9825 -0.1161
vn 0.3365 -0.9277 -0.1619
vn 0.1678 -0.9825 -0.0807
vn 0.3641 -0.9277 -0.0826
vn 0.1816 -0.9825 -0.0412
vn 0.3734 -0.9277 -0.0000
vn 0.1863 -0.9825 -0.0000
vn 0.3641 -0.9277 0.0826
vn 0.1816 -0.9825 0.0412
vn 0.3365 -0.9277 0.1618
vn 0.1678 -0.9825 0.0807
vn 0.2919 -0.9277 0.2328
vn 0.1456 -0.9825 0.1161
vn 0.2328 -0.9277 0.2919
vn 0.1161 -0.9825 0.1456
vn 0.1618 -0.9277 0.3365
vn 0.0807 -0.9825 0.1679
vn 0.0826 -0.9277 0.3641
vn 0.0412 -0.9825 0.1816
vn 0.1560 0.7093 0.6874
vn -0.0000 0.7093 0.7049
vn 0.3055 0.7094 0.6352
vn 0.4395 0.7093 0.5511
vn 0.5511 0.7093 0.4395
vn 0.6352 0.7094 0.3055
vn 0.6874 0.7093 0.1560
vn 0.7049 0.7093 -0.0000
vn 0.6874 0.7093 -0.1560
vn 0.6352 0.7094 -0.3055
vn 0.5511 0.7093 -0.4395
vn 0.4395 0.7093 -0.5511
vn 0.3055 0.7094 -0.6352
vn 0.1560 0.7093 -0.6874
vn -0.0000 0.7093 -0.7049
vn -0.1560 0.7093 -0.6874
vn -0.3055 0.7094 -0.6352
vn -0.4395 0.7093 -0.5511
vn -0.5511 0.7093 -0.4395
vn -0.6352 0.7094 -0.3055
vn -0.6874 0.7093 -0.1560
vn -0.7049 0.7093 -0.0000
vn -0.6874 0.7093 0.1560
vn -0.6352 0.7094 0.3055
vn -0.5511 0.7093 0.4395
vn -0.4395 0.7093 0.5511
vn -0.3055 0.7094 0.6352
vn -0.1560 0.7093 0.6874
vn 0.1560 -0.7093 0.6874
vn -0.0000 -0.7093 0.7049
vn 0.3055 -0.7094 0.6352
vn 0.4395 -0.7093 0.5511
vn 0.5511 -0.7093 0.4395
vn 0.6352 -0.7094 0.3055
vn 0.6874 -0.7093 0.1560
vn 0.7049 -0.7093 -0.0000
vn 0.6874 -0.7093 -0.1560
vn 0.6352 -0.7094 -0.3055
vn 0.5511 -0.7093 -0.4395
vn 0.4395 -0.7093 -0.5511
vn 0.3055 -0.7094 -0.6352
vn 0.1560 -0.7093 -0.6874
vn -0.0000 -0.7093 -0.7049
vn -0.1560 -0.7093 -0.6874
vn -0.3055 -0.7094 -0.6352
vn -0.4395 -0.7093 -0.5511
vn -0.5511 -0.7093 -0.4395
vn -0.6352 -0.7094 -0.3055
vn -0.6874 -0.7093 -0.1560
vn -0.7049 -0.7093 -0.0000
vn -0.6874 -0.7093 0.1560
vn -0.6352 -0.7094 0.3055
vn -0.5511 -0.7093 0.4395
vn -0.4395 -0.7093 0.5511
vn -0.3055 -0.7094 0.6352
vn -0.1560 -0.7093 0.6874
vn -0.0000 1.0000 -0.0000
vn -0.0000 -1.0000 -0.0000
vn 0.1497 -0.9467 0.2852
vn -0.0000 -0.9541 0.2995
vn 0.2941 -0.9245 0.2425
vn 0.4251 -0.8884 0.1732
vn 0.5364 -0.8401 0.0804
vn 0.6232 -0.7814 -0.0327
vn 0.6806 -0.7148 -0.1610
vn 0.6806 -0.7147 -0.1611
vn 0.7049 -0.6439 -0.2974
vn 0.6945 -0.5718 -0.4367
vn 0.6484 -0.5013 -0.5730
vn 0.5679 -0.4368 -0.6977
vn 0.5678 -0.4367 -0.6977
vn 0.4567 -0.3822 -0.8034
vn 0.4566 -0.3822 -0.8034
vn 0.3195 -0.3404 -0.8843
vn 0.3194 -0.3404 -0.8844
vn 0.1638 -0.3142 -0.9351
vn 0.1637 -0.3142 -0.9351
vn -0.0000 -0.3053 -0.9523
vn -0.1637 -0.3142 -0.9351
vn -0.3195 -0.3405 -0.8843
vn -0.3194 -0.3404 -0.8844
vn -0.4566 -0.3822 -0.8034
vn -0.5679 -0.4368 -0.6976
vn -0.5678 -0.4368 -0.6977
vn -0.6483 -0.5013 -0.5730
vn -0.6945 -0.5718 -0.4367
vn -0.7049 -0.6439 -0.2974
vn -0.6806 -0.7147 -0.1610
vn -0.6806 -0.7147 -0.1611
vn -0.6232 -0.7814 -0.0327
vn -0.5364 -0.8401 0.0804
vn -0.5365 -0.8401 0.0803
vn -0.4251 -0.8884 0.1732
vn -0.2941 -0.9245 0.2425
vn -0.2942 -0.9245 0.2425
vn -0.1496 -0.9467 0.2852
vn -0.1497 -0.9467 0.2852
vn -0.0000 0.3916 0.9201
vn 0.1496 0.3977 0.9052
vn 0.1498 0.3977 0.9052
vn 0.2940 0.4157 0.8607
vn 0.2943 0.4158 0.8605
vn 0.4251 0.4450 0.7882
vn 0.5364 0.4843 0.6912
vn 0.6232 0.5322 0.5731
vn 0.6806 0.5865 0.4391
vn 0.7049 0.6442 0.2967
vn 0.7049 0.6443 0.2966
vn 0.6945 0.7034 0.1514
vn 0.6484 0.7613 0.0093
vn 0.6483 0.7613 0.0092
vn 0.5679 0.8142 -0.1207
vn 0.4566 0.8592 -0.2309
vn 0.3195 0.8936 -0.3152
vn 0.3193 0.8937 -0.3153
vn 0.1637 0.9153 -0.3681
vn 0.1639 0.9152 -0.3681
vn -0.0000 0.9225 -0.3860
vn -0.1638 0.9152 -0.3681
vn -0.1637 0.9152 -0.3681
vn -0.3194 0.8936 -0.3153
vn -0.4566 0.8592 -0.2309
vn -0.5679 0.8142 -0.1208
vn -0.6484 0.7613 0.0093
vn -0.6484 0.7613 0.0092
vn -0.6945 0.7034 0.1514
vn -0.7049 0.6443 0.2967
vn -0.7049 0.6443 0.2966
vn -0.6806 0.5865 0.4391
vn -0.6231 0.5322 0.5731
vn -0.6232 0.5322 0.5730
vn -0.5363 0.4843 0.6912
vn -0.5364 0.4843 0.6912
vn -0.4251 0.4451 0.7882
vn -0.2941 0.4158 0.8606
vn -0.1496 0.3977 0.9052
vn -0.1498 0.3977 0.9052
vn 0.0001 0.9080 0.4191
vn 0.0003 0.9081 0.4186
vn 0.0001 0.9080 0.4190
vn 0.0002 0.9081 0.4187
vn 0.0003 -0.9080 -0.4190
vn 0.0001 -0.9081 -0.4188
vn 0.0002 -0.9081 -0.4187
vn 0.0001 -0.9083 -0.4184
vn 0.0001 0.9081 0.4187
vn 0.0003 0.9080 0.4189
vn 0.0003 0.9081 0.4188
vn 0.0003 -0.9082 -0.4186
vn 0.0003 -0.9081 -0.4189
vn 0.0002 -0.9081 -0.4188
vn 0.0003 -0.9079 -0.4192
vn 0.0002 -0.9080 -0.4189
vn 0.0004 0.9081 0.4189
vn 0.0003 0.9083 0.4182
vn 0.0003 -0.9079 -0.4191
vn 0.0003 0.9082 0.4185
vn 0.0002 0.9084 0.4180
vn 0.0002 0.9082 0.4185
vn 0.0002 -0.9079 -0.4193
vn 0.0002 -0.9079 -0.4192
vn 0.0002 0.9083 0.4183
vn 0.0002 0.9083 0.4184
vn -0.0000 -0.9081 -0.4188
vn 0.0002 -0.9080 -0.4191
vn 0.0001 -0.9080 -0.4189
vn -0.0000 0.9081 0.4187
vn -0.0000 -0.9080 -0.4189
vn -0.0000 0.9080 0.4189
vn -0.0000 -0.9081 -0.4187
vn -0.0000 0.9080 0.4190
vn 0.0001 0.9080 0.4189
vn 0.0002 -0.9083 -0.4183
vn -0.0001 -0.9081 -0.4187
vn 0.0001 -0.9082 -0.4185
vn 0.0002 0.9079 0.4192
vn 0.0004 0.9079 0.4192
vn 0.0002 -0.9082 -0.4185
vn 0.0002 -0.9082 -0.4186
vn 0.0003 0.9080 0.4191
vn 0.0003 -0.9082 -0.4185
vn 0.0002 -0.9083 -0.4184
vn 0.0003 0.9079 0.4192
vn 0.0003 0.9079 0.4191
vn 0.0003 0.9080 0.4190
vn -0.0000 0.9081 0.4188
vn 0.0003 -0.9080 -0.4189
vn 0.0003 -0.9081 -0.4187
vn 0.0001 0.9081 0.4188
vn 0.0002 0.9080 0.4189
vn -0.0000 0.9083 0.4184
vn -0.0002 -0.9079 -0.4192
vn 0.0004 -0.9080 -0.4189
vn -0.0002 0.9080 0.4189
vn -0.0001 0.9081 0.4187
vn -0.0003 0.9080 0.4189
vn -0.0002 -0.9081 -0.4189
vn -0.0001 -0.9080 -0.4191
vn -0.0001 0.9080 0.4189
vn -0.0003 0.9082 0.4186
vn -0.0002 0.9081 0.4188
vn -0.0003 0.9079 0.4192
vn -0.0003 -0.9082 -0.4186
vn -0.0002 -0.9080 -0.4189
vn -0.0004 -0.9081 -0.4188
vn -0.0002 -0.9081 -0.4188
vn -0.0004 0.9079 0.4192
vn -0.0003 0.9081 0.4188
vn -0.0003 0.9079 0.4191
vn -0.0003 -0.9082 -0.4185
vn -0.0003 -0.9083 -0.4184
vn -0.0004 -0.9080 -0.4190
vn -0.0003 0.9077 0.4195
vn -0.0004 0.9080 0.4189
vn -0.0002 -0.9083 -0.4184
vn -0.0001 0.9080 0.4190
vn -0.0002 0.9079 0.4192
vn -0.0002 -0.9082 -0.4185
vn -0.0002 -0.9084 -0.4181
vn -0.0002 0.9079 0.4191
vn -0.0001 -0.9082 -0.4185
vn -0.0001 -0.9083 -0.4184
vn -0.0001 0.9081 0.4188
vn -0.0001 0.9083 0.4183
vn -0.0002 0.9081 0.4187
vn -0.0001 -0.9079 -0.4192
vn -0.0002 0.9082 0.4185
vn -0.0002 0.9082 0.4186
vn -0.0002 -0.9079 -0.4193
vn -0.0002 -0.9078 -0.4193
vn -0.0002 0.9084 0.4182
vn -0.0003 0.9082 0.4185
vn -0.0003 -0.9079 -0.4192
vn -0.0003 -0.9080 -0.4189
vn -0.0004 0.9083 0.4184
vn -0.0004 -0.9079 -0.4192
vn -0.0003 -0.9079 -0.4193
vn -0.0003 0.9081 0.4187
vn -0.0003 -0.9079 -0.4191
vn -0.0001 -0.9082 -0.4184
vn -0.0002 -0.9081 -0.4187
vn -0.0001 -0.9081 -0.4188
vn -0.0000 -0.4188 0.9081
vn 0.2222 -0.4083 0.8854
vn 0.4350 -0.3771 0.8177
vn 0.6251 -0.3269 0.7088
vn 0.7831 -0.2605 0.5648
vn 0.9019 -0.1809 0.3923
vn 0.9754 -0.0923 0.2001
vn 0.9754 0.0923 -0.2001
vn 0.9019 0.1809 -0.3923
vn 0.7831 0.2604 -0.5647
vn 0.6252 0.3269 -0.7087
vn 0.4350 0.3771 -0.8177
vn 0.2222 0.4083 -0.8854
vn -0.0000 0.4188 -0.9081
vn -0.2222 0.4083 -0.8854
vn -0.4350 0.3771 -0.8177
vn -0.6252 0.3269 -0.7087
vn -0.7831 0.2604 -0.5647
vn -0.9019 0.1809 -0.3923
vn -0.9754 0.0923 -0.2001
vn -0.9754 -0.0923 0.2001
vn -0.9019 -0.1809 0.3923
vn -0.7831 -0.2605 0.5648
vn -0.6251 -0.3269 0.7088
vn -0.4349 -0.3771 0.8177
vn -0.4350 -0.3771 0.8177
vn -0.2222 -0.4083 0.8854
vn 0.2049 -0.3774 0.9031
vn 0.2173 -0.1885 0.9577
vn -0.0000 -0.1885 0.9821
vn -0.0000 -0.3774 0.9261
vn 0.4014 -0.3774 0.8345
vn 0.4257 -0.1885 0.8850
vn 0.3055 -0.7093 0.6352
vn 0.5774 -0.3774 0.7240
vn 0.6124 -0.1885 0.7678
vn 0.7240 -0.3774 0.5774
vn 0.7678 -0.1885 0.6124
vn 0.8345 -0.3775 0.4014
vn 0.8850 -0.1885 0.4257
vn 0.6352 -0.7093 0.3055
vn 0.9031 -0.3774 0.2049
vn 0.9577 -0.1885 0.2173
vn 0.9261 -0.3774 -0.0000
vn 0.9821 -0.1885 -0.0000
vn 0.9031 -0.3774 -0.2049
vn 0.9577 -0.1885 -0.2173
vn 0.8345 -0.3775 -0.4014
vn 0.8850 -0.1885 -0.4257
vn 0.7240 -0.3774 -0.5774
vn 0.7678 -0.1885 -0.6124
vn 0.5774 -0.3775 -0.7240
vn 0.6124 -0.1885 -0.7678
vn 0.4014 -0.3775 -0.8345
vn 0.4257 -0.1885 -0.8850
vn 0.2049 -0.3774 -0.9031
vn 0.2173 -0.1885 -0.9577
vn -0.0000 -0.3774 -0.9261
vn -0.0000 -0.1885 -0.9821
vn -0.2049 -0.3774 -0.9031
vn -0.2173 -0.1885 -0.9577
vn -0.4014 -0.3774 -0.8345
vn -0.4257 -0.1885 -0.8850
vn -0.3055 -0.7093 -0.6352
vn -0.5774 -0.3774 -0.7240
vn -0.6124 -0.1885 -0.7678
vn -0.7240 -0.3774 -0.5774
vn -0.7678 -0.1885 -0.6123
vn -0.8345 -0.3775 -0.4014
vn -0.8850 -0.1885 -0.4257
vn -0.6352 -0.7093 -0.3055
vn -0.9031 -0.3774 -0.2049
vn -0.9577 -0.1885 -0.2173
vn -0.9261 -0.3774 -0.0000
vn -0.9821 -0.1885 -0.0000
vn -0.9031 -0.3774 0.2049
vn -0.9577 -0.1885 0.2173
vn -0.8345 -0.3774 0.4014
vn -0.8850 -0.1885 0.4257
vn -0.7240 -0.3774 0.5774
vn -0.7678 -0.1885 0.6124
vn -0.5774 -0.3774 0.7240
vn -0.6124 -0.1885 0.7678
vn -0.4014 -0.3775 0.8345
vn -0.4257 -0.1885 0.8850
vn -0.2049 -0.3774 0.9031
vn -0.2173 -0.1885 0.9577
vn -0.0000 0.3774 0.9261
vn -0.0000 0.1885 0.9821
vn 0.2173 0.1885 0.9577
vn 0.2049 0.3774 0.9031
vn -0.0000 0.7092 0.7050
vn 0.4257 0.1885 0.8850
vn 0.4014 0.3774 0.8345
vn 0.6123 0.1885 0.7678
vn 0.5774 0.3774 0.7240
vn 0.7678 0.1885 0.6123
vn 0.7240 0.3774 0.5774
vn 0.8850 0.1885 0.4257
vn 0.8345 0.3775 0.4014
vn 0.6352 0.7093 0.3055
vn 0.9577 0.1885 0.2173
vn 0.9031 0.3774 0.2049
vn 0.9821 0.1885 -0.0000
vn 0.9261 0.3774 -0.0000
vn 0.9577 0.1885 -0.2173
vn 0.9031 0.3774 -0.2049
vn 0.8850 0.1885 -0.4257
vn 0.8345 0.3774 -0.4014
vn 0.7678 0.1885 -0.6124
vn 0.7240 0.3774 -0.5774
vn 0.6124 0.1885 -0.7678
vn 0.5774 0.3774 -0.7240
vn 0.4257 0.1885 -0.8850
vn 0.4014 0.3774 -0.8345
vn 0.3055 0.7093 -0.6352
vn 0.2173 0.1885 -0.9577
vn 0.2049 0.3774 -0.9031
vn -0.0000 0.1885 -0.9821
vn -0.0000 0.3774 -0.9261
vn -0.2173 0.1885 -0.9577
vn -0.2049 0.3774 -0.9031
vn -0.4257 0.1885 -0.8850
vn -0.4014 0.3775 -0.8345
vn -0.3055 0.7093 -0.6352
vn -0.6123 0.1885 -0.7678
vn -0.5774 0.3774 -0.7240
vn -0.7678 0.1885 -0.6123
vn -0.7240 0.3774 -0.5774
vn -0.8850 0.1885 -0.4257
vn -0.8345 0.3774 -0.4014
vn -0.0000 0.0001 -1.0000
vn -0.0000 0.0143 0.9999
vn -0.2214 0.0140 0.9751
vn -0.4334 0.0129 0.9011
vn -0.6236 0.0112 0.7817
vn -0.7817 0.0089 0.6236
vn -0.9011 0.0062 0.4335
vn -0.9752 0.0032 0.2214
vn -0.9752 -0.0032 -0.2211
vn -0.9012 -0.0062 -0.4333
vn -0.7819 -0.0089 -0.6234
vn -0.6235 -0.0112 -0.7817
vn -0.4336 -0.0129 -0.9010
vn -0.2212 -0.0140 -0.9751
vn -0.0000 -0.0143 -0.9999
vn 0.2212 -0.0140 -0.9751
vn 0.4334 -0.0129 -0.9011
vn 0.6236 -0.0112 -0.7817
vn 0.7819 -0.0089 -0.6234
vn 0.9012 -0.0062 -0.4333
vn 0.9752 -0.0032 -0.2211
vn 0.9752 0.0032 0.2213
vn 0.9011 0.0062 0.4335
vn 0.7818 0.0089 0.6235
vn 0.6234 0.0112 0.7818
vn 0.4335 0.0129 0.9011
vn 0.2216 0.0140 0.9750
vn -0.0000 0.1227 0.9924
vn -0.2223 0.1196 0.9676
vn -0.4350 0.1105 0.8936
vn -0.6252 0.0958 0.7745
vn -0.7831 0.0763 0.6172
vn -0.9019 0.0530 0.4287
vn -0.9754 0.0270 0.2187
vn -0.9754 -0.0271 -0.2187
vn -0.9019 -0.0530 -0.4286
vn -0.7831 -0.0764 -0.6171
vn -0.6252 -0.0958 -0.7745
vn -0.4351 -0.1106 -0.8936
vn -0.2223 -0.1197 -0.9676
vn -0.0000 -0.1228 -0.9924
vn 0.2222 -0.1197 -0.9676
vn 0.4351 -0.1106 -0.8936
vn 0.6252 -0.0958 -0.7745
vn 0.7831 -0.0764 -0.6171
vn 0.9019 -0.0530 -0.4286
vn 0.9754 -0.0271 -0.2187
vn 0.9754 0.0270 0.2187
vn 0.9019 0.0530 0.4286
vn 0.7831 0.0763 0.6172
vn 0.6252 0.0958 0.7745
vn 0.4350 0.1105 0.8936
vn 0.2222 0.1196 0.9676
vn -0.0000 0.3015 0.9535
vn -0.2221 0.2940 0.9297
vn -0.4349 0.2715 0.8586
vn -0.6250 0.2353 0.7443
vn -0.7830 0.1875 0.5931
vn -0.9018 0.1303 0.4120
vn -0.9754 0.0665 0.2102
vn -0.9754 -0.0665 -0.2102
vn -0.9018 -0.1303 -0.4120
vn -0.7830 -0.1875 -0.5931
vn -0.6251 -0.2353 -0.7442
vn -0.4348 -0.2715 -0.8586
vn -0.2222 -0.2940 -0.9296
vn -0.0000 -0.3015 -0.9535
vn 0.2222 -0.2940 -0.9296
vn 0.4348 -0.2715 -0.8586
vn 0.6251 -0.2353 -0.7442
vn 0.7830 -0.1875 -0.5931
vn 0.9018 -0.1303 -0.4120
vn 0.9754 -0.0665 -0.2102
vn 0.9754 0.0665 0.2102
vn 0.9018 0.1303 0.4120
vn 0.7830 0.1875 0.5931
vn 0.6250 0.2354 0.7443
vn 0.4349 0.2715 0.8586
vn 0.2221 0.2940 0.9297
vn -0.0000 0.4446 0.8957
vn -0.2217 0.4335 0.8734
vn -0.4342 0.4005 0.8069
vn -0.6244 0.3473 0.6997
vn -0.7824 0.2769 0.5578
vn -0.9015 0.1924 0.3876
vn -0.9753 0.0982 0.1978
vn -0.9753 -0.0982 -0.1978
vn -0.9015 -0.1924 -0.3876
vn -0.7825 -0.2769 -0.5578
vn -0.6244 -0.3473 -0.6996
vn -0.4343 -0.4005 -0.8068
vn -0.2219 -0.4335 -0.8734
vn -0.0000 -0.4446 -0.8957
vn 0.2218 -0.4335 -0.8734
vn 0.4343 -0.4005 -0.8068
vn 0.6244 -0.3473 -0.6997
vn 0.7825 -0.2769 -0.5578
vn 0.9015 -0.1924 -0.3876
vn 0.9753 -0.0982 -0.1978
vn 0.9753 0.0982 0.1978
vn 0.9015 0.1924 0.3876
vn 0.7824 0.2769 0.5578
vn 0.6243 0.3473 0.6997
vn 0.4342 0.4005 0.8069
vn 0.2217 0.4335 0.8734
vn -0.0000 0.5422 0.8402
vn -0.2214 0.5288 0.8194
vn -0.4338 0.4885 0.7571
vn -0.6239 0.4237 0.6567
vn -0.7820 0.3379 0.5237
vn -0.9013 0.2349 0.3640
vn -0.9753 0.1199 0.1858
vn -0.9753 -0.1198 -0.1858
vn -0.9013 -0.2347 -0.3640
vn -0.7821 -0.3377 -0.5237
vn -0.6239 -0.4235 -0.6568
vn -0.4339 -0.4882 -0.7572
vn -0.2214 -0.5284 -0.8196
vn -0.0000 -0.5418 -0.8405
vn 0.2214 -0.5284 -0.8196
vn 0.4338 -0.4882 -0.7573
vn 0.6240 -0.4235 -0.6568
vn 0.7821 -0.3377 -0.5237
vn 0.9013 -0.2347 -0.3640
vn 0.9753 -0.1198 -0.1858
vn 0.9752 0.1199 0.1858
vn 0.9013 0.2348 0.3639
vn 0.7821 0.3379 0.5236
vn 0.6239 0.4237 0.6567
vn 0.4338 0.4886 0.7571
vn 0.2215 0.5288 0.8194
vn -0.0000 0.6063 0.7953
vn -0.2208 0.5913 0.7756
vn -0.4335 0.5463 0.7167
vn -0.6236 0.4739 0.6217
vn -0.7818 0.3780 0.4958
vn -0.9012 0.2628 0.3447
vn -0.9752 0.1341 0.1759
vn -0.9752 -0.1341 -0.1759
vn -0.9012 -0.2627 -0.3447
vn -0.7819 -0.3779 -0.4958
vn -0.6237 -0.4738 -0.6217
vn -0.4336 -0.5462 -0.7167
vn -0.2215 -0.5911 -0.7756
vn -0.0000 -0.6061 -0.7954
vn 0.2218 -0.5910 -0.7756
vn 0.4336 -0.5462 -0.7167
vn 0.6237 -0.4738 -0.6217
vn 0.7819 -0.3779 -0.4958
vn 0.9012 -0.2627 -0.3446
vn 0.9752 -0.1341 -0.1759
vn 0.9752 0.1341 0.1760
vn 0.9012 0.2627 0.3447
vn 0.7818 0.3780 0.4959
vn 0.6235 0.4740 0.6217
vn 0.4335 0.5463 0.7167
vn 0.2212 0.5913 0.7756
vn -0.0000 0.6473 0.7622
vn -0.2210 0.6313 0.7434
vn -0.4333 0.5834 0.6869
vn -0.6234 0.5062 0.5960
vn -0.7817 0.4037 0.4753
vn -0.9012 0.2806 0.3304
vn -0.9752 0.1434 0.1688
vn -0.9752 -0.1433 -0.1687
vn -0.9012 -0.2806 -0.3303
vn -0.7818 -0.4037 -0.4751
vn -0.6236 -0.5062 -0.5957
vn -0.4336 -0.5836 -0.6866
vn -0.2216 -0.6315 -0.7430
vn -0.0000 -0.6476 -0.7620
vn 0.2213 -0.6316 -0.7431
vn 0.4333 -0.5836 -0.6867
vn 0.6235 -0.5063 -0.5957
vn 0.7818 -0.4038 -0.4751
vn 0.9012 -0.2806 -0.3302
vn 0.9752 -0.1433 -0.1686
vn 0.9752 0.1433 0.1687
vn 0.9012 0.2806 0.3304
vn 0.7817 0.4037 0.4753
vn 0.6234 0.5062 0.5960
vn 0.4334 0.5834 0.6869
vn 0.2210 0.6313 0.7434
vn -0.0000 0.6726 0.7400
vn -0.2211 0.6559 0.7217
vn -0.4334 0.6061 0.6669
vn -0.6234 0.5259 0.5786
vn -0.7817 0.4195 0.4615
vn -0.9012 0.2916 0.3208
vn -0.9752 0.1489 0.1638
vn -0.9752 -0.1487 -0.1636
vn -0.9013 -0.2915 -0.3206
vn -0.7819 -0.4194 -0.4613
vn -0.6240 -0.5257 -0.5782
vn -0.4338 -0.6061 -0.6666
vn -0.2215 -0.6560 -0.7215
vn -0.0000 -0.6727 -0.7399
vn 0.2215 -0.6560 -0.7215
vn 0.4338 -0.6061 -0.6667
vn 0.6236 -0.5259 -0.5784
vn 0.7819 -0.4194 -0.4613
vn 0.9012 -0.2915 -0.3207
vn 0.9752 -0.1488 -0.1637
vn 0.9752 0.1489 0.1638
vn 0.9011 0.2916 0.3208
vn 0.7818 0.4194 0.4614
vn 0.6231 0.5261 0.5788
vn 0.4334 0.6061 0.6669
vn 0.2211 0.6559 0.7217
vn -0.0000 0.6857 0.7279
vn -0.2212 0.6687 0.7099
vn -0.4333 0.6179 0.6560
vn -0.6237 0.5359 0.5690
vn -0.7818 0.4275 0.4539
vn -0.9012 0.2971 0.3154
vn -0.9752 0.1517 0.1611
vn -0.9753 -0.1515 -0.1608
vn -0.9012 -0.2972 -0.3155
vn -0.7820 -0.4274 -0.4537
vn -0.6237 -0.5360 -0.5689
vn -0.4333 -0.6180 -0.6560
vn -0.2214 -0.6687 -0.7098
vn -0.0000 -0.6857 -0.7279
vn 0.2214 -0.6687 -0.7098
vn 0.4336 -0.6179 -0.6559
vn 0.6237 -0.5360 -0.5690
vn 0.7817 -0.4277 -0.4540
vn 0.9012 -0.2972 -0.3155
vn 0.9752 -0.1519 -0.1612
vn 0.9751 0.1520 0.1613
vn 0.9010 0.2974 0.3158
vn 0.7816 0.4277 0.4541
vn 0.6234 0.5361 0.5692
vn 0.4333 0.6179 0.6560
vn 0.2212 0.6687 0.7099
vn -0.0000 0.6884 0.7253
vn -0.2213 0.6714 0.7073
vn -0.4335 0.6204 0.6536
vn -0.6236 0.5382 0.5670
vn -0.7818 0.4292 0.4522
vn -0.9012 0.2984 0.3143
vn -0.9752 0.1523 0.1604
vn -1.0000 -0.0001 -0.0001
vn -0.9752 -0.1524 -0.1606
vn -0.9011 -0.2985 -0.3145
vn -0.7817 -0.4293 -0.4523
vn -0.6235 -0.5382 -0.5671
vn -0.4334 -0.6204 -0.6536
vn -0.2213 -0.6714 -0.7073
vn -0.0000 -0.6884 -0.7253
vn 0.2213 -0.6714 -0.7073
vn 0.4334 -0.6204 -0.6536
vn 0.6235 -0.5382 -0.5671
vn 0.7817 -0.4293 -0.4523
vn 0.9011 -0.2985 -0.3145
vn 0.9752 -0.1524 -0.1606
vn 1.0000 -0.0001 -0.0001
vn 0.9752 0.1523 0.1604
vn 0.9012 0.2984 0.3143
vn 0.7818 0.4292 0.4522
vn 0.6236 0.5382 0.5670
vn 0.4335 0.6204 0.6536
vn 0.2213 0.6714 0.7073
vn -0.0000 0.6813 0.7320
vn -0.2214 0.6644 0.7138
vn -0.4337 0.6139 0.6596
vn -0.6236 0.5326 0.5722
vn -0.7819 0.4248 0.4564
vn -0.9014 0.2950 0.3169
vn -0.9753 0.1506 0.1618
vn -1.0000 0.0001 0.0001
vn -0.9752 -0.1507 -0.1619
vn -0.9011 -0.2953 -0.3173
vn -0.7815 -0.4250 -0.4567
vn -0.6232 -0.5328 -0.5725
vn -0.4332 -0.6140 -0.6598
vn -0.2212 -0.6644 -0.7139
vn -0.0000 -0.6812 -0.7321
vn 0.2212 -0.6644 -0.7139
vn 0.4332 -0.6140 -0.6598
vn 0.6232 -0.5328 -0.5725
vn 0.7817 -0.4249 -0.4565
vn 0.9011 -0.2953 -0.3173
vn 0.9752 -0.1508 -0.1620
vn 0.9752 0.1507 0.1619
vn 0.9014 0.2950 0.3169
vn 0.7819 0.4248 0.4564
vn 0.6236 0.5326 0.5722
vn 0.4333 0.6141 0.6597
vn 0.2214 0.6644 0.7138
vn -0.0000 0.6633 0.7484
vn -0.2215 0.6468 0.7298
vn -0.4339 0.5976 0.6742
vn -0.6237 0.5184 0.5850
vn -0.7818 0.4135 0.4666
vn -0.9012 0.2875 0.3244
vn -0.9752 0.1467 0.1656
vn -0.9752 -0.1468 -0.1657
vn -0.9011 -0.2875 -0.3246
vn -0.7817 -0.4135 -0.4668
vn -0.6234 -0.5185 -0.5853
vn -0.4335 -0.5976 -0.6746
vn -0.2210 -0.6467 -0.7300
vn -0.0000 -0.6631 -0.7485
vn 0.2210 -0.6467 -0.7300
vn 0.4330 -0.5977 -0.6747
vn 0.6234 -0.5185 -0.5853
vn 0.7817 -0.4135 -0.4668
vn 0.9012 -0.2874 -0.3244
vn 0.9752 -0.1468 -0.1657
vn 0.9752 0.1467 0.1655
vn 0.9012 0.2875 0.3244
vn 0.7818 0.4135 0.4666
vn 0.6237 0.5184 0.5850
vn 0.4339 0.5976 0.6743
vn 0.2215 0.6468 0.7298
vn -0.0000 0.6316 0.7753
vn -0.2217 0.6158 0.7560
vn -0.4337 0.5691 0.6986
vn -0.6236 0.4937 0.6061
vn -0.7818 0.3937 0.4835
vn -0.9012 0.2737 0.3361
vn -0.9752 0.1397 0.1716
vn -0.9752 -0.1398 -0.1717
vn -0.9011 -0.2737 -0.3363
vn -0.7818 -0.3936 -0.4837
vn -0.6234 -0.4935 -0.6065
vn -0.4334 -0.5688 -0.6990
vn -0.2209 -0.6155 -0.7565
vn -0.0000 -0.6311 -0.7757
vn 0.2209 -0.6155 -0.7565
vn 0.4334 -0.5688 -0.6990
vn 0.6235 -0.4935 -0.6064
vn 0.7818 -0.3936 -0.4837
vn 0.9011 -0.2737 -0.3362
vn 0.9752 -0.1397 -0.1717
vn 0.9752 0.1397 0.1716
vn 0.9011 0.2737 0.3362
vn 0.7818 0.3937 0.4835
vn 0.6236 0.4937 0.6061
vn 0.4336 0.5691 0.6987
vn 0.2217 0.6158 0.7560
vn -0.0000 0.5804 0.8143
vn -0.2214 0.5660 0.7941
vn -0.4337 0.5230 0.7338
vn -0.6237 0.4537 0.6365
vn -0.7819 0.3619 0.5076
vn -0.9012 0.2515 0.3529
vn -0.9752 0.1284 0.1801
vn -0.9752 -0.1285 -0.1802
vn -0.9012 -0.2516 -0.3529
vn -0.7819 -0.3620 -0.5076
vn -0.6236 -0.4539 -0.6365
vn -0.4336 -0.5232 -0.7337
vn -0.2212 -0.5663 -0.7940
vn -0.0000 -0.5806 -0.8142
vn 0.2213 -0.5662 -0.7940
vn 0.4335 -0.5232 -0.7337
vn 0.6236 -0.4539 -0.6365
vn 0.7819 -0.3620 -0.5076
vn 0.9012 -0.2516 -0.3529
vn 0.9752 -0.1284 -0.1801
vn 0.9752 0.1284 0.1801
vn 0.9012 0.2515 0.3529
vn 0.7819 0.3619 0.5076
vn 0.6237 0.4537 0.6365
vn 0.4336 0.5230 0.7338
vn 0.2214 0.5660 0.7941
vn -0.0000 0.5018 0.8650
vn -0.2216 0.4893 0.8435
vn -0.4340 0.4521 0.7793
vn -0.6240 0.3922 0.6759
vn -0.7822 0.3127 0.5389
vn -0.9014 0.2173 0.3745
vn -0.9753 0.1109 0.1911
vn -0.9753 -0.1110 -0.1912
vn -0.9014 -0.2175 -0.3744
vn -0.7822 -0.3129 -0.5387
vn -0.6241 -0.3925 -0.6756
vn -0.4339 -0.4526 -0.7790
vn -0.2214 -0.4899 -0.8432
vn -0.0000 -0.5024 -0.8646
vn 0.2215 -0.4899 -0.8432
vn 0.4339 -0.4526 -0.7790
vn 0.6241 -0.3925 -0.6756
vn 0.7822 -0.3129 -0.5387
vn 0.9014 -0.2175 -0.3745
vn 0.9753 -0.1110 -0.1911
vn 0.9753 0.1110 0.1912
vn 0.9014 0.2173 0.3745
vn 0.7822 0.3127 0.5388
vn 0.6241 0.3921 0.6758
vn 0.4340 0.4521 0.7793
vn 0.2216 0.4893 0.8435
vn -0.0000 0.3838 0.9234
vn -0.2219 0.3742 0.9004
vn -0.4346 0.3457 0.8317
vn -0.6247 0.2997 0.7211
vn -0.7827 0.2389 0.5747
vn -0.9017 0.1660 0.3993
vn -0.9753 0.0847 0.2038
vn -0.9753 -0.0847 -0.2038
vn -0.9017 -0.1660 -0.3993
vn -0.7827 -0.2389 -0.5747
vn -0.6247 -0.2997 -0.7211
vn -0.4345 -0.3457 -0.8317
vn -0.2219 -0.3742 -0.9004
vn -0.0000 -0.3838 -0.9234
vn 0.2219 -0.3742 -0.9004
vn 0.4345 -0.3457 -0.8317
vn 0.6247 -0.2997 -0.7211
vn 0.7827 -0.2389 -0.5748
vn 0.9017 -0.1659 -0.3993
vn 0.9753 -0.0847 -0.2038
vn 0.9753 0.0847 0.2038
vn 0.9017 0.1660 0.3993
vn 0.7827 0.2389 0.5747
vn 0.6247 0.2997 0.7211
vn 0.4346 0.3457 0.8317
vn 0.2220 0.3742 0.9004
vn -0.0000 0.2144 0.9767
vn -0.2224 0.2091 0.9523
vn -0.4353 0.1930 0.8794
vn -0.6255 0.1673 0.7621
vn -0.7833 0.1333 0.6071
vn -0.9020 0.0926 0.4216
vn -0.9754 0.0472 0.2151
vn -0.9755 -0.0472 -0.2151
vn -0.9020 -0.0926 -0.4217
vn -0.7833 -0.1333 -0.6072
vn -0.6254 -0.1673 -0.7621
vn -0.4353 -0.1930 -0.8794
vn -0.2223 -0.2091 -0.9523
vn -0.0001 -0.2144 -0.9767
vn 0.0001 -0.2144 -0.9767
vn 0.2224 -0.2091 -0.9523
vn 0.4353 -0.1930 -0.8794
vn 0.6255 -0.1673 -0.7621
vn 0.7833 -0.1333 -0.6072
vn 0.9020 -0.0926 -0.4217
vn 0.9755 -0.0472 -0.2151
vn 0.9754 0.0472 0.2151
vn 0.9020 0.0926 0.4216
vn 0.7833 0.1333 0.6071
vn 0.6255 0.1673 0.7621
vn 0.4353 0.1930 0.8793
vn 0.2224 0.2091 0.9523
vn -0.0000 -0.0003 1.0000
vn -0.2227 -0.0003 0.9749
vn -0.4359 -0.0003 0.9000
vn -0.6261 -0.0002 0.7798
vn -0.7838 -0.0002 0.6210
vn -0.9023 -0.0001 0.4311
vn -0.9755 -0.0001 0.2199
vn -0.9755 0.0001 -0.2199
vn -0.9023 0.0001 -0.4311
vn -0.7838 0.0002 -0.6210
vn -0.6261 0.0002 -0.7798
vn -0.4358 0.0003 -0.9000
vn -0.2227 0.0003 -0.9749
vn -0.0000 0.0003 -1.0000
vn 0.2227 0.0003 -0.9749
vn 0.4358 0.0003 -0.9000
vn 0.6261 0.0002 -0.7797
vn 0.7838 0.0002 -0.6210
vn 0.9023 0.0001 -0.4311
vn 0.9755 0.0001 -0.2199
vn 0.9755 -0.0001 0.2199
vn 0.9023 -0.0001 0.4311
vn 0.7838 -0.0002 0.6210
vn 0.6261 -0.0002 0.7798
vn 0.4359 -0.0003 0.9000
vn 0.2227 -0.0003 0.9749
vn -0.0000 -0.2257 0.9742
vn -0.2226 -0.2201 0.9497
vn -0.4357 -0.2032 0.8769
vn -0.6259 -0.1760 0.7597
vn -0.7837 -0.1402 0.6051
vn -0.9022 -0.0973 0.4201
vn -0.9755 -0.0497 0.2143
vn -0.9755 0.0497 -0.2143
vn -0.9022 0.0974 -0.4202
vn -0.7837 0.1402 -0.6051
vn -0.6259 0.1760 -0.7598
vn -0.4356 0.2032 -0.8769
vn -0.2226 0.2201 -0.9498
vn -0.0000 0.2257 -0.9742
vn 0.2226 0.2201 -0.9498
vn 0.4356 0.2032 -0.8769
vn 0.6259 0.1760 -0.7598
vn 0.7837 0.1402 -0.6051
vn 0.9022 0.0974 -0.4202
vn 0.9755 0.0497 -0.2143
vn 0.9755 -0.0497 0.2143
vn 0.9022 -0.0973 0.4201
vn 0.7837 -0.1402 0.6051
vn 0.6259 -0.1760 0.7597
vn 0.4357 -0.2032 0.8769
vn 0.2226 -0.2201 0.9497
vn -0.0000 -0.3329 0.9430
vn -0.2214 -0.3247 0.9196
vn -0.4335 -0.3000 0.8498
vn -0.6236 -0.2603 0.7372
vn -0.7818 -0.2076 0.5880
vn -0.9012 -0.1443 0.4087
vn -0.9752 -0.0737 0.2087
vn -0.9752 0.0737 -0.2087
vn -0.9011 0.1443 -0.4088
vn -0.7818 0.2076 -0.5880
vn -0.6235 0.2603 -0.7372
vn -0.4334 0.3000 -0.8498
vn -0.2212 0.3247 -0.9196
vn -0.0000 0.3329 -0.9430
vn 0.2212 0.3247 -0.9196
vn 0.4335 0.3000 -0.8498
vn 0.6235 0.2603 -0.7372
vn 0.7818 0.2076 -0.5880
vn 0.9012 0.1443 -0.4087
vn 0.9752 0.0737 -0.2087
vn 0.9752 -0.0737 0.2087
vn 0.9012 -0.1443 0.4087
vn 0.7818 -0.2076 0.5880
vn 0.6235 -0.2603 0.7372
vn 0.4335 -0.3000 0.8498
vn 0.2214 -0.3247 0.9196
vn -0.0000 -0.5610 0.8278
vn -0.2218 -0.5470 0.8072
vn -0.2213 -0.4886 0.8440
vn -0.0000 -0.5011 0.8654
vn -0.4344 -0.5053 0.7456
vn -0.4335 -0.4516 0.7799
vn -0.6245 -0.4382 0.6466
vn -0.6235 -0.3917 0.6766
vn -0.7826 -0.3493 0.5154
vn -0.7818 -0.3124 0.5396
vn -0.9016 -0.2427 0.3581
vn -0.9012 -0.2172 0.3751
vn -0.9753 -0.1238 0.1827
vn -0.9752 -0.1109 0.1915
vn -0.9753 0.1239 -0.1828
vn -0.9752 0.1109 -0.1915
vn -0.9016 0.2427 -0.3581
vn -0.9012 0.2172 -0.3751
vn -0.7825 0.3493 -0.5154
vn -0.7818 0.3124 -0.5396
vn -0.6245 0.4382 -0.6466
vn -0.6235 0.3918 -0.6766
vn -0.4343 0.5053 -0.7457
vn -0.4334 0.4516 -0.7799
vn -0.2218 0.5470 -0.8072
vn -0.2213 0.4887 -0.8440
vn -0.0000 0.5610 -0.8278
vn -0.0000 0.5011 -0.8654
vn 0.2218 0.5470 -0.8072
vn 0.2213 0.4887 -0.8440
vn 0.4343 0.5053 -0.7457
vn 0.4335 0.4516 -0.7799
vn 0.6245 0.4381 -0.6465
vn 0.6235 0.3917 -0.6766
vn 0.7826 0.3493 -0.5154
vn 0.7818 0.3124 -0.5396
vn 0.9016 0.2427 -0.3581
vn 0.9012 0.2172 -0.3751
vn 0.9753 0.1239 -0.1828
vn 0.9752 0.1109 -0.1915
vn 0.9753 -0.1238 0.1827
vn 0.9752 -0.1109 0.1915
vn 0.9016 -0.2427 0.3581
vn 0.9012 -0.2172 0.3751
vn 0.7826 -0.3493 0.5154
vn 0.7818 -0.3124 0.5396
vn 0.6245 -0.4382 0.6466
vn 0.6235 -0.3917 0.6766
vn 0.4344 -0.5053 0.7456
vn 0.4335 -0.4516 0.7799
vn 0.2218 -0.5470 0.8072
vn 0.2213 -0.4887 0.8439
vn 0.0001 -0.5610 0.8278
vn -0.0000 -0.6585 0.7526
vn -0.2216 -0.6421 0.7339
vn -0.4339 -0.5933 0.6780
vn -0.6240 -0.5146 0.5881
vn -0.7822 -0.4103 0.4688
vn -0.9014 -0.2852 0.3258
vn -0.9753 -0.1456 0.1663
vn -0.9753 0.1457 -0.1663
vn -0.9014 0.2854 -0.3258
vn -0.7821 0.4106 -0.4687
vn -0.6239 0.5150 -0.5878
vn -0.4339 0.5938 -0.6777
vn -0.2214 0.6427 -0.7334
vn -0.0000 0.6590 -0.7521
vn 0.2213 0.6427 -0.7335
vn 0.4339 0.5938 -0.6777
vn 0.6240 0.5149 -0.5877
vn 0.7821 0.4106 -0.4687
vn 0.9014 0.2854 -0.3258
vn 0.9753 0.1457 -0.1663
vn 0.9753 -0.1456 0.1663
vn 0.9014 -0.2852 0.3258
vn 0.7822 -0.4104 0.4689
vn 0.6240 -0.5146 0.5880
vn 0.4339 -0.5933 0.6780
vn 0.2216 -0.6421 0.7339
vn -0.0001 -0.6970 0.7170
vn -0.2212 -0.6798 0.6993
vn -0.4335 -0.6282 0.6461
vn -0.6234 -0.5451 0.5605
vn -0.7817 -0.4348 0.4471
vn -0.9011 -0.3024 0.3108
vn -0.9752 -0.1544 0.1587
vn -0.9752 0.1545 -0.1586
vn -0.9011 0.3026 -0.3106
vn -0.7817 0.4353 -0.4466
vn -0.6233 0.5458 -0.5600
vn -0.4333 0.6291 -0.6453
vn -0.2210 0.6808 -0.6983
vn -0.0000 0.6981 -0.7160
vn 0.2210 0.6808 -0.6983
vn 0.4333 0.6291 -0.6453
vn 0.6234 0.5458 -0.5599
vn 0.7817 0.4353 -0.4467
vn 0.9011 0.3026 -0.3106
vn 0.9752 0.1545 -0.1586
vn 0.9752 -0.1544 0.1586
vn 0.9011 -0.3023 0.3107
vn 0.7817 -0.4349 0.4470
vn 0.6234 -0.5451 0.5605
vn 0.4334 -0.6282 0.6461
vn 0.2218 -0.6797 0.6992
vn -0.0000 -0.6970 0.7170
vn -0.0000 -0.7533 0.6577
vn -0.2212 -0.7346 0.6414
vn -0.2215 -0.7346 0.6414
vn -0.4334 -0.6788 0.5928
vn -0.4333 -0.6788 0.5928
vn -0.6234 -0.5889 0.5144
vn -0.7817 -0.4696 0.4103
vn -0.7817 -0.4697 0.4103
vn -0.9011 -0.3265 0.2853
vn -0.9752 -0.1666 0.1457
vn -0.9752 0.1666 -0.1458
vn -0.9011 0.3263 -0.2855
vn -0.9011 0.3263 -0.2856
vn -0.7817 0.4692 -0.4108
vn -0.7817 0.4693 -0.4108
vn -0.6234 0.5882 -0.5151
vn -0.6233 0.5884 -0.5151
vn -0.4334 0.6780 -0.5937
vn -0.2212 0.7336 -0.6425
vn -0.2209 0.7337 -0.6425
vn -0.0000 0.7523 -0.6588
vn 0.2212 0.7337 -0.6425
vn 0.2209 0.7337 -0.6426
vn 0.4334 0.6780 -0.5937
vn 0.4332 0.6781 -0.5938
vn 0.6234 0.5883 -0.5150
vn 0.6233 0.5884 -0.5151
vn 0.7817 0.4693 -0.4107
vn 0.7817 0.4693 -0.4108
vn 0.9011 0.3263 -0.2855
vn 0.9011 0.3264 -0.2856
vn 0.9752 0.1666 -0.1457
vn 0.9752 0.1666 -0.1458
vn 0.9752 -0.1667 0.1457
vn 0.9752 -0.1666 0.1457
vn 0.9011 -0.3265 0.2853
vn 0.7817 -0.4697 0.4103
vn 0.6234 -0.5889 0.5143
vn 0.6234 -0.5889 0.5144
vn 0.4334 -0.6788 0.5928
vn 0.4335 -0.6788 0.5928
vn 0.2212 -0.7346 0.6414
vn 0.2215 -0.7345 0.6414
vn 0.0063 -0.6589 -0.7522
vn 0.0001 -0.6580 -0.7530
vn -0.0001 -0.6579 -0.7531
vn -0.0001 0.6577 0.7533
vn -0.0000 0.6577 0.7533
vn 0.0115 -0.6617 -0.7497
vn 0.0059 -0.6587 -0.7524
vn -0.0002 0.6578 0.7532
vn -0.0000 0.6578 0.7532
vn 0.0145 -0.6660 -0.7458
vn -0.0003 0.6579 0.7531
vn -0.0004 0.6579 0.7531
vn -0.0003 0.6581 0.7530
vn 0.0147 -0.6708 -0.7415
vn 0.0148 -0.6708 -0.7415
vn -0.0001 0.6579 0.7531
vn -0.0003 0.6580 0.7530
vn -0.0000 0.6579 0.7531
vn 0.0122 -0.6752 -0.7375
vn -0.0003 0.6582 0.7529
vn -0.0000 0.6580 0.7530
vn 0.0074 -0.6784 -0.7346
vn -0.0001 0.6583 0.7528
vn -0.0000 0.6581 0.7529
vn 0.0012 -0.6797 -0.7334
vn 0.0012 -0.6798 -0.7334
vn -0.0000 0.6583 0.7528
vn -0.0000 0.6582 0.7528
vn -0.0050 -0.6790 -0.7341
vn -0.0050 -0.6790 -0.7342
vn -0.0000 0.6583 0.7527
vn -0.0000 0.6584 0.7527
vn -0.0101 -0.6762 -0.7366
vn -0.0101 -0.6763 -0.7366
vn -0.0001 0.6585 0.7525
vn -0.0000 0.6585 0.7526
vn -0.0131 -0.6722 -0.7403
vn -0.0130 -0.6722 -0.7403
vn -0.0001 0.6583 0.7527
vn -0.0001 0.6587 0.7524
vn -0.0000 0.6586 0.7525
vn -0.0133 -0.6676 -0.7444
vn -0.0002 0.6584 0.7526
vn -0.0002 0.6584 0.7527
vn -0.0000 0.6587 0.7524
vn -0.0107 -0.6633 -0.7483
vn -0.0108 -0.6633 -0.7483
vn -0.0002 0.6586 0.7525
vn -0.0000 0.6588 0.7523
vn -0.0060 -0.6603 -0.7510
vn -0.0002 0.6587 0.7524
vn 0.0001 -0.6592 -0.7520
vn -0.0003 -0.6591 -0.7521
vn -0.0001 0.6588 0.7523
vn 0.0061 -0.6599 -0.7513
vn 0.0001 0.6588 0.7523
vn 0.0112 -0.6626 -0.7489
vn 0.0112 -0.6626 -0.7488
vn 0.0002 0.6588 0.7523
vn 0.0142 -0.6667 -0.7452
vn 0.0003 0.6587 0.7524
vn 0.0145 -0.6713 -0.7410
vn 0.0003 0.6585 0.7525
vn 0.0002 0.6584 0.7527
vn 0.0120 -0.6755 -0.7372
vn 0.0120 -0.6756 -0.7372
vn 0.0003 0.6585 0.7526
vn 0.0073 -0.6786 -0.7345
vn 0.0001 0.6584 0.7527
vn -0.0050 -0.6788 -0.7343
vn -0.0051 -0.6788 -0.7343
vn -0.0102 -0.6759 -0.7369
vn -0.0102 -0.6760 -0.7369
vn -0.0132 -0.6717 -0.7407
vn 0.0001 0.6582 0.7528
vn -0.0135 -0.6669 -0.7450
vn 0.0002 0.6581 0.7529
vn 0.0001 0.6578 0.7532
vn -0.0110 -0.6624 -0.7490
vn 0.0002 0.6580 0.7530
vn 0.0003 0.6581 0.7530
vn 0.0003 0.6579 0.7531
vn -0.0061 -0.6593 -0.7519
vn 0.0002 0.6579 0.7531
vn 0.0004 0.6580 0.7531
vn 0.0001 0.6577 0.7532
vn -0.2212 -0.0000 0.9752
vn -0.9577 0.1885 -0.2173
vn -0.9031 0.3774 -0.2049
vn -0.9821 0.1885 -0.0000
vn -0.9261 0.3773 -0.0000
vn -0.9577 0.1885 0.2173
vn -0.9031 0.3774 0.2049
vn -0.8850 0.1885 0.4257
vn -0.8345 0.3775 0.4014
vn -0.6352 0.7093 0.3055
vn -0.7678 0.1885 0.6124
vn -0.7240 0.3774 0.5774
vn -0.6124 0.1885 0.7678
vn -0.5774 0.3774 0.7240
vn -0.4257 0.1885 0.8850
vn -0.4014 0.3774 0.8345
vn -0.3055 0.7093 0.6352
vn -0.2173 0.1885 0.9577
vn -0.2049 0.3774 0.9031
vn 0.0888 0.0835 -0.9925
vn -0.0000 0.0756 -0.9971
vn -0.0000 0.3621 -0.9321
vn 0.0831 0.3848 -0.9193
vn -0.9935 0.1100 -0.0294
vn -0.9097 0.0851 0.4065
vn -0.8408 0.3851 0.3804
vn -0.8919 0.4517 -0.0231
vn -0.1665 0.1974 0.9661
vn -0.0000 0.2210 0.9753
vn 0.7410 0.0761 0.6671
vn 0.9096 0.0852 0.4067
vn 0.8408 0.3852 0.3805
vn 0.6970 0.3549 0.6231
vn -0.0000 0.9992 0.0397
vn -0.0000 0.9985 0.0539
vn 0.2684 0.9561 0.1173
vn 0.2682 0.9596 0.0849
vn 0.0527 0.9662 -0.2524
vn 0.0580 0.9971 -0.0487
vn 0.2210 0.9749 -0.0264
vn 0.1767 0.9642 -0.1978
vn -0.5939 0.7539 -0.2811
vn -0.5721 0.8202 -0.0043
vn -0.5063 0.8321 -0.2265
vn -0.2637 0.8041 0.5329
vn -0.0876 0.8875 0.4523
vn -0.0668 0.9246 0.3751
vn -0.2130 0.8664 0.4517
vn 0.6007 0.3815 0.7026
vn 0.5211 0.7182 0.4611
vn 0.4430 0.7363 0.5115
vn 0.8890 0.1223 -0.4412
vn 0.8891 0.1223 -0.4411
vn 0.8919 0.4517 -0.0231
vn 0.9935 0.1100 -0.0295
vn -0.0000 0.9620 -0.2730
vn -0.0000 0.9965 -0.0833
vn -0.8891 0.1223 -0.4411
vn -0.8891 0.1223 -0.4412
vn -0.2210 0.9749 -0.0264
vn -0.2413 0.9622 0.1265
vn -0.0825 0.9946 0.0623
vn -0.0587 0.9971 -0.0486
vn -0.4341 0.1445 0.8892
vn -0.4341 0.1446 0.8892
vn -0.0531 0.9773 0.2050
vn -0.0000 0.9850 0.1728
vn -0.0000 0.9956 0.0941
vn -0.0590 0.9912 0.1189
vn 0.6444 0.0892 0.7595
vn 0.2202 0.9483 0.2285
vn 0.2413 0.9622 0.1266
vn 0.0850 0.9944 0.0629
vn 0.0617 0.9909 0.1196
vn 0.3105 0.4271 -0.8492
vn 0.0548 0.7567 -0.6515
vn 0.1960 0.7901 -0.5808
vn 0.5721 0.8202 -0.0043
vn 0.5939 0.7539 -0.2811
vn 0.5063 0.8321 -0.2265
vn 0.1501 0.9118 -0.3823
vn 0.3300 0.9292 -0.1665
vn 0.2764 0.9094 -0.3108
vn 0.3772 0.9261 -0.0000
vn 0.0398 0.8966 -0.4411
vn 0.3786 0.8205 -0.4284
vn 0.5882 0.4593 -0.6656
vn -0.0548 0.7567 -0.6515
vn -0.0831 0.3848 -0.9193
vn -0.3105 0.4271 -0.8492
vn -0.1960 0.7901 -0.5808
vn -0.0527 0.9662 -0.2524
vn -0.1767 0.9642 -0.1978
vn -0.3786 0.8205 -0.4284
vn -0.3300 0.9292 -0.1665
vn -0.2764 0.9094 -0.3107
vn -0.3772 0.9261 -0.0000
vn -0.5882 0.4594 -0.6656
vn -0.1501 0.9118 -0.3823
vn -0.0398 0.8966 -0.4411
vn -0.5211 0.7182 0.4611
vn -0.6971 0.3549 0.6230
vn -0.6007 0.3816 0.7026
vn -0.4430 0.7363 0.5115
vn -0.2202 0.9483 0.2284
vn -0.1725 0.9454 0.2764
vn -0.3561 0.7848 0.5072
vn -0.1545 0.9323 0.3271
vn -0.2667 0.8807 0.3915
vn -0.0440 0.9635 0.2639
vn -0.5233 0.4274 0.7372
vn -0.3083 0.8742 0.3752
vn -0.3668 0.8693 0.3312
vn 0.0668 0.9246 0.3751
vn 0.0876 0.8875 0.4523
vn 0.2637 0.8041 0.5329
vn 0.2130 0.8664 0.4517
vn 0.0531 0.9773 0.2050
vn 0.1725 0.9454 0.2764
vn 0.3561 0.7848 0.5072
vn 0.3084 0.8742 0.3752
vn 0.2667 0.8807 0.3915
vn 0.3668 0.8693 0.3312
vn 0.5233 0.4273 0.7372
vn 0.1545 0.9323 0.3271
vn 0.0440 0.9635 0.2639
vn 0.6577 0.1199 -0.7436
vn 0.3477 0.1034 -0.9319
vn -0.0000 0.8871 -0.4616
vn -0.0000 0.7370 -0.6759
vn -0.6577 0.1199 -0.7436
vn -0.3477 0.1034 -0.9319
vn -0.0888 0.0835 -0.9925
vn -0.4015 0.8951 0.1938
vn -0.5911 0.7582 0.2752
vn -0.5749 0.1077 0.8111
vn -0.6443 0.0892 0.7595
vn -0.7412 0.0760 0.6669
vn -0.0000 0.9710 0.2389
vn -0.0000 0.9406 0.3394
vn -0.0000 0.9121 0.4100
vn 0.5750 0.1076 0.8111
vn 0.4341 0.1445 0.8892
vn 0.1665 0.1974 0.9661
vn 0.1665 0.1975 0.9661
vn 0.4015 0.8951 0.1938
vn 0.5911 0.7582 0.2752
vn -0.2678 0.9563 0.1174
vn -0.1817 0.9295 0.3208
vn -0.0000 0.9340 0.3574
vn 0.1829 0.9293 0.3209
vn -0.2691 0.9594 0.0849
vn 0.2751 0.9555 0.1069
vn 0.1798 0.9824 0.0509
vn -0.0000 1.0000 0.0055
vn -0.1377 0.9589 0.2479
vn -0.0000 0.9365 0.3506
vn -0.2720 0.9564 0.1063
vn 0.1422 0.9581 0.2487
vn -0.1815 0.9821 0.0511
vn 0.2683 0.9596 0.0849
vn -0.0000 0.7025 -0.7117
vn -0.1817 0.9295 0.3209
vn -0.0000 0.9339 0.3575
vn -0.2679 0.9563 0.1174
vn 0.1830 0.9293 0.3210
vn -0.2692 0.9593 0.0849
vn -0.0000 -0.6511 -0.7590
vn -0.0000 -0.6510 -0.7591
vn -0.0000 -0.6512 -0.7589
vn 0.0010 -1.0000 -0.0050
vn 0.0071 -0.9997 0.0254
vn 0.0039 -1.0000 0.0027
vn 0.0011 -1.0000 -0.0050
vn -0.0000 -0.9999 0.0168
vn 0.0089 -0.9988 0.0482
vn 0.0035 -0.9982 0.0601
vn 0.0035 -0.9982 0.0602
vn -0.0000 -0.9994 0.0341
vn -0.0039 -1.0000 0.0027
vn -0.0084 -0.9988 0.0489
vn -0.0030 -0.9981 0.0608
vn -0.0035 -0.9982 0.0601
vn -0.0071 -0.9997 0.0254
vn -0.0005 -1.0000 -0.0051
vn -0.0012 -1.0000 -0.0048
vn -0.0010 -1.0000 -0.0050
vt 0.015228 0.258282
vt 0.181641 0.258282
vt 0.181637 0.253117
vt 0.017622 0.252385
vt 0.362796 0.243577
vt 0.362796 0.129492
vt 0.357550 0.129499
vt 0.356949 0.241362
vt 0.348026 0.000592
vt 0.181757 0.000592
vt 0.181760 0.005755
vt 0.345803 0.006403
vt 0.000592 0.015296
vt 0.000592 0.129379
vt 0.005842 0.129373
vt 0.006439 0.017510
vt 0.201461 0.473380
vt 0.201461 0.368469
vt 0.044217 0.368469
vt 0.044217 0.473380
vt 0.020181 0.241720
vt 0.020325 0.238485
vt 0.017083 0.238624
vt 0.017018 0.241778
vt 0.355146 0.244949
vt 0.353292 0.240151
vt 0.351829 0.243323
vt 0.349399 0.008206
vt 0.344582 0.010049
vt 0.347765 0.011513
vt 0.008243 0.013924
vt 0.010097 0.018722
vt 0.011560 0.015550
vt 0.002778 0.248012
vt 0.008130 0.244729
vt 0.006424 0.241145
vt 0.000592 0.243484
vt 0.181637 0.241854
vt 0.181637 0.238303
vt 0.360896 0.248498
vt 0.346200 0.238803
vt 0.346150 0.129504
vt 0.342562 0.129507
vt 0.342951 0.238654
vt 0.352959 0.002481
vt 0.343229 0.017132
vt 0.181760 0.017016
vt 0.181760 0.020566
vt 0.343086 0.020377
vt 0.002493 0.010375
vt 0.017190 0.020070
vt 0.017245 0.129366
vt 0.020834 0.129364
vt 0.020439 0.020219
vt 0.014020 0.250613
vt 0.018830 0.248766
vt 0.015660 0.247313
vt 0.010034 0.239957
vt 0.011464 0.243110
vt 0.016908 0.244607
vt 0.014182 0.241879
vt 0.014709 0.244071
vt 0.013627 0.239112
vt 0.019687 0.245171
vt 0.013026 0.245737
vt 0.010741 0.247994
vt 0.344413 0.248973
vt 0.345615 0.252595
vt 0.349205 0.250865
vt 0.347588 0.247534
vt 0.343080 0.241901
vt 0.346254 0.241969
vt 0.350243 0.245969
vt 0.349103 0.242080
vt 0.348564 0.244283
vt 0.349670 0.239297
vt 0.352520 0.248260
vt 0.346352 0.244811
vt 0.343564 0.245366
vt 0.353423 0.018915
vt 0.357059 0.017722
vt 0.355331 0.014137
vt 0.351986 0.015746
vt 0.346338 0.020241
vt 0.346404 0.017075
vt 0.350418 0.013098
vt 0.346515 0.014232
vt 0.348726 0.014771
vt 0.343722 0.013665
vt 0.352720 0.010828
vt 0.349254 0.016977
vt 0.349808 0.019757
vt 0.018977 0.009900
vt 0.017774 0.006279
vt 0.014184 0.008008
vt 0.015801 0.011339
vt 0.020309 0.016972
vt 0.017136 0.016904
vt 0.013147 0.012904
vt 0.014287 0.016793
vt 0.014826 0.014590
vt 0.013719 0.019576
vt 0.010869 0.010613
vt 0.017037 0.014062
vt 0.019826 0.013507
vt 0.006085 0.252550
vt 0.010531 0.256125
vt 0.181637 0.245704
vt 0.181637 0.249557
vt 0.357194 0.253035
vt 0.352518 0.256381
vt 0.347801 0.258282
vt 0.350044 0.129502
vt 0.353944 0.129500
vt 0.357514 0.006166
vt 0.360878 0.010826
vt 0.362796 0.015535
vt 0.181760 0.013167
vt 0.181760 0.009315
vt 0.006195 0.005838
vt 0.010871 0.002492
vt 0.015588 0.000592
vt 0.013350 0.129369
vt 0.009449 0.129371
vt 0.026689 0.129358
vt 0.025767 0.233053
vt 0.181762 0.026324
vt 0.025880 0.025666
vt 0.336709 0.129512
vt 0.337638 0.025813
vt 0.181636 0.232545
vt 0.337511 0.233207
vt 0.040125 0.368469
vt 0.040125 0.473380
vt 0.201461 0.263557
vt 0.201461 0.259465
vt 0.044217 0.259465
vt 0.044217 0.263557
vt 0.358705 0.368469
vt 0.362796 0.368469
vt 0.362796 0.263557
vt 0.358705 0.263557
vt 0.201461 0.477471
vt 0.358705 0.477471
vt 0.358705 0.473380
vt 0.358705 0.259465
vt 0.044217 0.477471
vt 0.362796 0.473380
vt 0.040125 0.263557
vt 0.137209 0.146713
vt 0.141072 0.146713
vt 0.141072 0.128338
vt 0.137209 0.128338
vt 0.144934 0.146713
vt 0.144934 0.128338
vt 0.148797 0.146713
vt 0.148797 0.128338
vt 0.152659 0.146713
vt 0.152659 0.128338
vt 0.156522 0.146713
vt 0.156522 0.128338
vt 0.160384 0.146713
vt 0.160384 0.128338
vt 0.164247 0.146713
vt 0.164247 0.128338
vt 0.168110 0.146713
vt 0.168110 0.128338
vt 0.171972 0.146713
vt 0.171972 0.128338
vt 0.175835 0.146713
vt 0.175835 0.128338
vt 0.179697 0.146713
vt 0.179697 0.128338
vt 0.183560 0.146713
vt 0.183560 0.128338
vt 0.187422 0.146713
vt 0.187422 0.128338
vt 0.191285 0.146713
vt 0.191285 0.128338
vt 0.195148 0.146713
vt 0.195148 0.128338
vt 0.199010 0.146713
vt 0.199010 0.128338
vt 0.202873 0.146713
vt 0.202873 0.128338
vt 0.206735 0.146713
vt 0.206735 0.128338
vt 0.210598 0.146713
vt 0.210598 0.128338
vt 0.214460 0.146713
vt 0.214460 0.128338
vt 0.218323 0.146713
vt 0.218323 0.128338
vt 0.222186 0.146713
vt 0.222186 0.128338
vt 0.226048 0.146713
vt 0.226048 0.128338
vt 0.229911 0.146713
vt 0.229911 0.128338
vt 0.233773 0.146713
vt 0.233773 0.128338
vt 0.237636 0.146713
vt 0.237636 0.128338
vt 0.241498 0.146713
vt 0.241498 0.128338
vt 0.245361 0.146713
vt 0.245361 0.128338
vt 0.136265 0.219255
vt 0.128497 0.219256
vt 0.128497 0.231361
vt 0.136265 0.231361
vt 0.120694 0.219256
vt 0.120694 0.231361
vt 0.112896 0.219256
vt 0.112896 0.231361
vt 0.105109 0.219256
vt 0.105109 0.231361
vt 0.097310 0.219256
vt 0.097310 0.231361
vt 0.089507 0.219256
vt 0.089507 0.231361
vt 0.081740 0.219255
vt 0.081740 0.231361
vt 0.073973 0.219256
vt 0.073973 0.231361
vt 0.066170 0.219256
vt 0.066170 0.231361
vt 0.058371 0.219256
vt 0.058371 0.231361
vt 0.050584 0.219256
vt 0.050584 0.231361
vt 0.042786 0.219256
vt 0.042786 0.231361
vt 0.034983 0.219256
vt 0.034983 0.231361
vt 0.027216 0.219255
vt 0.027216 0.231361
vt 0.245314 0.219255
vt 0.237546 0.219256
vt 0.237546 0.231361
vt 0.245314 0.231361
vt 0.229743 0.219256
vt 0.229743 0.231361
vt 0.221945 0.219256
vt 0.221945 0.231361
vt 0.214158 0.219256
vt 0.214158 0.231361
vt 0.206359 0.219256
vt 0.206359 0.231361
vt 0.198556 0.219256
vt 0.198556 0.231361
vt 0.190789 0.219255
vt 0.190789 0.231361
vt 0.183022 0.219256
vt 0.183022 0.231361
vt 0.175219 0.219256
vt 0.175219 0.231361
vt 0.167420 0.219256
vt 0.167420 0.231361
vt 0.159633 0.219256
vt 0.159633 0.231361
vt 0.151835 0.219256
vt 0.151835 0.231361
vt 0.144032 0.219256
vt 0.144032 0.231361
vt 0.031736 0.158558
vt 0.035599 0.158558
vt 0.035599 0.109502
vt 0.031736 0.109502
vt 0.039461 0.158558
vt 0.039461 0.109502
vt 0.043324 0.158558
vt 0.043324 0.109502
vt 0.047186 0.158558
vt 0.047186 0.109502
vt 0.051049 0.158558
vt 0.051049 0.109502
vt 0.054911 0.158558
vt 0.054911 0.109502
vt 0.058774 0.158558
vt 0.058774 0.109502
vt 0.062637 0.109502
vt 0.062637 0.158558
vt 0.066499 0.158558
vt 0.066499 0.109502
vt 0.070362 0.109502
vt 0.070362 0.158558
vt 0.074224 0.158558
vt 0.074224 0.109502
vt 0.078087 0.109502
vt 0.078087 0.158558
vt 0.081949 0.158558
vt 0.081949 0.109502
vt 0.085812 0.158558
vt 0.085812 0.109502
vt 0.089675 0.158558
vt 0.089675 0.109502
vt 0.093537 0.158558
vt 0.093537 0.109502
vt 0.097400 0.158558
vt 0.097400 0.109502
vt 0.101262 0.158558
vt 0.101262 0.109502
vt 0.105125 0.158558
vt 0.105125 0.109502
vt 0.108987 0.109502
vt 0.108987 0.158558
vt 0.112850 0.158558
vt 0.112850 0.109502
vt 0.116713 0.158558
vt 0.116713 0.109502
vt 0.120575 0.158558
vt 0.120575 0.109502
vt 0.124438 0.158558
vt 0.124438 0.109502
vt 0.128300 0.158558
vt 0.128300 0.109502
vt 0.132163 0.158558
vt 0.132163 0.109502
vt 0.136025 0.158558
vt 0.136025 0.109502
vt 0.027873 0.158558
vt 0.027873 0.109502
vt 0.369651 0.598264
vt 0.369651 0.602340
vt 0.370187 0.602340
vt 0.370187 0.598264
vt 0.369651 0.606412
vt 0.370187 0.606413
vt 0.369651 0.610485
vt 0.370187 0.610485
vt 0.369651 0.614559
vt 0.370187 0.614559
vt 0.369651 0.618632
vt 0.370187 0.618632
vt 0.369651 0.622705
vt 0.370187 0.622704
vt 0.369651 0.626780
vt 0.370187 0.626780
vt 0.369651 0.630856
vt 0.370187 0.630857
vt 0.369651 0.634928
vt 0.370187 0.634929
vt 0.369651 0.639001
vt 0.370187 0.639001
vt 0.369651 0.643075
vt 0.370187 0.643075
vt 0.369651 0.647148
vt 0.370187 0.647148
vt 0.369651 0.651221
vt 0.370187 0.651220
vt 0.369651 0.655296
vt 0.370187 0.655296
vt 0.369651 0.541232
vt 0.369651 0.545307
vt 0.370187 0.545308
vt 0.370187 0.541232
vt 0.369651 0.549380
vt 0.370187 0.549380
vt 0.369651 0.553453
vt 0.370187 0.553453
vt 0.369651 0.557527
vt 0.370187 0.557527
vt 0.369651 0.561600
vt 0.370187 0.561600
vt 0.369651 0.565673
vt 0.370187 0.565672
vt 0.369651 0.569748
vt 0.370187 0.569748
vt 0.369651 0.573823
vt 0.370187 0.573824
vt 0.369651 0.577896
vt 0.370187 0.577896
vt 0.369651 0.581969
vt 0.370187 0.581969
vt 0.369651 0.586043
vt 0.370187 0.586043
vt 0.369651 0.590116
vt 0.370187 0.590116
vt 0.369651 0.594189
vt 0.370187 0.594188
vt 0.775414 0.869337
vt 0.775414 0.873344
vt 0.775958 0.873344
vt 0.775958 0.869337
vt 0.775414 0.877350
vt 0.775958 0.877350
vt 0.775414 0.881358
vt 0.775958 0.881358
vt 0.775414 0.885367
vt 0.775958 0.885367
vt 0.775414 0.889377
vt 0.775958 0.889377
vt 0.775414 0.893388
vt 0.775958 0.893388
vt 0.775414 0.897400
vt 0.775958 0.897400
vt 0.775414 0.901412
vt 0.775958 0.901412
vt 0.775414 0.905423
vt 0.775958 0.905423
vt 0.775414 0.909434
vt 0.775958 0.909434
vt 0.775414 0.913443
vt 0.775958 0.913443
vt 0.775414 0.917450
vt 0.775958 0.917450
vt 0.775414 0.921457
vt 0.775958 0.921457
vt 0.775414 0.925463
vt 0.775958 0.925463
vt 0.775414 0.813212
vt 0.775414 0.817218
vt 0.775958 0.817218
vt 0.775958 0.813212
vt 0.775414 0.821224
vt 0.775958 0.821224
vt 0.775414 0.825232
vt 0.775958 0.825232
vt 0.775414 0.829241
vt 0.775958 0.829241
vt 0.775414 0.833251
vt 0.775958 0.833251
vt 0.775414 0.837262
vt 0.775958 0.837262
vt 0.775414 0.841274
vt 0.775958 0.841274
vt 0.775414 0.845287
vt 0.775958 0.845287
vt 0.775414 0.849298
vt 0.775958 0.849298
vt 0.775414 0.853308
vt 0.775958 0.853308
vt 0.775414 0.857317
vt 0.775958 0.857317
vt 0.775414 0.861325
vt 0.775958 0.861325
vt 0.775414 0.865331
vt 0.775958 0.865331
vt 0.033410 0.598264
vt 0.033410 0.594190
vt 0.023101 0.594190
vt 0.023101 0.598264
vt 0.247788 0.594190
vt 0.247788 0.590117
vt 0.033410 0.590117
vt 0.033410 0.586043
vt 0.023101 0.586043
vt 0.023101 0.590117
vt 0.033410 0.581969
vt 0.247788 0.586043
vt 0.247788 0.581969
vt 0.033410 0.577896
vt 0.023101 0.577896
vt 0.023101 0.581969
vt 0.033410 0.573822
vt 0.023101 0.573822
vt 0.033410 0.569748
vt 0.023101 0.569748
vt 0.033410 0.565674
vt 0.023101 0.565674
vt 0.033410 0.561601
vt 0.023101 0.561601
vt 0.033410 0.557527
vt 0.023101 0.557527
vt 0.033410 0.553453
vt 0.023101 0.553453
vt 0.033410 0.549380
vt 0.023101 0.549380
vt 0.033410 0.545306
vt 0.023101 0.545306
vt 0.033410 0.541232
vt 0.023101 0.541232
vt 0.033410 0.655296
vt 0.033410 0.651222
vt 0.023101 0.651222
vt 0.023101 0.655296
vt 0.033410 0.647149
vt 0.023101 0.647149
vt 0.033410 0.643075
vt 0.023101 0.643075
vt 0.033410 0.639001
vt 0.023101 0.639001
vt 0.033410 0.634928
vt 0.023101 0.634928
vt 0.033410 0.630854
vt 0.023101 0.630854
vt 0.033410 0.626780
vt 0.023101 0.626780
vt 0.033410 0.622706
vt 0.023101 0.622706
vt 0.033410 0.618633
vt 0.023101 0.618633
vt 0.247788 0.618633
vt 0.247788 0.614559
vt 0.033410 0.614559
vt 0.033410 0.610485
vt 0.023101 0.610485
vt 0.023101 0.614559
vt 0.247788 0.610485
vt 0.247788 0.606412
vt 0.033410 0.606412
vt 0.033410 0.602338
vt 0.023101 0.602338
vt 0.023101 0.606412
vt 0.247788 0.602338
vt 0.247788 0.598264
vt 0.027222 0.044797
vt 0.031445 0.044796
vt 0.031445 0.040156
vt 0.027222 0.040156
vt 0.141296 0.044797
vt 0.145522 0.044797
vt 0.145522 0.040156
vt 0.141296 0.040156
vt 0.137070 0.044796
vt 0.137070 0.040156
vt 0.132845 0.044796
vt 0.132845 0.040156
vt 0.128619 0.044797
vt 0.128619 0.040156
vt 0.124393 0.044797
vt 0.124393 0.040156
vt 0.120170 0.044796
vt 0.120170 0.040156
vt 0.115947 0.044797
vt 0.115947 0.040156
vt 0.111721 0.044797
vt 0.111721 0.040156
vt 0.107495 0.044796
vt 0.107495 0.040156
vt 0.103270 0.044796
vt 0.103270 0.040156
vt 0.099044 0.044797
vt 0.099044 0.040156
vt 0.094818 0.044797
vt 0.094818 0.040156
vt 0.090595 0.044796
vt 0.090595 0.040156
vt 0.086372 0.044797
vt 0.086372 0.040156
vt 0.082146 0.044797
vt 0.082146 0.040156
vt 0.077920 0.044796
vt 0.077920 0.040156
vt 0.073695 0.044796
vt 0.073695 0.040156
vt 0.069469 0.044797
vt 0.069469 0.040156
vt 0.065243 0.044797
vt 0.065243 0.040156
vt 0.061020 0.044796
vt 0.061020 0.040156
vt 0.056797 0.044797
vt 0.056797 0.040156
vt 0.052571 0.044797
vt 0.052571 0.040156
vt 0.048345 0.044796
vt 0.048345 0.040156
vt 0.044120 0.044796
vt 0.044120 0.040156
vt 0.039894 0.044797
vt 0.039894 0.040156
vt 0.035668 0.044797
vt 0.035668 0.040156
vt 0.144035 0.212886
vt 0.136265 0.212885
vt 0.151836 0.212886
vt 0.159633 0.212885
vt 0.167420 0.212885
vt 0.175217 0.212886
vt 0.183018 0.212886
vt 0.190789 0.212885
vt 0.198560 0.212886
vt 0.206361 0.212886
vt 0.214158 0.212885
vt 0.221945 0.212885
vt 0.229742 0.212886
vt 0.237543 0.212886
vt 0.245314 0.212885
vt 0.034986 0.212886
vt 0.027216 0.212885
vt 0.042787 0.212886
vt 0.050584 0.212885
vt 0.058371 0.212885
vt 0.066168 0.212886
vt 0.073969 0.212886
vt 0.081740 0.212885
vt 0.089511 0.212886
vt 0.097312 0.212886
vt 0.105109 0.212885
vt 0.112896 0.212885
vt 0.120693 0.212886
vt 0.128494 0.212886
vt 0.027177 0.038972
vt 0.030802 0.038972
vt 0.030802 0.036042
vt 0.027177 0.036042
vt 0.125018 0.038972
vt 0.128641 0.038972
vt 0.128641 0.036042
vt 0.125018 0.036042
vt 0.121395 0.038972
vt 0.121395 0.036042
vt 0.117771 0.038972
vt 0.117771 0.036042
vt 0.114148 0.038972
vt 0.114148 0.036042
vt 0.110525 0.038972
vt 0.110525 0.036042
vt 0.106900 0.038972
vt 0.106900 0.036042
vt 0.103275 0.038972
vt 0.103275 0.036042
vt 0.099652 0.038972
vt 0.099652 0.036042
vt 0.096029 0.038972
vt 0.096029 0.036042
vt 0.092405 0.038972
vt 0.092405 0.036042
vt 0.088782 0.038972
vt 0.088782 0.036042
vt 0.085159 0.038972
vt 0.085159 0.036042
vt 0.081534 0.038972
vt 0.081534 0.036042
vt 0.077909 0.038972
vt 0.077909 0.036042
vt 0.074286 0.038972
vt 0.074286 0.036042
vt 0.070663 0.038972
vt 0.070663 0.036042
vt 0.067039 0.038972
vt 0.067039 0.036042
vt 0.063416 0.038972
vt 0.063416 0.036042
vt 0.059793 0.038972
vt 0.059793 0.036042
vt 0.056168 0.038972
vt 0.056168 0.036042
vt 0.052543 0.038972
vt 0.052543 0.036042
vt 0.048920 0.038972
vt 0.048920 0.036042
vt 0.045297 0.038972
vt 0.045297 0.036042
vt 0.041673 0.038972
vt 0.041673 0.036042
vt 0.038050 0.038972
vt 0.038050 0.036042
vt 0.034427 0.038972
vt 0.034427 0.036042
vt 0.027144 0.034858
vt 0.030770 0.034858
vt 0.030770 0.031927
vt 0.027144 0.031927
vt 0.034392 0.034858
vt 0.034392 0.031927
vt 0.038016 0.034858
vt 0.038016 0.031927
vt 0.041639 0.034858
vt 0.041639 0.031927
vt 0.045262 0.034858
vt 0.045262 0.031927
vt 0.048885 0.034858
vt 0.048885 0.031927
vt 0.052510 0.034858
vt 0.052510 0.031927
vt 0.056136 0.034858
vt 0.056136 0.031927
vt 0.059758 0.034858
vt 0.059758 0.031927
vt 0.063381 0.034858
vt 0.063381 0.031927
vt 0.067005 0.034858
vt 0.067005 0.031927
vt 0.070628 0.034858
vt 0.070628 0.031927
vt 0.074251 0.034858
vt 0.074251 0.031927
vt 0.077876 0.034858
vt 0.077876 0.031927
vt 0.081502 0.034858
vt 0.081502 0.031927
vt 0.085124 0.034858
vt 0.085124 0.031927
vt 0.088747 0.034858
vt 0.088747 0.031927
vt 0.092371 0.034858
vt 0.092371 0.031927
vt 0.095994 0.034858
vt 0.095994 0.031927
vt 0.099617 0.034858
vt 0.099617 0.031927
vt 0.103242 0.034858
vt 0.103242 0.031927
vt 0.106868 0.034858
vt 0.106868 0.031927
vt 0.110490 0.034858
vt 0.110490 0.031927
vt 0.114113 0.034858
vt 0.114113 0.031927
vt 0.117737 0.034858
vt 0.117737 0.031927
vt 0.121360 0.034858
vt 0.121360 0.031927
vt 0.124983 0.034858
vt 0.124983 0.031927
vt 0.128608 0.034858
vt 0.128608 0.031927
vt 0.264498 0.128338
vt 0.263547 0.128338
vt 0.263547 0.131621
vt 0.264498 0.131621
vt 0.262363 0.128338
vt 0.261411 0.128338
vt 0.261412 0.131621
vt 0.262363 0.131621
vt 0.263547 0.134898
vt 0.264498 0.134898
vt 0.262363 0.216876
vt 0.261411 0.216876
vt 0.261411 0.220153
vt 0.262363 0.220153
vt 0.263547 0.138175
vt 0.264498 0.138175
vt 0.262363 0.213599
vt 0.261411 0.213599
vt 0.263547 0.141455
vt 0.264498 0.141455
vt 0.262363 0.210319
vt 0.261411 0.210319
vt 0.263547 0.144733
vt 0.264498 0.144733
vt 0.262363 0.207042
vt 0.261411 0.207042
vt 0.263547 0.148009
vt 0.264498 0.148009
vt 0.262363 0.203765
vt 0.261411 0.203765
vt 0.263547 0.151292
vt 0.264498 0.151292
vt 0.262363 0.200482
vt 0.261412 0.200482
vt 0.263547 0.154575
vt 0.264498 0.154575
vt 0.262363 0.197200
vt 0.261411 0.197200
vt 0.263547 0.157851
vt 0.264498 0.157851
vt 0.262363 0.193923
vt 0.261411 0.193923
vt 0.263547 0.161129
vt 0.264498 0.161129
vt 0.262363 0.190645
vt 0.261411 0.190645
vt 0.263547 0.164409
vt 0.264498 0.164409
vt 0.262363 0.187366
vt 0.261411 0.187366
vt 0.263547 0.167686
vt 0.264498 0.167686
vt 0.262363 0.184088
vt 0.261411 0.184088
vt 0.263547 0.170963
vt 0.264498 0.170963
vt 0.262363 0.180811
vt 0.261411 0.180811
vt 0.263547 0.174246
vt 0.264498 0.174246
vt 0.262363 0.177528
vt 0.261412 0.177528
vt 0.263547 0.177528
vt 0.264498 0.177528
vt 0.262363 0.174246
vt 0.261411 0.174246
vt 0.263547 0.180805
vt 0.264498 0.180805
vt 0.262363 0.170969
vt 0.261411 0.170969
vt 0.263547 0.184083
vt 0.264498 0.184083
vt 0.262363 0.167691
vt 0.261411 0.167691
vt 0.263547 0.187362
vt 0.264498 0.187362
vt 0.262363 0.164412
vt 0.261411 0.164412
vt 0.263547 0.190640
vt 0.264498 0.190640
vt 0.262363 0.161134
vt 0.261411 0.161134
vt 0.263547 0.193917
vt 0.264498 0.193917
vt 0.262363 0.157857
vt 0.261411 0.157857
vt 0.263547 0.197200
vt 0.264498 0.197200
vt 0.262363 0.154574
vt 0.261412 0.154574
vt 0.263547 0.200482
vt 0.264498 0.200482
vt 0.262363 0.151292
vt 0.261411 0.151292
vt 0.263547 0.203759
vt 0.264498 0.203759
vt 0.262363 0.148015
vt 0.261411 0.148015
vt 0.263547 0.207037
vt 0.264498 0.207037
vt 0.262363 0.144737
vt 0.261411 0.144737
vt 0.263547 0.210316
vt 0.264498 0.210316
vt 0.262363 0.141458
vt 0.261411 0.141458
vt 0.263547 0.213594
vt 0.264498 0.213594
vt 0.262363 0.138180
vt 0.261411 0.138180
vt 0.263547 0.216871
vt 0.264498 0.216871
vt 0.262363 0.134903
vt 0.261411 0.134903
vt 0.263547 0.220154
vt 0.264498 0.220154
vt 0.129792 0.032795
vt 0.132979 0.032795
vt 0.132979 0.030760
vt 0.129792 0.030760
vt 0.136159 0.032795
vt 0.136159 0.030760
vt 0.139340 0.032795
vt 0.139340 0.030760
vt 0.142523 0.032795
vt 0.142523 0.030760
vt 0.145704 0.032795
vt 0.145704 0.030760
vt 0.148884 0.032795
vt 0.148884 0.030760
vt 0.152071 0.032795
vt 0.152071 0.030760
vt 0.155257 0.032795
vt 0.155257 0.030760
vt 0.158437 0.032795
vt 0.158437 0.030760
vt 0.161618 0.032795
vt 0.161618 0.030760
vt 0.164801 0.032795
vt 0.164801 0.030760
vt 0.167982 0.032795
vt 0.167982 0.030760
vt 0.171162 0.032795
vt 0.171162 0.030760
vt 0.174349 0.032795
vt 0.174349 0.030760
vt 0.177536 0.032795
vt 0.177536 0.030760
vt 0.180716 0.032795
vt 0.180716 0.030760
vt 0.183897 0.032795
vt 0.183897 0.030760
vt 0.187080 0.032795
vt 0.187080 0.030760
vt 0.190261 0.032795
vt 0.190261 0.030760
vt 0.193441 0.032795
vt 0.193441 0.030760
vt 0.196628 0.032795
vt 0.196628 0.030760
vt 0.199814 0.032795
vt 0.199814 0.030760
vt 0.202994 0.032795
vt 0.202994 0.030760
vt 0.206175 0.032795
vt 0.206175 0.030760
vt 0.209358 0.032795
vt 0.209358 0.030760
vt 0.212539 0.032795
vt 0.212539 0.030760
vt 0.215719 0.032795
vt 0.215719 0.030760
vt 0.218906 0.032795
vt 0.218906 0.030760
vt 0.247788 0.577896
vt 0.247788 0.573822
vt 0.247788 0.569748
vt 0.247788 0.565674
vt 0.247788 0.561601
vt 0.247788 0.557527
vt 0.247788 0.553453
vt 0.247788 0.549380
vt 0.247788 0.545306
vt 0.247788 0.541232
vt 0.247788 0.655296
vt 0.247788 0.651222
vt 0.247788 0.647149
vt 0.247788 0.643075
vt 0.247788 0.639001
vt 0.247788 0.634928
vt 0.247788 0.630854
vt 0.247788 0.626780
vt 0.247788 0.622706
vt 0.253981 0.128338
vt 0.253978 0.131719
vt 0.260229 0.131719
vt 0.260226 0.128338
vt 0.253990 0.219818
vt 0.253981 0.223195
vt 0.260226 0.223195
vt 0.260217 0.219818
vt 0.254005 0.216436
vt 0.260202 0.216436
vt 0.254025 0.213048
vt 0.260182 0.213048
vt 0.254049 0.209657
vt 0.260158 0.209657
vt 0.254077 0.206263
vt 0.260130 0.206263
vt 0.254107 0.202863
vt 0.260100 0.202863
vt 0.254138 0.199462
vt 0.260069 0.199462
vt 0.254169 0.196068
vt 0.260038 0.196068
vt 0.254197 0.192676
vt 0.260010 0.192676
vt 0.254221 0.189288
vt 0.259986 0.189288
vt 0.254239 0.185906
vt 0.259968 0.185906
vt 0.254251 0.182528
vt 0.259956 0.182528
vt 0.254255 0.179147
vt 0.259952 0.179147
vt 0.254251 0.175767
vt 0.259956 0.175767
vt 0.254239 0.172389
vt 0.259968 0.172389
vt 0.254221 0.169007
vt 0.259986 0.169007
vt 0.254197 0.165618
vt 0.260010 0.165618
vt 0.254169 0.162227
vt 0.260038 0.162227
vt 0.254138 0.158833
vt 0.260069 0.158833
vt 0.254107 0.155432
vt 0.260100 0.155432
vt 0.254077 0.152032
vt 0.260130 0.152032
vt 0.254049 0.148638
vt 0.260158 0.148638
vt 0.254025 0.145247
vt 0.260182 0.145247
vt 0.254005 0.141859
vt 0.260202 0.141859
vt 0.253990 0.138477
vt 0.260217 0.138477
vt 0.253981 0.135099
vt 0.260226 0.135099
vt 0.246545 0.128338
vt 0.246547 0.131719
vt 0.252793 0.131719
vt 0.252796 0.128338
vt 0.246556 0.135097
vt 0.252784 0.135097
vt 0.246571 0.138479
vt 0.252769 0.138479
vt 0.246591 0.141866
vt 0.252749 0.141866
vt 0.246616 0.145257
vt 0.252725 0.145257
vt 0.246644 0.148651
vt 0.252697 0.148651
vt 0.246674 0.152052
vt 0.252666 0.152052
vt 0.246705 0.155452
vt 0.252636 0.155452
vt 0.246735 0.158846
vt 0.252605 0.158846
vt 0.246764 0.162238
vt 0.252577 0.162238
vt 0.246788 0.165626
vt 0.252553 0.165626
vt 0.246806 0.169008
vt 0.252534 0.169008
vt 0.246818 0.172386
vt 0.252523 0.172386
vt 0.246822 0.175767
vt 0.252518 0.175767
vt 0.246818 0.179147
vt 0.252523 0.179147
vt 0.246806 0.182525
vt 0.252534 0.182525
vt 0.246788 0.185908
vt 0.252553 0.185908
vt 0.246764 0.189296
vt 0.252577 0.189296
vt 0.246735 0.192687
vt 0.252605 0.192687
vt 0.246705 0.196081
vt 0.252636 0.196081
vt 0.246674 0.199482
vt 0.252666 0.199482
vt 0.246644 0.202883
vt 0.252697 0.202883
vt 0.246616 0.206276
vt 0.252725 0.206276
vt 0.246591 0.209667
vt 0.252749 0.209667
vt 0.246571 0.213055
vt 0.252769 0.213055
vt 0.246556 0.216437
vt 0.252784 0.216437
vt 0.246547 0.219815
vt 0.252793 0.219815
vt 0.246545 0.223195
vt 0.252796 0.223195
vt 0.129825 0.035422
vt 0.129825 0.035682
vt 0.132699 0.035682
vt 0.132699 0.035422
vt 0.129792 0.033979
vt 0.129792 0.034238
vt 0.132667 0.034238
vt 0.132667 0.033979
vt 0.135567 0.035682
vt 0.135567 0.035422
vt 0.207587 0.033979
vt 0.207587 0.034238
vt 0.210455 0.034238
vt 0.210455 0.033979
vt 0.138440 0.035682
vt 0.138440 0.035422
vt 0.204714 0.033979
vt 0.204714 0.034238
vt 0.141321 0.035682
vt 0.141321 0.035422
vt 0.201833 0.033979
vt 0.201833 0.034238
vt 0.144204 0.035682
vt 0.144204 0.035422
vt 0.198949 0.033979
vt 0.198949 0.034238
vt 0.147091 0.035682
vt 0.147091 0.035422
vt 0.196063 0.033979
vt 0.196063 0.034238
vt 0.149990 0.035682
vt 0.149990 0.035422
vt 0.193164 0.033979
vt 0.193164 0.034238
vt 0.152888 0.035682
vt 0.152888 0.035422
vt 0.190265 0.033979
vt 0.190265 0.034238
vt 0.155775 0.035682
vt 0.155775 0.035422
vt 0.187378 0.033979
vt 0.187378 0.034238
vt 0.158659 0.035682
vt 0.158659 0.035422
vt 0.184494 0.033979
vt 0.184494 0.034238
vt 0.161540 0.035682
vt 0.161540 0.035422
vt 0.181613 0.033979
vt 0.181613 0.034238
vt 0.164413 0.035682
vt 0.164413 0.035422
vt 0.178740 0.033979
vt 0.178740 0.034238
vt 0.167281 0.035682
vt 0.167281 0.035422
vt 0.175872 0.033979
vt 0.175872 0.034238
vt 0.170155 0.035682
vt 0.170155 0.035422
vt 0.172998 0.033979
vt 0.172998 0.034238
vt 0.173029 0.035682
vt 0.173029 0.035422
vt 0.170124 0.033979
vt 0.170124 0.034238
vt 0.175897 0.035682
vt 0.175897 0.035422
vt 0.167256 0.033979
vt 0.167256 0.034238
vt 0.178770 0.035682
vt 0.178770 0.035422
vt 0.164383 0.033979
vt 0.164383 0.034238
vt 0.181651 0.035682
vt 0.181651 0.035422
vt 0.161502 0.033979
vt 0.161502 0.034238
vt 0.184535 0.035682
vt 0.184535 0.035422
vt 0.158618 0.033979
vt 0.158618 0.034238
vt 0.187422 0.035682
vt 0.187422 0.035422
vt 0.155731 0.033979
vt 0.155731 0.034238
vt 0.190321 0.035682
vt 0.190321 0.035422
vt 0.152832 0.033979
vt 0.152832 0.034238
vt 0.193219 0.035682
vt 0.193219 0.035422
vt 0.149933 0.033979
vt 0.149933 0.034238
vt 0.196106 0.035682
vt 0.196106 0.035422
vt 0.147047 0.033979
vt 0.147047 0.034238
vt 0.198990 0.035682
vt 0.198990 0.035422
vt 0.144163 0.033979
vt 0.144163 0.034238
vt 0.201871 0.035682
vt 0.201871 0.035422
vt 0.141282 0.033979
vt 0.141282 0.034238
vt 0.204744 0.035682
vt 0.204744 0.035422
vt 0.138409 0.033979
vt 0.138409 0.034238
vt 0.207611 0.035682
vt 0.207611 0.035422
vt 0.135541 0.033979
vt 0.135541 0.034238
vt 0.210485 0.035682
vt 0.210485 0.035422
vt 0.367961 0.598264
vt 0.367961 0.594190
vt 0.367961 0.590117
vt 0.367961 0.586043
vt 0.367961 0.581969
vt 0.367961 0.577896
vt 0.367961 0.573822
vt 0.367961 0.569748
vt 0.367961 0.565674
vt 0.367961 0.561601
vt 0.367961 0.557527
vt 0.367961 0.553453
vt 0.367961 0.549380
vt 0.367961 0.545306
vt 0.367961 0.541232
vt 0.367961 0.655296
vt 0.367961 0.651222
vt 0.367961 0.647149
vt 0.367961 0.643075
vt 0.367961 0.639001
vt 0.367961 0.634928
vt 0.367961 0.630854
vt 0.367961 0.626780
vt 0.367961 0.622706
vt 0.367961 0.618633
vt 0.367961 0.614559
vt 0.367961 0.610485
vt 0.367961 0.606412
vt 0.367961 0.602338
vt 0.027112 0.030737
vt 0.029967 0.030737
vt 0.029967 0.027749
vt 0.027112 0.027750
vt 0.032814 0.030738
vt 0.032814 0.027748
vt 0.035667 0.030739
vt 0.035667 0.027747
vt 0.038528 0.030741
vt 0.038528 0.027746
vt 0.041391 0.030742
vt 0.041391 0.027745
vt 0.044258 0.030743
vt 0.044258 0.027744
vt 0.047137 0.030743
vt 0.047137 0.027743
vt 0.050016 0.030743
vt 0.050016 0.027744
vt 0.052883 0.030742
vt 0.052883 0.027745
vt 0.055747 0.030741
vt 0.055747 0.027746
vt 0.058608 0.030739
vt 0.058608 0.027747
vt 0.061461 0.030738
vt 0.061461 0.027748
vt 0.064308 0.030737
vt 0.064308 0.027749
vt 0.067162 0.030737
vt 0.067162 0.027750
vt 0.070017 0.030737
vt 0.070017 0.027749
vt 0.072864 0.030738
vt 0.072864 0.027748
vt 0.075717 0.030739
vt 0.075717 0.027747
vt 0.078578 0.030741
vt 0.078578 0.027746
vt 0.081442 0.030742
vt 0.081442 0.027745
vt 0.084309 0.030743
vt 0.084309 0.027744
vt 0.087188 0.030743
vt 0.087188 0.027743
vt 0.090067 0.030743
vt 0.090067 0.027744
vt 0.092933 0.030742
vt 0.092933 0.027745
vt 0.095797 0.030741
vt 0.095797 0.027746
vt 0.098658 0.030739
vt 0.098658 0.027747
vt 0.101511 0.030738
vt 0.101511 0.027748
vt 0.104358 0.030737
vt 0.104358 0.027749
vt 0.107212 0.030737
vt 0.107212 0.027750
vt 0.774239 0.865331
vt 0.773697 0.865331
vt 0.773697 0.869337
vt 0.774239 0.869337
vt 0.774826 0.865331
vt 0.774826 0.869337
vt 0.774239 0.861325
vt 0.773697 0.861325
vt 0.774826 0.861325
vt 0.774239 0.857317
vt 0.773697 0.857317
vt 0.774826 0.857317
vt 0.774239 0.853308
vt 0.773697 0.853308
vt 0.774826 0.853308
vt 0.774239 0.849298
vt 0.773697 0.849298
vt 0.774826 0.849298
vt 0.774239 0.845287
vt 0.773697 0.845287
vt 0.774826 0.845287
vt 0.774239 0.841274
vt 0.773697 0.841274
vt 0.774826 0.841274
vt 0.774239 0.837262
vt 0.773697 0.837262
vt 0.774826 0.837262
vt 0.774239 0.833251
vt 0.773697 0.833251
vt 0.774826 0.833251
vt 0.774239 0.829241
vt 0.773697 0.829241
vt 0.774826 0.829241
vt 0.774239 0.825232
vt 0.773697 0.825232
vt 0.774826 0.825232
vt 0.774239 0.821224
vt 0.773697 0.821224
vt 0.774826 0.821224
vt 0.774239 0.817218
vt 0.773697 0.817218
vt 0.774826 0.817218
vt 0.774239 0.813212
vt 0.773697 0.813212
vt 0.774826 0.813212
vt 0.774239 0.921457
vt 0.773697 0.921457
vt 0.773697 0.925463
vt 0.774239 0.925463
vt 0.774826 0.921457
vt 0.774826 0.925463
vt 0.774239 0.917450
vt 0.773697 0.917450
vt 0.774826 0.917450
vt 0.774239 0.913443
vt 0.773697 0.913443
vt 0.774826 0.913443
vt 0.774239 0.909434
vt 0.773697 0.909434
vt 0.774826 0.909434
vt 0.774239 0.905423
vt 0.773697 0.905423
vt 0.774826 0.905423
vt 0.774239 0.901412
vt 0.773697 0.901412
vt 0.774826 0.901412
vt 0.774239 0.897400
vt 0.773697 0.897400
vt 0.774826 0.897400
vt 0.774239 0.893388
vt 0.773697 0.893388
vt 0.774826 0.893388
vt 0.774239 0.889377
vt 0.773697 0.889377
vt 0.774826 0.889377
vt 0.774239 0.885367
vt 0.773697 0.885367
vt 0.774826 0.885367
vt 0.774239 0.881358
vt 0.773697 0.881358
vt 0.774826 0.881358
vt 0.774239 0.877350
vt 0.773697 0.877350
vt 0.774826 0.877350
vt 0.774239 0.873344
vt 0.773697 0.873344
vt 0.774826 0.873344
vt 0.368494 0.598264
vt 0.368494 0.602338
vt 0.369072 0.598264
vt 0.369072 0.602339
vt 0.368494 0.606412
vt 0.369072 0.606412
vt 0.368494 0.610485
vt 0.369072 0.610485
vt 0.368494 0.614559
vt 0.369072 0.614559
vt 0.368494 0.618633
vt 0.369072 0.618633
vt 0.368494 0.622706
vt 0.369072 0.622706
vt 0.368494 0.626780
vt 0.369072 0.626780
vt 0.368494 0.630854
vt 0.369072 0.630855
vt 0.368494 0.634928
vt 0.369072 0.634928
vt 0.368494 0.639001
vt 0.369072 0.639001
vt 0.368494 0.643075
vt 0.369072 0.643075
vt 0.368494 0.647149
vt 0.369072 0.647149
vt 0.368494 0.651222
vt 0.369072 0.651222
vt 0.368494 0.655296
vt 0.369072 0.655296
vt 0.368494 0.541232
vt 0.368494 0.545306
vt 0.369072 0.541232
vt 0.369072 0.545307
vt 0.368494 0.549380
vt 0.369072 0.549380
vt 0.368494 0.553453
vt 0.369072 0.553453
vt 0.368494 0.557527
vt 0.369072 0.557527
vt 0.368494 0.561601
vt 0.369072 0.561600
vt 0.758346 0.869337
vt 0.758346 0.873344
vt 0.758346 0.877350
vt 0.758346 0.881358
vt 0.758346 0.885367
vt 0.758346 0.889377
vt 0.758346 0.893388
vt 0.758346 0.897400
vt 0.758346 0.901412
vt 0.758346 0.905423
vt 0.758346 0.909434
vt 0.758346 0.913443
vt 0.758346 0.917450
vt 0.758346 0.921457
vt 0.758346 0.925463
vt 0.758346 0.813212
vt 0.758346 0.817218
vt 0.758346 0.821224
vt 0.758346 0.825232
vt 0.758346 0.829241
vt 0.758346 0.833251
vt 0.758346 0.837262
vt 0.758346 0.841274
vt 0.758346 0.845287
vt 0.758346 0.849298
vt 0.758346 0.853308
vt 0.758346 0.857317
vt 0.758346 0.861325
vt 0.758346 0.865331
vt 0.740585 0.869337
vt 0.740585 0.873344
vt 0.740585 0.877350
vt 0.740585 0.881358
vt 0.740585 0.885367
vt 0.740585 0.889377
vt 0.740585 0.893388
vt 0.740585 0.897400
vt 0.740585 0.901412
vt 0.740585 0.905423
vt 0.740585 0.909434
vt 0.740585 0.913443
vt 0.740585 0.917450
vt 0.740585 0.921457
vt 0.740585 0.925463
vt 0.740585 0.813212
vt 0.740585 0.817218
vt 0.740585 0.821224
vt 0.740585 0.825232
vt 0.740585 0.829241
vt 0.740585 0.833251
vt 0.740585 0.837262
vt 0.740585 0.841274
vt 0.740585 0.845287
vt 0.740585 0.849298
vt 0.740585 0.853308
vt 0.740585 0.857317
vt 0.740585 0.861325
vt 0.740585 0.865331
vt 0.722910 0.869337
vt 0.722910 0.873344
vt 0.722910 0.877350
vt 0.722910 0.881358
vt 0.722910 0.885367
vt 0.722910 0.889377
vt 0.722910 0.893388
vt 0.722910 0.897400
vt 0.722910 0.901412
vt 0.722910 0.905423
vt 0.722910 0.909434
vt 0.722910 0.913443
vt 0.722910 0.917450
vt 0.722910 0.921457
vt 0.722910 0.925463
vt 0.722910 0.813212
vt 0.722910 0.817218
vt 0.722910 0.821224
vt 0.722910 0.825232
vt 0.722910 0.829241
vt 0.722910 0.833251
vt 0.722910 0.837262
vt 0.722910 0.841274
vt 0.722910 0.845287
vt 0.722910 0.849298
vt 0.722910 0.853308
vt 0.722910 0.857317
vt 0.722910 0.861325
vt 0.722910 0.865331
vt 0.705236 0.869337
vt 0.705236 0.873344
vt 0.705236 0.877350
vt 0.705236 0.881358
vt 0.705236 0.885367
vt 0.705236 0.889377
vt 0.705236 0.893388
vt 0.705236 0.897400
vt 0.705236 0.901412
vt 0.705236 0.905423
vt 0.705236 0.909434
vt 0.705236 0.913443
vt 0.705236 0.917450
vt 0.705236 0.921457
vt 0.705236 0.925463
vt 0.705236 0.813212
vt 0.705236 0.817218
vt 0.705236 0.821224
vt 0.705236 0.825232
vt 0.705236 0.829241
vt 0.705236 0.833251
vt 0.705236 0.837262
vt 0.705236 0.841274
vt 0.705236 0.845287
vt 0.705236 0.849298
vt 0.705236 0.853308
vt 0.705236 0.857317
vt 0.705236 0.861325
vt 0.705236 0.865331
vt 0.687547 0.869337
vt 0.687547 0.873344
vt 0.687547 0.877350
vt 0.687547 0.881358
vt 0.687547 0.885367
vt 0.687547 0.889377
vt 0.687547 0.893388
vt 0.687547 0.897400
vt 0.687547 0.901412
vt 0.687547 0.905423
vt 0.687547 0.909434
vt 0.687547 0.913443
vt 0.687547 0.917450
vt 0.687547 0.921457
vt 0.687547 0.925463
vt 0.687547 0.813212
vt 0.687547 0.817218
vt 0.687547 0.821224
vt 0.687547 0.825232
vt 0.687547 0.829241
vt 0.687547 0.833251
vt 0.687547 0.837262
vt 0.687547 0.841274
vt 0.687547 0.845287
vt 0.687547 0.849298
vt 0.687547 0.853308
vt 0.687547 0.857317
vt 0.687547 0.861325
vt 0.687547 0.865331
vt 0.669820 0.869337
vt 0.669820 0.873344
vt 0.669820 0.877350
vt 0.669820 0.881358
vt 0.669820 0.885367
vt 0.669820 0.889377
vt 0.669820 0.893388
vt 0.669820 0.897400
vt 0.669820 0.901412
vt 0.669820 0.905423
vt 0.669820 0.909434
vt 0.669820 0.913443
vt 0.669820 0.917450
vt 0.669820 0.921457
vt 0.669820 0.925463
vt 0.669820 0.813212
vt 0.669820 0.817218
vt 0.669820 0.821224
vt 0.669820 0.825232
vt 0.669820 0.829241
vt 0.669820 0.833251
vt 0.669820 0.837262
vt 0.669820 0.841274
vt 0.669820 0.845287
vt 0.669820 0.849298
vt 0.669820 0.853308
vt 0.669820 0.857317
vt 0.669820 0.861325
vt 0.669820 0.865331
vt 0.652064 0.869337
vt 0.652064 0.873344
vt 0.652064 0.877350
vt 0.652064 0.881358
vt 0.652064 0.885367
vt 0.652064 0.889377
vt 0.652064 0.893388
vt 0.652064 0.897400
vt 0.652064 0.901412
vt 0.652064 0.905423
vt 0.652064 0.909434
vt 0.652064 0.913443
vt 0.652064 0.917450
vt 0.652064 0.921457
vt 0.652064 0.925463
vt 0.652064 0.813212
vt 0.652064 0.817218
vt 0.652064 0.821224
vt 0.652064 0.825232
vt 0.652064 0.829241
vt 0.652064 0.833251
vt 0.652064 0.837262
vt 0.652064 0.841274
vt 0.652064 0.845287
vt 0.652064 0.849298
vt 0.652064 0.853308
vt 0.652064 0.857317
vt 0.652064 0.861325
vt 0.652064 0.865331
vt 0.634316 0.869337
vt 0.634316 0.873344
vt 0.634316 0.877350
vt 0.634316 0.881358
vt 0.634316 0.885367
vt 0.634316 0.889377
vt 0.634316 0.893388
vt 0.634316 0.897400
vt 0.634316 0.901412
vt 0.634316 0.905423
vt 0.634316 0.909434
vt 0.634316 0.913443
vt 0.634316 0.917450
vt 0.634316 0.921457
vt 0.634316 0.925463
vt 0.634316 0.813212
vt 0.634316 0.817218
vt 0.634316 0.821224
vt 0.634316 0.825232
vt 0.634316 0.829241
vt 0.634316 0.833251
vt 0.634316 0.837262
vt 0.634316 0.841274
vt 0.634316 0.845287
vt 0.634316 0.849298
vt 0.634316 0.853308
vt 0.634316 0.857317
vt 0.634316 0.861325
vt 0.634316 0.865331
vt 0.616552 0.869337
vt 0.616552 0.873344
vt 0.616552 0.877350
vt 0.616552 0.881358
vt 0.616552 0.885367
vt 0.616552 0.889377
vt 0.616552 0.893388
vt 0.616552 0.897400
vt 0.616552 0.901412
vt 0.616552 0.905423
vt 0.616552 0.909434
vt 0.616552 0.913443
vt 0.616552 0.917450
vt 0.616552 0.921457
vt 0.616552 0.925463
vt 0.616552 0.813212
vt 0.616552 0.817218
vt 0.616552 0.821224
vt 0.616552 0.825232
vt 0.616552 0.829241
vt 0.616552 0.833251
vt 0.616552 0.837262
vt 0.616552 0.841274
vt 0.616552 0.845287
vt 0.616552 0.849298
vt 0.616552 0.853308
vt 0.616552 0.857317
vt 0.616552 0.861325
vt 0.616552 0.865331
vt 0.598777 0.869337
vt 0.598777 0.873344
vt 0.598777 0.877350
vt 0.598777 0.881358
vt 0.598777 0.885367
vt 0.598777 0.889377
vt 0.598777 0.893388
vt 0.598777 0.897400
vt 0.598777 0.901412
vt 0.598777 0.905423
vt 0.598777 0.909434
vt 0.598777 0.913443
vt 0.598777 0.917450
vt 0.598777 0.921457
vt 0.598777 0.925463
vt 0.598777 0.813212
vt 0.598777 0.817218
vt 0.598777 0.821224
vt 0.598777 0.825232
vt 0.598777 0.829241
vt 0.598777 0.833251
vt 0.598777 0.837262
vt 0.598777 0.841274
vt 0.598777 0.845287
vt 0.598777 0.849298
vt 0.598777 0.853308
vt 0.598777 0.857317
vt 0.598777 0.861325
vt 0.598777 0.865331
vt 0.580996 0.869337
vt 0.580996 0.873344
vt 0.580996 0.877350
vt 0.580996 0.881358
vt 0.580996 0.885367
vt 0.580996 0.889377
vt 0.580996 0.893388
vt 0.580996 0.897400
vt 0.580996 0.901412
vt 0.580996 0.905423
vt 0.580996 0.909434
vt 0.580996 0.913443
vt 0.580996 0.917450
vt 0.580996 0.921457
vt 0.580996 0.925463
vt 0.580996 0.813212
vt 0.580996 0.817218
vt 0.580996 0.821224
vt 0.580996 0.825232
vt 0.580996 0.829241
vt 0.580996 0.833251
vt 0.580996 0.837262
vt 0.580996 0.841274
vt 0.580996 0.845287
vt 0.580996 0.849298
vt 0.580996 0.853308
vt 0.580996 0.857317
vt 0.580996 0.861325
vt 0.580996 0.865331
vt 0.563209 0.869337
vt 0.563209 0.873344
vt 0.563209 0.877350
vt 0.563209 0.881358
vt 0.563209 0.885367
vt 0.563209 0.889377
vt 0.563209 0.893388
vt 0.563209 0.897400
vt 0.563209 0.901412
vt 0.563209 0.905423
vt 0.563209 0.909434
vt 0.563209 0.913443
vt 0.563209 0.917450
vt 0.563209 0.921457
vt 0.563209 0.925463
vt 0.563209 0.813212
vt 0.563209 0.817218
vt 0.563209 0.821224
vt 0.563209 0.825232
vt 0.563209 0.829241
vt 0.563209 0.833251
vt 0.563209 0.837262
vt 0.563209 0.841274
vt 0.563209 0.845287
vt 0.563209 0.849298
vt 0.563209 0.853308
vt 0.563209 0.857317
vt 0.563209 0.861325
vt 0.563209 0.865331
vt 0.545419 0.869337
vt 0.545419 0.873344
vt 0.545419 0.877350
vt 0.545419 0.881358
vt 0.545419 0.885367
vt 0.545419 0.889377
vt 0.545419 0.893388
vt 0.545419 0.897400
vt 0.545419 0.901412
vt 0.545419 0.905423
vt 0.545419 0.909434
vt 0.545419 0.913443
vt 0.545419 0.917450
vt 0.545419 0.921457
vt 0.545419 0.925463
vt 0.545419 0.813212
vt 0.545419 0.817218
vt 0.545419 0.821224
vt 0.545419 0.825232
vt 0.545419 0.829241
vt 0.545419 0.833251
vt 0.545419 0.837262
vt 0.545419 0.841274
vt 0.545419 0.845287
vt 0.545419 0.849298
vt 0.545419 0.853308
vt 0.545419 0.857317
vt 0.545419 0.861325
vt 0.545419 0.865331
vt 0.527627 0.869337
vt 0.527627 0.873344
vt 0.527627 0.877350
vt 0.527627 0.881358
vt 0.527627 0.885367
vt 0.527627 0.889377
vt 0.527627 0.893388
vt 0.527627 0.897400
vt 0.527627 0.901412
vt 0.527627 0.905423
vt 0.527627 0.909434
vt 0.527627 0.913443
vt 0.527627 0.917450
vt 0.527627 0.921457
vt 0.527627 0.925463
vt 0.527627 0.813212
vt 0.527627 0.817218
vt 0.527627 0.821224
vt 0.527627 0.825232
vt 0.527627 0.829241
vt 0.527627 0.833251
vt 0.527627 0.837262
vt 0.527627 0.841274
vt 0.527627 0.845287
vt 0.527627 0.849298
vt 0.527627 0.853308
vt 0.527627 0.857317
vt 0.527627 0.861325
vt 0.527627 0.865331
vt 0.509826 0.869337
vt 0.509826 0.873344
vt 0.509826 0.877350
vt 0.509826 0.881358
vt 0.509826 0.885367
vt 0.509826 0.889377
vt 0.509826 0.893388
vt 0.509826 0.897400
vt 0.509826 0.901412
vt 0.509826 0.905423
vt 0.509826 0.909434
vt 0.509826 0.913443
vt 0.509826 0.917450
vt 0.509826 0.921457
vt 0.509826 0.925463
vt 0.509826 0.813212
vt 0.509826 0.817218
vt 0.509826 0.821224
vt 0.509826 0.825232
vt 0.509826 0.829241
vt 0.509826 0.833251
vt 0.509826 0.837262
vt 0.509826 0.841274
vt 0.509826 0.845287
vt 0.509826 0.849298
vt 0.509826 0.853308
vt 0.509826 0.857317
vt 0.509826 0.861325
vt 0.509826 0.865331
vt 0.492003 0.869337
vt 0.492003 0.873344
vt 0.492003 0.877350
vt 0.492003 0.881358
vt 0.492003 0.885367
vt 0.492003 0.889377
vt 0.492003 0.893388
vt 0.492003 0.897400
vt 0.492003 0.901412
vt 0.492003 0.905423
vt 0.492003 0.909434
vt 0.492003 0.913443
vt 0.492003 0.917450
vt 0.492003 0.921457
vt 0.492003 0.925463
vt 0.492003 0.813212
vt 0.492003 0.817218
vt 0.492003 0.821224
vt 0.492003 0.825232
vt 0.492003 0.829241
vt 0.492003 0.833251
vt 0.492003 0.837262
vt 0.492003 0.841274
vt 0.492003 0.845287
vt 0.492003 0.849298
vt 0.492003 0.853308
vt 0.492003 0.857317
vt 0.492003 0.861325
vt 0.492003 0.865331
vt 0.474193 0.869337
vt 0.474193 0.873344
vt 0.474193 0.877350
vt 0.474193 0.881358
vt 0.474193 0.885367
vt 0.474193 0.889377
vt 0.474193 0.893388
vt 0.474193 0.897400
vt 0.474193 0.901412
vt 0.474193 0.905423
vt 0.474193 0.909434
vt 0.474193 0.913443
vt 0.474193 0.917450
vt 0.474193 0.921457
vt 0.474193 0.925463
vt 0.474193 0.813212
vt 0.474193 0.817218
vt 0.474193 0.821224
vt 0.474193 0.825232
vt 0.474193 0.829241
vt 0.474193 0.833251
vt 0.474193 0.837262
vt 0.474193 0.841274
vt 0.474193 0.845287
vt 0.474193 0.849298
vt 0.474193 0.853308
vt 0.474193 0.857317
vt 0.474193 0.861325
vt 0.474193 0.865331
vt 0.456364 0.869337
vt 0.456364 0.873344
vt 0.456364 0.877350
vt 0.456364 0.881358
vt 0.456364 0.885367
vt 0.456364 0.889377
vt 0.456364 0.893388
vt 0.456364 0.897400
vt 0.456364 0.901412
vt 0.456364 0.905423
vt 0.456364 0.909434
vt 0.456364 0.913443
vt 0.456364 0.917450
vt 0.456364 0.921457
vt 0.456364 0.925463
vt 0.456364 0.813212
vt 0.456364 0.817218
vt 0.456364 0.821224
vt 0.456364 0.825232
vt 0.456364 0.829241
vt 0.456364 0.833251
vt 0.456364 0.837262
vt 0.456364 0.841274
vt 0.456364 0.845287
vt 0.456364 0.849298
vt 0.456364 0.853308
vt 0.456364 0.857317
vt 0.456364 0.861325
vt 0.456364 0.865331
vt 0.438538 0.869337
vt 0.438538 0.873344
vt 0.438538 0.877350
vt 0.438538 0.881358
vt 0.438538 0.885367
vt 0.438538 0.889377
vt 0.438538 0.893388
vt 0.438538 0.897400
vt 0.438538 0.901412
vt 0.438538 0.905423
vt 0.438538 0.909434
vt 0.438538 0.913443
vt 0.438538 0.917450
vt 0.438538 0.921457
vt 0.438538 0.925463
vt 0.438538 0.813212
vt 0.438538 0.817218
vt 0.438538 0.821224
vt 0.438538 0.825232
vt 0.438538 0.829241
vt 0.438538 0.833251
vt 0.438538 0.837262
vt 0.438538 0.841274
vt 0.438538 0.845287
vt 0.438538 0.849298
vt 0.438538 0.853308
vt 0.438538 0.857317
vt 0.438538 0.861325
vt 0.438538 0.865331
vt 0.420730 0.869337
vt 0.420730 0.873344
vt 0.420730 0.877350
vt 0.420730 0.881358
vt 0.420730 0.885367
vt 0.420730 0.889377
vt 0.420730 0.893388
vt 0.420730 0.897400
vt 0.420730 0.901412
vt 0.420730 0.905423
vt 0.420730 0.909434
vt 0.420730 0.913443
vt 0.420730 0.917450
vt 0.420730 0.921457
vt 0.420730 0.925463
vt 0.420730 0.813212
vt 0.420730 0.817218
vt 0.420730 0.821224
vt 0.420730 0.825232
vt 0.420730 0.829241
vt 0.420730 0.833251
vt 0.420730 0.837262
vt 0.420730 0.841274
vt 0.420730 0.845287
vt 0.420730 0.849298
vt 0.420730 0.853308
vt 0.420730 0.857317
vt 0.420730 0.861325
vt 0.420730 0.865331
vt 0.408405 0.869337
vt 0.408405 0.873344
vt 0.408405 0.877350
vt 0.408405 0.881358
vt 0.408405 0.885367
vt 0.408405 0.889377
vt 0.408405 0.893388
vt 0.408405 0.897400
vt 0.408405 0.901412
vt 0.408405 0.905423
vt 0.408405 0.909434
vt 0.408405 0.913443
vt 0.408405 0.917450
vt 0.408405 0.921457
vt 0.408405 0.925463
vt 0.408405 0.813212
vt 0.408405 0.817218
vt 0.408405 0.821224
vt 0.408405 0.825232
vt 0.408405 0.829241
vt 0.408405 0.833251
vt 0.408405 0.837262
vt 0.408405 0.841274
vt 0.408405 0.845287
vt 0.408405 0.849298
vt 0.408405 0.853308
vt 0.408405 0.857317
vt 0.408405 0.861325
vt 0.408405 0.865331
vt 0.150664 0.193247
vt 0.146274 0.193215
vt 0.146278 0.203288
vt 0.150664 0.203288
vt 0.141884 0.193121
vt 0.141891 0.203288
vt 0.137492 0.192974
vt 0.137501 0.203288
vt 0.133097 0.192785
vt 0.133107 0.203288
vt 0.128700 0.192568
vt 0.128708 0.203288
vt 0.124301 0.192339
vt 0.124307 0.203288
vt 0.119901 0.192110
vt 0.119903 0.203288
vt 0.115501 0.191892
vt 0.115498 0.203288
vt 0.111102 0.191695
vt 0.111096 0.203288
vt 0.106705 0.191527
vt 0.106697 0.203288
vt 0.102310 0.191391
vt 0.102302 0.203288
vt 0.097918 0.191291
vt 0.097911 0.203288
vt 0.093528 0.191231
vt 0.093524 0.203288
vt 0.089138 0.191211
vt 0.089138 0.203288
vt 0.084749 0.191231
vt 0.084753 0.203288
vt 0.080359 0.191291
vt 0.080366 0.203288
vt 0.075967 0.191391
vt 0.075975 0.203288
vt 0.071572 0.191527
vt 0.071580 0.203288
vt 0.067175 0.191695
vt 0.067181 0.203288
vt 0.062776 0.191892
vt 0.062778 0.203288
vt 0.058376 0.192110
vt 0.058374 0.203288
vt 0.053976 0.192339
vt 0.053970 0.203288
vt 0.049577 0.192568
vt 0.049569 0.203288
vt 0.045180 0.192785
vt 0.045170 0.203288
vt 0.040785 0.192974
vt 0.040776 0.203288
vt 0.036393 0.193121
vt 0.036386 0.203288
vt 0.032003 0.193215
vt 0.031999 0.203288
vt 0.027613 0.193247
vt 0.027613 0.203288
vt 0.150664 0.176755
vt 0.146272 0.176731
vt 0.141880 0.176662
vt 0.137486 0.176554
vt 0.133092 0.176414
vt 0.128696 0.176255
vt 0.124299 0.176087
vt 0.119901 0.175919
vt 0.115503 0.175760
vt 0.111106 0.175616
vt 0.106710 0.175493
vt 0.102316 0.175395
vt 0.097922 0.175323
vt 0.093530 0.175279
vt 0.089138 0.175264
vt 0.084747 0.175279
vt 0.080354 0.175323
vt 0.075961 0.175395
vt 0.071567 0.175493
vt 0.067171 0.175616
vt 0.062774 0.175760
vt 0.058376 0.175919
vt 0.053978 0.176087
vt 0.049581 0.176255
vt 0.045185 0.176414
vt 0.040791 0.176554
vt 0.036397 0.176662
vt 0.032005 0.176731
vt 0.027613 0.176755
vt 0.150664 0.159742
vt 0.146269 0.159742
vt 0.141874 0.159742
vt 0.137480 0.159742
vt 0.133085 0.159742
vt 0.128690 0.159742
vt 0.124296 0.159742
vt 0.119901 0.159742
vt 0.115506 0.159742
vt 0.111112 0.159742
vt 0.106717 0.159742
vt 0.102322 0.159742
vt 0.097928 0.159742
vt 0.093533 0.159742
vt 0.089138 0.159742
vt 0.084744 0.159742
vt 0.080349 0.159742
vt 0.075954 0.159742
vt 0.071560 0.159742
vt 0.067165 0.159742
vt 0.062771 0.159742
vt 0.058376 0.159742
vt 0.053981 0.159742
vt 0.049587 0.159742
vt 0.045192 0.159742
vt 0.040797 0.159742
vt 0.036403 0.159742
vt 0.032008 0.159742
vt 0.027613 0.159742
vt 0.027713 0.107637
vt 0.036132 0.107645
vt 0.036132 0.089851
vt 0.027713 0.089859
vt 0.044594 0.107671
vt 0.044594 0.089825
vt 0.053051 0.107712
vt 0.053051 0.089784
vt 0.061495 0.107767
vt 0.061495 0.089729
vt 0.069953 0.107832
vt 0.069953 0.089664
vt 0.078417 0.107905
vt 0.078417 0.089591
vt 0.086839 0.107982
vt 0.086839 0.089514
vt 0.095262 0.108059
vt 0.095262 0.089437
vt 0.103726 0.108132
vt 0.103726 0.089364
vt 0.112184 0.108198
vt 0.112184 0.089298
vt 0.120628 0.108252
vt 0.120628 0.089243
vt 0.129084 0.108294
vt 0.129084 0.089202
vt 0.137546 0.108319
vt 0.137546 0.089177
vt 0.145966 0.108328
vt 0.145966 0.089168
vt 0.154386 0.108319
vt 0.154386 0.089177
vt 0.162848 0.108294
vt 0.162848 0.089202
vt 0.171305 0.108252
vt 0.171305 0.089243
vt 0.179749 0.108198
vt 0.179749 0.089298
vt 0.188207 0.108132
vt 0.188207 0.089364
vt 0.196671 0.108059
vt 0.196671 0.089437
vt 0.205093 0.107982
vt 0.205093 0.089514
vt 0.213515 0.107905
vt 0.213515 0.089591
vt 0.221979 0.107832
vt 0.221979 0.089664
vt 0.230437 0.107767
vt 0.230437 0.089729
vt 0.238881 0.107712
vt 0.238881 0.089784
vt 0.247338 0.107671
vt 0.247338 0.089825
vt 0.255800 0.107645
vt 0.255800 0.089851
vt 0.264220 0.107637
vt 0.264220 0.089859
vt 0.027391 0.045980
vt 0.027391 0.066390
vt 0.033513 0.066388
vt 0.033513 0.045982
vt 0.027559 0.067576
vt 0.027559 0.087982
vt 0.033681 0.087984
vt 0.033681 0.067574
vt 0.193031 0.045980
vt 0.193031 0.066391
vt 0.199174 0.066390
vt 0.199174 0.045980
vt 0.039824 0.087985
vt 0.039824 0.067574
vt 0.186891 0.045981
vt 0.186891 0.066390
vt 0.045964 0.087984
vt 0.045964 0.067575
vt 0.180757 0.045981
vt 0.180757 0.066390
vt 0.052099 0.087984
vt 0.052099 0.067575
vt 0.174617 0.045980
vt 0.174617 0.066391
vt 0.058240 0.087985
vt 0.058240 0.067574
vt 0.168473 0.045980
vt 0.168473 0.066390
vt 0.064384 0.087984
vt 0.064384 0.067574
vt 0.162350 0.045982
vt 0.162350 0.066388
vt 0.070508 0.087982
vt 0.070508 0.067576
vt 0.156227 0.045980
vt 0.156227 0.066390
vt 0.076632 0.087984
vt 0.076632 0.067574
vt 0.150084 0.045980
vt 0.150084 0.066391
vt 0.082776 0.087985
vt 0.082776 0.067574
vt 0.143943 0.045981
vt 0.143943 0.066390
vt 0.088917 0.087984
vt 0.088917 0.067575
vt 0.137809 0.045981
vt 0.137809 0.066390
vt 0.095051 0.087984
vt 0.095051 0.067575
vt 0.131669 0.045980
vt 0.131669 0.066391
vt 0.101192 0.087985
vt 0.101192 0.067574
vt 0.125526 0.045980
vt 0.125526 0.066390
vt 0.107335 0.087984
vt 0.107335 0.067574
vt 0.119404 0.045982
vt 0.119404 0.066388
vt 0.113457 0.087982
vt 0.113457 0.067576
vt 0.113282 0.045980
vt 0.113282 0.066390
vt 0.119579 0.087984
vt 0.119579 0.067574
vt 0.107140 0.045980
vt 0.107140 0.066391
vt 0.125722 0.087985
vt 0.125722 0.067574
vt 0.100999 0.045981
vt 0.100999 0.066390
vt 0.131862 0.087984
vt 0.131862 0.067575
vt 0.094865 0.045981
vt 0.094865 0.066390
vt 0.137996 0.087984
vt 0.137996 0.067575
vt 0.088725 0.045980
vt 0.088725 0.066391
vt 0.144138 0.087985
vt 0.144138 0.067574
vt 0.082581 0.045980
vt 0.082581 0.066390
vt 0.150282 0.087984
vt 0.150282 0.067574
vt 0.076458 0.045982
vt 0.076458 0.066388
vt 0.156406 0.087982
vt 0.156406 0.067576
vt 0.070335 0.045980
vt 0.070335 0.066390
vt 0.162529 0.087984
vt 0.162529 0.067574
vt 0.064192 0.045980
vt 0.064192 0.066391
vt 0.168674 0.087985
vt 0.168674 0.067574
vt 0.058051 0.045981
vt 0.058051 0.066390
vt 0.174815 0.087984
vt 0.174815 0.067575
vt 0.051918 0.045981
vt 0.051918 0.066390
vt 0.180949 0.087984
vt 0.180949 0.067575
vt 0.045777 0.045980
vt 0.045777 0.066391
vt 0.187090 0.087985
vt 0.187090 0.067574
vt 0.039635 0.045980
vt 0.039635 0.066390
vt 0.193232 0.087984
vt 0.193232 0.067574
vt 0.199354 0.087982
vt 0.199354 0.067576
vt 0.137209 0.109512
vt 0.137209 0.127154
vt 0.143024 0.127153
vt 0.143024 0.109513
vt 0.136265 0.204472
vt 0.128482 0.204472
vt 0.294496 0.109511
vt 0.294496 0.127155
vt 0.300328 0.127154
vt 0.300328 0.109512
vt 0.120689 0.204472
vt 0.288665 0.109512
vt 0.288665 0.127154
vt 0.112896 0.204472
vt 0.282841 0.109512
vt 0.282841 0.127154
vt 0.105108 0.204472
vt 0.277011 0.109511
vt 0.277011 0.127155
vt 0.097316 0.204472
vt 0.271178 0.109512
vt 0.271178 0.127154
vt 0.089523 0.204472
vt 0.265363 0.109513
vt 0.265363 0.127153
vt 0.081740 0.204472
vt 0.259549 0.109512
vt 0.259549 0.127154
vt 0.073957 0.204472
vt 0.253716 0.109511
vt 0.253716 0.127155
vt 0.066164 0.204472
vt 0.247886 0.109512
vt 0.247886 0.127154
vt 0.058372 0.204472
vt 0.242061 0.109512
vt 0.242061 0.127154
vt 0.050584 0.204472
vt 0.236231 0.109511
vt 0.236231 0.127155
vt 0.042791 0.204472
vt 0.230398 0.109512
vt 0.230398 0.127154
vt 0.034998 0.204472
vt 0.224583 0.109513
vt 0.224583 0.127153
vt 0.027216 0.204472
vt 0.218769 0.109512
vt 0.218769 0.127154
vt 0.245314 0.204472
vt 0.237531 0.204472
vt 0.212936 0.109511
vt 0.212936 0.127155
vt 0.229738 0.204472
vt 0.207106 0.109512
vt 0.207106 0.127154
vt 0.221946 0.204472
vt 0.201281 0.109512
vt 0.201281 0.127154
vt 0.214157 0.204472
vt 0.195451 0.109511
vt 0.195451 0.127155
vt 0.206365 0.204472
vt 0.189618 0.109512
vt 0.189618 0.127154
vt 0.198572 0.204472
vt 0.183804 0.109513
vt 0.183804 0.127153
vt 0.190789 0.204472
vt 0.177989 0.109512
vt 0.177989 0.127154
vt 0.183007 0.204472
vt 0.172156 0.109511
vt 0.172156 0.127155
vt 0.175213 0.204472
vt 0.166326 0.109512
vt 0.166326 0.127154
vt 0.167421 0.204472
vt 0.160501 0.109512
vt 0.160501 0.127154
vt 0.159633 0.204472
vt 0.154671 0.109511
vt 0.154671 0.127155
vt 0.151840 0.204472
vt 0.148838 0.109512
vt 0.148838 0.127154
vt 0.144047 0.204472
vt 0.108396 0.029576
vt 0.111923 0.029576
vt 0.111923 0.027507
vt 0.108396 0.027507
vt 0.203561 0.029576
vt 0.207084 0.029576
vt 0.207084 0.027507
vt 0.203561 0.027507
vt 0.200037 0.029576
vt 0.200037 0.027507
vt 0.196513 0.029576
vt 0.196513 0.027507
vt 0.192989 0.029576
vt 0.192989 0.027507
vt 0.189466 0.029576
vt 0.189466 0.027507
vt 0.185939 0.029576
vt 0.185939 0.027507
vt 0.182412 0.029576
vt 0.182412 0.027507
vt 0.178889 0.029576
vt 0.178889 0.027507
vt 0.175365 0.029576
vt 0.175365 0.027507
vt 0.171841 0.029576
vt 0.171841 0.027507
vt 0.168317 0.029576
vt 0.168317 0.027507
vt 0.164794 0.029576
vt 0.164794 0.027507
vt 0.161267 0.029576
vt 0.161267 0.027507
vt 0.157740 0.029576
vt 0.157740 0.027507
vt 0.154217 0.029576
vt 0.154217 0.027507
vt 0.150693 0.029576
vt 0.150693 0.027507
vt 0.147169 0.029576
vt 0.147169 0.027507
vt 0.143645 0.029576
vt 0.143645 0.027507
vt 0.140122 0.029576
vt 0.140122 0.027507
vt 0.136595 0.029576
vt 0.136595 0.027507
vt 0.133068 0.029576
vt 0.133068 0.027507
vt 0.129545 0.029576
vt 0.129545 0.027507
vt 0.126021 0.029576
vt 0.126021 0.027507
vt 0.122497 0.029576
vt 0.122497 0.027507
vt 0.118973 0.029576
vt 0.118973 0.027507
vt 0.115450 0.029576
vt 0.115450 0.027507
vt 0.368494 0.565674
vt 0.369072 0.565674
vt 0.368494 0.569748
vt 0.369072 0.569748
vt 0.368494 0.573822
vt 0.369072 0.573823
vt 0.368494 0.577896
vt 0.369072 0.577896
vt 0.368494 0.581969
vt 0.369072 0.581969
vt 0.368494 0.586043
vt 0.369072 0.586043
vt 0.368494 0.590117
vt 0.369072 0.590117
vt 0.368494 0.594190
vt 0.369072 0.594190
vt 0.819283 0.100937
vt 0.604213 0.100937
vt 0.604283 0.113300
vt 0.814350 0.114931
vt 0.363980 0.127049
vt 0.363980 0.294043
vt 0.376192 0.290093
vt 0.376281 0.133301
vt 0.507110 0.465585
vt 0.606501 0.465585
vt 0.606477 0.461110
vt 0.507994 0.460966
vt 0.737294 0.448681
vt 0.846736 0.292352
vt 0.834511 0.288438
vt 0.732635 0.444260
vt 0.794388 0.852377
vt 0.866540 0.852377
vt 0.866540 0.740816
vt 0.794388 0.727778
vt 0.798786 0.143836
vt 0.797513 0.151032
vt 0.804903 0.149186
vt 0.806331 0.141817
vt 0.379466 0.127154
vt 0.384175 0.138208
vt 0.386789 0.132382
vt 0.503934 0.459817
vt 0.505090 0.455201
vt 0.500775 0.453792
vt 0.724744 0.450723
vt 0.731410 0.439567
vt 0.724276 0.445896
vt 0.842074 0.119568
vt 0.831358 0.127512
vt 0.834297 0.133625
vt 0.846736 0.127623
vt 0.604414 0.142281
vt 0.604443 0.149282
vt 0.368345 0.118480
vt 0.405792 0.149249
vt 0.409137 0.288914
vt 0.416654 0.289063
vt 0.413177 0.151118
vt 0.502193 0.464548
vt 0.494026 0.435149
vt 0.606339 0.435161
vt 0.606301 0.427818
vt 0.489280 0.427795
vt 0.728594 0.455486
vt 0.726186 0.429041
vt 0.801631 0.287283
vt 0.794131 0.287432
vt 0.722870 0.427445
vt 0.820671 0.117586
vt 0.809399 0.123065
vt 0.815336 0.124899
vt 0.826478 0.138334
vt 0.823904 0.132601
vt 0.809221 0.133493
vt 0.815056 0.138611
vt 0.814986 0.133122
vt 0.815727 0.144270
vt 0.803501 0.133580
vt 0.821022 0.127291
vt 0.826621 0.121919
vt 0.401279 0.122783
vt 0.396352 0.114521
vt 0.390068 0.117178
vt 0.395362 0.124615
vt 0.411885 0.143851
vt 0.404350 0.141792
vt 0.389692 0.127008
vt 0.395630 0.138523
vt 0.395696 0.132954
vt 0.394965 0.144261
vt 0.384145 0.121519
vt 0.401455 0.133353
vt 0.407164 0.133459
vt 0.480900 0.439830
vt 0.479745 0.444474
vt 0.487676 0.450809
vt 0.488091 0.446055
vt 0.485982 0.429390
vt 0.491080 0.437039
vt 0.495318 0.451575
vt 0.496538 0.445563
vt 0.493441 0.445844
vt 0.499598 0.445462
vt 0.496691 0.456332
vt 0.488324 0.440059
vt 0.482895 0.434046
vt 0.707298 0.455162
vt 0.704423 0.460978
vt 0.708471 0.459856
vt 0.711612 0.453745
vt 0.718215 0.434870
vt 0.721183 0.436775
vt 0.717066 0.451503
vt 0.723975 0.439823
vt 0.718908 0.445688
vt 0.729333 0.433729
vt 0.715712 0.456336
vt 0.715798 0.445405
vt 0.712730 0.445303
vt 0.835590 0.111456
vt 0.827416 0.104933
vt 0.604369 0.131960
vt 0.604320 0.121293
vt 0.375499 0.110423
vt 0.383845 0.104483
vt 0.391694 0.100937
vt 0.397369 0.288906
vt 0.385095 0.289232
vt 0.493944 0.461026
vt 0.483981 0.455454
vt 0.475183 0.448856
vt 0.606392 0.445506
vt 0.606445 0.455338
vt 0.718513 0.461148
vt 0.710080 0.464563
vt 0.705303 0.465585
vt 0.813378 0.287273
vt 0.825627 0.287589
vt 0.866540 0.963938
vt 0.938773 0.941615
vt 0.938773 0.852377
vt 0.938773 0.763138
vt 0.794388 0.976976
vt 0.742643 0.288708
vt 0.747541 0.204542
vt 0.604668 0.203499
vt 0.493490 0.372790
vt 0.606234 0.373155
vt 0.467635 0.290130
vt 0.718355 0.372386
vt 0.461483 0.206124
vt 0.720273 0.288049
vt 0.724806 0.220311
vt 0.777142 0.705345
vt 0.777142 0.852377
vt 0.507185 0.357842
vt 0.606214 0.358230
vt 0.489883 0.289450
vt 0.703936 0.357636
vt 0.485223 0.221737
vt 0.777142 0.999408
vt 0.401228 0.895983
vt 0.234804 0.896649
vt 0.397738 0.896649
vt 0.071870 0.896649
vt 0.068379 0.895983
vt 0.404443 0.893871
vt 0.065164 0.893871
vt 0.406555 0.890657
vt 0.063053 0.890657
vt 0.407221 0.887166
vt 0.062387 0.887166
vt 0.407221 0.776565
vt 0.062387 0.776565
vt 0.407221 0.665963
vt 0.062387 0.665963
vt 0.406555 0.662473
vt 0.063053 0.662473
vt 0.404443 0.659258
vt 0.065164 0.659258
vt 0.401228 0.657146
vt 0.068379 0.657146
vt 0.397738 0.656480
vt 0.071870 0.656480
vt 0.854744 0.477678
vt 0.824271 0.639398
vt 0.856467 0.484032
vt 0.850213 0.471825
vt 0.843742 0.467981
vt 0.837036 0.466769
vt 0.608154 0.466769
vt 0.708369 0.794765
vt 0.701368 0.801119
vt 0.693849 0.806972
vt 0.687782 0.810816
vt 0.684336 0.812028
vt 0.607524 0.812028
vt 0.379271 0.466769
vt 0.530711 0.812028
vt 0.527276 0.810816
vt 0.521240 0.806972
vt 0.513768 0.801119
vt 0.506817 0.794765
vt 0.391802 0.639398
vt 0.359852 0.484032
vt 0.372566 0.467981
vt 0.366099 0.471825
vt 0.361572 0.477678
s 0
usemtl default
f 1/1/1 2/2/1 3/3/1
f 1/1/1 3/3/1 4/4/1
f 5/5/2 6/6/2 7/7/2
f 5/5/2 7/7/2 8/8/2
f 9/9/3 10/10/3 11/11/3
f 9/9/3 11/11/3 12/12/3
f 13/13/4 14/14/4 15/15/4
f 13/13/4 15/15/4 16/16/4
f 17/17/5 18/18/5 19/19/5
f 17/17/5 19/19/5 20/20/5
s 1
f 21/21/6 22/22/7 23/23/8
f 21/21/6 23/23/8 24/24/9
f 25/25/10 26/8/11 27/26/12
f 25/25/10 27/26/12 28/27/13
f 29/28/14 30/12/15 31/29/16
f 29/28/14 31/29/16 32/30/17
f 33/31/18 34/16/19 35/32/20
f 33/31/18 35/32/20 36/33/21
f 37/34/22 38/35/23 39/36/24
f 37/34/22 39/36/24 40/37/25
f 21/21/6 41/38/26 42/39/27
f 21/21/6 42/39/27 22/22/7
f 25/25/10 43/40/28 44/5/29
f 25/25/10 44/5/29 26/8/11
f 45/41/30 46/42/31 47/43/32
f 45/41/30 47/43/32 48/44/33
f 29/28/14 49/45/34 50/9/35
f 29/28/14 50/9/35 30/12/15
f 51/46/36 52/47/37 53/48/38
f 51/46/36 53/48/38 54/49/39
f 33/31/18 55/50/40 56/13/41
f 33/31/18 56/13/41 34/16/19
f 57/51/42 58/52/43 59/53/44
f 57/51/42 59/53/44 60/54/45
f 61/55/46 62/4/47 63/56/48
f 61/55/46 63/56/48 64/57/49
f 65/58/50 39/36/24 38/35/23
f 65/58/50 38/35/23 66/59/51
f 67/60/52 24/24/9 68/61/53
f 67/60/52 68/61/53 69/62/54
f 24/24/9 23/23/8 70/63/55
f 24/24/9 70/63/55 68/61/53
f 71/64/56 21/21/6 24/24/9
f 71/64/56 24/24/9 67/60/52
f 72/65/57 64/57/49 67/60/52
f 72/65/57 67/60/52 69/62/54
f 64/57/49 63/56/48 71/64/56
f 64/57/49 71/64/56 67/60/52
f 73/66/58 61/55/46 64/57/49
f 73/66/58 64/57/49 72/65/57
f 68/61/53 66/59/51 72/65/57
f 68/61/53 72/65/57 69/62/54
f 66/59/51 38/35/23 73/66/58
f 66/59/51 73/66/58 72/65/57
f 70/63/55 65/58/50 66/59/51
f 70/63/55 66/59/51 68/61/53
f 74/67/59 75/68/60 76/69/61
f 74/67/59 76/69/61 77/70/62
f 45/41/30 48/44/33 78/71/63
f 45/41/30 78/71/63 79/72/64
f 80/73/65 28/27/13 81/74/66
f 80/73/65 81/74/66 82/75/67
f 28/27/13 27/26/12 83/76/68
f 28/27/13 83/76/68 81/74/66
f 84/77/69 25/25/10 28/27/13
f 84/77/69 28/27/13 80/73/65
f 85/78/70 77/70/62 80/73/65
f 85/78/70 80/73/65 82/75/67
f 77/70/62 76/69/61 84/77/69
f 77/70/62 84/77/69 80/73/65
f 86/79/71 74/67/59 77/70/62
f 86/79/71 77/70/62 85/78/70
f 81/74/66 79/72/64 85/78/70
f 81/74/66 85/78/70 82/75/67
f 79/72/64 78/71/63 86/79/71
f 79/72/64 86/79/71 85/78/70
f 83/76/68 45/41/30 79/72/64
f 83/76/68 79/72/64 81/74/66
f 87/80/72 88/81/73 89/82/74
f 87/80/72 89/82/74 90/83/75
f 51/46/36 54/49/39 91/84/76
f 51/46/36 91/84/76 92/85/77
f 93/86/78 32/30/17 94/87/79
f 93/86/78 94/87/79 95/88/80
f 32/30/17 31/29/16 96/89/81
f 32/30/17 96/89/81 94/87/79
f 97/90/82 29/28/14 32/30/17
f 97/90/82 32/30/17 93/86/78
f 98/91/83 90/83/75 93/86/78
f 98/91/83 93/86/78 95/88/80
f 90/83/75 89/82/74 97/90/82
f 90/83/75 97/90/82 93/86/78
f 99/92/84 87/80/72 90/83/75
f 99/92/84 90/83/75 98/91/83
f 94/87/79 92/85/77 98/91/83
f 94/87/79 98/91/83 95/88/80
f 92/85/77 91/84/76 99/92/84
f 92/85/77 99/92/84 98/91/83
f 96/89/81 51/46/36 92/85/77
f 96/89/81 92/85/77 94/87/79
f 100/93/85 101/94/86 102/95/87
f 100/93/85 102/95/87 103/96/88
f 57/51/42 60/54/45 104/97/89
f 57/51/42 104/97/89 105/98/90
f 106/99/91 36/33/21 107/100/92
f 106/99/91 107/100/92 108/101/93
f 36/33/21 35/32/20 109/102/94
f 36/33/21 109/102/94 107/100/92
f 110/103/95 33/31/18 36/33/21
f 110/103/95 36/33/21 106/99/91
f 111/104/96 103/96/88 106/99/91
f 111/104/96 106/99/91 108/101/93
f 103/96/88 102/95/87 110/103/95
f 103/96/88 110/103/95 106/99/91
f 112/105/97 100/93/85 103/96/88
f 112/105/97 103/96/88 111/104/96
f 107/100/92 105/98/90 111/104/96
f 107/100/92 111/104/96 108/101/93
f 105/98/90 104/97/89 112/105/97
f 105/98/90 112/105/97 111/104/96
f 109/102/94 57/51/42 105/98/90
f 109/102/94 105/98/90 107/100/92
f 37/34/22 113/106/98 73/66/58
f 37/34/22 73/66/58 38/35/23
f 113/106/98 114/107/99 61/55/46
f 113/106/98 61/55/46 73/66/58
f 114/107/99 115/1/100 62/4/47
f 114/107/99 62/4/47 61/55/46
f 41/38/26 116/108/101 86/79/71
f 41/38/26 86/79/71 78/71/63
f 116/108/101 117/109/102 74/67/59
f 116/108/101 74/67/59 86/79/71
f 117/109/102 118/3/103 75/68/60
f 117/109/102 75/68/60 74/67/59
f 25/25/10 84/77/69 119/110/104
f 25/25/10 119/110/104 43/40/28
f 84/77/69 76/69/61 120/111/105
f 84/77/69 120/111/105 119/110/104
f 76/69/61 75/68/60 121/112/106
f 76/69/61 121/112/106 120/111/105
f 46/42/31 122/113/107 99/92/84
f 46/42/31 99/92/84 91/84/76
f 122/113/107 123/114/108 87/80/72
f 122/113/107 87/80/72 99/92/84
f 123/114/108 124/7/109 88/81/73
f 123/114/108 88/81/73 87/80/72
f 29/28/14 97/90/82 125/115/110
f 29/28/14 125/115/110 49/45/34
f 97/90/82 89/82/74 126/116/111
f 97/90/82 126/116/111 125/115/110
f 89/82/74 88/81/73 127/117/112
f 89/82/74 127/117/112 126/116/111
f 52/47/37 128/118/113 112/105/97
f 52/47/37 112/105/97 104/97/89
f 128/118/113 129/119/114 100/93/85
f 128/118/113 100/93/85 112/105/97
f 129/119/114 130/11/115 101/94/86
f 129/119/114 101/94/86 100/93/85
f 33/31/18 110/103/95 131/120/116
f 33/31/18 131/120/116 55/50/40
f 110/103/95 102/95/87 132/121/117
f 110/103/95 132/121/117 131/120/116
f 102/95/87 101/94/86 133/122/118
f 102/95/87 133/122/118 132/121/117
f 58/52/43 134/123/119 70/63/55
f 58/52/43 70/63/55 23/23/8
f 134/123/119 135/124/120 65/58/50
f 134/123/119 65/58/50 70/63/55
f 135/124/120 136/15/121 39/36/24
f 135/124/120 39/36/24 65/58/50
s 0
f 137/125/5 138/53/5 139/22/5
f 137/125/5 139/22/5 140/126/5
f 141/127/5 142/48/5 143/54/5
f 141/127/5 143/54/5 144/128/5
f 145/129/5 146/43/5 147/49/5
f 145/129/5 147/49/5 148/130/5
f 149/131/5 150/39/5 151/44/5
f 149/131/5 151/44/5 152/132/5
f 153/19/2 154/133/2 155/134/2
f 153/19/2 155/134/2 156/20/2
f 157/135/1 158/136/1 159/137/1
f 157/135/1 159/137/1 160/138/1
f 161/139/4 162/140/4 163/141/4
f 161/139/4 163/141/4 164/142/4
f 165/17/3 166/143/3 167/144/3
f 165/17/3 167/144/3 168/145/3
f 10/10/3 169/122/3 170/94/3
f 10/10/3 170/94/3 11/11/3
s 1
f 129/119/114 31/29/16 30/12/15
f 129/119/114 30/12/15 130/11/115
f 128/118/113 96/89/81 31/29/16
f 128/118/113 31/29/16 129/119/114
f 52/47/37 51/46/36 96/89/81
f 52/47/37 96/89/81 128/118/113
f 52/47/37 104/97/89 60/54/45
f 52/47/37 60/54/45 53/48/38
s 0
f 141/127/5 148/130/5 147/49/5
f 141/127/5 147/49/5 142/48/5
f 157/135/1 171/142/1 172/146/1
f 157/135/1 172/146/1 158/136/1
f 18/18/5 173/139/5 174/142/5
f 18/18/5 174/142/5 175/135/5
f 165/17/3 176/20/3 177/147/3
f 165/17/3 177/147/3 166/143/3
f 149/131/5 140/126/5 139/22/5
f 149/131/5 139/22/5 150/39/5
s 1
f 41/38/26 78/71/63 48/44/33
f 41/38/26 48/44/33 42/39/27
f 41/38/26 21/21/6 71/64/56
f 41/38/26 71/64/56 116/108/101
f 116/108/101 71/64/56 63/56/48
f 116/108/101 63/56/48 117/109/102
f 117/109/102 63/56/48 62/4/47
f 117/109/102 62/4/47 118/3/103
s 0
f 2/2/1 178/112/1 179/68/1
f 2/2/1 179/68/1 3/3/1
f 6/6/2 180/117/2 181/81/2
f 6/6/2 181/81/2 7/7/2
s 1
f 123/114/108 27/26/12 26/8/11
f 123/114/108 26/8/11 124/7/109
f 122/113/107 83/76/68 27/26/12
f 122/113/107 27/26/12 123/114/108
f 46/42/31 45/41/30 83/76/68
f 46/42/31 83/76/68 122/113/107
f 46/42/31 91/84/76 54/49/39
f 46/42/31 54/49/39 47/43/32
s 0
f 145/129/5 152/132/5 151/44/5
f 145/129/5 151/44/5 146/43/5
f 161/139/4 182/145/4 183/148/4
f 161/139/4 183/148/4 162/140/4
f 18/18/5 17/17/5 184/145/5
f 18/18/5 184/145/5 173/139/5
f 18/18/5 175/135/5 185/138/5
f 18/18/5 185/138/5 19/19/5
f 153/19/2 186/138/2 187/149/2
f 153/19/2 187/149/2 154/133/2
f 137/125/5 144/128/5 143/54/5
f 137/125/5 143/54/5 138/53/5
s 1
f 58/52/43 23/23/8 22/22/7
f 58/52/43 22/22/7 59/53/44
f 58/52/43 57/51/42 109/102/94
f 58/52/43 109/102/94 134/123/119
f 134/123/119 109/102/94 35/32/20
f 134/123/119 35/32/20 135/124/120
f 135/124/120 35/32/20 34/16/19
f 135/124/120 34/16/19 136/15/121
s 0
f 14/14/4 188/37/4 189/36/4
f 14/14/4 189/36/4 15/15/4
s 1
f 190/150/122 191/151/123 192/152/123
f 190/150/122 192/152/123 193/153/122
f 191/151/123 194/154/124 195/155/124
f 191/151/123 195/155/124 192/152/123
f 194/154/124 196/156/125 197/157/125
f 194/154/124 197/157/125 195/155/124
f 196/156/125 198/158/126 199/159/126
f 196/156/125 199/159/126 197/157/125
f 198/158/126 200/160/127 201/161/127
f 198/158/126 201/161/127 199/159/126
f 200/160/127 202/162/128 203/163/128
f 200/160/127 203/163/128 201/161/127
f 202/162/128 204/164/2 205/165/2
f 202/162/128 205/165/2 203/163/128
f 204/164/2 206/166/129 207/167/129
f 204/164/2 207/167/129 205/165/2
f 206/166/129 208/168/130 209/169/130
f 206/166/129 209/169/130 207/167/129
f 208/168/130 210/170/131 211/171/131
f 208/168/130 211/171/131 209/169/130
f 210/170/131 212/172/132 213/173/132
f 210/170/131 213/173/132 211/171/131
f 212/172/132 214/174/133 215/175/133
f 212/172/132 215/175/133 213/173/132
f 214/174/133 216/176/134 217/177/134
f 214/174/133 217/177/134 215/175/133
f 216/176/134 218/178/135 219/179/135
f 216/176/134 219/179/135 217/177/134
f 218/178/135 220/180/136 221/181/136
f 218/178/135 221/181/136 219/179/135
f 220/180/136 222/182/137 223/183/137
f 220/180/136 223/183/137 221/181/136
f 222/182/137 224/184/138 225/185/138
f 222/182/137 225/185/138 223/183/137
f 224/184/138 226/186/139 227/187/139
f 224/184/138 227/187/139 225/185/138
f 226/186/139 228/188/140 229/189/140
f 226/186/139 229/189/140 227/187/139
f 228/188/140 230/190/141 231/191/141
f 228/188/140 231/191/141 229/189/140
f 230/190/141 232/192/4 233/193/4
f 230/190/141 233/193/4 231/191/141
f 232/192/4 234/194/142 235/195/142
f 232/192/4 235/195/142 233/193/4
f 234/194/142 236/196/143 237/197/143
f 234/194/142 237/197/143 235/195/142
f 236/196/143 238/198/144 239/199/144
f 236/196/143 239/199/144 237/197/143
f 238/198/144 240/200/145 241/201/145
f 238/198/144 241/201/145 239/199/144
f 240/200/145 242/202/146 243/203/146
f 240/200/145 243/203/146 241/201/145
f 242/202/146 244/204/147 245/205/147
f 242/202/146 245/205/147 243/203/146
f 244/204/147 246/206/122 247/207/122
f 244/204/147 247/207/122 245/205/147
f 248/208/122 249/209/123 250/210/123
f 248/208/122 250/210/123 251/211/122
f 249/209/123 252/212/124 253/213/124
f 249/209/123 253/213/124 250/210/123
f 252/212/124 254/214/125 255/215/125
f 252/212/124 255/215/125 253/213/124
f 254/214/125 256/216/126 257/217/126
f 254/214/125 257/217/126 255/215/125
f 256/216/126 258/218/127 259/219/127
f 256/216/126 259/219/127 257/217/126
f 258/218/127 260/220/128 261/221/128
f 258/218/127 261/221/128 259/219/127
f 260/220/128 262/222/2 263/223/2
f 260/220/128 263/223/2 261/221/128
f 262/222/2 264/224/129 265/225/129
f 262/222/2 265/225/129 263/223/2
f 264/224/129 266/226/130 267/227/130
f 264/224/129 267/227/130 265/225/129
f 266/226/130 268/228/131 269/229/131
f 266/226/130 269/229/131 267/227/130
f 268/228/131 270/230/132 271/231/132
f 268/228/131 271/231/132 269/229/131
f 270/230/132 272/232/133 273/233/133
f 270/230/132 273/233/133 271/231/132
f 272/232/133 274/234/134 275/235/134
f 272/232/133 275/235/134 273/233/133
f 274/234/134 276/236/135 277/237/135
f 274/234/134 277/237/135 275/235/134
f 278/238/135 279/239/136 280/240/136
f 278/238/135 280/240/136 281/241/135
f 279/239/136 282/242/137 283/243/137
f 279/239/136 283/243/137 280/240/136
f 282/242/137 284/244/138 285/245/138
f 282/242/137 285/245/138 283/243/137
f 284/244/138 286/246/139 287/247/139
f 284/244/138 287/247/139 285/245/138
f 286/246/139 288/248/140 289/249/140
f 286/246/139 289/249/140 287/247/139
f 288/248/140 290/250/141 291/251/141
f 288/248/140 291/251/141 289/249/140
f 290/250/141 292/252/4 293/253/4
f 290/250/141 293/253/4 291/251/141
f 292/252/4 294/254/142 295/255/142
f 292/252/4 295/255/142 293/253/4
f 294/254/142 296/256/143 297/257/143
f 294/254/142 297/257/143 295/255/142
f 296/256/143 298/258/144 299/259/144
f 296/256/143 299/259/144 297/257/143
f 298/258/144 300/260/145 301/261/145
f 298/258/144 301/261/145 299/259/144
f 300/260/145 302/262/146 303/263/146
f 300/260/145 303/263/146 301/261/145
f 302/262/146 304/264/147 305/265/147
f 302/262/146 305/265/147 303/263/146
f 304/264/147 248/208/122 251/211/122
f 304/264/147 251/211/122 305/265/147
f 306/266/122 307/267/123 308/268/123
f 306/266/122 308/268/123 309/269/122
f 307/267/123 310/270/124 311/271/124
f 307/267/123 311/271/124 308/268/123
f 310/270/124 312/272/125 313/273/125
f 310/270/124 313/273/125 311/271/124
f 312/272/125 314/274/126 315/275/126
f 312/272/125 315/275/126 313/273/125
f 314/274/126 316/276/127 317/277/127
f 314/274/126 317/277/127 315/275/126
f 316/276/127 318/278/128 319/279/128
f 316/276/127 319/279/128 317/277/127
f 318/278/128 320/280/2 321/281/2
f 318/278/128 321/281/2 319/279/128
f 322/282/129 321/281/2 320/280/2
f 322/282/129 320/280/2 323/283/129
f 323/283/129 324/284/130 325/285/130
f 323/283/129 325/285/130 322/282/129
f 326/286/131 325/285/130 324/284/130
f 326/286/131 324/284/130 327/287/131
f 327/287/131 328/288/132 329/289/132
f 327/287/131 329/289/132 326/286/131
f 330/290/133 329/289/132 328/288/132
f 330/290/133 328/288/132 331/291/133
f 331/291/133 332/292/134 333/293/134
f 331/291/133 333/293/134 330/290/133
f 332/292/134 334/294/135 335/295/135
f 332/292/134 335/295/135 333/293/134
f 334/294/135 336/296/136 337/297/136
f 334/294/135 337/297/136 335/295/135
f 336/296/136 338/298/137 339/299/137
f 336/296/136 339/299/137 337/297/136
f 338/298/137 340/300/138 341/301/138
f 338/298/137 341/301/138 339/299/137
f 340/300/138 342/302/139 343/303/139
f 340/300/138 343/303/139 341/301/138
f 342/302/139 344/304/140 345/305/140
f 342/302/139 345/305/140 343/303/139
f 346/306/141 345/305/140 344/304/140
f 346/306/141 344/304/140 347/307/141
f 347/307/141 348/308/4 349/309/4
f 347/307/141 349/309/4 346/306/141
f 348/308/4 350/310/142 351/311/142
f 348/308/4 351/311/142 349/309/4
f 350/310/142 352/312/143 353/313/143
f 350/310/142 353/313/143 351/311/142
f 352/312/143 354/314/144 355/315/144
f 352/312/143 355/315/144 353/313/143
f 354/314/144 356/316/145 357/317/145
f 354/314/144 357/317/145 355/315/144
f 356/316/145 358/318/146 359/319/146
f 356/316/145 359/319/146 357/317/145
f 358/318/146 360/320/147 361/321/147
f 358/318/146 361/321/147 359/319/146
f 362/322/147 306/266/122 309/269/122
f 362/322/147 309/269/122 363/323/148
f 364/324/149 365/325/150 366/326/151
f 364/324/149 366/326/151 367/327/152
f 365/325/150 368/328/153 369/329/154
f 365/325/150 369/329/154 366/326/151
f 368/328/153 370/330/155 371/331/156
f 368/328/153 371/331/156 369/329/154
f 370/330/155 372/332/157 373/333/158
f 370/330/155 373/333/158 371/331/156
f 372/332/157 374/334/159 375/335/160
f 372/332/157 375/335/160 373/333/158
f 374/334/159 376/336/161 377/337/162
f 374/334/159 377/337/162 375/335/160
f 376/336/161 378/338/163 379/339/164
f 376/336/161 379/339/164 377/337/162
f 378/338/163 380/340/165 381/341/166
f 378/338/163 381/341/166 379/339/164
f 380/340/165 382/342/167 383/343/168
f 380/340/165 383/343/168 381/341/166
f 382/342/167 384/344/169 385/345/170
f 382/342/167 385/345/170 383/343/168
f 384/344/169 386/346/171 387/347/172
f 384/344/169 387/347/172 385/345/170
f 386/346/171 388/348/173 389/349/174
f 386/346/171 389/349/174 387/347/172
f 388/348/173 390/350/175 391/351/176
f 388/348/173 391/351/176 389/349/174
f 390/350/175 392/352/177 393/353/178
f 390/350/175 393/353/178 391/351/176
f 394/354/177 395/355/179 396/356/180
f 394/354/177 396/356/180 397/357/178
f 395/355/179 398/358/181 399/359/182
f 395/355/179 399/359/182 396/356/180
f 398/358/181 400/360/183 401/361/184
f 398/358/181 401/361/184 399/359/182
f 400/360/183 402/362/185 403/363/186
f 400/360/183 403/363/186 401/361/184
f 402/362/185 404/364/187 405/365/188
f 402/362/185 405/365/188 403/363/186
f 404/364/187 406/366/189 407/367/190
f 404/364/187 407/367/190 405/365/188
f 406/366/189 408/368/191 409/369/192
f 406/366/189 409/369/192 407/367/190
f 408/368/191 410/370/193 411/371/194
f 408/368/191 411/371/194 409/369/192
f 410/370/193 412/372/195 413/373/196
f 410/370/193 413/373/196 411/371/194
f 412/372/195 414/374/197 415/375/198
f 412/372/195 415/375/198 413/373/196
f 414/374/197 416/376/199 417/377/200
f 414/374/197 417/377/200 415/375/198
f 416/376/199 418/378/201 419/379/202
f 416/376/199 419/379/202 417/377/200
f 418/378/201 420/380/203 421/381/204
f 418/378/201 421/381/204 419/379/202
f 420/380/203 364/324/149 367/327/152
f 420/380/203 367/327/152 421/381/204
f 422/382/205 423/383/206 424/384/207
f 422/382/205 424/384/207 425/385/208
f 423/383/206 426/386/209 427/387/210
f 423/383/206 427/387/210 424/384/207
f 426/386/209 428/388/211 429/389/212
f 426/386/209 429/389/212 427/387/210
f 428/388/211 430/390/213 431/391/214
f 428/388/211 431/391/214 429/389/212
f 430/390/213 432/392/215 433/393/216
f 430/390/213 433/393/216 431/391/214
f 432/392/215 434/394/217 435/395/218
f 432/392/215 435/395/218 433/393/216
f 434/394/217 436/396/219 437/397/220
f 434/394/217 437/397/220 435/395/218
f 436/396/219 438/398/221 439/399/222
f 436/396/219 439/399/222 437/397/220
f 438/398/221 440/400/223 441/401/224
f 438/398/221 441/401/224 439/399/222
f 440/400/223 442/402/225 443/403/226
f 440/400/223 443/403/226 441/401/224
f 442/402/225 444/404/227 445/405/228
f 442/402/225 445/405/228 443/403/226
f 444/404/227 446/406/229 447/407/230
f 444/404/227 447/407/230 445/405/228
f 446/406/229 448/408/231 449/409/232
f 446/406/229 449/409/232 447/407/230
f 448/408/231 450/410/233 451/411/234
f 448/408/231 451/411/234 449/409/232
f 452/412/233 453/413/235 454/414/236
f 452/412/233 454/414/236 455/415/234
f 453/413/235 456/416/237 457/417/238
f 453/413/235 457/417/238 454/414/236
f 456/416/237 458/418/239 459/419/240
f 456/416/237 459/419/240 457/417/238
f 458/418/239 460/420/241 461/421/242
f 458/418/239 461/421/242 459/419/240
f 460/420/241 462/422/243 463/423/244
f 460/420/241 463/423/244 461/421/242
f 462/422/243 464/424/245 465/425/246
f 462/422/243 465/425/246 463/423/244
f 464/424/245 466/426/247 467/427/248
f 464/424/245 467/427/248 465/425/246
f 466/426/247 468/428/249 469/429/250
f 466/426/247 469/429/250 467/427/248
f 468/428/249 470/430/251 471/431/252
f 468/428/249 471/431/252 469/429/250
f 470/430/251 472/432/253 473/433/254
f 470/430/251 473/433/254 471/431/252
f 472/432/253 474/434/255 475/435/256
f 472/432/253 475/435/256 473/433/254
f 474/434/255 476/436/257 477/437/258
f 474/434/255 477/437/258 475/435/256
f 476/436/257 478/438/259 479/439/260
f 476/436/257 479/439/260 477/437/258
f 478/438/259 422/382/205 425/385/208
f 478/438/259 425/385/208 479/439/260
f 480/440/122 481/441/123 482/442/123
f 480/440/122 482/442/123 483/443/122
f 484/444/123 485/445/124 486/446/124
f 484/444/123 486/446/124 481/441/123
f 486/446/124 487/447/125 488/448/125
f 486/446/124 488/448/125 489/449/124
f 490/450/126 487/447/125 491/451/125
f 490/450/126 491/451/125 492/452/126
f 490/450/126 493/453/127 494/454/127
f 490/450/126 494/454/127 495/455/126
f 493/453/127 496/456/128 497/457/128
f 493/453/127 497/457/128 494/454/127
f 496/456/128 498/458/2 499/459/2
f 496/456/128 499/459/2 497/457/128
f 498/458/2 500/460/129 501/461/129
f 498/458/2 501/461/129 499/459/2
f 500/460/129 502/462/130 503/463/130
f 500/460/129 503/463/130 501/461/129
f 502/462/130 504/464/131 505/465/131
f 502/462/130 505/465/131 503/463/130
f 504/464/131 506/466/132 507/467/132
f 504/464/131 507/467/132 505/465/131
f 506/466/132 508/468/133 509/469/133
f 506/466/132 509/469/133 507/467/132
f 508/468/133 510/470/134 511/471/134
f 508/468/133 511/471/134 509/469/133
f 510/470/134 512/472/135 513/473/135
f 510/470/134 513/473/135 511/471/134
f 514/474/135 515/475/136 516/476/136
f 514/474/135 516/476/136 517/477/135
f 515/475/136 518/478/137 519/479/137
f 515/475/136 519/479/137 516/476/136
f 518/478/137 520/480/138 521/481/138
f 518/478/137 521/481/138 519/479/137
f 520/480/138 522/482/139 523/483/139
f 520/480/138 523/483/139 521/481/138
f 522/482/139 524/484/140 525/485/140
f 522/482/139 525/485/140 523/483/139
f 524/484/140 526/486/141 527/487/141
f 524/484/140 527/487/141 525/485/140
f 526/486/141 528/488/4 529/489/4
f 526/486/141 529/489/4 527/487/141
f 528/488/4 530/490/142 531/491/142
f 528/488/4 531/491/142 529/489/4
f 530/490/142 532/492/143 533/493/143
f 530/490/142 533/493/143 531/491/142
f 534/494/143 535/495/144 536/496/144
f 534/494/143 536/496/144 532/492/143
f 536/496/144 537/497/145 538/498/145
f 536/496/144 538/498/145 539/499/144
f 540/500/145 541/501/146 542/502/146
f 540/500/145 542/502/146 537/497/145
f 542/502/146 543/503/147 544/504/147
f 542/502/146 544/504/147 545/505/146
f 546/506/147 547/507/122 480/440/122
f 546/506/147 480/440/122 543/503/147
f 548/508/261 549/509/262 550/510/262
f 548/508/261 550/510/262 551/511/261
f 552/512/263 553/513/261 554/514/261
f 552/512/263 554/514/261 555/515/263
f 556/516/264 552/512/263 555/515/263
f 556/516/264 555/515/263 557/517/264
f 558/518/265 556/516/264 557/517/264
f 558/518/265 557/517/264 559/519/265
f 560/520/266 558/518/265 559/519/265
f 560/520/266 559/519/265 561/521/266
f 562/522/267 560/520/266 561/521/266
f 562/522/267 561/521/266 563/523/267
f 564/524/268 562/522/267 563/523/267
f 564/524/268 563/523/267 565/525/268
f 566/526/269 564/524/268 565/525/268
f 566/526/269 565/525/268 567/527/269
f 568/528/270 566/526/269 567/527/269
f 568/528/270 567/527/269 569/529/270
f 570/530/271 568/528/270 569/529/270
f 570/530/271 569/529/270 571/531/271
f 572/532/272 570/530/271 571/531/271
f 572/532/272 571/531/271 573/533/272
f 574/534/273 572/532/272 573/533/272
f 574/534/273 573/533/272 575/535/273
f 576/536/274 574/534/273 575/535/273
f 576/536/274 575/535/273 577/537/274
f 578/538/275 576/536/274 577/537/274
f 578/538/275 577/537/274 579/539/275
f 580/540/276 578/538/275 579/539/275
f 580/540/276 579/539/275 581/541/276
f 582/542/277 580/540/276 581/541/276
f 582/542/277 581/541/276 583/543/277
f 584/544/278 582/542/277 583/543/277
f 584/544/278 583/543/277 585/545/278
f 586/546/279 584/544/278 585/545/278
f 586/546/279 585/545/278 587/547/279
f 588/548/280 586/546/279 587/547/279
f 588/548/280 587/547/279 589/549/280
f 590/550/281 588/548/280 589/549/280
f 590/550/281 589/549/280 591/551/281
f 592/552/282 590/550/281 591/551/281
f 592/552/282 591/551/281 593/553/282
f 594/554/283 592/552/282 593/553/282
f 594/554/283 593/553/282 595/555/283
f 596/556/284 594/554/283 595/555/283
f 596/556/284 595/555/283 597/557/284
f 598/558/285 596/556/284 597/557/284
f 598/558/285 597/557/284 599/559/285
f 600/560/286 598/558/285 599/559/285
f 600/560/286 599/559/285 601/561/286
f 602/562/287 600/560/286 601/561/286
f 602/562/287 601/561/286 603/563/287
f 604/564/288 602/562/287 603/563/287
f 604/564/288 603/563/287 605/565/288
f 549/509/262 604/564/288 605/565/288
f 549/509/262 605/565/288 550/510/262
f 606/208/262 607/264/261 608/566/261
f 606/208/262 608/566/261 609/567/262
f 607/264/261 610/262/263 611/568/263
f 607/264/261 611/568/263 608/566/261
f 610/262/263 612/260/264 613/569/264
f 610/262/263 613/569/264 611/568/263
f 612/260/264 614/258/265 615/570/265
f 612/260/264 615/570/265 613/569/264
f 614/258/265 616/256/266 617/571/266
f 614/258/265 617/571/266 615/570/265
f 616/256/266 618/254/267 619/572/267
f 616/256/266 619/572/267 617/571/266
f 618/254/267 620/252/268 621/573/268
f 618/254/267 621/573/268 619/572/267
f 620/252/268 622/250/269 623/574/269
f 620/252/268 623/574/269 621/573/268
f 622/250/269 624/248/270 625/575/270
f 622/250/269 625/575/270 623/574/269
f 624/248/270 626/246/271 627/576/271
f 624/248/270 627/576/271 625/575/270
f 626/246/271 628/244/272 629/577/272
f 626/246/271 629/577/272 627/576/271
f 628/244/272 630/242/273 631/578/273
f 628/244/272 631/578/273 629/577/272
f 630/242/273 632/239/274 633/579/274
f 630/242/273 633/579/274 631/578/273
f 632/239/274 634/238/275 635/580/275
f 632/239/274 635/580/275 633/579/274
f 636/236/275 637/234/276 638/581/276
f 636/236/275 638/581/276 639/582/275
f 637/234/276 640/232/277 641/583/277
f 637/234/276 641/583/277 638/581/276
f 640/232/277 642/230/278 643/584/278
f 640/232/277 643/584/278 641/583/277
f 642/230/278 644/228/279 645/585/279
f 642/230/278 645/585/279 643/584/278
f 644/228/279 646/226/280 647/586/280
f 644/228/279 647/586/280 645/585/279
f 646/226/280 648/224/281 649/587/281
f 646/226/280 649/587/281 647/586/280
f 648/224/281 650/222/282 651/588/282
f 648/224/281 651/588/282 649/587/281
f 650/222/282 652/220/283 653/589/283
f 650/222/282 653/589/283 651/588/282
f 652/220/283 654/218/284 655/590/284
f 652/220/283 655/590/284 653/589/283
f 654/218/284 656/216/285 657/591/285
f 654/218/284 657/591/285 655/590/284
f 656/216/285 658/214/286 659/592/286
f 656/216/285 659/592/286 657/591/285
f 658/214/286 660/212/287 661/593/287
f 658/214/286 661/593/287 659/592/286
f 660/212/287 662/209/288 663/594/288
f 660/212/287 663/594/288 661/593/287
f 662/209/288 606/208/262 609/567/262
f 662/209/288 609/567/262 663/594/288
f 664/595/289 665/596/290 666/597/290
f 664/595/289 666/597/290 667/598/289
f 668/599/291 669/600/289 670/601/289
f 668/599/291 670/601/289 671/602/291
f 672/603/292 668/599/291 671/602/291
f 672/603/292 671/602/291 673/604/292
f 674/605/293 672/603/292 673/604/292
f 674/605/293 673/604/292 675/606/293
f 676/607/294 674/605/293 675/606/293
f 676/607/294 675/606/293 677/608/294
f 678/609/295 676/607/294 677/608/294
f 678/609/295 677/608/294 679/610/295
f 680/611/296 678/609/295 679/610/295
f 680/611/296 679/610/295 681/612/296
f 682/613/297 680/611/296 681/612/296
f 682/613/297 681/612/296 683/614/297
f 684/615/298 682/613/297 683/614/297
f 684/615/298 683/614/297 685/616/298
f 686/617/299 684/615/298 685/616/298
f 686/617/299 685/616/298 687/618/299
f 688/619/300 686/617/299 687/618/299
f 688/619/300 687/618/299 689/620/300
f 690/621/301 688/619/300 689/620/300
f 690/621/301 689/620/300 691/622/301
f 692/623/302 690/621/301 691/622/301
f 692/623/302 691/622/301 693/624/302
f 694/625/303 692/623/302 693/624/302
f 694/625/303 693/624/302 695/626/303
f 696/627/304 694/625/303 695/626/303
f 696/627/304 695/626/303 697/628/304
f 698/629/305 696/627/304 697/628/304
f 698/629/305 697/628/304 699/630/305
f 700/631/306 698/629/305 699/630/305
f 700/631/306 699/630/305 701/632/306
f 702/633/307 700/631/306 701/632/306
f 702/633/307 701/632/306 703/634/307
f 704/635/308 702/633/307 703/634/307
f 704/635/308 703/634/307 705/636/308
f 706/637/309 704/635/308 705/636/308
f 706/637/309 705/636/308 707/638/309
f 708/639/310 706/637/309 707/638/309
f 708/639/310 707/638/309 709/640/310
f 710/641/311 708/639/310 709/640/310
f 710/641/311 709/640/310 711/642/311
f 712/643/312 710/641/311 711/642/311
f 712/643/312 711/642/311 713/644/312
f 714/645/313 712/643/312 713/644/312
f 714/645/313 713/644/312 715/646/313
f 716/647/314 714/645/313 715/646/313
f 716/647/314 715/646/313 717/648/314
f 718/649/315 716/647/314 717/648/314
f 718/649/315 717/648/314 719/650/315
f 720/651/316 718/649/315 719/650/315
f 720/651/316 719/650/315 721/652/316
f 665/596/290 720/651/316 721/652/316
f 665/596/290 721/652/316 666/597/290
f 722/653/262 723/654/261 724/655/261
f 722/653/262 724/655/261 725/656/262
f 723/654/261 726/657/263 727/658/263
f 723/654/261 727/658/263 724/655/261
f 726/657/263 728/659/264 729/660/264
f 726/657/263 729/660/264 727/658/263
f 728/659/264 730/661/265 731/662/265
f 728/659/264 731/662/265 729/660/264
f 730/661/265 732/663/266 733/664/266
f 730/661/265 733/664/266 731/662/265
f 732/663/266 734/665/267 735/666/267
f 732/663/266 735/666/267 733/664/266
f 734/665/267 736/667/268 737/668/268
f 734/665/267 737/668/268 735/666/267
f 736/667/268 738/669/269 739/670/269
f 736/667/268 739/670/269 737/668/268
f 738/669/269 740/671/270 741/672/270
f 738/669/269 741/672/270 739/670/269
f 740/671/270 742/673/271 743/674/271
f 740/671/270 743/674/271 741/672/270
f 742/673/271 744/675/272 745/676/272
f 742/673/271 745/676/272 743/674/271
f 744/675/272 746/677/273 747/678/273
f 744/675/272 747/678/273 745/676/272
f 746/677/273 748/679/274 749/680/274
f 746/677/273 749/680/274 747/678/273
f 748/679/274 750/681/275 751/682/275
f 748/679/274 751/682/275 749/680/274
f 750/681/275 752/683/276 753/684/276
f 750/681/275 753/684/276 751/682/275
f 752/683/276 754/685/277 755/686/277
f 752/683/276 755/686/277 753/684/276
f 754/685/277 756/687/278 757/688/278
f 754/685/277 757/688/278 755/686/277
f 756/687/278 758/689/279 759/690/279
f 756/687/278 759/690/279 757/688/278
f 758/689/279 760/691/280 761/692/280
f 758/689/279 761/692/280 759/690/279
f 760/691/280 762/693/281 763/694/281
f 760/691/280 763/694/281 761/692/280
f 762/693/281 764/695/282 765/696/282
f 762/693/281 765/696/282 763/694/281
f 764/695/282 766/697/283 767/698/283
f 764/695/282 767/698/283 765/696/282
f 766/697/283 768/699/284 769/700/284
f 766/697/283 769/700/284 767/698/283
f 768/699/284 770/701/285 771/702/285
f 768/699/284 771/702/285 769/700/284
f 770/701/285 772/703/286 773/704/286
f 770/701/285 773/704/286 771/702/285
f 772/703/286 774/705/287 775/706/287
f 772/703/286 775/706/287 773/704/286
f 774/705/287 776/707/288 777/708/288
f 774/705/287 777/708/288 775/706/287
f 776/707/288 778/709/262 779/710/262
f 776/707/288 779/710/262 777/708/288
s 0
f 780/711/317 781/712/317 782/713/317
f 780/711/317 782/713/317 783/714/317
f 784/715/318 785/716/318 786/717/318
f 784/715/318 786/717/318 787/718/318
f 783/714/317 782/713/317 788/719/317
f 783/714/317 788/719/317 789/720/317
f 790/721/318 791/722/318 792/723/318
f 790/721/318 792/723/318 793/724/318
f 789/720/317 788/719/317 794/725/317
f 789/720/317 794/725/317 795/726/317
f 796/727/318 797/728/318 791/722/318
f 796/727/318 791/722/318 790/721/318
f 795/726/317 794/725/317 798/729/317
f 795/726/317 798/729/317 799/730/317
f 800/731/318 801/732/318 797/728/318
f 800/731/318 797/728/318 796/727/318
f 799/730/317 798/729/317 802/733/317
f 799/730/317 802/733/317 803/734/317
f 804/735/318 805/736/318 801/732/318
f 804/735/318 801/732/318 800/731/318
f 803/734/317 802/733/317 806/737/317
f 803/734/317 806/737/317 807/738/317
f 808/739/318 809/740/318 805/736/318
f 808/739/318 805/736/318 804/735/318
f 807/738/317 806/737/317 810/741/317
f 807/738/317 810/741/317 811/742/317
f 812/743/318 813/744/318 809/740/318
f 812/743/318 809/740/318 808/739/318
f 811/742/317 810/741/317 814/745/317
f 811/742/317 814/745/317 815/746/317
f 816/747/318 817/748/318 813/744/318
f 816/747/318 813/744/318 812/743/318
f 815/746/317 814/745/317 818/749/317
f 815/746/317 818/749/317 819/750/317
f 820/751/318 821/752/318 817/748/318
f 820/751/318 817/748/318 816/747/318
f 819/750/317 818/749/317 822/753/317
f 819/750/317 822/753/317 823/754/317
f 824/755/318 825/756/318 821/752/318
f 824/755/318 821/752/318 820/751/318
f 823/754/317 822/753/317 826/757/317
f 823/754/317 826/757/317 827/758/317
f 828/759/318 829/760/318 825/756/318
f 828/759/318 825/756/318 824/755/318
f 827/758/317 826/757/317 830/761/317
f 827/758/317 830/761/317 831/762/317
f 832/763/318 833/764/318 829/760/318
f 832/763/318 829/760/318 828/759/318
f 831/762/317 830/761/317 834/765/317
f 831/762/317 834/765/317 835/766/317
f 836/767/318 837/768/318 833/764/318
f 836/767/318 833/764/318 832/763/318
f 835/766/317 834/765/317 838/769/317
f 835/766/317 838/769/317 839/770/317
f 840/771/318 841/772/318 837/768/318
f 840/771/318 837/768/318 836/767/318
f 839/770/317 838/769/317 842/773/317
f 839/770/317 842/773/317 843/774/317
f 844/775/318 845/776/318 841/772/318
f 844/775/318 841/772/318 840/771/318
f 843/774/317 842/773/317 846/777/317
f 843/774/317 846/777/317 847/778/317
f 848/779/318 849/780/318 845/776/318
f 848/779/318 845/776/318 844/775/318
f 847/778/317 846/777/317 850/781/317
f 847/778/317 850/781/317 851/782/317
f 852/783/318 853/784/318 849/780/318
f 852/783/318 849/780/318 848/779/318
f 851/782/317 850/781/317 854/785/317
f 851/782/317 854/785/317 855/786/317
f 856/787/318 857/788/318 853/784/318
f 856/787/318 853/784/318 852/783/318
f 855/786/317 854/785/317 858/789/317
f 855/786/317 858/789/317 859/790/317
f 860/791/318 861/792/318 857/788/318
f 860/791/318 857/788/318 856/787/318
f 859/790/317 858/789/317 862/793/317
f 859/790/317 862/793/317 863/794/317
f 864/795/318 865/796/318 861/792/318
f 864/795/318 861/792/318 860/791/318
f 863/794/317 862/793/317 866/797/317
f 863/794/317 866/797/317 867/798/317
f 868/799/318 869/800/318 865/796/318
f 868/799/318 865/796/318 864/795/318
f 867/798/317 866/797/317 870/801/317
f 867/798/317 870/801/317 871/802/317
f 872/803/318 873/804/318 869/800/318
f 872/803/318 869/800/318 868/799/318
f 871/802/317 870/801/317 874/805/317
f 871/802/317 874/805/317 875/806/317
f 876/807/318 877/808/318 873/804/318
f 876/807/318 873/804/318 872/803/318
f 875/806/317 874/805/317 878/809/317
f 875/806/317 878/809/317 879/810/317
f 880/811/318 881/812/318 877/808/318
f 880/811/318 877/808/318 876/807/318
f 879/810/317 878/809/317 882/813/317
f 879/810/317 882/813/317 883/814/317
f 884/815/318 885/816/318 881/812/318
f 884/815/318 881/812/318 880/811/318
f 883/814/317 882/813/317 886/817/317
f 883/814/317 886/817/317 887/818/317
f 888/819/318 889/820/318 885/816/318
f 888/819/318 885/816/318 884/815/318
f 887/818/317 886/817/317 890/821/317
f 887/818/317 890/821/317 891/822/317
f 892/823/318 893/824/318 889/820/318
f 892/823/318 889/820/318 888/819/318
f 891/822/317 890/821/317 894/825/317
f 891/822/317 894/825/317 895/826/317
f 787/718/318 786/717/318 893/824/318
f 787/718/318 893/824/318 892/823/318
s 1
f 896/827/122 897/828/147 898/829/147
f 896/827/122 898/829/147 899/830/122
f 897/828/147 900/831/146 901/832/146
f 897/828/147 901/832/146 898/829/147
f 900/831/146 902/833/145 903/834/145
f 900/831/146 903/834/145 901/832/146
f 902/833/145 904/835/144 905/836/144
f 902/833/145 905/836/144 903/834/145
f 904/835/144 906/837/143 907/838/143
f 904/835/144 907/838/143 905/836/144
f 906/837/143 908/839/142 909/840/142
f 906/837/143 909/840/142 907/838/143
f 908/839/142 910/841/4 911/842/4
f 908/839/142 911/842/4 909/840/142
f 910/841/4 912/843/141 913/844/141
f 910/841/4 913/844/141 911/842/4
f 912/843/141 914/845/140 915/846/140
f 912/843/141 915/846/140 913/844/141
f 914/845/140 916/847/139 917/848/139
f 914/845/140 917/848/139 915/846/140
f 916/847/139 918/849/138 919/850/138
f 916/847/139 919/850/138 917/848/139
f 918/849/138 920/851/137 921/852/137
f 918/849/138 921/852/137 919/850/138
f 920/851/137 922/853/136 923/854/136
f 920/851/137 923/854/136 921/852/137
f 922/853/136 924/855/135 925/856/135
f 922/853/136 925/856/135 923/854/136
f 924/855/135 926/857/134 927/858/134
f 924/855/135 927/858/134 925/856/135
f 926/857/134 928/859/133 929/860/133
f 926/857/134 929/860/133 927/858/134
f 928/859/133 930/861/132 931/862/132
f 928/859/133 931/862/132 929/860/133
f 930/861/132 932/863/131 933/864/131
f 930/861/132 933/864/131 931/862/132
f 932/863/131 934/865/130 935/866/130
f 932/863/131 935/866/130 933/864/131
f 934/865/130 936/867/129 937/868/129
f 934/865/130 937/868/129 935/866/130
f 936/867/129 938/869/2 939/870/2
f 936/867/129 939/870/2 937/868/129
f 938/869/2 940/871/128 941/872/128
f 938/869/2 941/872/128 939/870/2
f 940/871/128 942/873/127 943/874/127
f 940/871/128 943/874/127 941/872/128
f 942/873/127 944/875/126 945/876/126
f 942/873/127 945/876/126 943/874/127
f 944/875/126 946/877/125 947/878/125
f 944/875/126 947/878/125 945/876/126
f 946/877/125 948/879/124 949/880/124
f 946/877/125 949/880/124 947/878/125
f 948/879/124 950/881/123 951/882/123
f 948/879/124 951/882/123 949/880/124
f 950/881/123 952/883/122 953/884/122
f 950/881/123 953/884/122 951/882/123
f 481/441/123 480/440/122 547/507/122
f 481/441/123 547/507/122 484/444/123
f 536/496/144 539/499/144 533/493/143
f 536/496/144 533/493/143 532/492/143
f 487/447/125 486/446/124 485/445/124
f 487/447/125 485/445/124 491/451/125
f 542/502/146 545/505/146 538/498/145
f 542/502/146 538/498/145 537/497/145
f 493/453/127 490/450/126 492/452/126
f 493/453/127 492/452/126 954/885/127
f 496/456/128 493/453/127 954/885/127
f 496/456/128 954/885/127 955/886/128
f 498/458/2 496/456/128 955/886/128
f 498/458/2 955/886/128 956/887/2
f 500/460/129 498/458/2 956/887/2
f 500/460/129 956/887/2 957/888/129
f 502/462/130 500/460/129 957/888/129
f 502/462/130 957/888/129 958/889/130
f 504/464/131 502/462/130 958/889/130
f 504/464/131 958/889/130 959/890/131
f 506/466/132 504/464/131 959/890/131
f 506/466/132 959/890/131 960/891/132
f 508/468/133 506/466/132 960/891/132
f 508/468/133 960/891/132 961/892/133
f 510/470/134 508/468/133 961/892/133
f 510/470/134 961/892/133 962/893/134
f 962/893/134 963/894/135 512/472/135
f 962/893/134 512/472/135 510/470/134
f 515/475/136 514/474/135 964/895/135
f 515/475/136 964/895/135 965/896/136
f 518/478/137 515/475/136 965/896/136
f 518/478/137 965/896/136 966/897/137
f 520/480/138 518/478/137 966/897/137
f 520/480/138 966/897/137 967/898/138
f 522/482/139 520/480/138 967/898/138
f 522/482/139 967/898/138 968/899/139
f 524/484/140 522/482/139 968/899/139
f 524/484/140 968/899/139 969/900/140
f 526/486/141 524/484/140 969/900/140
f 526/486/141 969/900/140 970/901/141
f 528/488/4 526/486/141 970/901/141
f 528/488/4 970/901/141 971/902/4
f 530/490/142 528/488/4 971/902/4
f 530/490/142 971/902/4 972/903/142
f 532/492/143 530/490/142 972/903/142
f 532/492/143 972/903/142 534/494/143
f 480/440/122 483/443/122 544/504/147
f 480/440/122 544/504/147 543/503/147
f 537/497/145 536/496/144 535/495/144
f 537/497/145 535/495/144 540/500/145
f 486/446/124 489/449/124 482/442/123
f 486/446/124 482/442/123 481/441/123
f 543/503/147 542/502/146 541/501/146
f 543/503/147 541/501/146 546/506/147
f 490/450/126 495/455/126 488/448/125
f 490/450/126 488/448/125 487/447/125
f 973/904/319 974/905/320 975/906/320
f 973/904/319 975/906/320 976/907/319
f 977/908/321 978/909/319 979/910/319
f 977/908/321 979/910/319 980/911/321
f 981/912/322 977/908/321 980/911/321
f 981/912/322 980/911/321 982/913/322
f 983/914/323 981/912/322 982/913/322
f 983/914/323 982/913/322 984/915/323
f 985/916/324 983/914/323 984/915/323
f 985/916/324 984/915/323 986/917/324
f 987/918/325 985/916/324 986/917/324
f 987/918/325 986/917/324 988/919/326
f 989/920/327 987/918/325 988/919/326
f 989/920/327 988/919/326 990/921/327
f 991/922/328 989/920/327 990/921/327
f 991/922/328 990/921/327 992/923/328
f 993/924/329 991/922/328 992/923/328
f 993/924/329 992/923/328 994/925/329
f 995/926/330 993/924/329 994/925/329
f 995/926/330 994/925/329 996/927/331
f 997/928/332 995/926/330 996/927/331
f 997/928/332 996/927/331 998/929/333
f 999/930/334 997/928/332 998/929/333
f 999/930/334 998/929/333 1000/931/335
f 1001/932/336 999/930/334 1000/931/335
f 1001/932/336 1000/931/335 1002/933/337
f 1003/934/338 1001/932/336 1002/933/337
f 1003/934/338 1002/933/337 1004/935/338
f 1005/936/339 1003/934/338 1004/935/338
f 1005/936/339 1004/935/338 1006/937/339
f 1007/938/340 1005/936/339 1006/937/339
f 1007/938/340 1006/937/339 1008/939/341
f 1009/940/342 1007/938/340 1008/939/341
f 1009/940/342 1008/939/341 1010/941/342
f 1011/942/343 1009/940/342 1010/941/342
f 1011/942/343 1010/941/342 1012/943/344
f 1013/944/345 1011/942/343 1012/943/344
f 1013/944/345 1012/943/344 1014/945/345
f 1015/946/346 1013/944/345 1014/945/345
f 1015/946/346 1014/945/345 1016/947/346
f 1017/948/347 1015/946/346 1016/947/346
f 1017/948/347 1016/947/346 1018/949/347
f 1019/950/348 1017/948/347 1018/949/347
f 1019/950/348 1018/949/347 1020/951/349
f 1021/952/350 1019/950/348 1020/951/349
f 1021/952/350 1020/951/349 1022/953/350
f 1023/954/351 1021/952/350 1022/953/350
f 1023/954/351 1022/953/350 1024/955/352
f 1025/956/353 1023/954/351 1024/955/352
f 1025/956/353 1024/955/352 1026/957/353
f 1027/958/354 1025/956/353 1026/957/353
f 1027/958/354 1026/957/353 1028/959/355
f 1029/960/356 1027/958/354 1028/959/355
f 1029/960/356 1028/959/355 1030/961/357
f 974/905/320 1029/960/356 1030/961/357
f 974/905/320 1030/961/357 975/906/320
f 1031/962/358 1032/963/359 1033/964/360
f 1031/962/358 1033/964/360 1034/965/358
f 1032/963/359 1035/966/361 1036/967/362
f 1032/963/359 1036/967/362 1033/964/360
f 1035/966/361 1037/968/363 1038/969/363
f 1035/966/361 1038/969/363 1036/967/362
f 1037/968/363 1039/970/364 1040/971/364
f 1037/968/363 1040/971/364 1038/969/363
f 1039/970/364 1041/972/365 1042/973/365
f 1039/970/364 1042/973/365 1040/971/364
f 1041/972/365 1043/974/366 1044/975/366
f 1041/972/365 1044/975/366 1042/973/365
f 1043/974/366 1045/976/367 1046/977/368
f 1043/974/366 1046/977/368 1044/975/366
f 1045/976/367 1047/978/369 1048/979/369
f 1045/976/367 1048/979/369 1046/977/368
f 1047/978/369 1049/980/370 1050/981/371
f 1047/978/369 1050/981/371 1048/979/369
f 1049/980/370 1051/982/372 1052/983/372
f 1049/980/370 1052/983/372 1050/981/371
f 1051/982/372 1053/984/373 1054/985/373
f 1051/982/372 1054/985/373 1052/983/372
f 1053/984/373 1055/986/374 1056/987/375
f 1053/984/373 1056/987/375 1054/985/373
f 1055/986/374 1057/988/376 1058/989/377
f 1055/986/374 1058/989/377 1056/987/375
f 1057/988/376 1059/990/378 1060/991/378
f 1057/988/376 1060/991/378 1058/989/377
f 1059/990/378 1061/992/379 1062/993/380
f 1059/990/378 1062/993/380 1060/991/378
f 1061/992/379 1063/994/381 1064/995/381
f 1061/992/379 1064/995/381 1062/993/380
f 1063/994/381 1065/996/382 1066/997/382
f 1063/994/381 1066/997/382 1064/995/381
f 1065/996/382 1067/998/383 1068/999/383
f 1065/996/382 1068/999/383 1066/997/382
f 1067/998/383 1069/1000/384 1070/1001/385
f 1067/998/383 1070/1001/385 1068/999/383
f 1069/1000/384 1071/1002/386 1072/1003/386
f 1069/1000/384 1072/1003/386 1070/1001/385
f 1071/1002/386 1073/1004/387 1074/1005/388
f 1071/1002/386 1074/1005/388 1072/1003/386
f 1073/1004/387 1075/1006/389 1076/1007/389
f 1073/1004/387 1076/1007/389 1074/1005/388
f 1075/1006/389 1077/1008/390 1078/1009/391
f 1075/1006/389 1078/1009/391 1076/1007/389
f 1077/1008/390 1079/1010/392 1080/1011/393
f 1077/1008/390 1080/1011/393 1078/1009/391
f 1079/1010/392 1081/1012/394 1082/1013/394
f 1079/1010/392 1082/1013/394 1080/1011/393
f 1081/1012/394 1083/1014/395 1084/1015/395
f 1081/1012/394 1084/1015/395 1082/1013/394
f 1083/1014/395 1085/1016/396 1086/1017/397
f 1083/1014/395 1086/1017/397 1084/1015/395
f 1085/1016/396 1087/1018/358 1088/1019/358
f 1085/1016/396 1088/1019/358 1086/1017/397
f 1089/1020/398 1090/1021/398 1091/1022/399
s 0
f 1089/1020/400 1091/1022/401 1092/1023/401
f 1093/1024/402 1094/1025/402 1095/1026/403
f 1093/1024/404 1095/1026/405 1096/1027/405
f 1092/1023/406 1091/1022/406 1097/1028/407
f 1092/1023/408 1097/1028/408 1098/1029/408
s 1
f 1099/1030/409 1100/1031/410 1101/1032/411
s 0
f 1099/1030/412 1101/1032/413 1102/1033/413
f 1098/1029/414 1097/1028/414 1103/1034/414
f 1098/1029/415 1103/1034/415 1104/1035/415
f 1105/1036/412 1106/1037/412 1100/1031/412
s 1
f 1105/1036/416 1100/1031/410 1099/1030/409
s 0
f 1104/1035/417 1103/1034/417 1107/1038/417
f 1104/1035/418 1107/1038/418 1108/1039/418
f 1109/1040/413 1110/1041/413 1106/1037/413
f 1109/1040/412 1106/1037/412 1105/1036/412
f 1108/1039/419 1107/1038/419 1111/1042/419
f 1108/1039/419 1111/1042/419 1112/1043/419
f 1113/1044/420 1114/1045/420 1110/1041/420
f 1113/1044/421 1110/1041/421 1109/1040/421
f 1112/1043/422 1111/1042/422 1115/1046/422
f 1112/1043/423 1115/1046/406 1116/1047/406
f 1117/1048/424 1118/1049/424 1114/1045/425
f 1117/1048/426 1114/1045/426 1113/1044/426
f 1116/1047/406 1115/1046/406 1119/1050/406
f 1116/1047/427 1119/1050/427 1120/1051/427
f 1121/1052/428 1122/1053/428 1118/1049/428
f 1121/1052/413 1118/1049/413 1117/1048/413
f 1120/1051/429 1119/1050/429 1123/1054/429
f 1120/1051/429 1123/1054/429 1124/1055/429
f 1125/1056/403 1126/1057/403 1122/1053/403
f 1125/1056/430 1122/1053/430 1121/1052/430
f 1124/1055/431 1123/1054/431 1127/1058/431
f 1124/1055/432 1127/1058/432 1128/1059/432
s 1
f 1129/1060/433 1130/1061/434 1126/1057/430
s 0
f 1129/1060/435 1126/1057/435 1125/1056/435
f 1128/1059/436 1127/1058/436 1131/1062/436
f 1128/1059/400 1131/1062/437 1132/1063/437
f 1133/1064/438 1134/1065/438 1130/1061/438
s 1
f 1133/1064/439 1130/1061/434 1129/1060/433
s 0
f 1132/1063/437 1131/1062/437 1135/1066/437
f 1132/1063/440 1135/1066/440 1136/1067/440
f 1137/1068/441 1138/1069/441 1134/1065/441
f 1137/1068/404 1134/1065/442 1133/1064/442
f 1136/1067/443 1135/1066/443 1139/1070/443
s 1
f 1136/1067/444 1139/1070/445 1140/1071/445
s 0
f 1141/1072/409 1142/1073/409 1138/1069/409
f 1141/1072/409 1138/1069/409 1137/1068/409
s 1
f 1140/1071/445 1139/1070/445 1143/1074/401
s 0
f 1140/1071/445 1143/1074/446 1144/1075/446
s 1
f 1145/1076/447 1146/1077/447 1142/1073/448
f 1145/1076/447 1142/1073/448 1141/1072/448
s 0
f 1144/1075/449 1143/1074/449 1147/1078/449
s 1
f 1144/1075/450 1147/1078/429 1148/1079/451
f 1149/1080/452 1150/1081/452 1146/1077/453
s 0
f 1149/1080/403 1146/1077/403 1145/1076/403
s 1
f 1148/1079/451 1147/1078/429 1151/1082/454
s 0
f 1148/1079/455 1151/1082/456 1152/1083/456
s 1
f 1153/1084/457 1154/1085/457 1150/1081/428
s 0
f 1153/1084/458 1150/1081/403 1149/1080/403
f 1152/1083/459 1151/1082/459 1155/1086/460
s 1
f 1152/1083/461 1155/1086/462 1156/1087/462
s 0
f 1157/1088/463 1158/1089/463 1154/1085/464
f 1157/1088/465 1154/1085/466 1153/1084/466
f 1156/1087/467 1155/1086/467 1159/1090/467
s 1
f 1156/1087/468 1159/1090/462 1160/1091/469
s 0
f 1161/1092/470 1162/1093/470 1158/1089/470
s 1
f 1161/1092/471 1158/1089/472 1157/1088/472
f 1160/1091/469 1159/1090/462 1163/1094/473
s 0
f 1160/1091/474 1163/1094/474 1164/1095/474
s 1
f 1165/1096/475 1166/1097/475 1162/1093/471
s 0
f 1165/1096/471 1162/1093/471 1161/1092/471
f 1164/1095/467 1163/1094/467 1167/1098/476
f 1164/1095/477 1167/1098/477 1168/1099/477
f 1169/1100/405 1170/1101/405 1166/1097/478
f 1169/1100/479 1166/1097/479 1165/1096/479
f 1168/1099/480 1167/1098/480 1171/1102/459
f 1168/1099/469 1171/1102/431 1172/1103/431
f 1173/1104/481 1174/1105/481 1170/1101/481
f 1173/1104/482 1170/1101/482 1169/1100/482
f 1172/1103/429 1171/1102/429 1175/1106/429
f 1172/1103/429 1175/1106/429 1176/1107/429
f 1177/1108/430 1178/1109/430 1174/1105/430
f 1177/1108/434 1174/1105/434 1173/1104/434
f 1176/1107/427 1175/1106/427 1179/1110/427
f 1176/1107/455 1179/1110/455 1180/1111/455
f 1181/1112/464 1182/1113/464 1178/1109/464
f 1181/1112/428 1178/1109/428 1177/1108/428
f 1180/1111/483 1179/1110/483 1183/1114/484
f 1180/1111/485 1183/1114/485 1184/1115/485
f 1185/1116/486 1186/1117/486 1182/1113/486
f 1185/1116/464 1182/1113/464 1181/1112/464
f 1184/1115/487 1183/1114/487 1187/1118/487
f 1184/1115/488 1187/1118/488 1188/1119/488
f 1189/1120/489 1190/1121/489 1186/1117/489
f 1189/1120/490 1186/1117/490 1185/1116/490
f 1188/1119/491 1187/1118/491 1191/1122/492
f 1188/1119/492 1191/1122/492 1192/1123/492
f 1193/1124/493 1194/1125/493 1190/1121/494
f 1193/1124/489 1190/1121/489 1189/1120/489
f 1192/1123/492 1191/1122/492 1195/1126/492
f 1192/1123/495 1195/1126/495 1196/1127/495
f 1197/1128/496 1198/1129/496 1194/1125/496
f 1197/1128/494 1194/1125/497 1193/1124/497
f 1196/1127/456 1195/1126/456 1199/1130/456
f 1196/1127/498 1199/1130/498 1200/1131/498
f 1201/1132/463 1202/1133/463 1198/1129/463
f 1201/1132/499 1198/1129/499 1197/1128/499
s 1
f 1200/1131/485 1199/1130/461 1203/1134/483
f 1200/1131/485 1203/1134/483 1204/1135/455
s 0
f 1096/1027/500 1095/1026/500 1202/1133/501
f 1096/1027/502 1202/1133/502 1201/1132/502
s 1
f 1205/1136/122 1206/1137/123 484/444/123
f 1205/1136/122 484/444/123 547/507/122
f 1206/1137/123 1207/1138/124 485/445/124
f 1206/1137/123 485/445/124 484/444/123
f 1207/1138/124 1208/1139/125 491/451/125
f 1207/1138/124 491/451/125 485/445/124
f 1209/1140/126 492/452/126 491/451/125
f 1209/1140/126 491/451/125 1208/1139/125
f 1209/1140/126 1210/1141/127 954/885/127
f 1209/1140/126 954/885/127 492/452/126
f 1210/1141/127 1211/1142/128 955/886/128
f 1210/1141/127 955/886/128 954/885/127
f 1211/1142/128 1212/1143/2 956/887/2
f 1211/1142/128 956/887/2 955/886/128
f 1212/1143/2 1213/1144/129 957/888/129
f 1212/1143/2 957/888/129 956/887/2
f 1213/1144/129 1214/1145/130 958/889/130
f 1213/1144/129 958/889/130 957/888/129
f 959/890/131 958/889/130 1214/1145/130
f 959/890/131 1214/1145/130 1215/1146/131
f 1215/1146/131 1216/1147/132 960/891/132
f 1215/1146/131 960/891/132 959/890/131
f 1216/1147/132 1217/1148/133 961/892/133
f 1216/1147/132 961/892/133 960/891/132
f 1217/1148/133 1218/1149/134 962/893/134
f 1217/1148/133 962/893/134 961/892/133
f 963/894/135 962/893/134 1218/1149/134
f 963/894/135 1218/1149/134 1219/1150/135
f 1220/1151/135 1221/1152/136 965/896/136
f 1220/1151/135 965/896/136 964/895/135
f 1222/1153/137 966/897/137 965/896/136
f 1222/1153/137 965/896/136 1221/1152/136
f 1222/1153/137 1223/1154/138 967/898/138
f 1222/1153/137 967/898/138 966/897/137
f 1223/1154/138 1224/1155/139 968/899/139
f 1223/1154/138 968/899/139 967/898/138
f 1224/1155/139 1225/1156/140 969/900/140
f 1224/1155/139 969/900/140 968/899/139
f 1225/1156/140 1226/1157/141 970/901/141
f 1225/1156/140 970/901/141 969/900/140
f 1226/1157/141 1227/1158/4 971/902/4
f 1226/1157/141 971/902/4 970/901/141
f 1227/1158/4 1228/1159/142 972/903/142
f 1227/1158/4 972/903/142 971/902/4
f 1228/1159/142 1229/1160/143 534/494/143
f 1228/1159/142 534/494/143 972/903/142
f 1229/1160/143 1230/1161/144 535/495/144
f 1229/1160/143 535/495/144 534/494/143
f 1230/1161/144 1231/1162/145 540/500/145
f 1230/1161/144 540/500/145 535/495/144
f 541/501/146 540/500/145 1231/1162/145
f 541/501/146 1231/1162/145 1232/1163/146
f 1232/1163/146 1233/1164/147 546/506/147
f 1232/1163/146 546/506/147 541/501/146
f 1233/1164/147 1205/1136/122 547/507/122
f 1233/1164/147 547/507/122 546/506/147
f 1234/1165/503 1235/1166/504 1236/1167/504
f 1234/1165/503 1236/1167/504 1237/1168/503
f 1235/1166/504 1238/1169/505 1239/1170/505
f 1235/1166/504 1239/1170/505 1236/1167/504
f 1238/1169/505 1240/1171/506 1241/1172/506
f 1238/1169/505 1241/1172/506 1239/1170/505
f 1240/1171/506 1242/1173/507 1243/1174/507
f 1240/1171/506 1243/1174/507 1241/1172/506
f 1242/1173/507 1244/1175/508 1245/1176/508
f 1242/1173/507 1245/1176/508 1243/1174/507
f 1244/1175/508 1246/1177/509 1247/1178/509
f 1244/1175/508 1247/1178/509 1245/1176/508
f 1246/1177/509 1248/1179/4 1249/1180/4
f 1246/1177/509 1249/1180/4 1247/1178/509
f 1248/1179/4 1250/1181/510 1251/1182/510
f 1248/1179/4 1251/1182/510 1249/1180/4
f 1250/1181/510 1252/1183/511 1253/1184/511
f 1250/1181/510 1253/1184/511 1251/1182/510
f 1252/1183/511 1254/1185/512 1255/1186/512
f 1252/1183/511 1255/1186/512 1253/1184/511
f 1254/1185/512 1256/1187/513 1257/1188/513
f 1254/1185/512 1257/1188/513 1255/1186/512
f 1256/1187/513 1258/1189/514 1259/1190/514
f 1256/1187/513 1259/1190/514 1257/1188/513
f 1258/1189/514 1260/1191/515 1261/1192/515
f 1258/1189/514 1261/1192/515 1259/1190/514
f 1260/1191/515 1262/1193/516 1263/1194/516
f 1260/1191/515 1263/1194/516 1261/1192/515
f 1262/1193/516 1264/1195/517 1265/1196/517
f 1262/1193/516 1265/1196/517 1263/1194/516
f 1264/1195/517 1266/1197/518 1267/1198/518
f 1264/1195/517 1267/1198/518 1265/1196/517
f 1266/1197/518 1268/1199/519 1269/1200/519
f 1266/1197/518 1269/1200/519 1267/1198/518
f 1268/1199/519 1270/1201/520 1271/1202/520
f 1268/1199/519 1271/1202/520 1269/1200/519
f 1270/1201/520 1272/1203/521 1273/1204/521
f 1270/1201/520 1273/1204/521 1271/1202/520
f 1272/1203/521 1274/1205/522 1275/1206/522
f 1272/1203/521 1275/1206/522 1273/1204/521
f 1274/1205/522 1276/1207/2 1277/1208/2
f 1274/1205/522 1277/1208/2 1275/1206/522
f 1276/1207/2 1278/1209/523 1279/1210/523
f 1276/1207/2 1279/1210/523 1277/1208/2
f 1278/1209/523 1280/1211/524 1281/1212/524
f 1278/1209/523 1281/1212/524 1279/1210/523
f 1280/1211/524 1282/1213/525 1283/1214/525
f 1280/1211/524 1283/1214/525 1281/1212/524
f 1282/1213/525 1284/1215/526 1285/1216/526
f 1282/1213/525 1285/1216/526 1283/1214/525
f 1284/1215/526 1286/1217/527 1287/1218/528
f 1284/1215/526 1287/1218/528 1285/1216/526
f 1286/1217/527 1288/1219/529 1289/1220/529
f 1286/1217/527 1289/1220/529 1287/1218/528
f 1288/1219/529 1290/1221/503 1291/1222/503
f 1288/1219/529 1291/1222/503 1289/1220/529
f 1292/1223/530 1293/1224/531 1294/1225/532
f 1292/1223/530 1294/1225/532 1295/1226/533
f 1296/1227/289 1292/1223/530 1295/1226/533
f 1296/1227/289 1295/1226/533 1297/1228/290
f 478/438/259 1296/1227/289 1297/1228/290
f 478/438/259 1297/1228/290 422/382/205
f 1298/1229/534 1299/1230/535 1293/1224/531
f 1298/1229/534 1293/1224/531 1292/1223/530
f 1300/1231/536 1298/1229/534 1292/1223/530
f 1300/1231/536 1292/1223/530 1296/1227/289
f 476/436/257 1300/1231/536 1296/1227/289
f 476/436/257 1296/1227/289 478/438/259
f 1301/1232/537 1302/1233/538 1299/1230/535
f 1301/1232/537 1299/1230/535 1298/1229/534
f 1303/1234/292 1301/1232/537 1298/1229/534
f 1303/1234/292 1298/1229/534 1300/1231/536
f 474/434/255 1303/1234/292 1300/1231/536
f 474/434/255 1300/1231/536 476/436/257
f 1304/1235/539 1305/1236/540 1302/1233/538
f 1304/1235/539 1302/1233/538 1301/1232/537
f 1306/1237/293 1304/1235/539 1301/1232/537
f 1306/1237/293 1301/1232/537 1303/1234/292
f 472/432/253 1306/1237/293 1303/1234/292
f 472/432/253 1303/1234/292 474/434/255
f 1307/1238/541 1308/1239/542 1305/1236/540
f 1307/1238/541 1305/1236/540 1304/1235/539
f 1309/1240/543 1307/1238/541 1304/1235/539
f 1309/1240/543 1304/1235/539 1306/1237/293
f 470/430/251 1309/1240/543 1306/1237/293
f 470/430/251 1306/1237/293 472/432/253
f 1310/1241/544 1311/1242/545 1308/1239/542
f 1310/1241/544 1308/1239/542 1307/1238/541
f 1312/1243/295 1310/1241/544 1307/1238/541
f 1312/1243/295 1307/1238/541 1309/1240/543
f 468/428/249 1312/1243/295 1309/1240/543
f 468/428/249 1309/1240/543 470/430/251
f 1313/1244/546 1314/1245/547 1311/1242/545
f 1313/1244/546 1311/1242/545 1310/1241/544
f 1315/1246/296 1313/1244/546 1310/1241/544
f 1315/1246/296 1310/1241/544 1312/1243/295
f 466/426/247 1315/1246/296 1312/1243/295
f 466/426/247 1312/1243/295 468/428/249
f 1316/1247/548 1317/1248/549 1314/1245/547
f 1316/1247/548 1314/1245/547 1313/1244/546
f 1318/1249/297 1316/1247/548 1313/1244/546
f 1318/1249/297 1313/1244/546 1315/1246/296
f 464/424/245 1318/1249/297 1315/1246/296
f 464/424/245 1315/1246/296 466/426/247
f 1319/1250/550 1320/1251/551 1317/1248/549
f 1319/1250/550 1317/1248/549 1316/1247/548
f 1321/1252/298 1319/1250/550 1316/1247/548
f 1321/1252/298 1316/1247/548 1318/1249/297
f 462/422/243 1321/1252/298 1318/1249/297
f 462/422/243 1318/1249/297 464/424/245
f 1322/1253/552 1323/1254/553 1320/1251/551
f 1322/1253/552 1320/1251/551 1319/1250/550
f 1324/1255/299 1322/1253/552 1319/1250/550
f 1324/1255/299 1319/1250/550 1321/1252/298
f 460/420/241 1324/1255/299 1321/1252/298
f 460/420/241 1321/1252/298 462/422/243
f 1325/1256/554 1326/1257/555 1323/1254/553
f 1325/1256/554 1323/1254/553 1322/1253/552
f 1327/1258/300 1325/1256/554 1322/1253/552
f 1327/1258/300 1322/1253/552 1324/1255/299
f 458/418/239 1327/1258/300 1324/1255/299
f 458/418/239 1324/1255/299 460/420/241
f 1328/1259/556 1329/1260/557 1326/1257/555
f 1328/1259/556 1326/1257/555 1325/1256/554
f 1330/1261/301 1328/1259/556 1325/1256/554
f 1330/1261/301 1325/1256/554 1327/1258/300
f 456/416/237 1330/1261/301 1327/1258/300
f 456/416/237 1327/1258/300 458/418/239
f 1331/1262/558 1332/1263/559 1329/1260/557
f 1331/1262/558 1329/1260/557 1328/1259/556
f 1333/1264/302 1331/1262/558 1328/1259/556
f 1333/1264/302 1328/1259/556 1330/1261/301
f 453/413/235 1333/1264/302 1330/1261/301
f 453/413/235 1330/1261/301 456/416/237
f 1334/1265/560 1335/1266/561 1332/1263/559
f 1334/1265/560 1332/1263/559 1331/1262/558
f 1336/1267/303 1334/1265/560 1331/1262/558
f 1336/1267/303 1331/1262/558 1333/1264/302
f 452/412/233 1336/1267/303 1333/1264/302
f 452/412/233 1333/1264/302 453/413/235
f 1337/1268/562 1338/1269/563 1339/1270/561
f 1337/1268/562 1339/1270/561 1340/1271/560
f 1341/1272/304 1337/1268/562 1340/1271/560
f 1341/1272/304 1340/1271/560 1342/1273/303
f 448/408/231 1341/1272/304 1342/1273/303
f 448/408/231 1342/1273/303 450/410/233
f 1343/1274/564 1344/1275/565 1338/1269/563
f 1343/1274/564 1338/1269/563 1337/1268/562
f 1345/1276/566 1343/1274/564 1337/1268/562
f 1345/1276/566 1337/1268/562 1341/1272/304
f 446/406/229 1345/1276/566 1341/1272/304
f 446/406/229 1341/1272/304 448/408/231
f 1346/1277/567 1347/1278/568 1344/1275/565
f 1346/1277/567 1344/1275/565 1343/1274/564
f 1348/1279/306 1346/1277/567 1343/1274/564
f 1348/1279/306 1343/1274/564 1345/1276/566
f 444/404/227 1348/1279/306 1345/1276/566
f 444/404/227 1345/1276/566 446/406/229
f 1349/1280/569 1350/1281/570 1347/1278/568
f 1349/1280/569 1347/1278/568 1346/1277/567
f 1351/1282/307 1349/1280/569 1346/1277/567
f 1351/1282/307 1346/1277/567 1348/1279/306
f 442/402/225 1351/1282/307 1348/1279/306
f 442/402/225 1348/1279/306 444/404/227
f 1352/1283/571 1353/1284/572 1350/1281/570
f 1352/1283/571 1350/1281/570 1349/1280/569
f 1354/1285/573 1352/1283/571 1349/1280/569
f 1354/1285/573 1349/1280/569 1351/1282/307
f 440/400/223 1354/1285/573 1351/1282/307
f 440/400/223 1351/1282/307 442/402/225
f 1355/1286/574 1356/1287/575 1353/1284/572
f 1355/1286/574 1353/1284/572 1352/1283/571
f 1357/1288/309 1355/1286/574 1352/1283/571
f 1357/1288/309 1352/1283/571 1354/1285/573
f 438/398/221 1357/1288/309 1354/1285/573
f 438/398/221 1354/1285/573 440/400/223
f 1358/1289/576 1359/1290/577 1356/1287/575
f 1358/1289/576 1356/1287/575 1355/1286/574
f 1360/1291/310 1358/1289/576 1355/1286/574
f 1360/1291/310 1355/1286/574 1357/1288/309
f 436/396/219 1360/1291/310 1357/1288/309
f 436/396/219 1357/1288/309 438/398/221
f 1361/1292/578 1362/1293/579 1359/1290/577
f 1361/1292/578 1359/1290/577 1358/1289/576
f 1363/1294/311 1361/1292/578 1358/1289/576
f 1363/1294/311 1358/1289/576 1360/1291/310
f 434/394/217 1363/1294/311 1360/1291/310
f 434/394/217 1360/1291/310 436/396/219
f 1364/1295/580 1365/1296/581 1362/1293/579
f 1364/1295/580 1362/1293/579 1361/1292/578
f 1366/1297/312 1364/1295/580 1361/1292/578
f 1366/1297/312 1361/1292/578 1363/1294/311
f 432/392/215 1366/1297/312 1363/1294/311
f 432/392/215 1363/1294/311 434/394/217
f 1367/1298/582 1368/1299/583 1365/1296/581
f 1367/1298/582 1365/1296/581 1364/1295/580
f 1369/1300/313 1367/1298/582 1364/1295/580
f 1369/1300/313 1364/1295/580 1366/1297/312
f 430/390/213 1369/1300/313 1366/1297/312
f 430/390/213 1366/1297/312 432/392/215
f 1370/1301/584 1371/1302/585 1368/1299/583
f 1370/1301/584 1368/1299/583 1367/1298/582
f 1372/1303/314 1370/1301/584 1367/1298/582
f 1372/1303/314 1367/1298/582 1369/1300/313
f 428/388/211 1372/1303/314 1369/1300/313
f 428/388/211 1369/1300/313 430/390/213
f 1373/1304/586 1374/1305/587 1371/1302/585
f 1373/1304/586 1371/1302/585 1370/1301/584
f 1375/1306/315 1373/1304/586 1370/1301/584
f 1375/1306/315 1370/1301/584 1372/1303/314
f 426/386/209 1375/1306/315 1372/1303/314
f 426/386/209 1372/1303/314 428/388/211
f 1376/1307/588 1377/1308/589 1374/1305/587
f 1376/1307/588 1374/1305/587 1373/1304/586
f 1378/1309/316 1376/1307/588 1373/1304/586
f 1378/1309/316 1373/1304/586 1375/1306/315
f 423/383/206 1378/1309/316 1375/1306/315
f 423/383/206 1375/1306/315 426/386/209
f 1295/1226/533 1294/1225/532 1377/1308/589
f 1295/1226/533 1377/1308/589 1376/1307/588
f 1297/1228/290 1295/1226/533 1376/1307/588
f 1297/1228/290 1376/1307/588 1378/1309/316
f 422/382/205 1297/1228/290 1378/1309/316
f 422/382/205 1378/1309/316 423/383/206
f 1379/1310/590 1380/1136/591 1381/1164/592
f 1379/1310/590 1381/1164/592 1382/1311/593
f 1383/1312/594 1379/1310/590 1382/1311/593
f 1383/1312/594 1382/1311/593 1384/1313/261
f 364/324/149 1383/1312/594 1384/1313/261
f 364/324/149 1384/1313/261 365/325/150
f 1382/1311/593 1381/1164/592 1385/1163/595
f 1382/1311/593 1385/1163/595 1386/1314/596
f 1384/1313/261 1382/1311/593 1386/1314/596
f 1384/1313/261 1386/1314/596 1387/1315/263
f 365/325/150 1384/1313/261 1387/1315/263
f 365/325/150 1387/1315/263 368/328/153
f 1386/1314/596 1385/1163/595 1388/1162/597
f 1386/1314/596 1388/1162/597 1389/1316/598
f 1387/1315/263 1386/1314/596 1389/1316/598
f 1387/1315/263 1389/1316/598 1390/1317/264
f 368/328/153 1387/1315/263 1390/1317/264
f 368/328/153 1390/1317/264 370/330/155
f 1389/1316/598 1388/1162/597 1391/1161/599
f 1389/1316/598 1391/1161/599 1392/1318/600
f 1390/1317/264 1389/1316/598 1392/1318/600
f 1390/1317/264 1392/1318/600 1393/1319/265
f 370/330/155 1390/1317/264 1393/1319/265
f 370/330/155 1393/1319/265 372/332/157
f 1392/1318/600 1391/1161/599 1394/1160/601
f 1392/1318/600 1394/1160/601 1395/1320/602
f 1393/1319/265 1392/1318/600 1395/1320/602
f 1393/1319/265 1395/1320/602 1396/1321/603
f 372/332/157 1393/1319/265 1396/1321/603
f 372/332/157 1396/1321/603 374/334/159
f 1395/1320/602 1394/1160/601 1397/1159/604
f 1395/1320/602 1397/1159/604 1398/1322/605
f 1396/1321/603 1395/1320/602 1398/1322/605
f 1396/1321/603 1398/1322/605 1399/1323/267
f 374/334/159 1396/1321/603 1399/1323/267
f 374/334/159 1399/1323/267 376/336/161
f 1398/1322/605 1397/1159/604 1400/1158/606
f 1398/1322/605 1400/1158/606 1401/1324/607
f 1399/1323/267 1398/1322/605 1401/1324/607
f 1399/1323/267 1401/1324/607 1402/1325/268
f 376/336/161 1399/1323/267 1402/1325/268
f 376/336/161 1402/1325/268 378/338/163
f 1401/1324/607 1400/1158/606 1403/1157/608
f 1401/1324/607 1403/1157/608 1404/1326/609
f 1402/1325/268 1401/1324/607 1404/1326/609
f 1402/1325/268 1404/1326/609 1405/1327/269
f 378/338/163 1402/1325/268 1405/1327/269
f 378/338/163 1405/1327/269 380/340/165
f 1404/1326/609 1403/1157/608 1406/1156/610
f 1404/1326/609 1406/1156/610 1407/1328/611
f 1405/1327/269 1404/1326/609 1407/1328/611
f 1405/1327/269 1407/1328/611 1408/1329/270
f 380/340/165 1405/1327/269 1408/1329/270
f 380/340/165 1408/1329/270 382/342/167
f 1407/1328/611 1406/1156/610 1409/1155/612
f 1407/1328/611 1409/1155/612 1410/1330/613
f 1408/1329/270 1407/1328/611 1410/1330/613
f 1408/1329/270 1410/1330/613 1411/1331/271
f 382/342/167 1408/1329/270 1411/1331/271
f 382/342/167 1411/1331/271 384/344/169
f 1410/1330/613 1409/1155/612 1412/1154/614
f 1410/1330/613 1412/1154/614 1413/1332/615
f 1411/1331/271 1410/1330/613 1413/1332/615
f 1411/1331/271 1413/1332/615 1414/1333/272
f 384/344/169 1411/1331/271 1414/1333/272
f 384/344/169 1414/1333/272 386/346/171
f 1413/1332/615 1412/1154/614 1415/1153/616
f 1413/1332/615 1415/1153/616 1416/1334/617
f 1414/1333/272 1413/1332/615 1416/1334/617
f 1414/1333/272 1416/1334/617 1417/1335/618
f 386/346/171 1414/1333/272 1417/1335/618
f 386/346/171 1417/1335/618 388/348/173
f 1416/1334/617 1415/1153/616 1418/1152/619
f 1416/1334/617 1418/1152/619 1419/1336/620
f 1417/1335/618 1416/1334/617 1419/1336/620
f 1417/1335/618 1419/1336/620 1420/1337/274
f 388/348/173 1417/1335/618 1420/1337/274
f 388/348/173 1420/1337/274 390/350/175
f 1419/1336/620 1418/1152/619 1421/1151/621
f 1419/1336/620 1421/1151/621 1422/1338/622
f 1420/1337/274 1419/1336/620 1422/1338/622
f 1420/1337/274 1422/1338/622 1423/1339/275
f 390/350/175 1420/1337/274 1423/1339/275
f 390/350/175 1423/1339/275 392/352/177
f 1424/1340/622 1425/1150/621 1426/1149/623
f 1424/1340/622 1426/1149/623 1427/1341/624
f 1428/1342/275 1424/1340/622 1427/1341/624
f 1428/1342/275 1427/1341/624 1429/1343/276
f 394/354/177 1428/1342/275 1429/1343/276
f 394/354/177 1429/1343/276 395/355/179
f 1427/1341/624 1426/1149/623 1430/1148/625
f 1427/1341/624 1430/1148/625 1431/1344/626
f 1429/1343/276 1427/1341/624 1431/1344/626
f 1429/1343/276 1431/1344/626 1432/1345/627
f 395/355/179 1429/1343/276 1432/1345/627
f 395/355/179 1432/1345/627 398/358/181
f 1431/1344/626 1430/1148/625 1433/1147/628
f 1431/1344/626 1433/1147/628 1434/1346/629
f 1432/1345/627 1431/1344/626 1434/1346/629
f 1432/1345/627 1434/1346/629 1435/1347/278
f 398/358/181 1432/1345/627 1435/1347/278
f 398/358/181 1435/1347/278 400/360/183
f 1434/1346/629 1433/1147/628 1436/1146/630
f 1434/1346/629 1436/1146/630 1437/1348/631
f 1435/1347/278 1434/1346/629 1437/1348/631
f 1435/1347/278 1437/1348/631 1438/1349/279
f 400/360/183 1435/1347/278 1438/1349/279
f 400/360/183 1438/1349/279 402/362/185
f 1437/1348/631 1436/1146/630 1439/1145/632
f 1437/1348/631 1439/1145/632 1440/1350/633
f 1438/1349/279 1437/1348/631 1440/1350/633
f 1438/1349/279 1440/1350/633 1441/1351/280
f 1442/1352/122 1443/1353/123 1444/1308/123
f 1442/1352/122 1444/1308/123 1445/1225/122
f 1443/1353/123 1446/1354/124 1447/1305/124
f 1443/1353/123 1447/1305/124 1444/1308/123
f 1446/1354/124 1448/1355/125 1449/1302/125
f 1446/1354/124 1449/1302/125 1447/1305/124
f 1448/1355/125 1450/1356/126 1451/1299/126
f 1448/1355/125 1451/1299/126 1449/1302/125
f 1450/1356/126 1452/1357/127 1453/1296/127
f 1450/1356/126 1453/1296/127 1451/1299/126
f 1452/1357/127 1454/1358/128 1455/1293/128
f 1452/1357/127 1455/1293/128 1453/1296/127
f 1454/1358/128 1456/1359/2 1457/1290/2
f 1454/1358/128 1457/1290/2 1455/1293/128
f 1456/1359/2 1458/1360/129 1459/1287/129
f 1456/1359/2 1459/1287/129 1457/1290/2
f 1458/1360/129 1460/1361/130 1461/1284/130
f 1458/1360/129 1461/1284/130 1459/1287/129
f 1460/1361/130 1462/1362/131 1463/1281/131
f 1460/1361/130 1463/1281/131 1461/1284/130
f 1462/1362/131 1464/1363/132 1465/1278/132
f 1462/1362/131 1465/1278/132 1463/1281/131
f 1464/1363/132 1466/1364/133 1467/1275/133
f 1464/1363/132 1467/1275/133 1465/1278/132
f 1466/1364/133 1468/1365/134 1469/1269/134
f 1466/1364/133 1469/1269/134 1467/1275/133
f 1468/1365/134 1470/1366/634 1471/1270/135
f 1468/1365/134 1471/1270/135 1469/1269/134
f 1472/1367/135 1473/1368/136 1474/1263/136
f 1472/1367/135 1474/1263/136 1475/1266/135
f 1473/1368/136 1476/1369/137 1477/1260/137
f 1473/1368/136 1477/1260/137 1474/1263/136
f 1476/1369/137 1478/1370/138 1479/1257/138
f 1476/1369/137 1479/1257/138 1477/1260/137
f 1478/1370/138 1480/1371/139 1481/1254/139
f 1478/1370/138 1481/1254/139 1479/1257/138
f 1480/1371/139 1482/1372/140 1483/1251/140
f 1480/1371/139 1483/1251/140 1481/1254/139
f 1482/1372/140 1484/1373/141 1485/1248/141
f 1482/1372/140 1485/1248/141 1483/1251/140
f 1484/1373/141 1486/1374/4 1487/1245/4
f 1484/1373/141 1487/1245/4 1485/1248/141
f 1486/1374/4 1488/1375/142 1489/1242/142
f 1486/1374/4 1489/1242/142 1487/1245/4
f 1488/1375/142 1490/1376/143 1491/1239/143
f 1488/1375/142 1491/1239/143 1489/1242/142
f 1490/1376/143 1492/1377/144 1493/1236/144
f 1490/1376/143 1493/1236/144 1491/1239/143
f 1492/1377/144 1494/1378/145 1495/1233/145
f 1492/1377/144 1495/1233/145 1493/1236/144
f 1494/1378/145 1496/1379/146 1497/1230/146
f 1494/1378/145 1497/1230/146 1495/1233/145
f 1496/1379/146 1498/1380/147 1499/1224/147
f 1496/1379/146 1499/1224/147 1497/1230/146
f 1498/1380/147 1442/1352/122 1445/1225/122
f 1498/1380/147 1445/1225/122 1499/1224/147
f 1500/1381/635 1501/1382/636 1443/1353/123
f 1500/1381/635 1443/1353/123 1442/1352/122
f 1501/1382/636 1502/1383/637 1446/1354/124
f 1501/1382/636 1446/1354/124 1443/1353/123
f 1502/1383/637 1503/1384/638 1448/1355/125
f 1502/1383/637 1448/1355/125 1446/1354/124
f 1503/1384/638 1504/1385/639 1450/1356/126
f 1503/1384/638 1450/1356/126 1448/1355/125
f 1504/1385/639 1505/1386/640 1452/1357/127
f 1504/1385/639 1452/1357/127 1450/1356/126
f 1505/1386/640 1506/1387/641 1454/1358/128
f 1505/1386/640 1454/1358/128 1452/1357/127
f 1506/1387/641 1507/1388/2 1456/1359/2
f 1506/1387/641 1456/1359/2 1454/1358/128
f 1507/1388/2 1508/1389/642 1458/1360/129
f 1507/1388/2 1458/1360/129 1456/1359/2
f 1508/1389/642 1509/1390/643 1460/1361/130
f 1508/1389/642 1460/1361/130 1458/1360/129
f 1509/1390/643 1510/1391/644 1462/1362/131
f 1509/1390/643 1462/1362/131 1460/1361/130
f 1510/1391/644 1511/1392/645 1464/1363/132
f 1510/1391/644 1464/1363/132 1462/1362/131
f 1511/1392/645 1512/1393/646 1466/1364/133
f 1511/1392/645 1466/1364/133 1464/1363/132
f 1512/1393/646 1513/1394/647 1468/1365/134
f 1512/1393/646 1468/1365/134 1466/1364/133
f 1513/1394/647 1514/1395/648 1470/1366/634
f 1513/1394/647 1470/1366/634 1468/1365/134
f 1515/1396/648 1516/1397/649 1473/1368/136
f 1515/1396/648 1473/1368/136 1472/1367/135
f 1516/1397/649 1517/1398/650 1476/1369/137
f 1516/1397/649 1476/1369/137 1473/1368/136
f 1517/1398/650 1518/1399/651 1478/1370/138
f 1517/1398/650 1478/1370/138 1476/1369/137
f 1518/1399/651 1519/1400/652 1480/1371/139
f 1518/1399/651 1480/1371/139 1478/1370/138
f 1519/1400/652 1520/1401/653 1482/1372/140
f 1519/1400/652 1482/1372/140 1480/1371/139
f 1520/1401/653 1521/1402/654 1484/1373/141
f 1520/1401/653 1484/1373/141 1482/1372/140
f 1521/1402/654 1522/1403/4 1486/1374/4
f 1521/1402/654 1486/1374/4 1484/1373/141
f 1522/1403/4 1523/1404/655 1488/1375/142
f 1522/1403/4 1488/1375/142 1486/1374/4
f 1523/1404/655 1524/1405/656 1490/1376/143
f 1523/1404/655 1490/1376/143 1488/1375/142
f 1524/1405/656 1525/1406/657 1492/1377/144
f 1524/1405/656 1492/1377/144 1490/1376/143
f 1525/1406/657 1526/1407/658 1494/1378/145
f 1525/1406/657 1494/1378/145 1492/1377/144
f 1526/1407/658 1527/1408/659 1496/1379/146
f 1526/1407/658 1496/1379/146 1494/1378/145
f 1527/1408/659 1528/1409/660 1498/1380/147
f 1527/1408/659 1498/1380/147 1496/1379/146
f 1528/1409/660 1500/1381/635 1442/1352/122
f 1528/1409/660 1442/1352/122 1498/1380/147
f 1529/1410/661 1530/1411/662 1501/1382/636
f 1529/1410/661 1501/1382/636 1500/1381/635
f 1530/1411/662 1531/1412/663 1502/1383/637
f 1530/1411/662 1502/1383/637 1501/1382/636
f 1531/1412/663 1532/1413/664 1503/1384/638
f 1531/1412/663 1503/1384/638 1502/1383/637
f 1532/1413/664 1533/1414/665 1504/1385/639
f 1532/1413/664 1504/1385/639 1503/1384/638
f 1533/1414/665 1534/1415/666 1505/1386/640
f 1533/1414/665 1505/1386/640 1504/1385/639
f 1534/1415/666 1535/1416/667 1506/1387/641
f 1534/1415/666 1506/1387/641 1505/1386/640
f 1535/1416/667 1536/1417/2 1507/1388/2
f 1535/1416/667 1507/1388/2 1506/1387/641
f 1536/1417/2 1537/1418/668 1508/1389/642
f 1536/1417/2 1508/1389/642 1507/1388/2
f 1537/1418/668 1538/1419/669 1509/1390/643
f 1537/1418/668 1509/1390/643 1508/1389/642
f 1538/1419/669 1539/1420/670 1510/1391/644
f 1538/1419/669 1510/1391/644 1509/1390/643
f 1539/1420/670 1540/1421/671 1511/1392/645
f 1539/1420/670 1511/1392/645 1510/1391/644
f 1540/1421/671 1541/1422/672 1512/1393/646
f 1540/1421/671 1512/1393/646 1511/1392/645
f 1541/1422/672 1542/1423/673 1513/1394/647
f 1541/1422/672 1513/1394/647 1512/1393/646
f 1542/1423/673 1543/1424/674 1514/1395/648
f 1542/1423/673 1514/1395/648 1513/1394/647
f 1544/1425/674 1545/1426/675 1516/1397/649
f 1544/1425/674 1516/1397/649 1515/1396/648
f 1545/1426/675 1546/1427/676 1517/1398/650
f 1545/1426/675 1517/1398/650 1516/1397/649
f 1546/1427/676 1547/1428/677 1518/1399/651
f 1546/1427/676 1518/1399/651 1517/1398/650
f 1547/1428/677 1548/1429/678 1519/1400/652
f 1547/1428/677 1519/1400/652 1518/1399/651
f 1548/1429/678 1549/1430/679 1520/1401/653
f 1548/1429/678 1520/1401/653 1519/1400/652
f 1549/1430/679 1550/1431/680 1521/1402/654
f 1549/1430/679 1521/1402/654 1520/1401/653
f 1550/1431/680 1551/1432/4 1522/1403/4
f 1550/1431/680 1522/1403/4 1521/1402/654
f 1551/1432/4 1552/1433/681 1523/1404/655
f 1551/1432/4 1523/1404/655 1522/1403/4
f 1552/1433/681 1553/1434/682 1524/1405/656
f 1552/1433/681 1524/1405/656 1523/1404/655
f 1553/1434/682 1554/1435/683 1525/1406/657
f 1553/1434/682 1525/1406/657 1524/1405/656
f 1554/1435/683 1555/1436/684 1526/1407/658
f 1554/1435/683 1526/1407/658 1525/1406/657
f 1555/1436/684 1556/1437/685 1527/1408/659
f 1555/1436/684 1527/1408/659 1526/1407/658
f 1556/1437/685 1557/1438/686 1528/1409/660
f 1556/1437/685 1528/1409/660 1527/1408/659
f 1557/1438/686 1529/1410/661 1500/1381/635
f 1557/1438/686 1500/1381/635 1528/1409/660
f 1558/1439/687 1559/1440/688 1530/1411/662
f 1558/1439/687 1530/1411/662 1529/1410/661
f 1559/1440/688 1560/1441/689 1531/1412/663
f 1559/1440/688 1531/1412/663 1530/1411/662
f 1560/1441/689 1561/1442/690 1532/1413/664
f 1560/1441/689 1532/1413/664 1531/1412/663
f 1561/1442/690 1562/1443/691 1533/1414/665
f 1561/1442/690 1533/1414/665 1532/1413/664
f 1562/1443/691 1563/1444/692 1534/1415/666
f 1562/1443/691 1534/1415/666 1533/1414/665
f 1563/1444/692 1564/1445/693 1535/1416/667
f 1563/1444/692 1535/1416/667 1534/1415/666
f 1564/1445/693 1565/1446/2 1536/1417/2
f 1564/1445/693 1536/1417/2 1535/1416/667
f 1565/1446/2 1566/1447/694 1537/1418/668
f 1565/1446/2 1537/1418/668 1536/1417/2
f 1566/1447/694 1567/1448/695 1538/1419/669
f 1566/1447/694 1538/1419/669 1537/1418/668
f 1567/1448/695 1568/1449/696 1539/1420/670
f 1567/1448/695 1539/1420/670 1538/1419/669
f 1568/1449/696 1569/1450/697 1540/1421/671
f 1568/1449/696 1540/1421/671 1539/1420/670
f 1569/1450/697 1570/1451/698 1541/1422/672
f 1569/1450/697 1541/1422/672 1540/1421/671
f 1570/1451/698 1571/1452/699 1542/1423/673
f 1570/1451/698 1542/1423/673 1541/1422/672
f 1571/1452/699 1572/1453/700 1543/1424/674
f 1571/1452/699 1543/1424/674 1542/1423/673
f 1573/1454/700 1574/1455/701 1545/1426/675
f 1573/1454/700 1545/1426/675 1544/1425/674
f 1574/1455/701 1575/1456/702 1546/1427/676
f 1574/1455/701 1546/1427/676 1545/1426/675
f 1575/1456/702 1576/1457/703 1547/1428/677
f 1575/1456/702 1547/1428/677 1546/1427/676
f 1576/1457/703 1577/1458/704 1548/1429/678
f 1576/1457/703 1548/1429/678 1547/1428/677
f 1577/1458/704 1578/1459/705 1549/1430/679
f 1577/1458/704 1549/1430/679 1548/1429/678
f 1578/1459/705 1579/1460/706 1550/1431/680
f 1578/1459/705 1550/1431/680 1549/1430/679
f 1579/1460/706 1580/1461/4 1551/1432/4
f 1579/1460/706 1551/1432/4 1550/1431/680
f 1580/1461/4 1581/1462/707 1552/1433/681
f 1580/1461/4 1552/1433/681 1551/1432/4
f 1581/1462/707 1582/1463/708 1553/1434/682
f 1581/1462/707 1553/1434/682 1552/1433/681
f 1582/1463/708 1583/1464/709 1554/1435/683
f 1582/1463/708 1554/1435/683 1553/1434/682
f 1583/1464/709 1584/1465/710 1555/1436/684
f 1583/1464/709 1555/1436/684 1554/1435/683
f 1584/1465/710 1585/1466/711 1556/1437/685
f 1584/1465/710 1556/1437/685 1555/1436/684
f 1585/1466/711 1586/1467/712 1557/1438/686
f 1585/1466/711 1557/1438/686 1556/1437/685
f 1586/1467/712 1558/1439/687 1529/1410/661
f 1586/1467/712 1529/1410/661 1557/1438/686
f 1587/1468/713 1588/1469/714 1559/1440/688
f 1587/1468/713 1559/1440/688 1558/1439/687
f 1588/1469/714 1589/1470/715 1560/1441/689
f 1588/1469/714 1560/1441/689 1559/1440/688
f 1589/1470/715 1590/1471/716 1561/1442/690
f 1589/1470/715 1561/1442/690 1560/1441/689
f 1590/1471/716 1591/1472/717 1562/1443/691
f 1590/1471/716 1562/1443/691 1561/1442/690
f 1591/1472/717 1592/1473/718 1563/1444/692
f 1591/1472/717 1563/1444/692 1562/1443/691
f 1592/1473/718 1593/1474/719 1564/1445/693
f 1592/1473/718 1564/1445/693 1563/1444/692
f 1593/1474/719 1594/1475/2 1565/1446/2
f 1593/1474/719 1565/1446/2 1564/1445/693
f 1594/1475/2 1595/1476/720 1566/1447/694
f 1594/1475/2 1566/1447/694 1565/1446/2
f 1595/1476/720 1596/1477/721 1567/1448/695
f 1595/1476/720 1567/1448/695 1566/1447/694
f 1596/1477/721 1597/1478/722 1568/1449/696
f 1596/1477/721 1568/1449/696 1567/1448/695
f 1597/1478/722 1598/1479/723 1569/1450/697
f 1597/1478/722 1569/1450/697 1568/1449/696
f 1598/1479/723 1599/1480/724 1570/1451/698
f 1598/1479/723 1570/1451/698 1569/1450/697
f 1599/1480/724 1600/1481/725 1571/1452/699
f 1599/1480/724 1571/1452/699 1570/1451/698
f 1600/1481/725 1601/1482/726 1572/1453/700
f 1600/1481/725 1572/1453/700 1571/1452/699
f 1602/1483/726 1603/1484/727 1574/1455/701
f 1602/1483/726 1574/1455/701 1573/1454/700
f 1603/1484/727 1604/1485/728 1575/1456/702
f 1603/1484/727 1575/1456/702 1574/1455/701
f 1604/1485/728 1605/1486/729 1576/1457/703
f 1604/1485/728 1576/1457/703 1575/1456/702
f 1605/1486/729 1606/1487/730 1577/1458/704
f 1605/1486/729 1577/1458/704 1576/1457/703
f 1606/1487/730 1607/1488/731 1578/1459/705
f 1606/1487/730 1578/1459/705 1577/1458/704
f 1607/1488/731 1608/1489/732 1579/1460/706
f 1607/1488/731 1579/1460/706 1578/1459/705
f 1608/1489/732 1609/1490/4 1580/1461/4
f 1608/1489/732 1580/1461/4 1579/1460/706
f 1609/1490/4 1610/1491/733 1581/1462/707
f 1609/1490/4 1581/1462/707 1580/1461/4
f 1610/1491/733 1611/1492/734 1582/1463/708
f 1610/1491/733 1582/1463/708 1581/1462/707
f 1611/1492/734 1612/1493/735 1583/1464/709
f 1611/1492/734 1583/1464/709 1582/1463/708
f 1612/1493/735 1613/1494/736 1584/1465/710
f 1612/1493/735 1584/1465/710 1583/1464/709
f 1613/1494/736 1614/1495/737 1585/1466/711
f 1613/1494/736 1585/1466/711 1584/1465/710
f 1614/1495/737 1615/1496/738 1586/1467/712
f 1614/1495/737 1586/1467/712 1585/1466/711
f 1615/1496/738 1587/1468/713 1558/1439/687
f 1615/1496/738 1558/1439/687 1586/1467/712
f 1616/1497/739 1617/1498/740 1588/1469/714
f 1616/1497/739 1588/1469/714 1587/1468/713
f 1617/1498/740 1618/1499/741 1589/1470/715
f 1617/1498/740 1589/1470/715 1588/1469/714
f 1618/1499/741 1619/1500/742 1590/1471/716
f 1618/1499/741 1590/1471/716 1589/1470/715
f 1619/1500/742 1620/1501/743 1591/1472/717
f 1619/1500/742 1591/1472/717 1590/1471/716
f 1620/1501/743 1621/1502/744 1592/1473/718
f 1620/1501/743 1592/1473/718 1591/1472/717
f 1621/1502/744 1622/1503/745 1593/1474/719
f 1621/1502/744 1593/1474/719 1592/1473/718
f 1622/1503/745 1623/1504/2 1594/1475/2
f 1622/1503/745 1594/1475/2 1593/1474/719
f 1623/1504/2 1624/1505/746 1595/1476/720
f 1623/1504/2 1595/1476/720 1594/1475/2
f 1624/1505/746 1625/1506/747 1596/1477/721
f 1624/1505/746 1596/1477/721 1595/1476/720
f 1625/1506/747 1626/1507/748 1597/1478/722
f 1625/1506/747 1597/1478/722 1596/1477/721
f 1626/1507/748 1627/1508/749 1598/1479/723
f 1626/1507/748 1598/1479/723 1597/1478/722
f 1627/1508/749 1628/1509/750 1599/1480/724
f 1627/1508/749 1599/1480/724 1598/1479/723
f 1628/1509/750 1629/1510/751 1600/1481/725
f 1628/1509/750 1600/1481/725 1599/1480/724
f 1629/1510/751 1630/1511/752 1601/1482/726
f 1629/1510/751 1601/1482/726 1600/1481/725
f 1631/1512/752 1632/1513/753 1603/1484/727
f 1631/1512/752 1603/1484/727 1602/1483/726
f 1632/1513/753 1633/1514/754 1604/1485/728
f 1632/1513/753 1604/1485/728 1603/1484/727
f 1633/1514/754 1634/1515/755 1605/1486/729
f 1633/1514/754 1605/1486/729 1604/1485/728
f 1634/1515/755 1635/1516/756 1606/1487/730
f 1634/1515/755 1606/1487/730 1605/1486/729
f 1635/1516/756 1636/1517/757 1607/1488/731
f 1635/1516/756 1607/1488/731 1606/1487/730
f 1636/1517/757 1637/1518/758 1608/1489/732
f 1636/1517/757 1608/1489/732 1607/1488/731
f 1637/1518/758 1638/1519/4 1609/1490/4
f 1637/1518/758 1609/1490/4 1608/1489/732
f 1638/1519/4 1639/1520/759 1610/1491/733
f 1638/1519/4 1610/1491/733 1609/1490/4
f 1639/1520/759 1640/1521/760 1611/1492/734
f 1639/1520/759 1611/1492/734 1610/1491/733
f 1640/1521/760 1641/1522/761 1612/1493/735
f 1640/1521/760 1612/1493/735 1611/1492/734
f 1641/1522/761 1642/1523/762 1613/1494/736
f 1641/1522/761 1613/1494/736 1612/1493/735
f 1642/1523/762 1643/1524/763 1614/1495/737
f 1642/1523/762 1614/1495/737 1613/1494/736
f 1643/1524/763 1644/1525/764 1615/1496/738
f 1643/1524/763 1615/1496/738 1614/1495/737
f 1644/1525/764 1616/1497/739 1587/1468/713
f 1644/1525/764 1587/1468/713 1615/1496/738
f 1645/1526/765 1646/1527/766 1617/1498/740
f 1645/1526/765 1617/1498/740 1616/1497/739
f 1646/1527/766 1647/1528/767 1618/1499/741
f 1646/1527/766 1618/1499/741 1617/1498/740
f 1647/1528/767 1648/1529/768 1619/1500/742
f 1647/1528/767 1619/1500/742 1618/1499/741
f 1648/1529/768 1649/1530/769 1620/1501/743
f 1648/1529/768 1620/1501/743 1619/1500/742
f 1649/1530/769 1650/1531/770 1621/1502/744
f 1649/1530/769 1621/1502/744 1620/1501/743
f 1650/1531/770 1651/1532/771 1622/1503/745
f 1650/1531/770 1622/1503/745 1621/1502/744
f 1651/1532/771 1652/1533/2 1623/1504/2
f 1651/1532/771 1623/1504/2 1622/1503/745
f 1652/1533/2 1653/1534/772 1624/1505/746
f 1652/1533/2 1624/1505/746 1623/1504/2
f 1653/1534/772 1654/1535/773 1625/1506/747
f 1653/1534/772 1625/1506/747 1624/1505/746
f 1654/1535/773 1655/1536/774 1626/1507/748
f 1654/1535/773 1626/1507/748 1625/1506/747
f 1655/1536/774 1656/1537/775 1627/1508/749
f 1655/1536/774 1627/1508/749 1626/1507/748
f 1656/1537/775 1657/1538/776 1628/1509/750
f 1656/1537/775 1628/1509/750 1627/1508/749
f 1657/1538/776 1658/1539/777 1629/1510/751
f 1657/1538/776 1629/1510/751 1628/1509/750
f 1658/1539/777 1659/1540/778 1630/1511/752
f 1658/1539/777 1630/1511/752 1629/1510/751
f 1660/1541/778 1661/1542/779 1632/1513/753
f 1660/1541/778 1632/1513/753 1631/1512/752
f 1661/1542/779 1662/1543/780 1633/1514/754
f 1661/1542/779 1633/1514/754 1632/1513/753
f 1662/1543/780 1663/1544/781 1634/1515/755
f 1662/1543/780 1634/1515/755 1633/1514/754
f 1663/1544/781 1664/1545/782 1635/1516/756
f 1663/1544/781 1635/1516/756 1634/1515/755
f 1664/1545/782 1665/1546/783 1636/1517/757
f 1664/1545/782 1636/1517/757 1635/1516/756
f 1665/1546/783 1666/1547/784 1637/1518/758
f 1665/1546/783 1637/1518/758 1636/1517/757
f 1666/1547/784 1667/1548/4 1638/1519/4
f 1666/1547/784 1638/1519/4 1637/1518/758
f 1667/1548/4 1668/1549/785 1639/1520/759
f 1667/1548/4 1639/1520/759 1638/1519/4
f 1668/1549/785 1669/1550/786 1640/1521/760
f 1668/1549/785 1640/1521/760 1639/1520/759
f 1669/1550/786 1670/1551/787 1641/1522/761
f 1669/1550/786 1641/1522/761 1640/1521/760
f 1670/1551/787 1671/1552/788 1642/1523/762
f 1670/1551/787 1642/1523/762 1641/1522/761
f 1671/1552/788 1672/1553/789 1643/1524/763
f 1671/1552/788 1643/1524/763 1642/1523/762
f 1672/1553/789 1673/1554/790 1644/1525/764
f 1672/1553/789 1644/1525/764 1643/1524/763
f 1673/1554/790 1645/1526/765 1616/1497/739
f 1673/1554/790 1616/1497/739 1644/1525/764
f 1674/1555/791 1675/1556/792 1646/1527/766
f 1674/1555/791 1646/1527/766 1645/1526/765
f 1675/1556/792 1676/1557/793 1647/1528/767
f 1675/1556/792 1647/1528/767 1646/1527/766
f 1676/1557/793 1677/1558/794 1648/1529/768
f 1676/1557/793 1648/1529/768 1647/1528/767
f 1677/1558/794 1678/1559/795 1649/1530/769
f 1677/1558/794 1649/1530/769 1648/1529/768
f 1678/1559/795 1679/1560/796 1650/1531/770
f 1678/1559/795 1650/1531/770 1649/1530/769
f 1679/1560/796 1680/1561/797 1651/1532/771
f 1679/1560/796 1651/1532/771 1650/1531/770
f 1680/1561/797 1681/1562/2 1652/1533/2
f 1680/1561/797 1652/1533/2 1651/1532/771
f 1681/1562/2 1682/1563/798 1653/1534/772
f 1681/1562/2 1653/1534/772 1652/1533/2
f 1682/1563/798 1683/1564/799 1654/1535/773
f 1682/1563/798 1654/1535/773 1653/1534/772
f 1683/1564/799 1684/1565/800 1655/1536/774
f 1683/1564/799 1655/1536/774 1654/1535/773
f 1684/1565/800 1685/1566/801 1656/1537/775
f 1684/1565/800 1656/1537/775 1655/1536/774
f 1685/1566/801 1686/1567/802 1657/1538/776
f 1685/1566/801 1657/1538/776 1656/1537/775
f 1686/1567/802 1687/1568/803 1658/1539/777
f 1686/1567/802 1658/1539/777 1657/1538/776
f 1687/1568/803 1688/1569/804 1659/1540/778
f 1687/1568/803 1659/1540/778 1658/1539/777
f 1689/1570/804 1690/1571/805 1661/1542/779
f 1689/1570/804 1661/1542/779 1660/1541/778
f 1690/1571/805 1691/1572/806 1662/1543/780
f 1690/1571/805 1662/1543/780 1661/1542/779
f 1691/1572/806 1692/1573/807 1663/1544/781
f 1691/1572/806 1663/1544/781 1662/1543/780
f 1692/1573/807 1693/1574/808 1664/1545/782
f 1692/1573/807 1664/1545/782 1663/1544/781
f 1693/1574/808 1694/1575/809 1665/1546/783
f 1693/1574/808 1665/1546/783 1664/1545/782
f 1694/1575/809 1695/1576/810 1666/1547/784
f 1694/1575/809 1666/1547/784 1665/1546/783
f 1695/1576/810 1696/1577/4 1667/1548/4
f 1695/1576/810 1667/1548/4 1666/1547/784
f 1696/1577/4 1697/1578/811 1668/1549/785
f 1696/1577/4 1668/1549/785 1667/1548/4
f 1697/1578/811 1698/1579/812 1669/1550/786
f 1697/1578/811 1669/1550/786 1668/1549/785
f 1698/1579/812 1699/1580/813 1670/1551/787
f 1698/1579/812 1670/1551/787 1669/1550/786
f 1699/1580/813 1700/1581/814 1671/1552/788
f 1699/1580/813 1671/1552/788 1670/1551/787
f 1700/1581/814 1701/1582/815 1672/1553/789
f 1700/1581/814 1672/1553/789 1671/1552/788
f 1701/1582/815 1702/1583/816 1673/1554/790
f 1701/1582/815 1673/1554/790 1672/1553/789
f 1702/1583/816 1674/1555/791 1645/1526/765
f 1702/1583/816 1645/1526/765 1673/1554/790
f 1703/1584/817 1704/1585/818 1675/1556/792
f 1703/1584/817 1675/1556/792 1674/1555/791
f 1704/1585/818 1705/1586/819 1676/1557/793
f 1704/1585/818 1676/1557/793 1675/1556/792
f 1705/1586/819 1706/1587/820 1677/1558/794
f 1705/1586/819 1677/1558/794 1676/1557/793
f 1706/1587/820 1707/1588/821 1678/1559/795
f 1706/1587/820 1678/1559/795 1677/1558/794
f 1707/1588/821 1708/1589/822 1679/1560/796
f 1707/1588/821 1679/1560/796 1678/1559/795
f 1708/1589/822 1709/1590/823 1680/1561/797
f 1708/1589/822 1680/1561/797 1679/1560/796
f 1709/1590/823 1710/1591/2 1681/1562/2
f 1709/1590/823 1681/1562/2 1680/1561/797
f 1710/1591/2 1711/1592/824 1682/1563/798
f 1710/1591/2 1682/1563/798 1681/1562/2
f 1711/1592/824 1712/1593/825 1683/1564/799
f 1711/1592/824 1683/1564/799 1682/1563/798
f 1712/1593/825 1713/1594/826 1684/1565/800
f 1712/1593/825 1684/1565/800 1683/1564/799
f 1713/1594/826 1714/1595/827 1685/1566/801
f 1713/1594/826 1685/1566/801 1684/1565/800
f 1714/1595/827 1715/1596/828 1686/1567/802
f 1714/1595/827 1686/1567/802 1685/1566/801
f 1715/1596/828 1716/1597/829 1687/1568/803
f 1715/1596/828 1687/1568/803 1686/1567/802
f 1716/1597/829 1717/1598/830 1688/1569/804
f 1716/1597/829 1688/1569/804 1687/1568/803
f 1718/1599/830 1719/1600/831 1690/1571/805
f 1718/1599/830 1690/1571/805 1689/1570/804
f 1719/1600/831 1720/1601/832 1691/1572/806
f 1719/1600/831 1691/1572/806 1690/1571/805
f 1720/1601/832 1721/1602/833 1692/1573/807
f 1720/1601/832 1692/1573/807 1691/1572/806
f 1721/1602/833 1722/1603/834 1693/1574/808
f 1721/1602/833 1693/1574/808 1692/1573/807
f 1722/1603/834 1723/1604/835 1694/1575/809
f 1722/1603/834 1694/1575/809 1693/1574/808
f 1723/1604/835 1724/1605/836 1695/1576/810
f 1723/1604/835 1695/1576/810 1694/1575/809
f 1724/1605/836 1725/1606/4 1696/1577/4
f 1724/1605/836 1696/1577/4 1695/1576/810
f 1725/1606/4 1726/1607/837 1697/1578/811
f 1725/1606/4 1697/1578/811 1696/1577/4
f 1726/1607/837 1727/1608/838 1698/1579/812
f 1726/1607/837 1698/1579/812 1697/1578/811
f 1727/1608/838 1728/1609/839 1699/1580/813
f 1727/1608/838 1699/1580/813 1698/1579/812
f 1728/1609/839 1729/1610/840 1700/1581/814
f 1728/1609/839 1700/1581/814 1699/1580/813
f 1729/1610/840 1730/1611/841 1701/1582/815
f 1729/1610/840 1701/1582/815 1700/1581/814
f 1730/1611/841 1731/1612/842 1702/1583/816
f 1730/1611/841 1702/1583/816 1701/1582/815
f 1731/1612/842 1703/1584/817 1674/1555/791
f 1731/1612/842 1674/1555/791 1702/1583/816
f 1732/1613/843 1733/1614/844 1704/1585/818
f 1732/1613/843 1704/1585/818 1703/1584/817
f 1733/1614/844 1734/1615/845 1705/1586/819
f 1733/1614/844 1705/1586/819 1704/1585/818
f 1734/1615/845 1735/1616/846 1706/1587/820
f 1734/1615/845 1706/1587/820 1705/1586/819
f 1735/1616/846 1736/1617/847 1707/1588/821
f 1735/1616/846 1707/1588/821 1706/1587/820
f 1736/1617/847 1737/1618/848 1708/1589/822
f 1736/1617/847 1708/1589/822 1707/1588/821
f 1737/1618/848 1738/1619/849 1709/1590/823
f 1737/1618/848 1709/1590/823 1708/1589/822
f 1738/1619/849 1739/1620/2 1710/1591/2
f 1738/1619/849 1710/1591/2 1709/1590/823
f 1739/1620/2 1740/1621/850 1711/1592/824
f 1739/1620/2 1711/1592/824 1710/1591/2
f 1740/1621/850 1741/1622/851 1712/1593/825
f 1740/1621/850 1712/1593/825 1711/1592/824
f 1741/1622/851 1742/1623/852 1713/1594/826
f 1741/1622/851 1713/1594/826 1712/1593/825
f 1742/1623/852 1743/1624/853 1714/1595/827
f 1742/1623/852 1714/1595/827 1713/1594/826
f 1743/1624/853 1744/1625/854 1715/1596/828
f 1743/1624/853 1715/1596/828 1714/1595/827
f 1744/1625/854 1745/1626/855 1716/1597/829
f 1744/1625/854 1716/1597/829 1715/1596/828
f 1745/1626/855 1746/1627/856 1717/1598/830
f 1745/1626/855 1717/1598/830 1716/1597/829
f 1747/1628/856 1748/1629/857 1719/1600/831
f 1747/1628/856 1719/1600/831 1718/1599/830
f 1748/1629/857 1749/1630/858 1720/1601/832
f 1748/1629/857 1720/1601/832 1719/1600/831
f 1749/1630/858 1750/1631/859 1721/1602/833
f 1749/1630/858 1721/1602/833 1720/1601/832
f 1750/1631/859 1751/1632/860 1722/1603/834
f 1750/1631/859 1722/1603/834 1721/1602/833
f 1751/1632/860 1752/1633/861 1723/1604/835
f 1751/1632/860 1723/1604/835 1722/1603/834
f 1752/1633/861 1753/1634/862 1724/1605/836
f 1752/1633/861 1724/1605/836 1723/1604/835
f 1753/1634/862 1754/1635/4 1725/1606/4
f 1753/1634/862 1725/1606/4 1724/1605/836
f 1754/1635/4 1755/1636/863 1726/1607/837
f 1754/1635/4 1726/1607/837 1725/1606/4
f 1755/1636/863 1756/1637/864 1727/1608/838
f 1755/1636/863 1727/1608/838 1726/1607/837
f 1756/1637/864 1757/1638/865 1728/1609/839
f 1756/1637/864 1728/1609/839 1727/1608/838
f 1757/1638/865 1758/1639/866 1729/1610/840
f 1757/1638/865 1729/1610/840 1728/1609/839
f 1758/1639/866 1759/1640/867 1730/1611/841
f 1758/1639/866 1730/1611/841 1729/1610/840
f 1759/1640/867 1760/1641/868 1731/1612/842
f 1759/1640/867 1731/1612/842 1730/1611/841
f 1760/1641/868 1732/1613/843 1703/1584/817
f 1760/1641/868 1703/1584/817 1731/1612/842
f 1761/1642/869 1762/1643/870 1733/1614/844
f 1761/1642/869 1733/1614/844 1732/1613/843
f 1762/1643/870 1763/1644/871 1734/1615/845
f 1762/1643/870 1734/1615/845 1733/1614/844
f 1763/1644/871 1764/1645/872 1735/1616/846
f 1763/1644/871 1735/1616/846 1734/1615/845
f 1764/1645/872 1765/1646/873 1736/1617/847
f 1764/1645/872 1736/1617/847 1735/1616/846
f 1765/1646/873 1766/1647/874 1737/1618/848
f 1765/1646/873 1737/1618/848 1736/1617/847
f 1766/1647/874 1767/1648/875 1738/1619/849
f 1766/1647/874 1738/1619/849 1737/1618/848
f 1767/1648/875 1768/1649/876 1739/1620/2
f 1767/1648/875 1739/1620/2 1738/1619/849
f 1768/1649/876 1769/1650/877 1740/1621/850
f 1768/1649/876 1740/1621/850 1739/1620/2
f 1769/1650/877 1770/1651/878 1741/1622/851
f 1769/1650/877 1741/1622/851 1740/1621/850
f 1770/1651/878 1771/1652/879 1742/1623/852
f 1770/1651/878 1742/1623/852 1741/1622/851
f 1771/1652/879 1772/1653/880 1743/1624/853
f 1771/1652/879 1743/1624/853 1742/1623/852
f 1772/1653/880 1773/1654/881 1744/1625/854
f 1772/1653/880 1744/1625/854 1743/1624/853
f 1773/1654/881 1774/1655/882 1745/1626/855
f 1773/1654/881 1745/1626/855 1744/1625/854
f 1774/1655/882 1775/1656/883 1746/1627/856
f 1774/1655/882 1746/1627/856 1745/1626/855
f 1776/1657/883 1777/1658/884 1748/1629/857
f 1776/1657/883 1748/1629/857 1747/1628/856
f 1777/1658/884 1778/1659/885 1749/1630/858
f 1777/1658/884 1749/1630/858 1748/1629/857
f 1778/1659/885 1779/1660/886 1750/1631/859
f 1778/1659/885 1750/1631/859 1749/1630/858
f 1779/1660/886 1780/1661/887 1751/1632/860
f 1779/1660/886 1751/1632/860 1750/1631/859
f 1780/1661/887 1781/1662/888 1752/1633/861
f 1780/1661/887 1752/1633/861 1751/1632/860
f 1781/1662/888 1782/1663/889 1753/1634/862
f 1781/1662/888 1753/1634/862 1752/1633/861
f 1782/1663/889 1783/1664/890 1754/1635/4
f 1782/1663/889 1754/1635/4 1753/1634/862
f 1783/1664/890 1784/1665/891 1755/1636/863
f 1783/1664/890 1755/1636/863 1754/1635/4
f 1784/1665/891 1785/1666/892 1756/1637/864
f 1784/1665/891 1756/1637/864 1755/1636/863
f 1785/1666/892 1786/1667/893 1757/1638/865
f 1785/1666/892 1757/1638/865 1756/1637/864
f 1786/1667/893 1787/1668/894 1758/1639/866
f 1786/1667/893 1758/1639/866 1757/1638/865
f 1787/1668/894 1788/1669/895 1759/1640/867
f 1787/1668/894 1759/1640/867 1758/1639/866
f 1788/1669/895 1789/1670/896 1760/1641/868
f 1788/1669/895 1760/1641/868 1759/1640/867
f 1789/1670/896 1761/1642/869 1732/1613/843
f 1789/1670/896 1732/1613/843 1760/1641/868
f 1790/1671/897 1791/1672/898 1762/1643/870
f 1790/1671/897 1762/1643/870 1761/1642/869
f 1791/1672/898 1792/1673/899 1763/1644/871
f 1791/1672/898 1763/1644/871 1762/1643/870
f 1792/1673/899 1793/1674/900 1764/1645/872
f 1792/1673/899 1764/1645/872 1763/1644/871
f 1793/1674/900 1794/1675/901 1765/1646/873
f 1793/1674/900 1765/1646/873 1764/1645/872
f 1794/1675/901 1795/1676/902 1766/1647/874
f 1794/1675/901 1766/1647/874 1765/1646/873
f 1795/1676/902 1796/1677/903 1767/1648/875
f 1795/1676/902 1767/1648/875 1766/1647/874
f 1796/1677/903 1797/1678/904 1768/1649/876
f 1796/1677/903 1768/1649/876 1767/1648/875
f 1797/1678/904 1798/1679/905 1769/1650/877
f 1797/1678/904 1769/1650/877 1768/1649/876
f 1798/1679/905 1799/1680/906 1770/1651/878
f 1798/1679/905 1770/1651/878 1769/1650/877
f 1799/1680/906 1800/1681/907 1771/1652/879
f 1799/1680/906 1771/1652/879 1770/1651/878
f 1800/1681/907 1801/1682/908 1772/1653/880
f 1800/1681/907 1772/1653/880 1771/1652/879
f 1801/1682/908 1802/1683/909 1773/1654/881
f 1801/1682/908 1773/1654/881 1772/1653/880
f 1802/1683/909 1803/1684/910 1774/1655/882
f 1802/1683/909 1774/1655/882 1773/1654/881
f 1803/1684/910 1804/1685/911 1775/1656/883
f 1803/1684/910 1775/1656/883 1774/1655/882
f 1805/1686/911 1806/1687/912 1777/1658/884
f 1805/1686/911 1777/1658/884 1776/1657/883
f 1806/1687/912 1807/1688/913 1778/1659/885
f 1806/1687/912 1778/1659/885 1777/1658/884
f 1807/1688/913 1808/1689/914 1779/1660/886
f 1807/1688/913 1779/1660/886 1778/1659/885
f 1808/1689/914 1809/1690/915 1780/1661/887
f 1808/1689/914 1780/1661/887 1779/1660/886
f 1809/1690/915 1810/1691/916 1781/1662/888
f 1809/1690/915 1781/1662/888 1780/1661/887
f 1810/1691/916 1811/1692/917 1782/1663/889
f 1810/1691/916 1782/1663/889 1781/1662/888
f 1811/1692/917 1812/1693/4 1783/1664/890
f 1811/1692/917 1783/1664/890 1782/1663/889
f 1812/1693/4 1813/1694/918 1784/1665/891
f 1812/1693/4 1784/1665/891 1783/1664/890
f 1813/1694/918 1814/1695/919 1785/1666/892
f 1813/1694/918 1785/1666/892 1784/1665/891
f 1814/1695/919 1815/1696/920 1786/1667/893
f 1814/1695/919 1786/1667/893 1785/1666/892
f 1815/1696/920 1816/1697/921 1787/1668/894
f 1815/1696/920 1787/1668/894 1786/1667/893
f 1816/1697/921 1817/1698/922 1788/1669/895
f 1816/1697/921 1788/1669/895 1787/1668/894
f 1817/1698/922 1818/1699/923 1789/1670/896
f 1817/1698/922 1789/1670/896 1788/1669/895
f 1818/1699/923 1790/1671/897 1761/1642/869
f 1818/1699/923 1761/1642/869 1789/1670/896
f 1819/1700/924 1820/1701/925 1791/1672/898
f 1819/1700/924 1791/1672/898 1790/1671/897
f 1820/1701/925 1821/1702/926 1792/1673/899
f 1820/1701/925 1792/1673/899 1791/1672/898
f 1821/1702/926 1822/1703/927 1793/1674/900
f 1821/1702/926 1793/1674/900 1792/1673/899
f 1822/1703/927 1823/1704/928 1794/1675/901
f 1822/1703/927 1794/1675/901 1793/1674/900
f 1823/1704/928 1824/1705/929 1795/1676/902
f 1823/1704/928 1795/1676/902 1794/1675/901
f 1824/1705/929 1825/1706/930 1796/1677/903
f 1824/1705/929 1796/1677/903 1795/1676/902
f 1825/1706/930 1826/1707/2 1797/1678/904
f 1825/1706/930 1797/1678/904 1796/1677/903
f 1826/1707/2 1827/1708/931 1798/1679/905
f 1826/1707/2 1798/1679/905 1797/1678/904
f 1827/1708/931 1828/1709/932 1799/1680/906
f 1827/1708/931 1799/1680/906 1798/1679/905
f 1828/1709/932 1829/1710/933 1800/1681/907
f 1828/1709/932 1800/1681/907 1799/1680/906
f 1829/1710/933 1830/1711/934 1801/1682/908
f 1829/1710/933 1801/1682/908 1800/1681/907
f 1830/1711/934 1831/1712/935 1802/1683/909
f 1830/1711/934 1802/1683/909 1801/1682/908
f 1831/1712/935 1832/1713/936 1803/1684/910
f 1831/1712/935 1803/1684/910 1802/1683/909
f 1832/1713/936 1833/1714/937 1804/1685/911
f 1832/1713/936 1804/1685/911 1803/1684/910
f 1834/1715/937 1835/1716/938 1806/1687/912
f 1834/1715/937 1806/1687/912 1805/1686/911
f 1835/1716/938 1836/1717/939 1807/1688/913
f 1835/1716/938 1807/1688/913 1806/1687/912
f 1836/1717/939 1837/1718/940 1808/1689/914
f 1836/1717/939 1808/1689/914 1807/1688/913
f 1837/1718/940 1838/1719/941 1809/1690/915
f 1837/1718/940 1809/1690/915 1808/1689/914
f 1838/1719/941 1839/1720/942 1810/1691/916
f 1838/1719/941 1810/1691/916 1809/1690/915
f 1839/1720/942 1840/1721/943 1811/1692/917
f 1839/1720/942 1811/1692/917 1810/1691/916
f 1840/1721/943 1841/1722/4 1812/1693/4
f 1840/1721/943 1812/1693/4 1811/1692/917
f 1841/1722/4 1842/1723/944 1813/1694/918
f 1841/1722/4 1813/1694/918 1812/1693/4
f 1842/1723/944 1843/1724/945 1814/1695/919
f 1842/1723/944 1814/1695/919 1813/1694/918
f 1843/1724/945 1844/1725/946 1815/1696/920
f 1843/1724/945 1815/1696/920 1814/1695/919
f 1844/1725/946 1845/1726/947 1816/1697/921
f 1844/1725/946 1816/1697/921 1815/1696/920
f 1845/1726/947 1846/1727/948 1817/1698/922
f 1845/1726/947 1817/1698/922 1816/1697/921
f 1846/1727/948 1847/1728/949 1818/1699/923
f 1846/1727/948 1818/1699/923 1817/1698/922
f 1847/1728/949 1819/1700/924 1790/1671/897
f 1847/1728/949 1790/1671/897 1818/1699/923
f 1848/1729/950 1849/1730/951 1820/1701/925
f 1848/1729/950 1820/1701/925 1819/1700/924
f 1849/1730/951 1850/1731/952 1821/1702/926
f 1849/1730/951 1821/1702/926 1820/1701/925
f 1850/1731/952 1851/1732/953 1822/1703/927
f 1850/1731/952 1822/1703/927 1821/1702/926
f 1851/1732/953 1852/1733/954 1823/1704/928
f 1851/1732/953 1823/1704/928 1822/1703/927
f 1852/1733/954 1853/1734/955 1824/1705/929
f 1852/1733/954 1824/1705/929 1823/1704/928
f 1853/1734/955 1854/1735/956 1825/1706/930
f 1853/1734/955 1825/1706/930 1824/1705/929
f 1854/1735/956 1855/1736/2 1826/1707/2
f 1854/1735/956 1826/1707/2 1825/1706/930
f 1855/1736/2 1856/1737/957 1827/1708/931
f 1855/1736/2 1827/1708/931 1826/1707/2
f 1856/1737/957 1857/1738/958 1828/1709/932
f 1856/1737/957 1828/1709/932 1827/1708/931
f 1857/1738/958 1858/1739/959 1829/1710/933
f 1857/1738/958 1829/1710/933 1828/1709/932
f 1858/1739/959 1859/1740/960 1830/1711/934
f 1858/1739/959 1830/1711/934 1829/1710/933
f 1859/1740/960 1860/1741/961 1831/1712/935
f 1859/1740/960 1831/1712/935 1830/1711/934
f 1860/1741/961 1861/1742/962 1832/1713/936
f 1860/1741/961 1832/1713/936 1831/1712/935
f 1861/1742/962 1862/1743/963 1833/1714/937
f 1861/1742/962 1833/1714/937 1832/1713/936
f 1863/1744/963 1864/1745/964 1835/1716/938
f 1863/1744/963 1835/1716/938 1834/1715/937
f 1864/1745/964 1865/1746/965 1836/1717/939
f 1864/1745/964 1836/1717/939 1835/1716/938
f 1865/1746/965 1866/1747/966 1837/1718/940
f 1865/1746/965 1837/1718/940 1836/1717/939
f 1866/1747/966 1867/1748/967 1838/1719/941
f 1866/1747/966 1838/1719/941 1837/1718/940
f 1867/1748/967 1868/1749/968 1839/1720/942
f 1867/1748/967 1839/1720/942 1838/1719/941
f 1868/1749/968 1869/1750/969 1840/1721/943
f 1868/1749/968 1840/1721/943 1839/1720/942
f 1869/1750/969 1870/1751/4 1841/1722/4
f 1869/1750/969 1841/1722/4 1840/1721/943
f 1870/1751/4 1871/1752/970 1842/1723/944
f 1870/1751/4 1842/1723/944 1841/1722/4
f 1871/1752/970 1872/1753/971 1843/1724/945
f 1871/1752/970 1843/1724/945 1842/1723/944
f 1872/1753/971 1873/1754/972 1844/1725/946
f 1872/1753/971 1844/1725/946 1843/1724/945
f 1873/1754/972 1874/1755/973 1845/1726/947
f 1873/1754/972 1845/1726/947 1844/1725/946
f 1874/1755/973 1875/1756/974 1846/1727/948
f 1874/1755/973 1846/1727/948 1845/1726/947
f 1875/1756/974 1876/1757/975 1847/1728/949
f 1875/1756/974 1847/1728/949 1846/1727/948
f 1876/1757/975 1848/1729/950 1819/1700/924
f 1876/1757/975 1819/1700/924 1847/1728/949
f 1877/1758/976 1878/1759/977 1849/1730/951
f 1877/1758/976 1849/1730/951 1848/1729/950
f 1878/1759/977 1879/1760/978 1850/1731/952
f 1878/1759/977 1850/1731/952 1849/1730/951
f 1879/1760/978 1880/1761/979 1851/1732/953
f 1879/1760/978 1851/1732/953 1850/1731/952
f 1880/1761/979 1881/1762/980 1852/1733/954
f 1880/1761/979 1852/1733/954 1851/1732/953
f 1881/1762/980 1882/1763/981 1853/1734/955
f 1881/1762/980 1853/1734/955 1852/1733/954
f 1882/1763/981 1883/1764/982 1854/1735/956
f 1882/1763/981 1854/1735/956 1853/1734/955
f 1883/1764/982 1884/1765/2 1855/1736/2
f 1883/1764/982 1855/1736/2 1854/1735/956
f 1884/1765/2 1885/1766/983 1856/1737/957
f 1884/1765/2 1856/1737/957 1855/1736/2
f 1885/1766/983 1886/1767/984 1857/1738/958
f 1885/1766/983 1857/1738/958 1856/1737/957
f 1886/1767/984 1887/1768/985 1858/1739/959
f 1886/1767/984 1858/1739/959 1857/1738/958
f 1887/1768/985 1888/1769/986 1859/1740/960
f 1887/1768/985 1859/1740/960 1858/1739/959
f 1888/1769/986 1889/1770/987 1860/1741/961
f 1888/1769/986 1860/1741/961 1859/1740/960
f 1889/1770/987 1890/1771/988 1861/1742/962
f 1889/1770/987 1861/1742/962 1860/1741/961
f 1890/1771/988 1891/1772/989 1862/1743/963
f 1890/1771/988 1862/1743/963 1861/1742/962
f 1892/1773/989 1893/1774/990 1864/1745/964
f 1892/1773/989 1864/1745/964 1863/1744/963
f 1893/1774/990 1894/1775/991 1865/1746/965
f 1893/1774/990 1865/1746/965 1864/1745/964
f 1894/1775/991 1895/1776/992 1866/1747/966
f 1894/1775/991 1866/1747/966 1865/1746/965
f 1895/1776/992 1896/1777/993 1867/1748/967
f 1895/1776/992 1867/1748/967 1866/1747/966
f 1896/1777/993 1897/1778/994 1868/1749/968
f 1896/1777/993 1868/1749/968 1867/1748/967
f 1897/1778/994 1898/1779/995 1869/1750/969
f 1897/1778/994 1869/1750/969 1868/1749/968
f 1898/1779/995 1899/1780/4 1870/1751/4
f 1898/1779/995 1870/1751/4 1869/1750/969
f 1899/1780/4 1900/1781/996 1871/1752/970
f 1899/1780/4 1871/1752/970 1870/1751/4
f 1900/1781/996 1901/1782/997 1872/1753/971
f 1900/1781/996 1872/1753/971 1871/1752/970
f 1901/1782/997 1902/1783/998 1873/1754/972
f 1901/1782/997 1873/1754/972 1872/1753/971
f 1902/1783/998 1903/1784/999 1874/1755/973
f 1902/1783/998 1874/1755/973 1873/1754/972
f 1903/1784/999 1904/1785/1000 1875/1756/974
f 1903/1784/999 1875/1756/974 1874/1755/973
f 1904/1785/1000 1905/1786/1001 1876/1757/975
f 1904/1785/1000 1876/1757/975 1875/1756/974
f 1905/1786/1001 1877/1758/976 1848/1729/950
f 1905/1786/1001 1848/1729/950 1876/1757/975
f 1906/1787/1002 1907/1788/1003 1878/1759/977
f 1906/1787/1002 1878/1759/977 1877/1758/976
f 1907/1788/1003 1908/1789/1004 1879/1760/978
f 1907/1788/1003 1879/1760/978 1878/1759/977
f 1908/1789/1004 1909/1790/1005 1880/1761/979
f 1908/1789/1004 1880/1761/979 1879/1760/978
f 1909/1790/1005 1910/1791/1006 1881/1762/980
f 1909/1790/1005 1881/1762/980 1880/1761/979
f 1910/1791/1006 1911/1792/1007 1882/1763/981
f 1910/1791/1006 1882/1763/981 1881/1762/980
f 1911/1792/1007 1912/1793/1008 1883/1764/982
f 1911/1792/1007 1883/1764/982 1882/1763/981
f 1912/1793/1008 1913/1794/2 1884/1765/2
f 1912/1793/1008 1884/1765/2 1883/1764/982
f 1913/1794/2 1914/1795/1009 1885/1766/983
f 1913/1794/2 1885/1766/983 1884/1765/2
f 1914/1795/1009 1915/1796/1010 1886/1767/984
f 1914/1795/1009 1886/1767/984 1885/1766/983
f 1915/1796/1010 1916/1797/1011 1887/1768/985
f 1915/1796/1010 1887/1768/985 1886/1767/984
f 1916/1797/1011 1917/1798/1012 1888/1769/986
f 1916/1797/1011 1888/1769/986 1887/1768/985
f 1917/1798/1012 1918/1799/1013 1889/1770/987
f 1917/1798/1012 1889/1770/987 1888/1769/986
f 1918/1799/1013 1919/1800/1014 1890/1771/988
f 1918/1799/1013 1890/1771/988 1889/1770/987
f 1919/1800/1014 1920/1801/1015 1891/1772/989
f 1919/1800/1014 1891/1772/989 1890/1771/988
f 1921/1802/1015 1922/1803/1016 1893/1774/990
f 1921/1802/1015 1893/1774/990 1892/1773/989
f 1922/1803/1016 1923/1804/1017 1894/1775/991
f 1922/1803/1016 1894/1775/991 1893/1774/990
f 1923/1804/1017 1924/1805/1018 1895/1776/992
f 1923/1804/1017 1895/1776/992 1894/1775/991
f 1924/1805/1018 1925/1806/1019 1896/1777/993
f 1924/1805/1018 1896/1777/993 1895/1776/992
f 1925/1806/1019 1926/1807/1020 1897/1778/994
f 1925/1806/1019 1897/1778/994 1896/1777/993
f 1926/1807/1020 1927/1808/1021 1898/1779/995
f 1926/1807/1020 1898/1779/995 1897/1778/994
f 1927/1808/1021 1928/1809/4 1899/1780/4
f 1927/1808/1021 1899/1780/4 1898/1779/995
f 1928/1809/4 1929/1810/1022 1900/1781/996
f 1928/1809/4 1900/1781/996 1899/1780/4
f 1929/1810/1022 1930/1811/1023 1901/1782/997
f 1929/1810/1022 1901/1782/997 1900/1781/996
f 1930/1811/1023 1931/1812/1024 1902/1783/998
f 1930/1811/1023 1902/1783/998 1901/1782/997
f 1931/1812/1024 1932/1813/1025 1903/1784/999
f 1931/1812/1024 1903/1784/999 1902/1783/998
f 1932/1813/1025 1933/1814/1026 1904/1785/1000
f 1932/1813/1025 1904/1785/1000 1903/1784/999
f 1933/1814/1026 1934/1815/1027 1905/1786/1001
f 1933/1814/1026 1905/1786/1001 1904/1785/1000
f 1934/1815/1027 1906/1787/1002 1877/1758/976
f 1934/1815/1027 1877/1758/976 1905/1786/1001
f 1935/1816/1028 1936/1817/1029 1907/1788/1003
f 1935/1816/1028 1907/1788/1003 1906/1787/1002
f 1936/1817/1029 1937/1818/1030 1908/1789/1004
f 1936/1817/1029 1908/1789/1004 1907/1788/1003
f 1937/1818/1030 1938/1819/1031 1909/1790/1005
f 1937/1818/1030 1909/1790/1005 1908/1789/1004
f 1938/1819/1031 1939/1820/1032 1910/1791/1006
f 1938/1819/1031 1910/1791/1006 1909/1790/1005
f 1939/1820/1032 1940/1821/1033 1911/1792/1007
f 1939/1820/1032 1911/1792/1007 1910/1791/1006
f 1940/1821/1033 1941/1822/1034 1912/1793/1008
f 1940/1821/1033 1912/1793/1008 1911/1792/1007
f 1941/1822/1034 1942/1823/2 1913/1794/2
f 1941/1822/1034 1913/1794/2 1912/1793/1008
f 1942/1823/2 1943/1824/1035 1914/1795/1009
f 1942/1823/2 1914/1795/1009 1913/1794/2
f 1943/1824/1035 1944/1825/1036 1915/1796/1010
f 1943/1824/1035 1915/1796/1010 1914/1795/1009
f 1944/1825/1036 1945/1826/1037 1916/1797/1011
f 1944/1825/1036 1916/1797/1011 1915/1796/1010
f 1945/1826/1037 1946/1827/1038 1917/1798/1012
f 1945/1826/1037 1917/1798/1012 1916/1797/1011
f 1946/1827/1038 1947/1828/1039 1918/1799/1013
f 1946/1827/1038 1918/1799/1013 1917/1798/1012
f 1947/1828/1039 1948/1829/1040 1919/1800/1014
f 1947/1828/1039 1919/1800/1014 1918/1799/1013
f 1948/1829/1040 1949/1830/1041 1920/1801/1015
f 1948/1829/1040 1920/1801/1015 1919/1800/1014
f 1950/1831/1041 1951/1832/1042 1922/1803/1016
f 1950/1831/1041 1922/1803/1016 1921/1802/1015
f 1951/1832/1042 1952/1833/1043 1923/1804/1017
f 1951/1832/1042 1923/1804/1017 1922/1803/1016
f 1952/1833/1043 1953/1834/1044 1924/1805/1018
f 1952/1833/1043 1924/1805/1018 1923/1804/1017
f 1953/1834/1044 1954/1835/1045 1925/1806/1019
f 1953/1834/1044 1925/1806/1019 1924/1805/1018
f 1954/1835/1045 1955/1836/1046 1926/1807/1020
f 1954/1835/1045 1926/1807/1020 1925/1806/1019
f 1955/1836/1046 1956/1837/1047 1927/1808/1021
f 1955/1836/1046 1927/1808/1021 1926/1807/1020
f 1956/1837/1047 1957/1838/4 1928/1809/4
f 1956/1837/1047 1928/1809/4 1927/1808/1021
f 1957/1838/4 1958/1839/1048 1929/1810/1022
f 1957/1838/4 1929/1810/1022 1928/1809/4
f 1958/1839/1048 1959/1840/1049 1930/1811/1023
f 1958/1839/1048 1930/1811/1023 1929/1810/1022
f 1959/1840/1049 1960/1841/1050 1931/1812/1024
f 1959/1840/1049 1931/1812/1024 1930/1811/1023
f 1960/1841/1050 1961/1842/1051 1932/1813/1025
f 1960/1841/1050 1932/1813/1025 1931/1812/1024
f 1961/1842/1051 1962/1843/1052 1933/1814/1026
f 1961/1842/1051 1933/1814/1026 1932/1813/1025
f 1962/1843/1052 1963/1844/1053 1934/1815/1027
f 1962/1843/1052 1934/1815/1027 1933/1814/1026
f 1963/1844/1053 1935/1816/1028 1906/1787/1002
f 1963/1844/1053 1906/1787/1002 1934/1815/1027
f 1964/1845/1054 1965/1846/1055 1936/1817/1029
f 1964/1845/1054 1936/1817/1029 1935/1816/1028
f 1965/1846/1055 1966/1847/1056 1937/1818/1030
f 1965/1846/1055 1937/1818/1030 1936/1817/1029
f 1966/1847/1056 1967/1848/1057 1938/1819/1031
f 1966/1847/1056 1938/1819/1031 1937/1818/1030
f 1967/1848/1057 1968/1849/1058 1939/1820/1032
f 1967/1848/1057 1939/1820/1032 1938/1819/1031
f 1968/1849/1058 1969/1850/1059 1940/1821/1033
f 1968/1849/1058 1940/1821/1033 1939/1820/1032
f 1969/1850/1059 1970/1851/1060 1941/1822/1034
f 1969/1850/1059 1941/1822/1034 1940/1821/1033
f 1970/1851/1060 1971/1852/2 1942/1823/2
f 1970/1851/1060 1942/1823/2 1941/1822/1034
f 1971/1852/2 1972/1853/1061 1943/1824/1035
f 1971/1852/2 1943/1824/1035 1942/1823/2
f 1972/1853/1061 1973/1854/1062 1944/1825/1036
f 1972/1853/1061 1944/1825/1036 1943/1824/1035
f 1973/1854/1062 1974/1855/1063 1945/1826/1037
f 1973/1854/1062 1945/1826/1037 1944/1825/1036
f 1974/1855/1063 1975/1856/1064 1946/1827/1038
f 1974/1855/1063 1946/1827/1038 1945/1826/1037
f 1975/1856/1064 1976/1857/1065 1947/1828/1039
f 1975/1856/1064 1947/1828/1039 1946/1827/1038
f 1976/1857/1065 1977/1858/1066 1948/1829/1040
f 1976/1857/1065 1948/1829/1040 1947/1828/1039
f 1977/1858/1066 1978/1859/1067 1949/1830/1041
f 1977/1858/1066 1949/1830/1041 1948/1829/1040
f 1979/1860/1068 1980/1861/1069 1951/1832/1042
f 1979/1860/1068 1951/1832/1042 1950/1831/1041
f 1980/1861/1069 1981/1862/1070 1952/1833/1043
f 1980/1861/1069 1952/1833/1043 1951/1832/1042
f 1981/1862/1070 1982/1863/1071 1953/1834/1044
f 1981/1862/1070 1953/1834/1044 1952/1833/1043
f 1982/1863/1071 1983/1864/1072 1954/1835/1045
f 1982/1863/1071 1954/1835/1045 1953/1834/1044
f 1983/1864/1072 1984/1865/1073 1955/1836/1046
f 1983/1864/1072 1955/1836/1046 1954/1835/1045
f 1984/1865/1073 1985/1866/1074 1956/1837/1047
f 1984/1865/1073 1956/1837/1047 1955/1836/1046
f 1985/1866/1074 1986/1867/4 1957/1838/4
f 1985/1866/1074 1957/1838/4 1956/1837/1047
f 1986/1867/4 1987/1868/1075 1958/1839/1048
f 1986/1867/4 1958/1839/1048 1957/1838/4
f 1987/1868/1075 1988/1869/1076 1959/1840/1049
f 1987/1868/1075 1959/1840/1049 1958/1839/1048
f 1988/1869/1076 1989/1870/1077 1960/1841/1050
f 1988/1869/1076 1960/1841/1050 1959/1840/1049
f 1989/1870/1077 1990/1871/1078 1961/1842/1051
f 1989/1870/1077 1961/1842/1051 1960/1841/1050
f 1990/1871/1078 1991/1872/1079 1962/1843/1052
f 1990/1871/1078 1962/1843/1052 1961/1842/1051
f 1991/1872/1079 1992/1873/1080 1963/1844/1053
f 1991/1872/1079 1963/1844/1053 1962/1843/1052
f 1992/1873/1080 1964/1845/1054 1935/1816/1028
f 1992/1873/1080 1935/1816/1028 1963/1844/1053
f 1993/1874/1081 1994/1875/1082 1965/1846/1055
f 1993/1874/1081 1965/1846/1055 1964/1845/1054
f 1994/1875/1082 1995/1876/1083 1966/1847/1056
f 1994/1875/1082 1966/1847/1056 1965/1846/1055
f 1995/1876/1083 1996/1877/1084 1967/1848/1057
f 1995/1876/1083 1967/1848/1057 1966/1847/1056
f 1996/1877/1084 1997/1878/1085 1968/1849/1058
f 1996/1877/1084 1968/1849/1058 1967/1848/1057
f 1997/1878/1085 1998/1879/1086 1969/1850/1059
f 1997/1878/1085 1969/1850/1059 1968/1849/1058
f 1998/1879/1086 1999/1880/1087 1970/1851/1060
f 1998/1879/1086 1970/1851/1060 1969/1850/1059
f 1999/1880/1087 2000/1881/2 1971/1852/2
f 1999/1880/1087 1971/1852/2 1970/1851/1060
f 2000/1881/2 2001/1882/1088 1972/1853/1061
f 2000/1881/2 1972/1853/1061 1971/1852/2
f 2001/1882/1088 2002/1883/1089 1973/1854/1062
f 2001/1882/1088 1973/1854/1062 1972/1853/1061
f 2002/1883/1089 2003/1884/1090 1974/1855/1063
f 2002/1883/1089 1974/1855/1063 1973/1854/1062
f 2003/1884/1090 2004/1885/1091 1975/1856/1064
f 2003/1884/1090 1975/1856/1064 1974/1855/1063
f 2004/1885/1091 2005/1886/1092 1976/1857/1065
f 2004/1885/1091 1976/1857/1065 1975/1856/1064
f 2005/1886/1092 2006/1887/1093 1977/1858/1066
f 2005/1886/1092 1977/1858/1066 1976/1857/1065
f 2006/1887/1093 2007/1888/1094 1978/1859/1067
f 2006/1887/1093 1978/1859/1067 1977/1858/1066
f 2008/1889/1094 2009/1890/1095 1980/1861/1069
f 2008/1889/1094 1980/1861/1069 1979/1860/1068
f 2009/1890/1095 2010/1891/1096 1981/1862/1070
f 2009/1890/1095 1981/1862/1070 1980/1861/1069
f 2010/1891/1096 2011/1892/1097 1982/1863/1071
f 2010/1891/1096 1982/1863/1071 1981/1862/1070
f 2011/1892/1097 2012/1893/1098 1983/1864/1072
f 2011/1892/1097 1983/1864/1072 1982/1863/1071
f 2012/1893/1098 2013/1894/1099 1984/1865/1073
f 2012/1893/1098 1984/1865/1073 1983/1864/1072
f 2013/1894/1099 2014/1895/1100 1985/1866/1074
f 2013/1894/1099 1985/1866/1074 1984/1865/1073
f 2014/1895/1100 2015/1896/4 1986/1867/4
f 2014/1895/1100 1986/1867/4 1985/1866/1074
f 2015/1896/4 2016/1897/1101 1987/1868/1075
f 2015/1896/4 1987/1868/1075 1986/1867/4
f 2016/1897/1101 2017/1898/1102 1988/1869/1076
f 2016/1897/1101 1988/1869/1076 1987/1868/1075
f 2017/1898/1102 2018/1899/1103 1989/1870/1077
f 2017/1898/1102 1989/1870/1077 1988/1869/1076
f 2018/1899/1103 2019/1900/1104 1990/1871/1078
f 2018/1899/1103 1990/1871/1078 1989/1870/1077
f 2019/1900/1104 2020/1901/1105 1991/1872/1079
f 2019/1900/1104 1991/1872/1079 1990/1871/1078
f 2020/1901/1105 2021/1902/1106 1992/1873/1080
f 2020/1901/1105 1992/1873/1080 1991/1872/1079
f 2021/1902/1106 1993/1874/1081 1964/1845/1054
f 2021/1902/1106 1964/1845/1054 1992/1873/1080
f 2022/1903/1107 2023/1904/1108 1994/1875/1082
f 2022/1903/1107 1994/1875/1082 1993/1874/1081
f 2023/1904/1108 2024/1905/1109 1995/1876/1083
f 2023/1904/1108 1995/1876/1083 1994/1875/1082
f 2024/1905/1109 2025/1906/1110 1996/1877/1084
f 2024/1905/1109 1996/1877/1084 1995/1876/1083
f 2025/1906/1110 2026/1907/1111 1997/1878/1085
f 2025/1906/1110 1997/1878/1085 1996/1877/1084
f 2026/1907/1111 2027/1908/1112 1998/1879/1086
f 2026/1907/1111 1998/1879/1086 1997/1878/1085
f 2027/1908/1112 2028/1909/1113 1999/1880/1087
f 2027/1908/1112 1999/1880/1087 1998/1879/1086
f 2028/1909/1113 2029/1910/2 2000/1881/2
f 2028/1909/1113 2000/1881/2 1999/1880/1087
f 2029/1910/2 2030/1911/1114 2001/1882/1088
f 2029/1910/2 2001/1882/1088 2000/1881/2
f 2030/1911/1114 2031/1912/1115 2002/1883/1089
f 2030/1911/1114 2002/1883/1089 2001/1882/1088
f 2031/1912/1115 2032/1913/1116 2003/1884/1090
f 2031/1912/1115 2003/1884/1090 2002/1883/1089
f 2032/1913/1116 2033/1914/1117 2004/1885/1091
f 2032/1913/1116 2004/1885/1091 2003/1884/1090
f 2033/1914/1117 2034/1915/1118 2005/1886/1092
f 2033/1914/1117 2005/1886/1092 2004/1885/1091
f 2034/1915/1118 2035/1916/1119 2006/1887/1093
f 2034/1915/1118 2006/1887/1093 2005/1886/1092
f 2035/1916/1119 2036/1917/1120 2007/1888/1094
f 2035/1916/1119 2007/1888/1094 2006/1887/1093
f 2037/1918/1120 2038/1919/1121 2009/1890/1095
f 2037/1918/1120 2009/1890/1095 2008/1889/1094
f 2038/1919/1121 2039/1920/1122 2010/1891/1096
f 2038/1919/1121 2010/1891/1096 2009/1890/1095
f 2039/1920/1122 2040/1921/1123 2011/1892/1097
f 2039/1920/1122 2011/1892/1097 2010/1891/1096
f 2040/1921/1123 2041/1922/1124 2012/1893/1098
f 2040/1921/1123 2012/1893/1098 2011/1892/1097
f 2041/1922/1124 2042/1923/1125 2013/1894/1099
f 2041/1922/1124 2013/1894/1099 2012/1893/1098
f 2042/1923/1125 2043/1924/1126 2014/1895/1100
f 2042/1923/1125 2014/1895/1100 2013/1894/1099
f 2043/1924/1126 2044/1925/4 2015/1896/4
f 2043/1924/1126 2015/1896/4 2014/1895/1100
f 2044/1925/4 2045/1926/1127 2016/1897/1101
f 2044/1925/4 2016/1897/1101 2015/1896/4
f 2045/1926/1127 2046/1927/1128 2017/1898/1102
f 2045/1926/1127 2017/1898/1102 2016/1897/1101
f 2046/1927/1128 2047/1928/1129 2018/1899/1103
f 2046/1927/1128 2018/1899/1103 2017/1898/1102
f 2047/1928/1129 2048/1929/1130 2019/1900/1104
f 2047/1928/1129 2019/1900/1104 2018/1899/1103
f 2048/1929/1130 2049/1930/1131 2020/1901/1105
f 2048/1929/1130 2020/1901/1105 2019/1900/1104
f 2049/1930/1131 2050/1931/1132 2021/1902/1106
f 2049/1930/1131 2021/1902/1106 2020/1901/1105
f 2050/1931/1132 2022/1903/1107 1993/1874/1081
f 2050/1931/1132 1993/1874/1081 2021/1902/1106
f 2051/1932/1133 2052/1933/1134 2023/1904/1108
f 2051/1932/1133 2023/1904/1108 2022/1903/1107
f 2052/1933/1134 2053/1934/1135 2024/1905/1109
f 2052/1933/1134 2024/1905/1109 2023/1904/1108
f 2053/1934/1135 2054/1935/1136 2025/1906/1110
f 2053/1934/1135 2025/1906/1110 2024/1905/1109
f 2054/1935/1136 2055/1936/1137 2026/1907/1111
f 2054/1935/1136 2026/1907/1111 2025/1906/1110
f 2055/1936/1137 2056/1937/1138 2027/1908/1112
f 2055/1936/1137 2027/1908/1112 2026/1907/1111
f 2056/1937/1138 2057/1938/1139 2028/1909/1113
f 2056/1937/1138 2028/1909/1113 2027/1908/1112
f 2057/1938/1139 2058/1939/2 2029/1910/2
f 2057/1938/1139 2029/1910/2 2028/1909/1113
f 2058/1939/2 2059/1940/1140 2030/1911/1114
f 2058/1939/2 2030/1911/1114 2029/1910/2
f 2059/1940/1140 2060/1941/1141 2031/1912/1115
f 2059/1940/1140 2031/1912/1115 2030/1911/1114
f 2060/1941/1141 2061/1942/1142 2032/1913/1116
f 2060/1941/1141 2032/1913/1116 2031/1912/1115
f 2061/1942/1142 2062/1943/1143 2033/1914/1117
f 2061/1942/1142 2033/1914/1117 2032/1913/1116
f 2062/1943/1143 2063/1944/1144 2034/1915/1118
f 2062/1943/1143 2034/1915/1118 2033/1914/1117
f 2063/1944/1144 2064/1945/1145 2035/1916/1119
f 2063/1944/1144 2035/1916/1119 2034/1915/1118
f 2064/1945/1145 2065/1946/1146 2036/1917/1120
f 2064/1945/1145 2036/1917/1120 2035/1916/1119
f 2066/1947/1146 2067/1948/1147 2038/1919/1121
f 2066/1947/1146 2038/1919/1121 2037/1918/1120
f 2067/1948/1147 2068/1949/1148 2039/1920/1122
f 2067/1948/1147 2039/1920/1122 2038/1919/1121
f 2068/1949/1148 2069/1950/1149 2040/1921/1123
f 2068/1949/1148 2040/1921/1123 2039/1920/1122
f 2069/1950/1149 2070/1951/1150 2041/1922/1124
f 2069/1950/1149 2041/1922/1124 2040/1921/1123
f 2070/1951/1150 2071/1952/1151 2042/1923/1125
f 2070/1951/1150 2042/1923/1125 2041/1922/1124
f 2071/1952/1151 2072/1953/1152 2043/1924/1126
f 2071/1952/1151 2043/1924/1126 2042/1923/1125
f 2072/1953/1152 2073/1954/4 2044/1925/4
f 2072/1953/1152 2044/1925/4 2043/1924/1126
f 2073/1954/4 2074/1955/1153 2045/1926/1127
f 2073/1954/4 2045/1926/1127 2044/1925/4
f 2074/1955/1153 2075/1956/1154 2046/1927/1128
f 2074/1955/1153 2046/1927/1128 2045/1926/1127
f 2075/1956/1154 2076/1957/1155 2047/1928/1129
f 2075/1956/1154 2047/1928/1129 2046/1927/1128
f 2076/1957/1155 2077/1958/1156 2048/1929/1130
f 2076/1957/1155 2048/1929/1130 2047/1928/1129
f 2077/1958/1156 2078/1959/1157 2049/1930/1131
f 2077/1958/1156 2049/1930/1131 2048/1929/1130
f 2078/1959/1157 2079/1960/1158 2050/1931/1132
f 2078/1959/1157 2050/1931/1132 2049/1930/1131
f 2079/1960/1158 2051/1932/1133 2022/1903/1107
f 2079/1960/1158 2022/1903/1107 2050/1931/1132
f 2080/1961/1159 2081/1962/1160 2082/1963/1161
f 2080/1961/1159 2082/1963/1161 2083/1964/1162
f 2081/1962/1160 2084/1965/1163 2085/1966/1164
f 2081/1962/1160 2085/1966/1164 2082/1963/1161
f 2084/1965/1163 2086/1967/1165 2087/1968/1166
f 2084/1965/1163 2087/1968/1166 2085/1966/1164
f 2086/1967/1165 2088/1969/1167 2089/1970/1168
f 2086/1967/1165 2089/1970/1168 2087/1968/1166
f 2088/1969/1167 2090/1971/1169 2091/1972/1170
f 2088/1969/1167 2091/1972/1170 2089/1970/1168
f 2090/1971/1169 2092/1973/1171 2093/1974/1172
f 2090/1971/1169 2093/1974/1172 2091/1972/1170
f 2092/1973/1171 2094/1975/2 2095/1976/2
f 2092/1973/1171 2095/1976/2 2093/1974/1172
f 2094/1975/2 2096/1977/1173 2097/1978/1174
f 2094/1975/2 2097/1978/1174 2095/1976/2
f 2096/1977/1173 2098/1979/1175 2099/1980/1176
f 2096/1977/1173 2099/1980/1176 2097/1978/1174
f 2098/1979/1175 2100/1981/1177 2101/1982/1178
f 2098/1979/1175 2101/1982/1178 2099/1980/1176
f 2100/1981/1177 2102/1983/1179 2103/1984/1180
f 2100/1981/1177 2103/1984/1180 2101/1982/1178
f 2102/1983/1179 2104/1985/1181 2105/1986/1182
f 2102/1983/1179 2105/1986/1182 2103/1984/1180
f 2104/1985/1181 2106/1987/1183 2107/1988/1184
f 2104/1985/1181 2107/1988/1184 2105/1986/1182
f 2106/1987/1183 2108/1989/1185 2109/1990/1186
f 2106/1987/1183 2109/1990/1186 2107/1988/1184
f 2108/1989/1185 2110/1991/1187 2111/1992/1188
f 2108/1989/1185 2111/1992/1188 2109/1990/1186
f 2110/1991/1187 2112/1993/1189 2113/1994/1190
f 2110/1991/1187 2113/1994/1190 2111/1992/1188
f 2112/1993/1189 2114/1995/1191 2115/1996/1192
f 2112/1993/1189 2115/1996/1192 2113/1994/1190
f 2114/1995/1191 2116/1997/1193 2117/1998/1194
f 2114/1995/1191 2117/1998/1194 2115/1996/1192
f 2116/1997/1193 2118/1999/1195 2119/2000/1196
f 2116/1997/1193 2119/2000/1196 2117/1998/1194
f 2118/1999/1195 2120/2001/1197 2121/2002/1198
f 2118/1999/1195 2121/2002/1198 2119/2000/1196
f 2120/2001/1197 2122/2003/4 2123/2004/4
f 2120/2001/1197 2123/2004/4 2121/2002/1198
f 2122/2003/4 2124/2005/1199 2125/2006/1200
f 2122/2003/4 2125/2006/1200 2123/2004/4
f 2124/2005/1199 2126/2007/1201 2127/2008/1202
f 2124/2005/1199 2127/2008/1202 2125/2006/1200
f 2126/2007/1201 2128/2009/1203 2129/2010/1204
f 2126/2007/1201 2129/2010/1204 2127/2008/1202
f 2128/2009/1203 2130/2011/1205 2131/2012/1206
f 2128/2009/1203 2131/2012/1206 2129/2010/1204
f 2130/2011/1205 2132/2013/1207 2133/2014/1208
f 2130/2011/1205 2133/2014/1208 2131/2012/1206
f 2132/2013/1207 2134/2015/1209 2135/2016/1210
f 2132/2013/1207 2135/2016/1210 2133/2014/1208
f 2134/2015/1209 2136/2017/1211 2137/2018/1162
f 2134/2015/1209 2137/2018/1162 2135/2016/1210
f 2138/2019/1212 2139/2020/1213 2081/1962/1160
f 2138/2019/1212 2081/1962/1160 2080/1961/1159
f 2139/2020/1213 2140/2021/1214 2084/1965/1163
f 2139/2020/1213 2084/1965/1163 2081/1962/1160
f 2140/2021/1214 2141/2022/1215 2086/1967/1165
f 2140/2021/1214 2086/1967/1165 2084/1965/1163
f 2141/2022/1215 2142/2023/1216 2088/1969/1167
f 2141/2022/1215 2088/1969/1167 2086/1967/1165
f 2142/2023/1216 2143/2024/1217 2090/1971/1169
f 2142/2023/1216 2090/1971/1169 2088/1969/1167
f 2143/2024/1217 2144/2025/1218 2092/1973/1171
f 2143/2024/1217 2092/1973/1171 2090/1971/1169
f 2144/2025/1218 2145/2026/2 2094/1975/2
f 2144/2025/1218 2094/1975/2 2092/1973/1171
f 2145/2026/2 2146/2027/1219 2096/1977/1173
f 2145/2026/2 2096/1977/1173 2094/1975/2
f 2146/2027/1219 2147/2028/1220 2098/1979/1175
f 2146/2027/1219 2098/1979/1175 2096/1977/1173
f 2147/2028/1220 2148/2029/1221 2100/1981/1177
f 2147/2028/1220 2100/1981/1177 2098/1979/1175
f 2148/2029/1221 2149/2030/1222 2102/1983/1179
f 2148/2029/1221 2102/1983/1179 2100/1981/1177
f 2149/2030/1222 2150/2031/1223 2104/1985/1181
f 2149/2030/1222 2104/1985/1181 2102/1983/1179
f 2150/2031/1223 2151/2032/1224 2106/1987/1183
f 2150/2031/1223 2106/1987/1183 2104/1985/1181
f 2151/2032/1224 2152/2033/1225 2108/1989/1185
f 2151/2032/1224 2108/1989/1185 2106/1987/1183
f 2152/2033/1225 2153/2034/1226 2110/1991/1187
f 2152/2033/1225 2110/1991/1187 2108/1989/1185
f 2153/2034/1226 2154/2035/1227 2112/1993/1189
f 2153/2034/1226 2112/1993/1189 2110/1991/1187
f 2154/2035/1227 2155/2036/1228 2114/1995/1191
f 2154/2035/1227 2114/1995/1191 2112/1993/1189
f 2155/2036/1228 2156/2037/1229 2116/1997/1193
f 2155/2036/1228 2116/1997/1193 2114/1995/1191
f 2156/2037/1229 2157/2038/1230 2118/1999/1195
f 2156/2037/1229 2118/1999/1195 2116/1997/1193
f 2157/2038/1230 2158/2039/1231 2120/2001/1197
f 2157/2038/1230 2120/2001/1197 2118/1999/1195
f 2158/2039/1231 2159/2040/4 2122/2003/4
f 2158/2039/1231 2122/2003/4 2120/2001/1197
f 2159/2040/4 2160/2041/1232 2124/2005/1199
f 2159/2040/4 2124/2005/1199 2122/2003/4
f 2160/2041/1232 2161/2042/1233 2126/2007/1201
f 2160/2041/1232 2126/2007/1201 2124/2005/1199
f 2161/2042/1233 2162/2043/1234 2128/2009/1203
f 2161/2042/1233 2128/2009/1203 2126/2007/1201
f 2162/2043/1234 2163/2044/1235 2130/2011/1205
f 2162/2043/1234 2130/2011/1205 2128/2009/1203
f 2163/2044/1235 2164/2045/1236 2132/2013/1207
f 2163/2044/1235 2132/2013/1207 2130/2011/1205
f 2164/2045/1236 2165/2046/1237 2134/2015/1209
f 2164/2045/1236 2134/2015/1209 2132/2013/1207
f 2165/2046/1237 2166/2047/1212 2136/2017/1211
f 2165/2046/1237 2136/2017/1211 2134/2015/1209
f 2167/2048/1238 2168/2049/1239 2139/2020/1213
f 2167/2048/1238 2139/2020/1213 2138/2019/1212
f 2168/2049/1239 2169/2050/1240 2140/2021/1214
f 2168/2049/1239 2140/2021/1214 2139/2020/1213
f 2169/2050/1240 2170/2051/1241 2141/2022/1215
f 2169/2050/1240 2141/2022/1215 2140/2021/1214
f 2170/2051/1241 2171/2052/1242 2142/2023/1216
f 2170/2051/1241 2142/2023/1216 2141/2022/1215
f 2171/2052/1242 2172/2053/1243 2143/2024/1217
f 2171/2052/1242 2143/2024/1217 2142/2023/1216
f 2172/2053/1243 2173/2054/1244 2144/2025/1218
f 2172/2053/1243 2144/2025/1218 2143/2024/1217
f 2173/2054/1244 2174/2055/2 2145/2026/2
f 2173/2054/1244 2145/2026/2 2144/2025/1218
f 2174/2055/2 2175/2056/1245 2146/2027/1219
f 2174/2055/2 2146/2027/1219 2145/2026/2
f 2175/2056/1245 2176/2057/1246 2147/2028/1220
f 2175/2056/1245 2147/2028/1220 2146/2027/1219
f 2176/2057/1246 2177/2058/1247 2148/2029/1221
f 2176/2057/1246 2148/2029/1221 2147/2028/1220
f 2177/2058/1247 2178/2059/1248 2149/2030/1222
f 2177/2058/1247 2149/2030/1222 2148/2029/1221
f 2178/2059/1248 2179/2060/1249 2150/2031/1223
f 2178/2059/1248 2150/2031/1223 2149/2030/1222
f 2179/2060/1249 2180/2061/1250 2151/2032/1224
f 2179/2060/1249 2151/2032/1224 2150/2031/1223
f 2180/2061/1250 2181/2062/1251 2152/2033/1225
f 2180/2061/1250 2152/2033/1225 2151/2032/1224
f 2181/2062/1251 2182/2063/1252 2153/2034/1226
f 2181/2062/1251 2153/2034/1226 2152/2033/1225
f 2182/2063/1252 2183/2064/1253 2154/2035/1227
f 2182/2063/1252 2154/2035/1227 2153/2034/1226
f 2183/2064/1253 2184/2065/1254 2155/2036/1228
f 2183/2064/1253 2155/2036/1228 2154/2035/1227
f 2184/2065/1254 2185/2066/1255 2156/2037/1229
f 2184/2065/1254 2156/2037/1229 2155/2036/1228
f 2185/2066/1255 2186/2067/1256 2157/2038/1230
f 2185/2066/1255 2157/2038/1230 2156/2037/1229
f 2186/2067/1256 2187/2068/1257 2158/2039/1231
f 2186/2067/1256 2158/2039/1231 2157/2038/1230
f 2187/2068/1257 2188/2069/4 2159/2040/4
f 2187/2068/1257 2159/2040/4 2158/2039/1231
f 2188/2069/4 2189/2070/1258 2160/2041/1232
f 2188/2069/4 2160/2041/1232 2159/2040/4
f 2189/2070/1258 2190/2071/1259 2161/2042/1233
f 2189/2070/1258 2161/2042/1233 2160/2041/1232
f 2190/2071/1259 2191/2072/1260 2162/2043/1234
f 2190/2071/1259 2162/2043/1234 2161/2042/1233
f 2191/2072/1260 2192/2073/1261 2163/2044/1235
f 2191/2072/1260 2163/2044/1235 2162/2043/1234
f 2192/2073/1261 2193/2074/1262 2164/2045/1236
f 2192/2073/1261 2164/2045/1236 2163/2044/1235
f 2193/2074/1262 2194/2075/1263 2165/2046/1237
f 2193/2074/1262 2165/2046/1237 2164/2045/1236
f 2194/2075/1263 2195/2076/1264 2166/2047/1212
f 2194/2075/1263 2166/2047/1212 2165/2046/1237
f 2196/2077/1265 2197/2078/1266 2198/2079/1267
f 2196/2077/1265 2198/2079/1267 2199/2080/1265
f 2197/2078/1266 2200/2081/1268 2201/2082/1269
f 2197/2078/1266 2201/2082/1269 2198/2079/1267
f 2200/2081/1268 2202/2083/1270 2203/2084/1270
f 2200/2081/1268 2203/2084/1270 2201/2082/1269
f 2202/2083/1270 2204/2085/1271 2205/2086/1272
f 2202/2083/1270 2205/2086/1272 2203/2084/1270
f 2204/2085/1271 2206/2087/1273 2207/2088/1273
f 2204/2085/1271 2207/2088/1273 2205/2086/1272
f 2206/2087/1273 2208/2089/1274 2209/2090/1274
f 2206/2087/1273 2209/2090/1274 2207/2088/1273
f 2208/2089/1274 2210/2091/2 2211/2092/2
f 2208/2089/1274 2211/2092/2 2209/2090/1274
f 2210/2091/2 2212/2093/1275 2213/2094/1275
f 2210/2091/2 2213/2094/1275 2211/2092/2
f 2212/2093/1275 2214/2095/1276 2215/2096/1277
f 2212/2093/1275 2215/2096/1277 2213/2094/1275
f 2214/2095/1276 2216/2097/1278 2217/2098/1279
f 2214/2095/1276 2217/2098/1279 2215/2096/1277
f 2216/2097/1278 2218/2099/1280 2219/2100/1281
f 2216/2097/1278 2219/2100/1281 2217/2098/1279
f 2218/2099/1280 2220/2101/1282 2221/2102/1282
f 2218/2099/1280 2221/2102/1282 2219/2100/1281
f 2220/2101/1282 2222/2103/1283 2223/2104/1284
f 2220/2101/1282 2223/2104/1284 2221/2102/1282
f 2222/2103/1283 2224/2105/1285 2225/2106/1285
f 2222/2103/1283 2225/2106/1285 2223/2104/1284
f 2224/2105/1285 2226/2107/1286 2227/2108/1287
f 2224/2105/1285 2227/2108/1287 2225/2106/1285
f 2226/2107/1286 2228/2109/1288 2229/2110/1289
f 2226/2107/1286 2229/2110/1289 2227/2108/1287
f 2228/2109/1288 2230/2111/1290 2231/2112/1291
f 2228/2109/1288 2231/2112/1291 2229/2110/1289
f 2230/2111/1290 2232/2113/1292 2233/2114/1293
f 2230/2111/1290 2233/2114/1293 2231/2112/1291
f 2232/2113/1292 2234/2115/1294 2235/2116/1295
f 2232/2113/1292 2235/2116/1295 2233/2114/1293
f 2234/2115/1294 2236/2117/1296 2237/2118/1297
f 2234/2115/1294 2237/2118/1297 2235/2116/1295
f 2236/2117/1296 2238/2119/4 2239/2120/4
f 2236/2117/1296 2239/2120/4 2237/2118/1297
f 2238/2119/4 2240/2121/1298 2241/2122/1299
f 2238/2119/4 2241/2122/1299 2239/2120/4
f 2240/2121/1298 2242/2123/1300 2243/2124/1300
f 2240/2121/1298 2243/2124/1300 2241/2122/1299
f 2242/2123/1300 2244/2125/1301 2245/2126/1301
f 2242/2123/1300 2245/2126/1301 2243/2124/1300
f 2244/2125/1301 2246/2127/1302 2247/2128/1303
f 2244/2125/1301 2247/2128/1303 2245/2126/1301
f 2246/2127/1302 2248/2129/1304 2249/2130/1305
f 2246/2127/1302 2249/2130/1305 2247/2128/1303
f 2248/2129/1304 2250/2131/1306 2251/2132/1307
f 2248/2129/1304 2251/2132/1307 2249/2130/1305
f 2250/2131/1306 2252/2133/1265 2253/2134/1265
f 2250/2131/1306 2253/2134/1265 2251/2132/1307
f 2254/2135/1308 2255/2136/1308 2256/2137/1309
f 2254/2135/1308 2256/2137/1309 2257/2138/1310
s 0
f 2258/2139/1311 2259/2140/1311 2260/2141/1311
f 2258/2139/1312 2260/2141/1312 2261/2142/1312
s 1
f 2262/2143/1313 2263/2144/1313 2264/2145/1308
f 2262/2143/1313 2264/2145/1308 2265/2146/1314
s 0
f 2261/2142/1315 2260/2141/1315 2266/2147/1315
f 2261/2142/1316 2266/2147/1316 2267/2148/1316
s 1
f 2268/2149/1317 2269/2150/1317 2263/2144/1313
f 2268/2149/1317 2263/2144/1313 2262/2143/1313
s 0
f 2267/2148/1318 2266/2147/1318 2270/2151/1318
s 1
f 2267/2148/1319 2270/2151/1320 2271/2152/1320
f 2272/2153/1321 2273/2154/1322 2269/2150/1317
f 2272/2153/1321 2269/2150/1317 2268/2149/1317
s 0
f 2271/2152/1323 2270/2151/1323 2274/2155/1324
f 2271/2152/1325 2274/2155/1325 2275/2156/1325
s 1
f 2276/2157/1326 2277/2158/1326 2273/2154/1322
f 2276/2157/1326 2273/2154/1322 2272/2153/1321
s 0
f 2275/2156/1327 2274/2155/1327 2278/2159/1327
s 1
f 2275/2156/1328 2278/2159/1328 2279/2160/1328
f 2280/2161/1329 2281/2162/1329 2277/2158/1326
f 2280/2161/1329 2277/2158/1326 2276/2157/1326
s 0
f 2279/2160/1330 2278/2159/1330 2282/2163/1330
f 2279/2160/1331 2282/2163/1331 2283/2164/1331
s 1
f 2284/2165/1332 2285/2166/1333 2281/2162/1329
f 2284/2165/1332 2281/2162/1329 2280/2161/1329
s 0
f 2283/2164/1334 2282/2163/1334 2286/2167/1334
f 2283/2164/1335 2286/2167/1335 2287/2168/1335
s 1
f 2288/2169/1336 2289/2170/1337 2285/2166/1333
f 2288/2169/1336 2285/2166/1333 2284/2165/1332
s 0
f 2287/2168/1338 2286/2167/1338 2290/2171/1338
f 2287/2168/1339 2290/2171/1339 2291/2172/1339
s 1
f 2292/2173/1340 2293/2174/1341 2289/2170/1337
f 2292/2173/1340 2289/2170/1337 2288/2169/1336
s 0
f 2291/2172/1334 2290/2171/1334 2294/2175/1342
f 2291/2172/1343 2294/2175/1343 2295/2176/1343
s 1
f 2296/2177/1344 2297/2178/1345 2293/2174/1341
f 2296/2177/1344 2293/2174/1341 2292/2173/1340
s 0
f 2295/2176/1346 2294/2175/1346 2298/2179/1347
f 2295/2176/1348 2298/2179/1348 2299/2180/1348
s 1
f 2300/2181/1349 2301/2182/1349 2297/2178/1345
f 2300/2181/1349 2297/2178/1345 2296/2177/1344
s 0
f 2299/2180/1350 2298/2179/1350 2302/2183/1350
f 2299/2180/1351 2302/2183/1352 2303/2184/1352
s 1
f 2304/2185/1353 2305/2186/1354 2301/2182/1349
f 2304/2185/1353 2301/2182/1349 2300/2181/1349
s 0
f 2303/2184/1355 2302/2183/1355 2306/2187/1355
f 2303/2184/1356 2306/2187/1356 2307/2188/1356
s 1
f 2308/2189/1357 2309/2190/1357 2305/2186/1354
f 2308/2189/1357 2305/2186/1354 2304/2185/1353
f 2307/2188/1356 2306/2187/1358 2310/2191/1347
f 2307/2188/1356 2310/2191/1347 2311/2192/1356
f 2312/2193/1359 2313/2194/1360 2309/2190/1357
f 2312/2193/1359 2309/2190/1357 2308/2189/1357
s 0
f 2311/2192/1361 2310/2191/1361 2314/2195/1361
f 2311/2192/1356 2314/2195/1356 2315/2196/1356
s 1
f 2316/2197/1362 2317/2198/1362 2313/2194/1360
f 2316/2197/1362 2313/2194/1360 2312/2193/1359
s 0
f 2315/2196/1363 2314/2195/1363 2318/2199/1363
f 2315/2196/1356 2318/2199/1356 2319/2200/1356
s 1
f 2320/2201/1364 2321/2202/1365 2317/2198/1362
f 2320/2201/1364 2317/2198/1362 2316/2197/1362
f 2319/2200/1366 2318/2199/1366 2322/2203/1366
s 0
f 2319/2200/1356 2322/2203/1356 2323/2204/1356
s 1
f 2324/2205/1367 2325/2206/1367 2321/2202/1365
f 2324/2205/1367 2321/2202/1365 2320/2201/1364
f 2323/2204/1368 2322/2203/1368 2326/2207/1368
s 0
f 2323/2204/1352 2326/2207/1352 2327/2208/1352
s 1
f 2328/2209/1369 2329/2210/1369 2325/2206/1367
f 2328/2209/1369 2325/2206/1367 2324/2205/1367
s 0
f 2327/2208/1370 2326/2207/1370 2330/2211/1370
s 1
f 2327/2208/1352 2330/2211/1371 2331/2212/1371
f 2332/2213/1372 2333/2214/1373 2329/2210/1369
f 2332/2213/1372 2329/2210/1369 2328/2209/1369
s 0
f 2331/2212/1371 2330/2211/1371 2334/2215/1371
f 2331/2212/1374 2334/2215/1348 2335/2216/1348
s 1
f 2336/2217/1375 2337/2218/1375 2333/2214/1373
f 2336/2217/1375 2333/2214/1373 2332/2213/1372
s 0
f 2335/2216/1376 2334/2215/1376 2338/2219/1376
f 2335/2216/1343 2338/2219/1343 2339/2220/1343
s 1
f 2340/2221/1332 2341/2222/1333 2337/2218/1375
f 2340/2221/1332 2337/2218/1375 2336/2217/1375
s 0
f 2339/2220/1338 2338/2219/1338 2342/2223/1338
f 2339/2220/1339 2342/2223/1339 2343/2224/1339
s 1
f 2344/2225/1377 2345/2226/1378 2341/2222/1333
f 2344/2225/1377 2341/2222/1333 2340/2221/1332
f 2343/2224/1334 2342/2223/1334 2346/2227/1334
s 0
f 2343/2224/1335 2346/2227/1335 2347/2228/1335
s 1
f 2348/2229/1379 2349/2230/1380 2345/2226/1378
f 2348/2229/1379 2345/2226/1378 2344/2225/1377
s 0
f 2347/2228/1334 2346/2227/1334 2350/2231/1334
f 2347/2228/1331 2350/2231/1331 2351/2232/1331
s 1
f 2352/2233/1381 2353/2234/1381 2349/2230/1380
f 2352/2233/1381 2349/2230/1380 2348/2229/1379
s 0
f 2351/2232/1382 2350/2231/1382 2354/2235/1382
f 2351/2232/1328 2354/2235/1328 2355/2236/1328
s 1
f 2356/2237/1383 2357/2238/1383 2353/2234/1381
f 2356/2237/1383 2353/2234/1381 2352/2233/1381
f 2355/2236/1384 2354/2235/1384 2358/2239/1385
s 0
f 2355/2236/1325 2358/2239/1325 2359/2240/1325
s 1
f 2360/2241/1386 2361/2242/1386 2357/2238/1383
f 2360/2241/1386 2357/2238/1383 2356/2237/1383
s 0
f 2359/2240/1387 2358/2239/1387 2362/2243/1387
s 1
f 2359/2240/1388 2362/2243/1389 2363/2244/1389
f 2364/2245/1390 2365/2246/1390 2361/2242/1386
f 2364/2245/1390 2361/2242/1386 2360/2241/1386
s 0
f 2363/2244/1391 2362/2243/1391 2366/2247/1391
s 1
f 2363/2244/1392 2366/2247/1312 2367/2248/1312
f 2257/2138/1310 2256/2137/1309 2365/2246/1390
f 2257/2138/1310 2365/2246/1390 2364/2245/1390
s 0
f 2367/2248/1393 2366/2247/1393 2368/2249/1393
f 2367/2248/1312 2368/2249/1312 2369/2250/1312
f 2370/2251/318 2371/2252/318 2372/2253/318
f 2370/2251/318 2372/2253/318 2373/2254/318
f 2374/567/317 2375/2255/317 2376/2256/317
f 2374/567/317 2376/2256/317 2377/594/317
f 2378/2257/318 2379/2258/318 2380/2259/318
f 2378/2257/318 2380/2259/318 2381/2260/318
f 2377/594/317 2376/2256/317 2382/2261/317
f 2377/594/317 2382/2261/317 2383/593/317
f 2384/2262/318 2385/2263/318 2379/2258/318
f 2384/2262/318 2379/2258/318 2378/2257/318
f 2383/593/317 2382/2261/317 2386/2264/317
f 2383/593/317 2386/2264/317 2387/592/317
f 2388/2265/318 2389/2266/318 2385/2263/318
f 2388/2265/318 2385/2263/318 2384/2262/318
f 2387/592/317 2386/2264/317 2390/2267/317
f 2387/592/317 2390/2267/317 2391/591/317
f 2392/2268/318 2393/2269/318 2389/2266/318
f 2392/2268/318 2389/2266/318 2388/2265/318
f 2391/591/317 2390/2267/317 2394/2270/317
f 2391/591/317 2394/2270/317 2395/590/317
f 2396/2271/318 2397/2272/318 2393/2269/318
f 2396/2271/318 2393/2269/318 2392/2268/318
f 2395/590/317 2394/2270/317 2398/2273/317
f 2395/590/317 2398/2273/317 2399/589/317
f 2400/2274/318 2401/2275/318 2397/2272/318
f 2400/2274/318 2397/2272/318 2396/2271/318
f 2399/589/317 2398/2273/317 2402/2276/317
f 2399/589/317 2402/2276/317 2403/588/317
f 2404/2277/318 2405/2278/318 2401/2275/318
f 2404/2277/318 2401/2275/318 2400/2274/318
f 2403/588/317 2402/2276/317 2406/2279/317
f 2403/588/317 2406/2279/317 2407/587/317
f 2408/2280/318 2409/2281/318 2405/2278/318
f 2408/2280/318 2405/2278/318 2404/2277/318
f 2407/587/317 2406/2279/317 2410/2282/317
f 2407/587/317 2410/2282/317 2411/586/317
f 2412/2283/318 2413/2284/318 2409/2281/318
f 2412/2283/318 2409/2281/318 2408/2280/318
f 2411/586/317 2410/2282/317 2414/2285/317
f 2411/586/317 2414/2285/317 2415/585/317
f 2416/2286/318 2417/2287/318 2413/2284/318
f 2416/2286/318 2413/2284/318 2412/2283/318
f 2415/585/317 2414/2285/317 2418/2288/317
f 2415/585/317 2418/2288/317 2419/584/317
f 2420/2289/318 2421/2290/318 2417/2287/318
f 2420/2289/318 2417/2287/318 2416/2286/318
f 2419/584/317 2418/2288/317 2422/2291/317
f 2419/584/317 2422/2291/317 2423/583/317
f 2424/2292/318 2425/2293/318 2421/2290/318
f 2424/2292/318 2421/2290/318 2420/2289/318
f 2423/583/317 2422/2291/317 2426/2294/317
f 2423/583/317 2426/2294/317 2427/581/317
f 2428/2295/318 2429/2296/318 2425/2293/318
f 2428/2295/318 2425/2293/318 2424/2292/318
f 2427/581/317 2426/2294/317 2430/2297/317
f 2427/581/317 2430/2297/317 2431/582/317
f 2432/2298/318 2433/2299/318 2429/2296/318
f 2432/2298/318 2429/2296/318 2428/2295/318
f 2434/580/317 2435/2300/317 2436/2301/317
f 2434/580/317 2436/2301/317 2437/579/317
f 2438/2302/318 2439/2303/318 2433/2299/318
f 2438/2302/318 2433/2299/318 2432/2298/318
f 2437/579/317 2436/2301/317 2440/2304/317
f 2437/579/317 2440/2304/317 2441/578/317
f 2442/2305/318 2443/2306/318 2439/2303/318
f 2442/2305/318 2439/2303/318 2438/2302/318
f 2441/578/317 2440/2304/317 2444/2307/317
f 2441/578/317 2444/2307/317 2445/577/317
f 2446/2308/318 2447/2309/318 2443/2306/318
f 2446/2308/318 2443/2306/318 2442/2305/318
f 2445/577/317 2444/2307/317 2448/2310/317
f 2445/577/317 2448/2310/317 2449/576/317
f 2450/2311/318 2451/2312/318 2447/2309/318
f 2450/2311/318 2447/2309/318 2446/2308/318
f 2449/576/317 2448/2310/317 2452/2313/317
f 2449/576/317 2452/2313/317 2453/575/317
f 2454/2314/318 2455/2315/318 2451/2312/318
f 2454/2314/318 2451/2312/318 2450/2311/318
f 2453/575/317 2452/2313/317 2456/2316/317
f 2453/575/317 2456/2316/317 2457/574/317
f 2458/2317/318 2459/2318/318 2455/2315/318
f 2458/2317/318 2455/2315/318 2454/2314/318
f 2457/574/317 2456/2316/317 2460/2319/317
f 2457/574/317 2460/2319/317 2461/573/317
f 2462/2320/318 2463/2321/318 2459/2318/318
f 2462/2320/318 2459/2318/318 2458/2317/318
f 2461/573/317 2460/2319/317 2464/2322/317
f 2461/573/317 2464/2322/317 2465/572/317
f 2466/2323/318 2467/2324/318 2463/2321/318
f 2466/2323/318 2463/2321/318 2462/2320/318
f 2465/572/317 2464/2322/317 2468/2325/317
f 2465/572/317 2468/2325/317 2469/571/317
f 2470/2326/318 2471/2327/318 2467/2324/318
f 2470/2326/318 2467/2324/318 2466/2323/318
f 2469/571/317 2468/2325/317 2472/2328/317
f 2469/571/317 2472/2328/317 2473/570/317
f 2474/2329/318 2475/2330/318 2471/2327/318
f 2474/2329/318 2471/2327/318 2470/2326/318
f 2473/570/317 2472/2328/317 2476/2331/317
f 2473/570/317 2476/2331/317 2477/569/317
f 2478/2332/318 2479/2333/318 2475/2330/318
f 2478/2332/318 2475/2330/318 2474/2329/318
f 2477/569/317 2476/2331/317 2480/2334/317
f 2477/569/317 2480/2334/317 2481/568/317
f 2482/2335/318 2483/2336/318 2479/2333/318
f 2482/2335/318 2479/2333/318 2478/2332/318
f 2481/568/317 2480/2334/317 2484/2337/317
f 2481/568/317 2484/2337/317 2485/566/317
f 2373/2254/318 2372/2253/318 2483/2336/318
f 2373/2254/318 2483/2336/318 2482/2335/318
f 2485/566/317 2484/2337/317 2375/2255/317
f 2485/566/317 2375/2255/317 2374/567/317
s 1
f 2486/2338/1394 2487/2339/122 2488/2340/122
f 2486/2338/1394 2488/2340/122 2489/2341/1394
f 2490/2342/124 2491/2343/123 2492/2344/123
f 2490/2342/124 2492/2344/123 2493/2345/124
f 2494/2346/125 2490/2342/124 2493/2345/124
f 2494/2346/125 2493/2345/124 2495/2347/125
f 2496/2348/126 2494/2346/125 2495/2347/125
f 2496/2348/126 2495/2347/125 2497/2349/126
f 2498/2350/127 2496/2348/126 2497/2349/126
f 2498/2350/127 2497/2349/126 2499/2351/127
f 2500/2352/128 2498/2350/127 2499/2351/127
f 2500/2352/128 2499/2351/127 2501/2353/128
f 2502/2354/2 2500/2352/128 2501/2353/128
f 2502/2354/2 2501/2353/128 2503/2355/2
f 2504/2356/129 2502/2354/2 2503/2355/2
f 2504/2356/129 2503/2355/2 2505/2357/129
f 2506/2358/130 2504/2356/129 2505/2357/129
f 2506/2358/130 2505/2357/129 2507/2359/130
f 2508/2360/131 2506/2358/130 2507/2359/130
f 2508/2360/131 2507/2359/130 2509/2361/131
f 2510/2362/132 2508/2360/131 2509/2361/131
f 2510/2362/132 2509/2361/131 2511/2363/132
f 2512/2364/133 2510/2362/132 2511/2363/132
f 2512/2364/133 2511/2363/132 2513/2365/133
f 2514/2366/134 2512/2364/133 2513/2365/133
f 2514/2366/134 2513/2365/133 2515/2367/134
f 2516/2368/135 2514/2366/134 2515/2367/134
f 2516/2368/135 2515/2367/134 2517/2369/135
f 2518/2370/136 2516/2368/135 2517/2369/135
f 2518/2370/136 2517/2369/135 2519/2371/136
f 2520/2372/137 2518/2370/136 2519/2371/136
f 2520/2372/137 2519/2371/136 2521/2373/137
f 2522/2374/138 2520/2372/137 2521/2373/137
f 2522/2374/138 2521/2373/137 2523/2375/138
f 2524/2376/139 2522/2374/138 2523/2375/138
f 2524/2376/139 2523/2375/138 2525/2377/139
f 2526/2378/140 2524/2376/139 2525/2377/139
f 2526/2378/140 2525/2377/139 2527/2379/140
f 2528/2380/141 2526/2378/140 2527/2379/140
f 2528/2380/141 2527/2379/140 2529/2381/141
f 2530/2382/4 2528/2380/141 2529/2381/141
f 2530/2382/4 2529/2381/141 2531/2383/4
f 2532/2384/142 2530/2382/4 2531/2383/4
f 2532/2384/142 2531/2383/4 2533/2385/142
f 2534/2386/143 2532/2384/142 2533/2385/142
f 2534/2386/143 2533/2385/142 2535/2387/143
f 2536/2388/144 2534/2386/143 2535/2387/143
f 2536/2388/144 2535/2387/143 2537/2389/144
f 2538/2390/145 2536/2388/144 2537/2389/144
f 2538/2390/145 2537/2389/144 2539/2391/145
f 2540/2392/146 2538/2390/145 2539/2391/145
f 2540/2392/146 2539/2391/145 2541/2393/146
f 2542/2394/147 2540/2392/146 2541/2393/146
f 2542/2394/147 2541/2393/146 2543/2395/147
f 2487/2339/122 2542/2394/147 2543/2395/147
f 2487/2339/122 2543/2395/147 2488/2340/122
f 402/362/185 1438/1349/279 1441/1351/280
f 402/362/185 1441/1351/280 404/364/187
f 1440/1350/633 1439/1145/632 2544/1144/1395
f 1440/1350/633 2544/1144/1395 2545/2396/1396
f 1441/1351/280 1440/1350/633 2545/2396/1396
f 1441/1351/280 2545/2396/1396 2546/2397/281
f 404/364/187 1441/1351/280 2546/2397/281
f 404/364/187 2546/2397/281 406/366/189
f 2545/2396/1396 2544/1144/1395 2547/1143/1397
f 2545/2396/1396 2547/1143/1397 2548/2398/1398
f 2546/2397/281 2545/2396/1396 2548/2398/1398
f 2546/2397/281 2548/2398/1398 2549/2399/282
f 406/366/189 2546/2397/281 2549/2399/282
f 406/366/189 2549/2399/282 408/368/191
f 2548/2398/1398 2547/1143/1397 2550/1142/1399
f 2548/2398/1398 2550/1142/1399 2551/2400/1400
f 2549/2399/282 2548/2398/1398 2551/2400/1400
f 2549/2399/282 2551/2400/1400 2552/2401/283
f 408/368/191 2549/2399/282 2552/2401/283
f 408/368/191 2552/2401/283 410/370/193
f 2551/2400/1400 2550/1142/1399 2553/1141/1401
f 2551/2400/1400 2553/1141/1401 2554/2402/1402
f 2552/2401/283 2551/2400/1400 2554/2402/1402
f 2552/2401/283 2554/2402/1402 2555/2403/1403
f 410/370/193 2552/2401/283 2555/2403/1403
f 410/370/193 2555/2403/1403 412/372/195
f 2554/2402/1402 2553/1141/1401 2556/1140/1404
f 2554/2402/1402 2556/1140/1404 2557/2404/1405
f 2555/2403/1403 2554/2402/1402 2557/2404/1405
f 2555/2403/1403 2557/2404/1405 2558/2405/285
f 412/372/195 2555/2403/1403 2558/2405/285
f 412/372/195 2558/2405/285 414/374/197
f 2557/2404/1405 2556/1140/1404 2559/1139/1406
f 2557/2404/1405 2559/1139/1406 2560/2406/1407
f 2558/2405/285 2557/2404/1405 2560/2406/1407
f 2558/2405/285 2560/2406/1407 2561/2407/286
f 414/374/197 2558/2405/285 2561/2407/286
f 414/374/197 2561/2407/286 416/376/199
f 2560/2406/1407 2559/1139/1406 2562/1138/1408
f 2560/2406/1407 2562/1138/1408 2563/2408/1409
f 2561/2407/286 2560/2406/1407 2563/2408/1409
f 2561/2407/286 2563/2408/1409 2564/2409/1410
f 416/376/199 2561/2407/286 2564/2409/1410
f 416/376/199 2564/2409/1410 418/378/201
f 2563/2408/1409 2562/1138/1408 2565/1137/1411
f 2563/2408/1409 2565/1137/1411 2566/2410/1412
f 2564/2409/1410 2563/2408/1409 2566/2410/1412
f 2564/2409/1410 2566/2410/1412 2567/2411/288
f 418/378/201 2564/2409/1410 2567/2411/288
f 418/378/201 2567/2411/288 420/380/203
f 2566/2410/1412 2565/1137/1411 1380/1136/591
f 2566/2410/1412 1380/1136/591 1379/1310/590
f 2567/2411/288 2566/2410/1412 1379/1310/590
f 2567/2411/288 1379/1310/590 1383/1312/594
f 420/380/203 2567/2411/288 1383/1312/594
f 420/380/203 1383/1312/594 364/324/149
f 2568/2412/1413 2569/2413/1414 2570/2414/1415
f 2568/2412/1413 2570/2414/1415 2571/2415/1416
f 2572/2416/1417 2573/2417/1418 2574/2418/1419
f 2572/2416/1417 2574/2418/1419 2575/2419/1420
f 2576/2420/1421 2577/2421/1422 2578/2422/1422
f 2576/2420/1421 2578/2422/1422 2579/2423/1421
f 2580/2424/1423 2581/2425/1424 2582/2426/1425
f 2580/2424/1423 2582/2426/1425 2583/2427/1426
f 2584/2428/1427 2585/2429/1428 2586/2430/1429
f 2584/2428/1427 2586/2430/1429 2587/2431/1430
f 2588/2432/1431 2589/2433/1432 2590/2434/1433
f 2588/2432/1431 2590/2434/1433 2591/2435/1434
f 2592/2436/1435 2575/2419/1420 2593/2437/1436
f 2592/2436/1435 2593/2437/1436 2594/2438/1437
f 2595/2439/1438 2596/2423/1439 2597/2440/1440
f 2595/2439/1438 2597/2440/1440 2598/2441/1441
f 2599/2442/1442 2583/2427/1426 2600/2443/1443
f 2599/2442/1442 2600/2443/1443 2601/2444/1444
f 2602/2445/1445 2603/2446/1446 2604/2447/1447
f 2602/2445/1445 2604/2447/1447 2605/2448/1448
f 2588/2432/1431 2606/2449/1449 2607/2450/1450
f 2588/2432/1431 2607/2450/1450 2589/2433/1432
f 2608/2436/1451 2609/2451/1452 2572/2416/1417
f 2608/2436/1451 2572/2416/1417 2575/2419/1420
f 2610/2452/1453 2611/2453/1454 2612/2454/1455
f 2610/2452/1453 2612/2454/1455 2613/2455/1456
f 2614/2439/1457 2615/2456/1458 2576/2420/1421
f 2614/2439/1457 2576/2420/1421 2579/2423/1421
f 2616/2457/1459 2617/2458/1460 2618/2459/1461
f 2616/2457/1459 2618/2459/1461 2619/2460/1462
f 2599/2442/1442 2620/2461/1463 2580/2424/1423
f 2599/2442/1442 2580/2424/1423 2583/2427/1426
f 2621/2462/1464 2622/2463/1465 2623/2464/1466
f 2621/2462/1464 2623/2464/1466 2624/2465/1467
f 2625/2466/1468 2571/2415/1416 2626/2467/1469
f 2625/2466/1468 2626/2467/1469 2627/2468/1470
f 2628/2469/1471 2604/2447/1447 2629/2446/1472
f 2628/2469/1471 2629/2446/1472 2630/2470/1473
f 2631/2471/1474 2591/2435/1434 2632/2472/1475
f 2631/2471/1474 2632/2472/1475 2633/2473/1476
f 2591/2435/1434 2590/2434/1433 2634/2474/1477
f 2591/2435/1434 2634/2474/1477 2632/2472/1475
f 2635/2475/1478 2588/2432/1431 2591/2435/1434
f 2635/2475/1478 2591/2435/1434 2631/2471/1474
f 2636/2476/1479 2627/2468/1470 2631/2471/1474
f 2636/2476/1479 2631/2471/1474 2633/2473/1476
f 2627/2468/1470 2626/2467/1469 2635/2475/1478
f 2627/2468/1470 2635/2475/1478 2631/2471/1474
f 2637/2477/1480 2625/2466/1468 2627/2468/1470
f 2637/2477/1480 2627/2468/1470 2636/2476/1479
f 2632/2472/1475 2630/2470/1473 2636/2476/1479
f 2632/2472/1475 2636/2476/1479 2633/2473/1476
f 2630/2470/1473 2629/2446/1472 2637/2477/1480
f 2630/2470/1473 2637/2477/1480 2636/2476/1479
f 2634/2474/1477 2628/2469/1471 2630/2470/1473
f 2634/2474/1477 2630/2470/1473 2632/2472/1475
f 2638/2478/1481 2639/2479/1482 2640/2480/1483
f 2638/2478/1481 2640/2480/1483 2641/2481/1484
f 2610/2452/1453 2613/2455/1456 2642/2482/1485
f 2610/2452/1453 2642/2482/1485 2643/2483/1486
f 2644/2484/1487 2594/2438/1437 2645/2485/1488
f 2644/2484/1487 2645/2485/1488 2646/2486/1489
f 2594/2438/1437 2593/2437/1436 2647/2487/1490
f 2594/2438/1437 2647/2487/1490 2645/2485/1488
f 2648/2488/1491 2592/2436/1435 2594/2438/1437
f 2648/2488/1491 2594/2438/1437 2644/2484/1487
f 2649/2489/1492 2641/2481/1484 2644/2484/1487
f 2649/2489/1492 2644/2484/1487 2646/2486/1489
f 2641/2481/1484 2640/2480/1483 2648/2488/1491
f 2641/2481/1484 2648/2488/1491 2644/2484/1487
f 2650/2490/1493 2638/2478/1481 2641/2481/1484
f 2650/2490/1493 2641/2481/1484 2649/2489/1492
f 2645/2485/1488 2643/2483/1486 2649/2489/1492
f 2645/2485/1488 2649/2489/1492 2646/2486/1489
f 2643/2483/1486 2642/2482/1485 2650/2490/1493
f 2643/2483/1486 2650/2490/1493 2649/2489/1492
f 2647/2487/1490 2610/2452/1453 2643/2483/1486
f 2647/2487/1490 2643/2483/1486 2645/2485/1488
f 2651/2491/1494 2652/2492/1495 2653/2493/1496
f 2651/2491/1494 2653/2493/1496 2654/2494/1497
f 2616/2457/1459 2619/2460/1462 2655/2495/1498
f 2616/2457/1459 2655/2495/1498 2656/2496/1499
f 2657/2497/1500 2598/2441/1441 2658/2498/1501
f 2657/2497/1500 2658/2498/1501 2659/2499/1502
f 2598/2441/1441 2597/2440/1440 2660/2500/1503
f 2598/2441/1441 2660/2500/1503 2658/2498/1501
f 2661/2501/1504 2595/2439/1438 2598/2441/1441
f 2661/2501/1504 2598/2441/1441 2657/2497/1500
f 2662/2502/1505 2654/2494/1497 2657/2497/1500
f 2662/2502/1505 2657/2497/1500 2659/2499/1502
f 2654/2494/1497 2653/2493/1496 2661/2501/1504
f 2654/2494/1497 2661/2501/1504 2657/2497/1500
f 2663/2503/1506 2651/2491/1494 2654/2494/1497
f 2663/2503/1506 2654/2494/1497 2662/2502/1505
f 2658/2498/1501 2656/2496/1499 2662/2502/1505
f 2658/2498/1501 2662/2502/1505 2659/2499/1502
f 2656/2496/1499 2655/2495/1498 2663/2503/1506
f 2656/2496/1499 2663/2503/1506 2662/2502/1505
f 2660/2500/1503 2616/2457/1459 2656/2496/1499
f 2660/2500/1503 2656/2496/1499 2658/2498/1501
f 2664/2504/1507 2665/2505/1508 2666/2506/1509
f 2664/2504/1507 2666/2506/1509 2667/2507/1510
f 2621/2462/1464 2624/2465/1467 2668/2508/1511
f 2621/2462/1464 2668/2508/1511 2669/2509/1512
f 2670/2510/1513 2601/2444/1444 2671/2511/1514
f 2670/2510/1513 2671/2511/1514 2672/2512/1515
f 2601/2444/1444 2600/2443/1443 2673/2513/1516
f 2601/2444/1444 2673/2513/1516 2671/2511/1514
f 2674/2514/1517 2599/2442/1442 2601/2444/1444
f 2674/2514/1517 2601/2444/1444 2670/2510/1513
f 2675/2515/1518 2667/2507/1510 2670/2510/1513
f 2675/2515/1518 2670/2510/1513 2672/2512/1515
f 2667/2507/1510 2666/2506/1509 2674/2514/1517
f 2667/2507/1510 2674/2514/1517 2670/2510/1513
f 2676/2516/1519 2664/2504/1507 2667/2507/1510
f 2676/2516/1519 2667/2507/1510 2675/2515/1518
f 2671/2511/1514 2669/2509/1512 2675/2515/1518
f 2671/2511/1514 2675/2515/1518 2672/2512/1515
f 2669/2509/1512 2668/2508/1511 2676/2516/1519
f 2669/2509/1512 2676/2516/1519 2675/2515/1518
f 2673/2513/1516 2621/2462/1464 2669/2509/1512
f 2673/2513/1516 2669/2509/1512 2671/2511/1514
f 2602/2445/1445 2677/2517/1520 2637/2477/1480
f 2602/2445/1445 2637/2477/1480 2603/2446/1446
f 2677/2517/1520 2678/2518/1521 2625/2466/1468
f 2677/2517/1520 2625/2466/1468 2637/2477/1480
f 2678/2518/1521 2568/2412/1413 2571/2415/1416
f 2678/2518/1521 2571/2415/1416 2625/2466/1468
f 2606/2449/1449 2679/2519/1522 2650/2490/1493
f 2606/2449/1449 2650/2490/1493 2642/2482/1485
f 2679/2519/1522 2680/2520/1523 2638/2478/1481
f 2679/2519/1522 2638/2478/1481 2650/2490/1493
f 2680/2520/1523 2570/2414/1415 2639/2479/1482
f 2680/2520/1523 2639/2479/1482 2638/2478/1481
f 2608/2436/1451 2648/2488/1491 2681/2521/1524
f 2608/2436/1451 2681/2521/1524 2609/2451/1452
f 2648/2488/1491 2640/2480/1483 2682/2522/1525
f 2648/2488/1491 2682/2522/1525 2681/2521/1524
f 2640/2480/1483 2639/2479/1482 2683/2523/1526
f 2640/2480/1483 2683/2523/1526 2682/2522/1525
f 2611/2453/1454 2684/2524/1527 2663/2503/1506
f 2611/2453/1454 2663/2503/1506 2655/2495/1498
f 2684/2524/1527 2685/2525/1528 2651/2491/1494
f 2684/2524/1527 2651/2491/1494 2663/2503/1506
f 2685/2525/1528 2574/2418/1419 2652/2492/1495
f 2685/2525/1528 2652/2492/1495 2651/2491/1494
f 2614/2439/1457 2661/2501/1504 2686/2526/1529
f 2614/2439/1457 2686/2526/1529 2615/2456/1458
f 2661/2501/1504 2653/2493/1496 2687/2527/1530
f 2661/2501/1504 2687/2527/1530 2686/2526/1529
f 2653/2493/1496 2652/2492/1495 2688/2528/1531
f 2653/2493/1496 2688/2528/1531 2687/2527/1530
f 2617/2458/1460 2689/2529/1532 2676/2516/1519
f 2617/2458/1460 2676/2516/1519 2668/2508/1511
f 2689/2529/1532 2690/2530/1533 2664/2504/1507
f 2689/2529/1532 2664/2504/1507 2676/2516/1519
f 2690/2530/1533 2691/2422/1534 2665/2505/1508
f 2690/2530/1533 2665/2505/1508 2664/2504/1507
f 2599/2442/1442 2674/2514/1517 2692/2531/1535
f 2599/2442/1442 2692/2531/1535 2620/2461/1463
f 2674/2514/1517 2693/2506/1536 2694/2532/1536
f 2674/2514/1517 2694/2532/1536 2692/2531/1535
f 2693/2506/1536 2695/2505/1537 2696/2533/1538
f 2693/2506/1536 2696/2533/1538 2694/2532/1536
f 2622/2463/1465 2697/2534/1539 2634/2474/1477
f 2622/2463/1465 2634/2474/1477 2590/2434/1433
f 2697/2534/1539 2698/2535/1540 2628/2469/1471
f 2697/2534/1539 2628/2469/1471 2634/2474/1477
f 2698/2535/1540 2582/2426/1425 2604/2447/1447
f 2698/2535/1540 2604/2447/1447 2628/2469/1471
f 2569/2413/1414 2683/2523/1526 2639/2479/1482
f 2569/2413/1414 2639/2479/1482 2570/2414/1415
f 2680/2520/1523 2626/2467/1469 2571/2415/1416
f 2680/2520/1523 2571/2415/1416 2570/2414/1415
f 2679/2519/1522 2635/2475/1478 2626/2467/1469
f 2679/2519/1522 2626/2467/1469 2680/2520/1523
f 2606/2449/1449 2588/2432/1431 2635/2475/1478
f 2606/2449/1449 2635/2475/1478 2679/2519/1522
f 2606/2449/1449 2642/2482/1485 2613/2455/1456
f 2606/2449/1449 2613/2455/1456 2607/2450/1450
f 2585/2429/1428 2699/2536/1541 2700/2537/1542
f 2585/2429/1428 2700/2537/1542 2701/2538/1543
f 2617/2458/1460 2668/2508/1511 2624/2465/1467
f 2617/2458/1460 2624/2465/1467 2618/2459/1461
f 2617/2458/1460 2616/2457/1459 2660/2500/1503
f 2617/2458/1460 2660/2500/1503 2689/2529/1532
f 2689/2529/1532 2660/2500/1503 2597/2440/1440
f 2689/2529/1532 2597/2440/1440 2690/2530/1533
f 2690/2530/1533 2597/2440/1440 2596/2423/1439
f 2690/2530/1533 2596/2423/1439 2691/2422/1534
f 2577/2421/1422 2696/2533/1538 2695/2505/1537
f 2577/2421/1422 2695/2505/1537 2578/2422/1422
f 2581/2425/1424 2605/2448/1448 2604/2447/1447
f 2581/2425/1424 2604/2447/1447 2582/2426/1425
f 2698/2535/1540 2600/2443/1443 2583/2427/1426
f 2698/2535/1540 2583/2427/1426 2582/2426/1425
f 2697/2534/1539 2673/2513/1516 2600/2443/1443
f 2697/2534/1539 2600/2443/1443 2698/2535/1540
f 2622/2463/1465 2621/2462/1464 2673/2513/1516
f 2622/2463/1465 2673/2513/1516 2697/2534/1539
f 2622/2463/1465 2590/2434/1433 2589/2433/1432
f 2622/2463/1465 2589/2433/1432 2623/2464/1466
f 2585/2429/1428 2701/2538/1543 2702/2539/1544
f 2585/2429/1428 2702/2539/1544 2586/2430/1429
f 2585/2429/1428 2584/2428/1427 2703/2540/1545
f 2585/2429/1428 2703/2540/1545 2699/2536/1541
f 2611/2453/1454 2655/2495/1498 2619/2460/1462
f 2611/2453/1454 2619/2460/1462 2612/2454/1455
f 2611/2453/1454 2610/2452/1453 2647/2487/1490
f 2611/2453/1454 2647/2487/1490 2684/2524/1527
f 2684/2524/1527 2647/2487/1490 2593/2437/1436
f 2684/2524/1527 2593/2437/1436 2685/2525/1528
f 2685/2525/1528 2593/2437/1436 2575/2419/1420
f 2685/2525/1528 2575/2419/1420 2574/2418/1419
f 2573/2417/1418 2688/2528/1531 2652/2492/1495
f 2573/2417/1418 2652/2492/1495 2574/2418/1419
f 2704/2541/1546 2623/2464/1466 2589/2433/1432
f 2704/2541/1546 2589/2433/1432 2705/2542/1547
f 2705/2542/1547 2589/2433/1432 2607/2450/1450
f 2705/2542/1547 2607/2450/1450 2706/2543/1548
f 2707/2544/1549 2619/2460/1462 2618/2459/1461
f 2707/2544/1549 2618/2459/1461 2708/2545/1550
f 2709/2546/1551 2612/2454/1455 2619/2460/1462
f 2709/2546/1551 2619/2460/1462 2707/2544/1549
f 2710/2547/1552 2624/2465/1467 2623/2464/1466
f 2710/2547/1552 2623/2464/1466 2704/2541/1546
f 2708/2545/1550 2618/2459/1461 2624/2465/1467
f 2708/2545/1550 2624/2465/1467 2710/2547/1552
f 2711/2548/1553 2613/2455/1456 2612/2454/1455
f 2711/2548/1553 2612/2454/1455 2709/2546/1551
f 2706/2543/1548 2607/2450/1450 2613/2455/1456
f 2706/2543/1548 2613/2455/1456 2711/2548/1553
f 2712/2549/1429 2704/2541/1546 2705/2542/1547
f 2712/2549/1429 2705/2542/1547 2713/2550/1554
s 0
f 2714/2431/1555 2715/2551/1555 2716/2552/1555
f 2714/2431/1555 2716/2552/1555 2717/2428/1555
s 1
f 2718/2553/1556 2707/2544/1549 2708/2545/1550
f 2718/2553/1556 2708/2545/1550 2719/2554/1557
f 2720/2555/1558 2709/2546/1551 2707/2544/1549
f 2720/2555/1558 2707/2544/1549 2718/2553/1556
f 2721/2556/1559 2710/2547/1552 2704/2541/1546
f 2721/2556/1559 2704/2541/1546 2712/2549/1429
f 2719/2554/1557 2708/2545/1550 2710/2547/1552
f 2719/2554/1557 2710/2547/1552 2721/2556/1559
f 2722/2557/1560 2711/2548/1553 2709/2546/1551
f 2722/2557/1560 2709/2546/1551 2720/2555/1558
s 0
f 2717/2428/1555 2716/2552/1555 2723/2558/1555
f 2717/2428/1555 2723/2558/1555 2724/2540/1555
s 1
f 2725/2559/1561 2726/2560/1561 2727/2561/1561
s 0
f 2726/2560/1562 2725/2559/1562 2728/2562/1562
f 2728/2562/1563 2725/2559/1563 2729/2563/1563
s 1
f 2729/2563/1563 2725/2559/1563 2730/2564/1563
s 0
f 2729/2563/1563 2730/2564/1563 2731/2565/1563
f 2731/2565/1563 2730/2564/1563 2732/2566/1563
s 1
f 2731/2565/1563 2732/2566/1563 2733/2567/1563
f 2733/2567/1563 2732/2566/1563 2734/2568/1563
f 2733/2567/1563 2734/2568/1563 2735/2569/1563
s 0
f 2735/2569/1563 2734/2568/1563 2736/2570/1563
f 2735/2569/1563 2736/2570/1563 2737/2571/1563
f 2737/2571/1563 2736/2570/1563 2738/2572/1563
f 2737/2571/1563 2738/2572/1563 2739/2573/1563
f 2739/2573/1563 2738/2572/1563 2740/2574/1563
f 2739/2573/1563 2740/2574/1563 2741/2575/1563
f 2741/2575/1563 2740/2574/1563 2742/2576/1563
f 2741/2575/1563 2742/2576/1563 2743/2577/1563
f 2743/2577/1563 2742/2576/1563 2744/2578/1563
f 2743/2577/1563 2744/2578/1563 2745/2579/1563
f 2745/2579/1563 2744/2578/1563 2746/2580/1563
s 1
f 2745/2579/1562 2746/2580/1561 2747/2581/1561
f 2748/2582/1564 2749/2583/1565 2750/2584/1566
f 2749/2583/1565 2748/2582/1564 2751/2585/1567
f 2749/2583/1565 2751/2585/1567 2752/2586/1564
f 2749/2583/1565 2752/2586/1564 2753/2587/1566
f 2749/2583/1565 2753/2587/1566 2754/2588/1568
f 2749/2583/1565 2754/2588/1568 2755/2589/1569
f 2755/2589/1569 2754/2588/1568 2756/2590/1570
f 2756/2590/1570 2754/2588/1568 2757/2591/1571
f 2757/2591/1571 2754/2588/1568 2758/2592/1570
f 2758/2592/1570 2754/2588/1568 2759/2593/1569
f 2759/2593/1569 2754/2588/1568 2760/2594/1572
f 2760/2594/1572 2754/2588/1568 2761/2595/1573
f 2760/2594/1572 2761/2595/1573 2762/2596/1574
f 2762/2596/1574 2761/2595/1573 2763/2597/1575
f 2763/2597/1575 2761/2595/1573 2764/2598/1576
f 2764/2598/1576 2761/2595/1573 2765/2599/1575
f 2765/2599/1575 2761/2595/1573 2766/2600/1574
f 2766/2600/1574 2761/2595/1573 2767/2601/1577
f 2767/2601/1577 2761/2595/1573 2768/2602/1573
f 2768/2602/1573 2761/2595/1573 2769/2603/1578
f 2768/2602/1573 2769/2603/1578 2770/2604/1579
f 2768/2602/1573 2770/2604/1579 2771/2605/1580
